{
  "latest_round": 596,
  "next_round": 597,
  "hot_cold": {
    "hot": [
      [
        20,
        13
      ],
      [
        14,
        10
      ],
      [
        7,
        9
      ],
      [
        12,
        9
      ],
      [
        13,
        9
      ],
      [
        32,
        9
      ],
      [
        40,
        9
      ],
      [
        2,
        8
      ],
      [
        5,
        8
      ],
      [
        17,
        8
      ]
    ],
    "cold": [
      [
        9,
        2
      ],
      [
        36,
        2
      ],
      [
        19,
        3
      ],
      [
        23,
        3
      ],
      [
        22,
        4
      ],
      [
        16,
        5
      ],
      [
        18,
        5
      ],
      [
        21,
        5
      ],
      [
        24,
        5
      ],
      [
        27,
        5
      ]
    ],
    "overdue": [
      [
        1,
        4.1395348837209305
      ],
      [
        26,
        3.7610619469026547
      ],
      [
        23,
        3.375
      ],
      [
        19,
        2.8511383537653243
      ],
      [
        11,
        2.1074523396880416
      ],
      [
        27,
        1.9948275862068965
      ],
      [
        17,
        1.9703832752613242
      ],
      [
        42,
        1.9430051813471503
      ],
      [
        18,
        1.702127659574468
      ],
      [
        34,
        1.6262975778546713
      ]
    ]
  },
  "engine_predictions": {
    "advancedpattern": [
      3,
      4,
      12,
      14,
      25,
      43
    ],
    "gap": [
      1,
      7,
      13,
      19,
      25,
      31
    ],
    "graph": [
      1,
      13,
      20,
      27,
      34,
      40
    ],
    "lstm": [
      8,
      13,
      14,
      25,
      28,
      38
    ],
    "ml": [
      3,
      8,
      23,
      39,
      40,
      43
    ],
    "numerology": [
      13,
      17,
      22,
      23,
      25,
      31
    ],
    "pattern": [
      5,
      15,
      25,
      33,
      35,
      45
    ],
    "sequencecorrelation": [
      3,
      17,
      20,
      24,
      37,
      40
    ],
    "statistical": [
      1,
      11,
      17,
      20,
      26,
      34
    ],
    "timeseries": [
      8,
      16,
      22,
      38,
      39,
      42
    ]
  },
  "predicted_sets": [
    {
      "numbers": [
        1,
        13,
        17,
        20,
        25,
        38
      ],
      "confidence": 72.63333333333333
    },
    {
      "numbers": [
        3,
        8,
        14,
        25,
        40,
        43
      ],
      "confidence": 71.125
    },
    {
      "numbers": [
        1,
        8,
        17,
        25,
        38,
        43
      ],
      "confidence": 71.125
    },
    {
      "numbers": [
        8,
        13,
        25,
        34,
        37,
        39
      ],
      "confidence": 70.63333333333333
    },
    {
      "numbers": [
        1,
        13,
        17,
        20,
        22,
        39
      ],
      "confidence": 70.63333333333333
    },
    {
      "numbers": [
        12,
        13,
        17,
        20,
        25,
        39
      ],
      "confidence": 70.6
    },
    {
      "numbers": [
        13,
        14,
        17,
        23,
        25,
        40
      ],
      "confidence": 70.39166666666667
    },
    {
      "numbers": [
        1,
        8,
        12,
        23,
        25,
        39
      ],
      "confidence": 69.96666666666667
    },
    {
      "numbers": [
        13,
        20,
        25,
        31,
        34,
        37
      ],
      "confidence": 69.93333333333334
    },
    {
      "numbers": [
        13,
        14,
        25,
        37,
        38,
        40
      ],
      "confidence": 69.93333333333334
    },
    {
      "numbers": [
        4,
        8,
        14,
        17,
        25,
        40
      ],
      "confidence": 69.75833333333334
    },
    {
      "numbers": [
        1,
        8,
        13,
        17,
        34,
        43
      ],
      "confidence": 69.75833333333334
    },
    {
      "numbers": [
        1,
        13,
        14,
        23,
        25,
        34
      ],
      "confidence": 69.55
    },
    {
      "numbers": [
        1,
        15,
        17,
        22,
        40,
        43
      ],
      "confidence": 69.33333333333334
    },
    {
      "numbers": [
        4,
        13,
        17,
        22,
        39,
        40
      ],
      "confidence": 69.3
    },
    {
      "numbers": [
        3,
        12,
        14,
        25,
        31,
        38
      ],
      "confidence": 69.3
    },
    {
      "numbers": [
        1,
        13,
        14,
        17,
        22,
        39
      ],
      "confidence": 69.26199788823513
    },
    {
      "numbers": [
        4,
        8,
        17,
        25,
        37,
        40
      ],
      "confidence": 69.09166666666667
    },
    {
      "numbers": [
        4,
        13,
        15,
        20,
        25,
        38
      ],
      "confidence": 69.09166666666667
    },
    {
      "numbers": [
        3,
        13,
        22,
        31,
        34,
        40
      ],
      "confidence": 69.09166666666667
    },
    {
      "numbers": [
        13,
        22,
        23,
        25,
        34,
        39
      ],
      "confidence": 69.05833333333334
    },
    {
      "numbers": [
        1,
        3,
        17,
        20,
        38,
        40
      ],
      "confidence": 69.05833333333334
    },
    {
      "numbers": [
        3,
        13,
        17,
        38,
        40,
        43
      ],
      "confidence": 68.88333333333333
    },
    {
      "numbers": [
        13,
        15,
        20,
        25,
        31,
        40
      ],
      "confidence": 68.85
    },
    {
      "numbers": [
        13,
        14,
        25,
        37,
        38,
        43
      ],
      "confidence": 68.68733345870493
    },
    {
      "numbers": [
        8,
        12,
        17,
        20,
        31,
        43
      ],
      "confidence": 68.63333333333333
    },
    {
      "numbers": [
        4,
        8,
        13,
        22,
        39,
        43
      ],
      "confidence": 68.45833333333334
    },
    {
      "numbers": [
        4,
        14,
        20,
        23,
        25,
        38
      ],
      "confidence": 68.42500000000001
    },
    {
      "numbers": [
        3,
        4,
        14,
        25,
        37,
        40
      ],
      "confidence": 68.42500000000001
    },
    {
      "numbers": [
        3,
        14,
        15,
        22,
        25,
        31
      ],
      "confidence": 68.42500000000001
    },
    {
      "numbers": [
        12,
        13,
        22,
        25,
        37,
        40
      ],
      "confidence": 68.39166666666668
    },
    {
      "numbers": [
        3,
        8,
        14,
        17,
        38,
        40
      ],
      "confidence": 68.39166666666668
    },
    {
      "numbers": [
        1,
        8,
        13,
        15,
        31,
        40
      ],
      "confidence": 68.39166666666668
    },
    {
      "numbers": [
        1,
        3,
        20,
        23,
        34,
        43
      ],
      "confidence": 68.25
    },
    {
      "numbers": [
        3,
        4,
        14,
        20,
        25,
        43
      ],
      "confidence": 68.21666666666667
    },
    {
      "numbers": [
        1,
        15,
        23,
        34,
        38,
        40
      ],
      "confidence": 67.96666666666667
    },
    {
      "numbers": [
        1,
        14,
        20,
        37,
        39,
        43
      ],
      "confidence": 67.96666666666667
    },
    {
      "numbers": [
        3,
        15,
        20,
        22,
        39,
        43
      ],
      "confidence": 67.79166666666666
    },
    {
      "numbers": [
        8,
        12,
        15,
        20,
        25,
        37
      ],