{
  "latest_round": 1133,
  "next_round": 1134,
  "hot_cold": {
    "hot": [
      [
        30,
        12
      ],
      [
        13,
        11
      ],
      [
        34,
        11
      ],
      [
        40,
        11
      ],
      [
        6,
        10
      ],
      [
        19,
        10
      ],
      [
        33,
        10
      ],
      [
        7,
        9
      ],
      [
        14,
        9
      ],
      [
        16,
        9
      ]
    ],
    "cold": [
      [
        2,
        2
      ],
      [
        5,
        3
      ],
      [
        9,
        3
      ],
      [
        23,
        3
      ],
      [
        27,
        3
      ],
      [
        39,
        3
      ],
      [
        8,
        4
      ],
      [
        18,
        4
      ],
      [
        25,
        4
      ],
      [
        32,
        4
      ]
    ],
    "overdue": [
      [
        18,
        6.272388059701493
      ],
      [
        39,
        3.4545454545454546
      ],
      [
        43,
        3.142857142857143
      ],
      [
        22,
        2.788514129443938
      ],
      [
        42,
        2.7054054054054055
      ],
      [
        23,
        2.1813285457809695
      ],
      [
        36,
        2.1660649819494586
      ],
      [
        12,
        2.0651583710407238
      ],
      [
        45,
        2.048780487804878
      ],
      [
        26,
        1.7621184919210053
      ]
    ]
  },
  "engine_predictions": {
    "advancedpattern": [
      13,
      14,
      20,
      28,
      29,
      34
    ],
    "gap": [
      1,
      7,
      13,
      19,
      25,
      31
    ],
    "graph": [
      18,
      20,
      21,
      34,
      38,
      40
    ],
    "lstm": [
      5,
      6,
      14,
      19,
      28,
      34
    ],
    "ml": [
      2,
      11,
      17,
      19,
      22,
      40
    ],
    "numerology": [
      17,
      22,
      23,
      24,
      25,
      31
    ],
    "pattern": [
      3,
      11,
      13,
      23,
      33,
      43
    ],
    "sequencecorrelation": [
      14,
      18,
      19,
      26,
      27,
      33
    ],
    "statistical": [
      12,
      22,
      26,
      36,
      42,
      45
    ],
    "timeseries": [
      3,
      5,
      32,
      36,
      39,
      45
    ]
  },
  "predicted_sets": [
    {
      "numbers": [
        3,
        19,
        20,
        28,
        34,
        45
      ],
      "confidence": 70.0
    },
    {
      "numbers": [
        5,
        13,
        18,
        19,
        22,
        40
      ],
      "confidence": 69.96666666666667
    },
    {
      "numbers": [
        5,
        14,
        19,
        22,
        28,
        34
      ],
      "confidence": 69.75833333333334
    },
    {
      "numbers": [
        5,
        14,
        19,
        22,
        34,
        36
      ],
      "confidence": 69.75833333333334
    },
    {
      "numbers": [
        3,
        11,
        14,
        19,
        28,
        45
      ],
      "confidence": 69.3
    },
    {
      "numbers": [
        13,
        17,
        18,
        19,
        22,
        36
      ],
      "confidence": 69.26666666666668
    },
    {
      "numbers": [
        18,
        19,
        22,
        31,
        34,
        36
      ],
      "confidence": 69.26666666666668
    },
    {
      "numbers": [
        13,
        17,
        18,
        19,
        22,
        45
      ],
      "confidence": 69.26666666666668
    },
    {
      "numbers": [
        3,
        14,
        19,
        28,
        34,
        40
      ],
      "confidence": 69.09166666666667
    },
    {
      "numbers": [
        13,
        14,
        19,
        22,
        26,
        36
      ],
      "confidence": 69.05833333333334
    },
    {
      "numbers": [
        13,
        14,
        19,
        22,
        23,
        36
      ],
      "confidence": 69.05833333333334
    },
    {
      "numbers": [
        14,
        18,
        19,
        22,
        33,
        34
      ],
      "confidence": 69.05833333333334
    },
    {
      "numbers": [
        5,
        13,
        14,
        22,
        34,
        45
      ],
      "confidence": 68.91666666666667
    },
    {
      "numbers": [
        3,
        19,
        26,
        28,
        31,
        40
      ],
      "confidence": 68.63333333333333
    },
    {
      "numbers": [
        14,
        18,
        19,
        20,
        23,
        36
      ],
      "confidence": 68.6
    },
    {
      "numbers": [
        5,
        19,
        22,
        23,
        26,
        28
      ],
      "confidence": 68.6
    },
    {
      "numbers": [
        13,
        18,
        19,
        20,
        31,
        34
      ],
      "confidence": 68.56666666666666
    },
    {
      "numbers": [
        5,
        14,
        20,
        22,
        33,
        45
      ],
      "confidence": 68.45833333333334
    },
    {
      "numbers": [
        5,
        11,
        19,
        28,
        40,
        45
      ],
      "confidence": 68.45833333333334
    },
    {
      "numbers": [
        3,
        19,
        20,
        28,
        33,
        45
      ],
      "confidence": 68.45833333333334
    },
    {
      "numbers": [
        5,
        11,
        14,
        19,
        28,
        45
      ],
      "confidence": 68.42500000000001
    },
    {
      "numbers": [
        19,
        20,
        22,
        23,
        34,
        40
      ],
      "confidence": 68.39166666666668
    },
    {
      "numbers": [
        14,
        19,
        23,
        28,
        34,
        36
      ],
      "confidence": 68.39166666666668
    },
    {
      "numbers": [
        14,
        19,
        20,
        26,
        31,
        34
      ],
      "confidence": 68.39166666666668
    },
    {
      "numbers": [
        13,
        14,
        17,
        19,
        20,
        34
      ],
      "confidence": 68.35833333333333
    },
    {
      "numbers": [
        5,
        13,
        14,
        19,
        29,
        34
      ],
      "confidence": 68.21666666666667
    },
    {
      "numbers": [
        3,
        13,
        19,
        22,
        26,
        36
      ],
      "confidence": 68.21666666666667
    },
    {
      "numbers": [
        13,
        14,
        19,
        23,
        34,
        36
      ],
      "confidence": 68.18333333333334
    },
    {
      "numbers": [
        3,
        11,
        17,
        28,
        40,
        45
      ],
      "confidence": 68.0
    },
    {
      "numbers": [
        13,
        17,
        26,
        28,
        40,
        45
      ],
      "confidence": 67.96666666666667
    },
    {
      "numbers": [
        3,
        11,
        22,
        26,
        28,
        45
      ],
      "confidence": 67.96666666666667
    },
    {
      "numbers": [
        3,
        17,
        20,
        28,
        34,
        36
      ],
      "confidence": 67.96666666666667
    },
    {
      "numbers": [
        5,
        11,
        23,
        26,
        34,
        45
      ],
      "confidence": 67.79166666666666
    },
    {
      "numbers": [
        5,
        18,
        22,
        26,
        40,
        45
      ],
      "confidence": 67.79166666666666
    },
    {
      "numbers": [
        5,
        13,
        29,
        34,
        40,
        45
      ],
      "confidence": 67.79166666666666
    },
    {
      "numbers": [
        5,
        13,
        28,
        29,
        34,
        45
      ],
      "confidence": 67.79166666666666
    },
    {
      "numbers": [
        11,
        14,
        22,
        29,
        34,
        45
      ],
      "confidence": 67.75833333333334
    },
    {
      "numbers": [
        5,
        13,
        22,
        26,
        28,
        36
      ],