{
  "latest_round": 1159,
  "next_round": 1160,
  "hot_cold": {
    "hot": [
      [
        19,
        11
      ],
      [
        3,
        10
      ],
      [
        13,
        10
      ],
      [
        15,
        10
      ],
      [
        30,
        10
      ],
      [
        33,
        10
      ],
      [
        34,
        10
      ],
      [
        38,
        10
      ],
      [
        9,
        9
      ],
      [
        11,
        9
      ]
    ],
    "cold": [
      [
        18,
        1
      ],
      [
        23,
        1
      ],
      [
        42,
        2
      ],
      [
        43,
        2
      ],
      [
        39,
        3
      ],
      [
        22,
        4
      ],
      [
        29,
        4
      ],
      [
        40,
        4
      ],
      [
        1,
        5
      ],
      [
        2,
        5
      ]
    ],
    "overdue": [
      [
        23,
        5.33213644524237
      ],
      [
        14,
        3.0370370370370368
      ],
      [
        42,
        2.9206349206349205
      ],
      [
        33,
        2.006993006993007
      ],
      [
        40,
        1.8393013100436681
      ],
      [
        17,
        1.8293755496921724
      ],
      [
        43,
        1.811002661934339
      ],
      [
        11,
        1.6468531468531469
      ],
      [
        24,
        1.5971978984238178
      ]
    ]
  },
  "engine_predictions": {
    "advancedpattern": [
      3,
      9,
      27,
      28,
      38,
      39
    ],
    "gap": [
      1,
      7,
      13,
      19,
      25,
      31
    ],
    "graph": [
      6,
      21,
      24,
      34,
      40,
      45
    ],
    "lstm": [
      9,
      27,
      32,
      37,
      38,
      39
    ],
    "ml": [
      17,
      27,
      30,
      38,
      39,
      42
    ],
    "numerology": [
      17,
      22,
      23,
      24,
      25,
      31
    ],
    "pattern": [
      3,
      11,
      13,
      23,
      33,
      43
    ],
    "sequencecorrelation": [
      11,
      14,
      18,
      19,
      26,
      31
    ],
    "statistical": [
      6,
      11,
      14,
      15,
      33,
      40
    ],
    "timeseries": [
      2,
      8,
      18,
      29,
      35,
      43
    ]
  },
  "predicted_sets": [
    {
      "numbers": [
        6,
        11,
        27,
        38,
        39,
        43
      ],
      "confidence": 70.66666666666667
    },
    {
      "numbers": [
        6,
        9,
        14,
        27,
        38,
        43
      ],
      "confidence": 69.33333333333334
    },
    {
      "numbers": [
        6,
        18,
        24,
        27,
        39,
        43
      ],
      "confidence": 69.33333333333334
    },
    {
      "numbers": [
        6,
        11,
        14,
        27,
        38,
        40
      ],
      "confidence": 69.3
    },
    {
      "numbers": [
        3,
        14,
        27,
        31,
        38,
        43
      ],
      "confidence": 69.125
    },
    {
      "numbers": [
        6,
        9,
        14,
        27,
        31,
        33
      ],
      "confidence": 68.63333333333333
    },
    {
      "numbers": [
        3,
        17,
        31,
        38,
        39,
        40
      ],
      "confidence": 68.6
    },
    {
      "numbers": [
        11,
        13,
        18,
        27,
        39,
        40
      ],
      "confidence": 68.6
    },
    {
      "numbers": [
        9,
        14,
        17,
        27,
        38,
        43
      ],
      "confidence": 68.45833333333334
    },
    {
      "numbers": [
        3,
        17,
        24,
        38,
        39,
        43
      ],
      "confidence": 68.45833333333334
    },
    {
      "numbers": [
        6,
        13,
        17,
        27,
        38,
        39
      ],
      "confidence": 68.42500000000001
    },
    {
      "numbers": [
        6,
        19,
        24,
        27,
        38,
        39
      ],
      "confidence": 68.42500000000001
    },
    {
      "numbers": [
        6,
        19,
        24,
        38,
        40,
        43
      ],
      "confidence": 68.27968659863501
    },
    {
      "numbers": [
        9,
        25,
        27,
        31,
        38,
        40
      ],
      "confidence": 68.21301993196835
    },
    {
      "numbers": [
        6,
        13,
        14,
        25,
        38,
        40
      ],
      "confidence": 67.96666666666667
    },
    {
      "numbers": [
        6,
        9,
        11,
        23,
        39,
        40
      ],
      "confidence": 67.75833333333334
    },
    {
      "numbers": [
        13,
        14,
        25,
        27,
        38,
        43
      ],
      "confidence": 67.75833333333334
    },
    {
      "numbers": [
        6,
        9,
        14,
        27,
        39,
        40
      ],
      "confidence": 67.75833333333334
    },
    {
      "numbers": [
        3,
        11,
        33,
        38,
        39,
        40
      ],
      "confidence": 67.725
    },
    {
      "numbers": [
        11,
        14,
        18,
        27,
        38,
        40
      ],
      "confidence": 67.725
    },
    {
      "numbers": [
        11,
        14,
        24,
        33,
        38,
        39
      ],
      "confidence": 67.725
    },
    {
      "numbers": [
        6,
        11,
        23,
        24,
        31,
        43
      ],
      "confidence": 67.58333333333334
    },
    {
      "numbers": [
        3,
        9,
        17,
        18,
        25,
        40
      ],
      "confidence": 67.3
    },
    {
      "numbers": [
        3,
        6,
        17,
        19,
        24,
        40
      ],
      "confidence": 67.3
    },
    {
      "numbers": [
        6,
        25,
        28,
        31,
        39,
        40
      ],
      "confidence": 67.26666666666667
    },
    {
      "numbers": [
        11,
        17,
        24,
        25,
        33,
        40
      ],
      "confidence": 67.26666666666667
    },
    {
      "numbers": [
        3,
        14,
        17,
        19,
        38,
        40
      ],
      "confidence": 67.26666666666667
    },
    {
      "numbers": [
        3,
        18,
        19,
        24,
        25,
        38
      ],
      "confidence": 67.09166666666667
    },
    {
      "numbers": [
        11,
        17,
        18,
        23,
        40,
        43
      ],
      "confidence": 67.09166666666667
    },
    {
      "numbers": [
        6,
        11,
        23,
        24,
        33,
        40
      ],
      "confidence": 67.09166666666667
    },
    {
      "numbers": [
        3,
        11,
        14,
        28,
        33,
        39
      ],
      "confidence": 67.09166666666667
    },
    {
      "numbers": [
        6,
        17,
        23,
        33,
        39,
        40
      ],
      "confidence": 67.09166666666667
    },
    {
      "numbers": [
        3,
        9,
        14,
        24,
        31,
        40
      ],
      "confidence": 67.09166666666667
    },
    {
      "numbers": [
        9,
        13,
        17,
        18,
        24,
        38
      ],
      "confidence": 67.09166666666667
    },
    {
      "numbers": [
        6,
        9,
        19,
        24,
        31,
        40
      ],
      "confidence": 67.09166666666667
    },
    {
      "numbers": [
        9,
        14,
        24,
        27,
        28,
        31
      ],
      "confidence": 67.09166666666667
    },
    {
      "numbers": [
        3,
        6,
        14,
        24,
        25,
        38
      ],
      "confidence": 67.09166666666667
    },
    {
      "numbers": [
        6,
        11,
        17,
        19,
        28,
        39
      ],
      "confidence": 67.09166666666667
    },
    {
      "numbers": [
        3,
        9,
        23,
        31,
        38,
        40
      ],