{
  "latest_round": 889,
  "next_round": 890,
  "hot_cold": {
    "hot": [
      [
        39,
        14
      ],
      [
        43,
        12
      ],
      [
        28,
        10
      ],
      [
        34,
        10
      ],
      [
        45,
        10
      ],
      [
        17,
        9
      ],
      [
        30,
        9
      ],
      [
        32,
        9
      ],
      [
        33,
        9
      ],
      [
        42,
        9
      ]
    ],
    "cold": [
      [
        9,
        3
      ],
      [
        6,
        4
      ],
      [
        7,
        4
      ],
      [
        20,
        4
      ],
      [
        31,
        4
      ],
      [
        35,
        4
      ],
      [
        41,
        4
      ],
      [
        1,
        5
      ],
      [
        10,
        5
      ],
      [
        11,
        5
      ]
    ],
    "overdue": [
      [
        40,
        2.7986191024165707
      ],
      [
        41,
        2.555040556199305
      ],
      [
        30,
        1.7359357060849598
      ],
      [
        21,
        1.7105263157894737
      ],
      [
        5,
        1.6982456140350877
      ],
      [
        11,
        1.5211428571428571
      ]
    ]
  },
  "engine_predictions": {
    "advancedpattern": [
      3,
      13,
      29,
      38,
      39,
      42
    ],
    "gap": [
      1,
      7,
      13,
      19,
      25,
      31
    ],
    "graph": [
      8,
      12,
      13,
      19,
      34,
      45
    ],
    "lstm": [
      3,
      27,
      37,
      38,
      39,
      45
    ],
    "ml": [
      3,
      26,
      35,
      38,
      39,
      42
    ],
    "numerology": [
      17,
      23,
      24,
      25,
      26,
      31
    ],
    "pattern": [
      3,
      13,
      15,
      23,
      33,
      43
    ],
    "sequencecorrelation": [
      11,
      14,
      26,
      27,
      34,
      36
    ],
    "statistical": [
      5,
      21,
      30,
      40,
      41,
      43
    ],
    "timeseries": [
      6,
      15,
      18,
      21,
      25,
      40
    ]
  },
  "predicted_sets": [
    {
      "numbers": [
        3,
        13,
        26,
        38,
        39,
        42
      ],
      "confidence": 71.79166666666666
    },
    {
      "numbers": [
        3,
        13,
        26,
        27,
        38,
        39
      ],
      "confidence": 71.09166666666667
    },
    {
      "numbers": [
        3,
        13,
        26,
        38,
        39,
        43
      ],
      "confidence": 70.91666666666666
    },
    {
      "numbers": [
        3,
        21,
        25,
        26,
        38,
        39
      ],
      "confidence": 70.6
    },
    {
      "numbers": [
        3,
        13,
        21,
        34,
        38,
        42
      ],
      "confidence": 70.45833333333334
    },
    {
      "numbers": [
        3,
        13,
        21,
        26,
        38,
        40
      ],
      "confidence": 70.42500000000001
    },
    {
      "numbers": [
        3,
        13,
        26,
        34,
        38,
        43
      ],
      "confidence": 70.25
    },
    {
      "numbers": [
        3,
        13,
        26,
        38,
        40,
        43
      ],
      "confidence": 70.25
    },
    {
      "numbers": [
        3,
        14,
        19,
        26,
        38,
        45
      ],
      "confidence": 70.0
    },
    {
      "numbers": [
        13,
        15,
        26,
        31,
        38,
        39
      ],
      "confidence": 69.93333333333334
    },
    {
      "numbers": [
        3,
        13,
        14,
        38,
        39,
        45
      ],
      "confidence": 69.75833333333334
    },
    {
      "numbers": [
        3,
        13,
        14,
        25,
        38,
        40
      ],
      "confidence": 69.75833333333334
    },
    {
      "numbers": [
        3,
        23,
        25,
        26,
        39,
        42
      ],
      "confidence": 69.75833333333334
    },
    {
      "numbers": [
        3,
        13,
        31,
        34,
        38,
        45
      ],
      "confidence": 69.75833333333334
    },
    {
      "numbers": [
        3,
        13,
        19,
        21,
        38,
        40
      ],
      "confidence": 69.75833333333334
    },
    {
      "numbers": [
        3,
        13,
        19,
        26,
        39,
        40
      ],
      "confidence": 69.55
    },
    {
      "numbers": [
        3,
        25,
        26,
        34,
        39,
        43
      ],
      "confidence": 69.45766581474902
    },
    {
      "numbers": [
        3,
        14,
        19,
        25,
        26,
        42
      ],
      "confidence": 69.3
    },
    {
      "numbers": [
        5,
        13,
        19,
        26,
        38,
        40
      ],
      "confidence": 69.3
    },
    {
      "numbers": [
        3,
        14,
        15,
        38,
        39,
        42
      ],
      "confidence": 69.3
    },
    {
      "numbers": [
        3,
        25,
        26,
        29,
        38,
        40
      ],
      "confidence": 69.26666666666668
    },
    {
      "numbers": [
        13,
        21,
        25,
        27,
        34,
        38
      ],
      "confidence": 69.26666666666668
    },
    {
      "numbers": [
        5,
        13,
        19,
        25,
        38,
        42
      ],
      "confidence": 69.125
    },
    {
      "numbers": [
        13,
        15,
        21,
        25,
        38,
        42
      ],
      "confidence": 69.09166666666667
    },
    {
      "numbers": [
        3,
        15,
        25,
        31,
        38,
        40
      ],
      "confidence": 69.09166666666667
    },
    {
      "numbers": [
        3,
        14,
        15,
        25,
        38,
        39
      ],
      "confidence": 69.09166666666667
    },
    {
      "numbers": [
        3,
        25,
        26,
        29,
        39,
        42
      ],
      "confidence": 69.09166666666667
    },
    {
      "numbers": [
        3,
        15,
        21,
        26,
        31,
        38
      ],
      "confidence": 69.09166666666667
    },
    {
      "numbers": [
        3,
        23,
        26,
        34,
        38,
        39
      ],
      "confidence": 69.05833333333334
    },
    {
      "numbers": [
        3,
        13,
        14,
        23,
        38,
        39
      ],
      "confidence": 68.88333333333333
    },
    {
      "numbers": [
        13,
        25,
        26,
        27,
        34,
        45
      ],
      "confidence": 68.79099914808236
    },
    {
      "numbers": [
        5,
        13,
        14,
        19,
        26,
        38
      ],
      "confidence": 68.63333333333333
    },
    {
      "numbers": [
        13,
        15,
        21,
        27,
        34,
        42
      ],
      "confidence": 68.63333333333333
    },
    {
      "numbers": [
        3,
        5,
        19,
        26,
        31,
        40
      ],
      "confidence": 68.63333333333333
    },
    {
      "numbers": [
        3,
        25,
        29,
        34,
        38,
        40
      ],
      "confidence": 68.6
    },
    {
      "numbers": [
        3,
        14,
        29,
        38,
        39,
        45
      ],
      "confidence": 68.45833333333334
    },
    {
      "numbers": [
        3,
        19,
        26,
        29,
        31,
        42
      ],
      "confidence": 68.45833333333334
    },
    {
      "numbers": [
        3,
        14,
        23,
        26,
        31,
        45
      ],
      "confidence": 68.45833333333334
    },
    {
      "numbers": [
        3,
        14,
        25,
        31,
        34,
        38
      ],
      "confidence": 68.42500000000001
    },
    {
      "numbers": [
        3,
        5,
        25,
        39,
        40,
        42
      ],