{
  "latest_round": 1018,
  "next_round": 1019,
  "hot_cold": {
    "hot": [
      [
        18,
        10
      ],
      [
        37,
        10
      ],
      [
        44,
        10
      ],
      [
        11,
        9
      ],
      [
        16,
        9
      ],
      [
        21,
        9
      ],
      [
        23,
        9
      ],
      [
        26,
        9
      ],
      [
        3,
        8
      ],
      [
        9,
        8
      ]
    ],
    "cold": [
      [
        5,
        2
      ],
      [
        19,
        3
      ],
      [
        32,
        3
      ],
      [
        40,
        3
      ],
      [
        43,
        3
      ],
      [
        28,
        4
      ],
      [
        38,
        4
      ],
      [
        6,
        5
      ],
      [
        10,
        5
      ],
      [
        30,
        5
      ]
    ],
    "overdue": [
      [
        2,
        2.447129909365559
      ],
      [
        10,
        2.346
      ],
      [
        43,
        2.2103658536585367
      ],
      [
        6,
        2.1529888551165146
      ],
      [
        4,
        2.0824949698189137
      ],
      [
        32,
        2.038076152304609
      ],
      [
        39,
        2.0240963855421685
      ],
      [
        13,
        1.8664007976071786
      ],
      [
        7,
        1.8610271903323263
      ],
      [
        24,
        1.755
      ]
    ]
  },
  "engine_predictions": {
    "advancedpattern": [
      3,
      19,
      21,
      25,
      37,
      45
    ],
    "gap": [
      1,
      7,
      13,
      19,
      25,
      31
    ],
    "graph": [
      12,
      17,
      18,
      21,
      34,
      43
    ],
    "lstm": [
      12,
      18,
      23,
      26,
      34,
      37
    ],
    "ml": [
      3,
      18,
      21,
      25,
      34,
      45
    ],
    "numerology": [
      17,
      22,
      23,
      24,
      25,
      31
    ],
    "pattern": [
      3,
      11,
      13,
      23,
      33,
      43
    ],
    "sequencecorrelation": [
      1,
      11,
      18,
      21,
      31,
      34
    ],
    "statistical": [
      2,
      4,
      6,
      13,
      24,
      39
    ],
    "timeseries": [
      4,
      8,
      29,
      32,
      39,
      44
    ]
  },
  "predicted_sets": [
    {
      "numbers": [
        3,
        18,
        21,
        25,
        34,
        45
      ],
      "confidence": 73.125
    },
    {
      "numbers": [
        1,
        12,
        18,
        23,
        25,
        34
      ],
      "confidence": 71.96666666666667
    },
    {
      "numbers": [
        13,
        18,
        19,
        25,
        31,
        34
      ],
      "confidence": 71.93333333333334
    },
    {
      "numbers": [
        3,
        4,
        18,
        21,
        34,
        45
      ],
      "confidence": 71.79166666666666
    },
    {
      "numbers": [
        3,
        18,
        25,
        34,
        39,
        43
      ],
      "confidence": 71.79166666666666
    },
    {
      "numbers": [
        3,
        11,
        18,
        25,
        31,
        34
      ],
      "confidence": 71.75833333333334
    },
    {
      "numbers": [
        12,
        18,
        25,
        34,
        37,
        43
      ],
      "confidence": 71.3
    },
    {
      "numbers": [
        13,
        18,
        19,
        21,
        34,
        37
      ],
      "confidence": 71.26666666666667
    },
    {
      "numbers": [
        3,
        18,
        24,
        25,
        34,
        39
      ],
      "confidence": 71.09166666666667
    },
    {
      "numbers": [
        3,
        18,
        19,
        25,
        34,
        39
      ],
      "confidence": 71.09166666666667
    },
    {
      "numbers": [
        3,
        12,
        18,
        24,
        25,
        37
      ],
      "confidence": 70.63333333333333
    },
    {
      "numbers": [
        3,
        12,
        17,
        18,
        31,
        34
      ],
      "confidence": 70.6
    },
    {
      "numbers": [
        12,
        13,
        25,
        31,
        34,
        37
      ],
      "confidence": 70.6
    },
    {
      "numbers": [
        11,
        17,
        18,
        21,
        34,
        43
      ],
      "confidence": 70.42500000000001
    },
    {
      "numbers": [
        11,
        12,
        18,
        21,
        34,
        43
      ],
      "confidence": 70.42500000000001
    },
    {
      "numbers": [
        12,
        18,
        21,
        25,
        37,
        45
      ],
      "confidence": 70.42500000000001
    },
    {
      "numbers": [
        11,
        18,
        19,
        25,
        34,
        45
      ],
      "confidence": 70.42500000000001
    },
    {
      "numbers": [
        12,
        17,
        18,
        21,
        25,
        31
      ],
      "confidence": 70.39166666666667
    },
    {
      "numbers": [
        13,
        17,
        18,
        23,
        31,
        34
      ],
      "confidence": 70.39166666666667
    },
    {
      "numbers": [
        4,
        18,
        21,
        23,
        24,
        25
      ],
      "confidence": 70.39166666666667
    },
    {
      "numbers": [
        4,
        11,
        21,
        25,
        34,
        43
      ],
      "confidence": 70.25
    },
    {
      "numbers": [
        12,
        18,
        19,
        21,
        37,
        43
      ],
      "confidence": 69.96666666666667
    },
    {
      "numbers": [
        17,
        18,
        19,
        21,
        26,
        34
      ],
      "confidence": 69.93333333333334
    },
    {
      "numbers": [
        18,
        19,
        21,
        34,
        37,
        43
      ],
      "confidence": 69.91298858987186
    },
    {
      "numbers": [
        4,
        12,
        18,
        19,
        23,
        34
      ],
      "confidence": 69.75833333333334
    },
    {
      "numbers": [
        3,
        13,
        21,
        26,
        34,
        37
      ],
      "confidence": 69.75833333333334
    },
    {
      "numbers": [
        4,
        12,
        13,
        18,
        25,
        45
      ],
      "confidence": 69.75833333333334
    },
    {
      "numbers": [
        3,
        17,
        18,
        19,
        34,
        43
      ],
      "confidence": 69.75833333333334
    },
    {
      "numbers": [
        1,
        13,
        18,
        34,
        37,
        43
      ],
      "confidence": 69.75833333333334
    },
    {
      "numbers": [
        4,
        13,
        21,
        23,
        34,
        39
      ],
      "confidence": 69.55
    },
    {
      "numbers": [
        1,
        13,
        18,
        24,
        31,
        34
      ],
      "confidence": 69.55
    },
    {
      "numbers": [
        17,
        18,
        25,
        34,
        37,
        39
      ],
      "confidence": 69.33798858987186
    },
    {
      "numbers": [
        1,
        18,
        19,
        24,
        37,
        45
      ],
      "confidence": 69.33333333333334
    },
    {
      "numbers": [
        3,
        12,
        25,
        26,
        31,
        39
      ],
      "confidence": 69.3
    },
    {
      "numbers": [
        1,
        18,
        19,
        25,
        26,
        37
      ],
      "confidence": 69.3
    },
    {
      "numbers": [
        12,
        17,
        18,
        19,
        21,
        45
      ],
      "confidence": 69.26666666666668
    },
    {
      "numbers": [
        3,
        12,
        18,
        31,
        37,
        39
      ],
      "confidence": 69.26666666666668
    },
    {
      "numbers": [
        4,
        19,
        23,
        34,
        37,
        45
      ],
      "confidence": 69.125
    },
    {
      "numbers": [
        12,
        21,
        24,
        25,
        37,
        45
      ],