{
  "latest_round": 769,
  "next_round": 770,
  "hot_cold": {
    "hot": [
      [
        34,
        12
      ],
      [
        41,
        12
      ],
      [
        7,
        10
      ],
      [
        21,
        10
      ],
      [
        43,
        10
      ],
      [
        10,
        9
      ],
      [
        12,
        9
      ],
      [
        27,
        9
      ],
      [
        36,
        9
      ],
      [
        2,
        8
      ]
    ],
    "cold": [
      [
        25,
        1
      ],
      [
        38,
        3
      ],
      [
        39,
        3
      ],
      [
        6,
        4
      ],
      [
        20,
        4
      ],
      [
        23,
        4
      ],
      [
        26,
        4
      ],
      [
        29,
        4
      ],
      [
        32,
        4
      ],
      [
        40,
        4
      ]
    ],
    "overdue": [
      [
        25,
        5.160493827160494
      ],
      [
        23,
        2.7131367292225206
      ],
      [
        37,
        2.3617021276595747
      ],
      [
        19,
        2.1546666666666665
      ],
      [
        2,
        2.0281124497991967
      ],
      [
        13,
        1.9707835325365206
      ],
      [
        14,
        1.8670212765957448
      ],
      [
        18,
        1.8192934782608694
      ],
      [
        17,
        1.7647058823529411
      ],
      [
        28,
        1.5871056241426613
      ]
    ]
  },
  "engine_predictions": {
    "advancedpattern": [
      5,
      7,
      11,
      16,
      41,
      45
    ],
    "gap": [
      1,
      7,
      13,
      19,
      25,
      31
    ],
    "graph": [
      1,
      15,
      20,
      27,
      34,
      40
    ],
    "lstm": [
      5,
      7,
      31,
      34,
      41,
      42
    ],
    "ml": [
      5,
      14,
      16,
      26,
      29,
      42
    ],
    "numerology": [
      17,
      22,
      23,
      24,
      25,
      31
    ],
    "pattern": [
      3,
      11,
      13,
      23,
      33,
      43
    ],
    "sequencecorrelation": [
      3,
      15,
      20,
      26,
      27,
      34
    ],
    "statistical": [
      2,
      17,
      19,
      23,
      28,
      37
    ],
    "timeseries": [
      14,
      26,
      28,
      40,
      42,
      43
    ]
  },
  "predicted_sets": [
    {
      "numbers": [
        5,
        7,
        11,
        26,
        34,
        42
      ],
      "confidence": 71.33333333333334
    },
    {
      "numbers": [
        5,
        13,
        14,
        26,
        31,
        42
      ],
      "confidence": 70.66666666666667
    },
    {
      "numbers": [
        5,
        16,
        17,
        31,
        34,
        42
      ],
      "confidence": 69.96666666666667
    },
    {
      "numbers": [
        5,
        7,
        11,
        26,
        34,
        40
      ],
      "confidence": 69.96666666666667
    },
    {
      "numbers": [
        15,
        17,
        23,
        26,
        31,
        42
      ],
      "confidence": 69.96666666666667
    },
    {
      "numbers": [
        5,
        13,
        15,
        26,
        31,
        42
      ],
      "confidence": 69.79166666666667
    },
    {
      "numbers": [
        3,
        5,
        11,
        16,
        34,
        42
      ],
      "confidence": 69.3
    },
    {
      "numbers": [
        7,
        11,
        14,
        25,
        34,
        42
      ],
      "confidence": 69.125
    },
    {
      "numbers": [
        7,
        14,
        26,
        34,
        42,
        45
      ],
      "confidence": 69.125
    },
    {
      "numbers": [
        5,
        13,
        23,
        26,
        31,
        40
      ],
      "confidence": 69.09166666666667
    },
    {
      "numbers": [
        5,
        7,
        13,
        16,
        31,
        34
      ],
      "confidence": 69.03612128820126
    },
    {
      "numbers": [
        17,
        23,
        26,
        27,
        34,
        42
      ],
      "confidence": 69.03342297870839
    },
    {
      "numbers": [
        7,
        14,
        23,
        34,
        42,
        43
      ],
      "confidence": 68.91666666666667
    },
    {
      "numbers": [
        7,
        13,
        23,
        27,
        34,
        42
      ],
      "confidence": 68.91666666666667
    },
    {
      "numbers": [
        5,
        11,
        25,
        26,
        31,
        42
      ],
      "confidence": 68.91666666666667
    },
    {
      "numbers": [
        7,
        16,
        23,
        26,
        31,
        41
      ],
      "confidence": 68.91666666666667
    },
    {
      "numbers": [
        7,
        14,
        16,
        25,
        41,
        42
      ],
      "confidence": 68.63333333333333
    },
    {
      "numbers": [
        3,
        7,
        26,
        31,
        40,
        45
      ],
      "confidence": 68.63333333333333
    },
    {
      "numbers": [
        7,
        11,
        14,
        23,
        26,
        45
      ],
      "confidence": 68.63333333333333
    },
    {
      "numbers": [
        7,
        11,
        14,
        16,
        25,
        42
      ],
      "confidence": 68.63333333333333
    },
    {
      "numbers": [
        5,
        7,
        11,
        14,
        42,
        43
      ],
      "confidence": 68.6
    },
    {
      "numbers": [
        3,
        14,
        17,
        27,
        31,
        42
      ],
      "confidence": 68.45833333333334
    },
    {
      "numbers": [
        5,
        11,
        13,
        26,
        40,
        41
      ],
      "confidence": 68.45833333333334
    },
    {
      "numbers": [
        5,
        15,
        27,
        34,
        40,
        41
      ],
      "confidence": 68.45833333333334
    },
    {
      "numbers": [
        3,
        7,
        13,
        25,
        40,
        42
      ],
      "confidence": 68.45833333333334
    },
    {
      "numbers": [
        3,
        16,
        25,
        26,
        40,
        42
      ],
      "confidence": 68.45833333333334
    },
    {
      "numbers": [
        5,
        14,
        17,
        23,
        27,
        42
      ],
      "confidence": 68.42500000000001
    },
    {
      "numbers": [
        7,
        11,
        16,
        25,
        26,
        34
      ],
      "confidence": 68.42500000000001
    },
    {
      "numbers": [
        7,
        14,
        15,
        16,
        34,
        42
      ],
      "confidence": 68.42500000000001
    },
    {
      "numbers": [
        3,
        7,
        11,
        17,
        34,
        42
      ],
      "confidence": 68.42500000000001
    },
    {
      "numbers": [
        7,
        15,
        23,
        25,
        34,
        40
      ],
      "confidence": 68.42500000000001
    },
    {
      "numbers": [
        7,
        11,
        14,
        23,
        31,
        40
      ],
      "confidence": 68.42500000000001
    },
    {
      "numbers": [
        7,
        11,
        14,
        23,
        27,
        42
      ],
      "confidence": 68.42500000000001
    },
    {
      "numbers": [
        5,
        7,
        14,
        34,
        40,
        41
      ],
      "confidence": 68.42500000000001
    },
    {
      "numbers": [
        3,
        7,
        11,
        23,
        34,
        40
      ],
      "confidence": 68.42500000000001
    },
    {
      "numbers": [
        7,
        16,
        25,
        27,
        31,
        34
      ],
      "confidence": 68.42500000000001
    },
    {
      "numbers": [
        11,
        23,
        26,
        27,
        31,
        34
      ],
      "confidence": 68.39166666666668
    },
    {
      "numbers": [
        11,
        23,
        25,
        26,
        31,
        34
      ],