{
  "latest_round": 162,
  "next_round": 163,
  "hot_cold": {
    "hot": [
      [
        28,
        13
      ],
      [
        34,
        12
      ],
      [
        42,
        12
      ],
      [
        36,
        11
      ],
      [
        19,
        10
      ],
      [
        2,
        9
      ],
      [
        3,
        9
      ],
      [
        4,
        9
      ],
      [
        11,
        9
      ],
      [
        41,
        9
      ]
    ],
    "cold": [
      [
        24,
        1
      ],
      [
        31,
        3
      ],
      [
        38,
        3
      ],
      [
        44,
        3
      ],
      [
        14,
        4
      ],
      [
        15,
        4
      ],
      [
        29,
        4
      ],
      [
        32,
        4
      ],
      [
        5,
        5
      ],
      [
        6,
        5
      ]
    ],
    "overdue": [
      [
        23,
        4.421052631578948
      ],
      [
        17,
        3.6
      ],
      [
        24,
        3.584
      ],
      [
        14,
        3.5038167938931295
      ],
      [
        31,
        2.5869565217391304
      ],
      [
        15,
        2.4782608695652173
      ],
      [
        44,
        2.3925925925925924
      ],
      [
        27,
        2.2377622377622375
      ],
      [
        37,
        2.0134228187919465
      ],
      [
        2,
        1.8333333333333333
      ]
    ]
  },
  "engine_predictions": {
    "advancedpattern": [
      1,
      21,
      25,
      36,
      41,
      42
    ],
    "gap": [
      2,
      8,
      14,
      20,
      26,
      32
    ],
    "graph": [
      17,
      25,
      26,
      36,
      40,
      42
    ],
    "lstm": [
      18,
      21,
      30,
      34,
      41,
      42
    ],
    "ml": [
      7,
      11,
      23,
      25,
      41,
      45
    ],
    "numerology": [
      17,
      23,
      24,
      25,
      26,
      31
    ],
    "pattern": [
      3,
      13,
      23,
      33,
      35,
      43
    ],
    "sequencecorrelation": [
      2,
      7,
      17,
      25,
      37,
      40
    ],
    "statistical": [
      2,
      15,
      17,
      23,
      27,
      37
    ],
    "timeseries": [
      2,
      15,
      19,
      24,
      27,
      44
    ]
  },
  "predicted_sets": [
    {
      "numbers": [
        2,
        17,
        23,
        25,
        40,
        41
      ],
      "confidence": 74.66666666666666
    },
    {
      "numbers": [
        2,
        17,
        21,
        23,
        26,
        40
      ],
      "confidence": 71.96666666666667
    },
    {
      "numbers": [
        2,
        18,
        23,
        25,
        36,
        42
      ],
      "confidence": 71.79166666666666
    },
    {
      "numbers": [
        2,
        15,
        23,
        24,
        25,
        41
      ],
      "confidence": 71.75833333333334
    },
    {
      "numbers": [
        2,
        19,
        25,
        37,
        41,
        42
      ],
      "confidence": 71.125
    },
    {
      "numbers": [
        2,
        25,
        26,
        27,
        36,
        41
      ],
      "confidence": 71.09166666666667
    },
    {
      "numbers": [
        2,
        19,
        25,
        33,
        40,
        41
      ],
      "confidence": 70.66666666666667
    },
    {
      "numbers": [
        1,
        17,
        18,
        23,
        25,
        40
      ],
      "confidence": 70.63333333333333
    },
    {
      "numbers": [
        15,
        17,
        24,
        25,
        26,
        42
      ],
      "confidence": 70.39166666666667
    },
    {
      "numbers": [
        7,
        17,
        26,
        40,
        41,
        42
      ],
      "confidence": 70.36929892857518
    },
    {
      "numbers": [
        2,
        15,
        24,
        36,
        40,
        41
      ],
      "confidence": 70.0
    },
    {
      "numbers": [
        17,
        21,
        24,
        26,
        40,
        42
      ],
      "confidence": 69.96666666666667
    },
    {
      "numbers": [
        1,
        2,
        18,
        25,
        37,
        42
      ],
      "confidence": 69.79166666666667
    },
    {
      "numbers": [
        5,
        17,
        23,
        26,
        37,
        42
      ],
      "confidence": 69.79166666666667
    },
    {
      "numbers": [
        1,
        2,
        19,
        25,
        40,
        41
      ],
      "confidence": 69.79166666666667
    },
    {
      "numbers": [
        7,
        18,
        25,
        26,
        37,
        41
      ],
      "confidence": 69.79166666666667
    },
    {
      "numbers": [
        1,
        2,
        18,
        25,
        37,
        41
      ],
      "confidence": 69.79166666666667
    },
    {
      "numbers": [
        5,
        17,
        18,
        23,
        25,
        42
      ],
      "confidence": 69.75833333333334
    },
    {
      "numbers": [
        1,
        2,
        23,
        26,
        40,
        41
      ],
      "confidence": 69.75833333333334
    },
    {
      "numbers": [
        2,
        17,
        33,
        36,
        41,
        42
      ],
      "confidence": 69.75833333333334
    },
    {
      "numbers": [
        17,
        18,
        21,
        25,
        40,
        41
      ],
      "confidence": 69.75833333333334
    },
    {
      "numbers": [
        21,
        23,
        24,
        25,
        36,
        41
      ],
      "confidence": 69.725
    },
    {
      "numbers": [
        2,
        7,
        17,
        21,
        40,
        42
      ],
      "confidence": 69.58333333333334
    },
    {
      "numbers": [
        17,
        23,
        25,
        26,
        33,
        36
      ],
      "confidence": 69.51666666666667
    },
    {
      "numbers": [
        19,
        24,
        25,
        26,
        33,
        42
      ],
      "confidence": 69.3
    },
    {
      "numbers": [
        2,
        15,
        17,
        18,
        21,
        36
      ],
      "confidence": 69.3
    },
    {
      "numbers": [
        17,
        18,
        19,
        23,
        40,
        42
      ],
      "confidence": 69.3
    },
    {
      "numbers": [
        2,
        15,
        24,
        27,
        37,
        41
      ],
      "confidence": 69.125
    },
    {
      "numbers": [
        2,
        15,
        27,
        37,
        40,
        41
      ],
      "confidence": 69.125
    },
    {
      "numbers": [
        1,
        2,
        19,
        25,
        26,
        36
      ],
      "confidence": 69.09166666666667
    },
    {
      "numbers": [
        2,
        5,
        19,
        25,
        26,
        41
      ],
      "confidence": 69.09166666666667
    },
    {
      "numbers": [
        2,
        5,
        24,
        25,
        36,
        41
      ],
      "confidence": 69.09166666666667
    },
    {
      "numbers": [
        2,
        17,
        19,
        23,
        24,
        27
      ],
      "confidence": 69.05833333333334
    },
    {
      "numbers": [
        7,
        15,
        17,
        26,
        37,
        42
      ],
      "confidence": 68.91666666666667
    },
    {
      "numbers": [
        7,
        18,
        19,
        23,
        40,
        41
      ],
      "confidence": 68.66666666666666
    },
    {
      "numbers": [
        5,
        17,
        26,
        33,
        40,
        42
      ],
      "confidence": 68.66666666666666
    },
    {
      "numbers": [
        1,
        7,
        15,
        23,
        26,
        40
      ],
      "confidence": 68.63333333333333
    },
    {
      "numbers": [
        5,
        18,
        25,
        26,
        37,
        41
      ],
      "confidence": 68.45833333333334
    },
    {
      "numbers": [
        2,
        15,
        19,
        21,
        40,
        41
      ],