{
  "latest_round": 475,
  "next_round": 476,
  "hot_cold": {
    "hot": [
      [
        20,
        12
      ],
      [
        13,
        11
      ],
      [
        23,
        10
      ],
      [
        30,
        10
      ],
      [
        34,
        10
      ],
      [
        38,
        10
      ],
      [
        40,
        10
      ],
      [
        10,
        9
      ],
      [
        4,
        8
      ],
      [
        8,
        8
      ]
    ],
    "cold": [
      [
        5,
        1
      ],
      [
        2,
        3
      ],
      [
        7,
        4
      ],
      [
        9,
        4
      ],
      [
        15,
        4
      ],
      [
        17,
        4
      ],
      [
        21,
        4
      ],
      [
        32,
        4
      ],
      [
        42,
        4
      ],
      [
        19,
        5
      ]
    ],
    "overdue": [
      [
        5,
        6.712195121951219
      ],
      [
        19,
        2.9646017699115044
      ],
      [
        27,
        2.616740088105727
      ],
      [
        35,
        2.608695652173913
      ],
      [
        7,
        2.4764044943820225
      ],
      [
        30,
        1.9078947368421053
      ],
      [
        3,
        1.890380313199105
      ]
    ]
  },
  "engine_predictions": {
    "advancedpattern": [
      1,
      9,
      14,
      16,
      21,
      29
    ],
    "gap": [
      1,
      7,
      13,
      19,
      25,
      31
    ],
    "graph": [
      3,
      18,
      31,
      37,
      40,
      45
    ],
    "lstm": [
      4,
      13,
      16,
      29,
      31,
      37
    ],
    "ml": [
      3,
      4,
      16,
      36,
      40,
      45
    ],
    "numerology": [
      17,
      22,
      23,
      24,
      25,
      31
    ],
    "pattern": [
      5,
      11,
      15,
      25,
      35,
      45
    ],
    "sequencecorrelation": [
      1,
      11,
      20,
      27,
      34,
      40
    ],
    "statistical": [
      7,
      19,
      27,
      30,
      35,
      40
    ],
    "timeseries": [
      7,
      15,
      24,
      32,
      37,
      40
    ]
  },
  "predicted_sets": [
    {
      "numbers": [
        1,
        16,
        29,
        37,
        40,
        45
      ],
      "confidence": 72.66666666666666
    },
    {
      "numbers": [
        7,
        11,
        16,
        29,
        40,
        45
      ],
      "confidence": 72.0
    },
    {
      "numbers": [
        1,
        3,
        16,
        25,
        29,
        40
      ],
      "confidence": 71.3
    },
    {
      "numbers": [
        4,
        15,
        16,
        29,
        31,
        40
      ],
      "confidence": 71.3
    },
    {
      "numbers": [
        1,
        13,
        24,
        25,
        37,
        40
      ],
      "confidence": 71.3
    },
    {
      "numbers": [
        1,
        4,
        16,
        25,
        27,
        40
      ],
      "confidence": 71.3
    },
    {
      "numbers": [
        9,
        16,
        24,
        27,
        31,
        40
      ],
      "confidence": 70.63333333333333
    },
    {
      "numbers": [
        1,
        3,
        4,
        37,
        40,
        45
      ],
      "confidence": 70.6
    },
    {
      "numbers": [
        4,
        16,
        21,
        25,
        40,
        45
      ],
      "confidence": 70.45833333333334
    },
    {
      "numbers": [
        7,
        16,
        21,
        27,
        40,
        45
      ],
      "confidence": 70.45833333333334
    },
    {
      "numbers": [
        3,
        13,
        16,
        24,
        40,
        45
      ],
      "confidence": 70.45833333333334
    },
    {
      "numbers": [
        3,
        7,
        16,
        24,
        37,
        40
      ],
      "confidence": 70.42500000000001
    },
    {
      "numbers": [
        7,
        11,
        19,
        24,
        31,
        40
      ],
      "confidence": 70.42500000000001
    },
    {
      "numbers": [
        3,
        16,
        21,
        31,
        37,
        40
      ],
      "confidence": 70.42500000000001
    },
    {
      "numbers": [
        11,
        16,
        25,
        29,
        31,
        40
      ],
      "confidence": 70.39166666666667
    },
    {
      "numbers": [
        1,
        15,
        16,
        19,
        31,
        40
      ],
      "confidence": 70.39166666666667
    },
    {
      "numbers": [
        14,
        16,
        25,
        31,
        40,
        45
      ],
      "confidence": 70.34170214025184
    },
    {
      "numbers": [
        3,
        4,
        11,
        25,
        29,
        40
      ],
      "confidence": 69.96666666666667
    },
    {
      "numbers": [
        7,
        21,
        24,
        29,
        40,
        45
      ],
      "confidence": 69.96666666666667
    },
    {
      "numbers": [
        1,
        4,
        9,
        27,
        40,
        45
      ],
      "confidence": 69.96666666666667
    },
    {
      "numbers": [
        3,
        14,
        16,
        19,
        25,
        40
      ],
      "confidence": 69.96666666666667
    },
    {
      "numbers": [
        7,
        13,
        16,
        21,
        29,
        40
      ],
      "confidence": 69.96666666666667
    },
    {
      "numbers": [
        4,
        9,
        15,
        31,
        37,
        40
      ],
      "confidence": 69.93333333333334
    },
    {
      "numbers": [
        1,
        4,
        13,
        21,
        40,
        45
      ],
      "confidence": 69.79166666666667
    },
    {
      "numbers": [
        1,
        14,
        15,
        27,
        40,
        45
      ],
      "confidence": 69.79166666666667
    },
    {
      "numbers": [
        7,
        14,
        21,
        25,
        40,
        45
      ],
      "confidence": 69.79166666666667
    },
    {
      "numbers": [
        3,
        4,
        16,
        21,
        31,
        40
      ],
      "confidence": 69.75833333333334
    },
    {
      "numbers": [
        7,
        11,
        16,
        24,
        27,
        40
      ],
      "confidence": 69.75833333333334
    },
    {
      "numbers": [
        11,
        14,
        25,
        31,
        40,
        45
      ],
      "confidence": 69.55
    },
    {
      "numbers": [
        7,
        15,
        16,
        27,
        37,
        40
      ],
      "confidence": 69.55
    },
    {
      "numbers": [
        7,
        14,
        27,
        37,
        40,
        45
      ],
      "confidence": 69.33336880691851
    },
    {
      "numbers": [
        4,
        13,
        15,
        19,
        27,
        40
      ],
      "confidence": 69.3
    },
    {
      "numbers": [
        7,
        9,
        13,
        14,
        25,
        40
      ],
      "confidence": 69.3
    },
    {
      "numbers": [
        3,
        4,
        11,
        27,
        29,
        40
      ],
      "confidence": 69.3
    },
    {
      "numbers": [
        4,
        13,
        16,
        19,
        37,
        45
      ],
      "confidence": 69.3
    },
    {
      "numbers": [
        4,
        11,
        15,
        19,
        37,
        40
      ],
      "confidence": 69.26666666666668
    },
    {
      "numbers": [
        1,
        11,
        13,
        16,
        24,
        40
      ],
      "confidence": 69.23573722797116
    },
    {
      "numbers": [
        4,
        13,
        19,
        21,
        31,
        40
      ],
      "confidence": 69.09166666666667
    },
    {
      "numbers": [
        1,
        4,
        11,
        27,
        29,
        40
      ],
      "confidence": 69.09166666666667
    },
    {
      "numbers": [
        3,
        4,
        14,
        37,
        40,
        45
      ],