{
  "latest_round": 777,
  "next_round": 778,
  "hot_cold": {
    "hot": [
      [
        12,
        12
      ],
      [
        34,
        12
      ],
      [
        21,
        11
      ],
      [
        41,
        10
      ],
      [
        42,
        10
      ],
      [
        10,
        9
      ],
      [
        17,
        9
      ],
      [
        27,
        9
      ],
      [
        3,
        8
      ],
      [
        7,
        8
      ]
    ],
    "cold": [
      [
        25,
        1
      ],
      [
        20,
        3
      ],
      [
        39,
        3
      ],
      [
        23,
        4
      ],
      [
        26,
        4
      ],
      [
        32,
        4
      ],
      [
        35,
        4
      ],
      [
        38,
        4
      ],
      [
        1,
        5
      ],
      [
        19,
        5
      ]
    ],
    "overdue": [
      [
        25,
        6.246913580246914
      ],
      [
        2,
        3.109772423025435
      ],
      [
        13,
        3.096945551128818
      ],
      [
        4,
        2.3191489361702127
      ],
      [
        26,
        2.0238095238095237
      ],
      [
        24,
        1.7470355731225296
      ],
      [
        36,
        1.7390728476821191
      ],
      [
        3,
        1.6320000000000001
      ],
      [
        32,
        1.6189224704336398
      ],
      [
        20,
        1.5796519410977243
      ]
    ]
  },
  "engine_predictions": {
    "advancedpattern": [
      6,
      12,
      17,
      21,
      34,
      37
    ],
    "gap": [
      1,
      7,
      13,
      19,
      25,
      31
    ],
    "graph": [
      1,
      15,
      20,
      27,
      34,
      40
    ],
    "lstm": [
      6,
      11,
      12,
      18,
      21,
      34
    ],
    "ml": [
      1,
      8,
      18,
      20,
      28,
      37
    ],
    "numerology": [
      17,
      22,
      23,
      24,
      25,
      31
    ],
    "pattern": [
      1,
      11,
      13,
      21,
      31,
      41
    ],
    "sequencecorrelation": [
      5,
      8,
      16,
      27,
      40,
      43
    ],
    "statistical": [
      2,
      3,
      4,
      13,
      24,
      26
    ],
    "timeseries": [
      1,
      3,
      7,
      20,
      26,
      30
    ]
  },
  "predicted_sets": [
    {
      "numbers": [
        1,
        12,
        17,
        20,
        26,
        34
      ],
      "confidence": 70.63333333333333
    },
    {
      "numbers": [
        1,
        3,
        20,
        21,
        27,
        34
      ],
      "confidence": 70.21306930078788
    },
    {
      "numbers": [
        1,
        6,
        12,
        27,
        34,
        40
      ],
      "confidence": 69.96666666666667
    },
    {
      "numbers": [
        1,
        6,
        18,
        20,
        34,
        37
      ],
      "confidence": 69.93333333333334
    },
    {
      "numbers": [
        1,
        6,
        12,
        21,
        34,
        37
      ],
      "confidence": 69.75833333333334
    },
    {
      "numbers": [
        1,
        13,
        17,
        24,
        31,
        40
      ],
      "confidence": 69.75833333333334
    },
    {
      "numbers": [
        1,
        6,
        18,
        21,
        34,
        40
      ],
      "confidence": 69.75833333333334
    },
    {
      "numbers": [
        1,
        6,
        13,
        21,
        37,
        40
      ],
      "confidence": 69.75833333333334
    },
    {
      "numbers": [
        1,
        11,
        13,
        26,
        34,
        37
      ],
      "confidence": 69.75833333333334
    },
    {
      "numbers": [
        1,
        12,
        20,
        21,
        34,
        40
      ],
      "confidence": 69.55
    },
    {
      "numbers": [
        1,
        13,
        21,
        26,
        31,
        40
      ],
      "confidence": 69.55
    },
    {
      "numbers": [
        8,
        12,
        13,
        21,
        27,
        34
      ],
      "confidence": 69.3
    },
    {
      "numbers": [
        1,
        12,
        24,
        25,
        34,
        40
      ],
      "confidence": 69.09166666666667
    },
    {
      "numbers": [
        1,
        12,
        17,
        25,
        27,
        34
      ],
      "confidence": 69.09166666666667
    },
    {
      "numbers": [
        1,
        12,
        21,
        24,
        26,
        37
      ],
      "confidence": 69.09166666666667
    },
    {
      "numbers": [
        1,
        7,
        8,
        20,
        34,
        40
      ],
      "confidence": 69.05833333333334
    },
    {
      "numbers": [
        1,
        11,
        18,
        20,
        21,
        37
      ],
      "confidence": 68.88333333333333
    },
    {
      "numbers": [
        1,
        12,
        21,
        24,
        25,
        34
      ],
      "confidence": 68.88333333333333
    },
    {
      "numbers": [
        1,
        6,
        17,
        20,
        25,
        37
      ],
      "confidence": 68.87973596745454
    },
    {
      "numbers": [
        1,
        12,
        20,
        21,
        25,
        27
      ],
      "confidence": 68.8464026341212
    },
    {
      "numbers": [
        3,
        17,
        25,
        26,
        31,
        34
      ],
      "confidence": 68.63333333333333
    },
    {
      "numbers": [
        3,
        18,
        21,
        25,
        27,
        34
      ],
      "confidence": 68.63333333333333
    },
    {
      "numbers": [
        12,
        13,
        18,
        21,
        25,
        34
      ],
      "confidence": 68.6
    },
    {
      "numbers": [
        6,
        12,
        17,
        21,
        31,
        34
      ],
      "confidence": 68.42500000000001
    },
    {
      "numbers": [
        6,
        12,
        18,
        20,
        21,
        31
      ],
      "confidence": 68.42500000000001
    },
    {
      "numbers": [
        1,
        8,
        11,
        25,
        37,
        40
      ],
      "confidence": 68.42500000000001
    },
    {
      "numbers": [
        1,
        12,
        17,
        18,
        27,
        40
      ],
      "confidence": 68.42500000000001
    },
    {
      "numbers": [
        8,
        17,
        20,
        27,
        31,
        34
      ],
      "confidence": 68.42500000000001
    },
    {
      "numbers": [
        7,
        18,
        20,
        21,
        27,
        34
      ],
      "confidence": 68.42500000000001
    },
    {
      "numbers": [
        3,
        13,
        17,
        21,
        34,
        40
      ],
      "confidence": 68.42500000000001
    },
    {
      "numbers": [
        7,
        13,
        20,
        21,
        31,
        40
      ],
      "confidence": 68.21666666666667
    },
    {
      "numbers": [
        1,
        17,
        24,
        26,
        31,
        37
      ],
      "confidence": 68.21666666666667
    },
    {
      "numbers": [
        3,
        13,
        18,
        20,
        21,
        31
      ],
      "confidence": 68.00473596745454
    },
    {
      "numbers": [
        6,
        12,
        18,
        25,
        34,
        37
      ],
      "confidence": 67.96666666666667
    },
    {
      "numbers": [
        6,
        11,
        13,
        25,
        37,
        40
      ],
      "confidence": 67.96666666666667
    },
    {
      "numbers": [
        11,
        12,
        13,
        18,
        20,
        34
      ],
      "confidence": 67.9
    },
    {
      "numbers": [
        1,
        3,
        12,
        20,
        31,
        37
      ],
      "confidence": 67.8464026341212
    },
    {
      "numbers": [
        8,
        17,
        18,
        20,
        24,
        31
      ],