{
  "latest_round": 595,
  "next_round": 596,
  "hot_cold": {
    "hot": [
      [
        20,
        14
      ],
      [
        7,
        9
      ],
      [
        13,
        9
      ],
      [
        14,
        9
      ],
      [
        17,
        9
      ],
      [
        32,
        9
      ],
      [
        40,
        9
      ],
      [
        2,
        8
      ],
      [
        5,
        8
      ],
      [
        8,
        8
      ]
    ],
    "cold": [
      [
        9,
        2
      ],
      [
        36,
        2
      ],
      [
        19,
        3
      ],
      [
        23,
        3
      ],
      [
        22,
        4
      ],
      [
        3,
        5
      ],
      [
        16,
        5
      ],
      [
        18,
        5
      ],
      [
        21,
        5
      ],
      [
        24,
        5
      ]
    ],
    "overdue": [
      [
        1,
        3.9803220035778177
      ],
      [
        26,
        3.6106194690265485
      ],
      [
        23,
        3.25
      ],
      [
        4,
        3.2375886524822692
      ],
      [
        43,
        2.9891891891891893
      ],
      [
        19,
        2.7215411558669005
      ],
      [
        11,
        1.975736568457539
      ],
      [
        3,
        1.9293286219081272
      ],
      [
        27,
        1.8413793103448277
      ],
      [
        17,
        1.8188153310104531
      ]
    ]
  },
  "engine_predictions": {
    "advancedpattern": [
      8,
      24,
      28,
      35,
      38,
      40
    ],
    "gap": [
      1,
      7,
      13,
      19,
      25,
      31
    ],
    "graph": [
      1,
      13,
      20,
      27,
      34,
      40
    ],
    "lstm": [
      2,
      8,
      13,
      24,
      28,
      38
    ],
    "ml": [
      8,
      24,
      28,
      35,
      37,
      40
    ],
    "numerology": [
      13,
      17,
      22,
      23,
      25,
      31
    ],
    "pattern": [
      5,
      15,
      25,
      33,
      35,
      45
    ],
    "sequencecorrelation": [
      14,
      19,
      20,
      26,
      37,
      40
    ],
    "statistical": [
      1,
      3,
      4,
      17,
      26,
      43
    ],
    "timeseries": [
      7,
      11,
      15,
      16,
      22,
      43
    ]
  },
  "predicted_sets": [
    {
      "numbers": [
        8,
        17,
        24,
        35,
        40,
        43
      ],
      "confidence": 71.33333333333334
    },
    {
      "numbers": [
        7,
        13,
        22,
        24,
        38,
        40
      ],
      "confidence": 70.63333333333333
    },
    {
      "numbers": [
        1,
        19,
        24,
        25,
        38,
        40
      ],
      "confidence": 70.63333333333333
    },
    {
      "numbers": [
        1,
        8,
        17,
        28,
        40,
        43
      ],
      "confidence": 70.45833333333334
    },
    {
      "numbers": [
        1,
        13,
        20,
        22,
        28,
        40
      ],
      "confidence": 70.42500000000001
    },
    {
      "numbers": [
        1,
        13,
        19,
        26,
        35,
        38
      ],
      "confidence": 69.96666666666667
    },
    {
      "numbers": [
        1,
        8,
        22,
        24,
        37,
        40
      ],
      "confidence": 69.93333333333334
    },
    {
      "numbers": [
        1,
        8,
        13,
        26,
        28,
        37
      ],
      "confidence": 69.75833333333334
    },
    {
      "numbers": [
        8,
        13,
        24,
        26,
        28,
        31
      ],
      "confidence": 69.75833333333334
    },
    {
      "numbers": [
        1,
        15,
        25,
        28,
        37,
        40
      ],
      "confidence": 69.75833333333334
    },
    {
      "numbers": [
        8,
        13,
        20,
        26,
        37,
        40
      ],
      "confidence": 69.75833333333334
    },
    {
      "numbers": [
        1,
        8,
        22,
        28,
        35,
        40
      ],
      "confidence": 69.725
    },
    {
      "numbers": [
        13,
        15,
        22,
        28,
        35,
        40
      ],
      "confidence": 69.725
    },
    {
      "numbers": [
        1,
        19,
        24,
        26,
        38,
        43
      ],
      "confidence": 69.33333333333334
    },
    {
      "numbers": [
        8,
        14,
        15,
        26,
        40,
        43
      ],
      "confidence": 69.33333333333334
    },
    {
      "numbers": [
        1,
        8,
        19,
        20,
        24,
        37
      ],
      "confidence": 69.3
    },
    {
      "numbers": [
        7,
        8,
        24,
        26,
        31,
        40
      ],
      "confidence": 69.26666666666668
    },
    {
      "numbers": [
        8,
        13,
        14,
        20,
        24,
        35
      ],
      "confidence": 69.09166666666667
    },
    {
      "numbers": [
        8,
        13,
        22,
        26,
        28,
        31
      ],
      "confidence": 69.09166666666667
    },
    {
      "numbers": [
        1,
        15,
        22,
        28,
        38,
        40
      ],
      "confidence": 69.09166666666667
    },
    {
      "numbers": [
        1,
        13,
        15,
        22,
        24,
        43
      ],
      "confidence": 69.09166666666667
    },
    {
      "numbers": [
        8,
        13,
        19,
        20,
        35,
        43
      ],
      "confidence": 69.09166666666667
    },
    {
      "numbers": [
        1,
        7,
        20,
        22,
        35,
        40
      ],
      "confidence": 69.09166666666667
    },
    {
      "numbers": [
        7,
        8,
        15,
        35,
        40,
        43
      ],
      "confidence": 69.09166666666667
    },
    {
      "numbers": [
        17,
        19,
        24,
        25,
        35,
        40
      ],
      "confidence": 69.05833333333334
    },
    {
      "numbers": [
        15,
        22,
        24,
        28,
        35,
        40
      ],
      "confidence": 69.05833333333334
    },
    {
      "numbers": [
        8,
        13,
        26,
        28,
        37,
        43
      ],
      "confidence": 68.91666666666667
    },
    {
      "numbers": [
        8,
        13,
        15,
        24,
        35,
        38
      ],
      "confidence": 68.88333333333333
    },
    {
      "numbers": [
        1,
        8,
        19,
        28,
        38,
        40
      ],
      "confidence": 68.88333333333333
    },
    {
      "numbers": [
        8,
        13,
        15,
        19,
        28,
        35
      ],
      "confidence": 68.88333333333333
    },
    {
      "numbers": [
        1,
        20,
        28,
        35,
        38,
        40
      ],
      "confidence": 68.88333333333333
    },
    {
      "numbers": [
        8,
        15,
        19,
        26,
        31,
        43
      ],
      "confidence": 68.66666666666666
    },
    {
      "numbers": [
        8,
        14,
        22,
        25,
        31,
        43
      ],
      "confidence": 68.66666666666666
    },
    {
      "numbers": [
        1,
        14,
        22,
        25,
        28,
        37
      ],
      "confidence": 68.63333333333333
    },
    {
      "numbers": [
        13,
        15,
        22,
        26,
        28,
        31
      ],
      "confidence": 68.6
    },
    {
      "numbers": [
        1,
        25,
        26,
        37,
        40,
        43
      ],
      "confidence": 68.58770056869497
    },
    {
      "numbers": [
        1,
        15,
        25,
        26,
        38,
        43
      ],
      "confidence": 68.45833333333334
    },
    {
      "numbers": [
        8,
        14,
        28,
        31,
        35,
        43
      ],