{
  "latest_round": 392,
  "next_round": 393,
  "hot_cold": {
    "hot": [
      [
        29,
        12
      ],
      [
        1,
        11
      ],
      [
        5,
        11
      ],
      [
        24,
        11
      ],
      [
        40,
        11
      ],
      [
        10,
        10
      ],
      [
        16,
        10
      ],
      [
        22,
        10
      ],
      [
        8,
        9
      ],
      [
        14,
        9
      ]
    ],
    "cold": [
      [
        6,
        2
      ],
      [
        33,
        2
      ],
      [
        38,
        2
      ],
      [
        41,
        2
      ],
      [
        9,
        3
      ],
      [
        23,
        3
      ],
      [
        4,
        4
      ],
      [
        30,
        4
      ],
      [
        2,
        5
      ],
      [
        3,
        5
      ]
    ],
    "overdue": [
      [
        14,
        3.097826086956522
      ],
      [
        30,
        2.967032967032967
      ],
      [
        44,
        2.8722222222222222
      ],
      [
        41,
        2.5906593406593403
      ],
      [
        45,
        2.4657534246575343
      ],
      [
        25,
        2.46112600536193
      ],
      [
        13,
        2.0534759358288768
      ],
      [
        5,
        1.807799442896936
      ],
      [
        35,
        1.7645429362880887
      ],
      [
        2,
        1.6729222520107239
      ]
    ]
  },
  "engine_predictions": {
    "advancedpattern": [
      1,
      3,
      7,
      8,
      24,
      42
    ],
    "gap": [
      1,
      7,
      13,
      19,
      25,
      31
    ],
    "graph": [
      1,
      3,
      10,
      14,
      19,
      37
    ],
    "lstm": [
      1,
      7,
      18,
      28,
      39,
      40
    ],
    "ml": [
      7,
      10,
      20,
      26,
      27,
      45
    ],
    "numerology": [
      17,
      22,
      23,
      24,
      25,
      31
    ],
    "pattern": [
      5,
      11,
      15,
      25,
      35,
      45
    ],
    "sequencecorrelation": [
      14,
      15,
      25,
      35,
      37,
      45
    ],
    "statistical": [
      5,
      13,
      14,
      25,
      44,
      45
    ],
    "timeseries": [
      4,
      6,
      15,
      31,
      32,
      40
    ]
  },
  "predicted_sets": [
    {
      "numbers": [
        1,
        7,
        14,
        25,
        40,
        42
      ],
      "confidence": 72.66666666666666
    },
    {
      "numbers": [
        1,
        7,
        15,
        24,
        40,
        45
      ],
      "confidence": 71.79166666666666
    },
    {
      "numbers": [
        7,
        14,
        25,
        26,
        31,
        40
      ],
      "confidence": 71.3
    },
    {
      "numbers": [
        1,
        7,
        8,
        14,
        40,
        45
      ],
      "confidence": 71.3
    },
    {
      "numbers": [
        7,
        10,
        14,
        15,
        31,
        45
      ],
      "confidence": 71.09166666666667
    },
    {
      "numbers": [
        1,
        7,
        19,
        25,
        26,
        42
      ],
      "confidence": 70.63333333333333
    },
    {
      "numbers": [
        7,
        10,
        14,
        27,
        31,
        45
      ],
      "confidence": 70.45833333333334
    },
    {
      "numbers": [
        1,
        3,
        15,
        25,
        40,
        42
      ],
      "confidence": 70.45833333333334
    },
    {
      "numbers": [
        7,
        13,
        24,
        25,
        35,
        42
      ],
      "confidence": 69.79166666666667
    },
    {
      "numbers": [
        7,
        14,
        24,
        25,
        26,
        40
      ],
      "confidence": 69.75833333333334
    },
    {
      "numbers": [
        7,
        14,
        15,
        27,
        40,
        45
      ],
      "confidence": 69.58333333333334
    },
    {
      "numbers": [
        1,
        15,
        25,
        35,
        40,
        42
      ],
      "confidence": 69.58333333333334
    },
    {
      "numbers": [
        1,
        5,
        14,
        26,
        31,
        45
      ],
      "confidence": 69.58333333333334
    },
    {
      "numbers": [
        1,
        10,
        25,
        35,
        42,
        45
      ],
      "confidence": 69.55
    },
    {
      "numbers": [
        3,
        14,
        19,
        24,
        25,
        45
      ],
      "confidence": 69.55
    },
    {
      "numbers": [
        1,
        10,
        14,
        24,
        25,
        35
      ],
      "confidence": 69.55
    },
    {
      "numbers": [
        7,
        10,
        15,
        24,
        25,
        35
      ],
      "confidence": 69.55
    },
    {
      "numbers": [
        8,
        13,
        24,
        31,
        40,
        45
      ],
      "confidence": 69.33333333333334
    },
    {
      "numbers": [
        1,
        24,
        25,
        26,
        40,
        42
      ],
      "confidence": 69.3
    },
    {
      "numbers": [
        7,
        14,
        19,
        26,
        42,
        45
      ],
      "confidence": 69.3
    },
    {
      "numbers": [
        1,
        10,
        19,
        24,
        27,
        45
      ],
      "confidence": 69.3
    },
    {
      "numbers": [
        7,
        8,
        10,
        14,
        26,
        45
      ],
      "confidence": 69.3
    },
    {
      "numbers": [
        3,
        7,
        8,
        24,
        25,
        40
      ],
      "confidence": 69.26666666666668
    },
    {
      "numbers": [
        1,
        10,
        15,
        24,
        42,
        45
      ],
      "confidence": 69.09166666666667
    },
    {
      "numbers": [
        1,
        8,
        25,
        31,
        40,
        42
      ],
      "confidence": 69.09166666666667
    },
    {
      "numbers": [
        1,
        10,
        14,
        15,
        31,
        42
      ],
      "confidence": 69.09166666666667
    },
    {
      "numbers": [
        1,
        8,
        13,
        31,
        40,
        45
      ],
      "confidence": 69.09166666666667
    },
    {
      "numbers": [
        13,
        14,
        15,
        26,
        31,
        45
      ],
      "confidence": 69.09166666666667
    },
    {
      "numbers": [
        1,
        14,
        15,
        24,
        31,
        37
      ],
      "confidence": 68.88333333333333
    },
    {
      "numbers": [
        5,
        10,
        14,
        25,
        42,
        45
      ],
      "confidence": 68.88333333333333
    },
    {
      "numbers": [
        7,
        10,
        25,
        31,
        35,
        40
      ],
      "confidence": 68.85
    },
    {
      "numbers": [
        7,
        15,
        25,
        40,
        42,
        45
      ],
      "confidence": 68.82063229263571
    },
    {
      "numbers": [
        3,
        19,
        26,
        31,
        42,
        45
      ],
      "confidence": 68.66666666666666
    },
    {
      "numbers": [
        3,
        7,
        8,
        19,
        26,
        45
      ],
      "confidence": 68.63333333333333
    },
    {
      "numbers": [
        1,
        19,
        24,
        26,
        42,
        45
      ],
      "confidence": 68.63333333333333
    },
    {
      "numbers": [
        3,
        14,
        15,
        19,
        31,
        40
      ],
      "confidence": 68.6
    },
    {
      "numbers": [
        3,
        8,
        14,
        25,
        35,
        42
      ],
      "confidence": 68.45833333333334
    },
    {
      "numbers": [
        1,
        3,
        10,
        26,
        40,
        45
      ],
      "confidence": 68.42500000000001
    },
    {
      "numbers": [
        3,
        10,
        24,
        25,
        31,
        35
      ],