{
  "latest_round": 161,
  "next_round": 162,
  "hot_cold": {
    "hot": [
      [
        28,
        13
      ],
      [
        42,
        13
      ],
      [
        34,
        12
      ],
      [
        36,
        11
      ],
      [
        19,
        10
      ],
      [
        2,
        9
      ],
      [
        3,
        9
      ],
      [
        4,
        9
      ],
      [
        11,
        9
      ],
      [
        30,
        9
      ]
    ],
    "cold": [
      [
        24,
        1
      ],
      [
        38,
        2
      ],
      [
        31,
        3
      ],
      [
        44,
        3
      ],
      [
        5,
        4
      ],
      [
        14,
        4
      ],
      [
        15,
        4
      ],
      [
        32,
        4
      ],
      [
        1,
        5
      ],
      [
        6,
        5
      ]
    ],
    "overdue": [
      [
        23,
        4.2631578947368425
      ],
      [
        38,
        3.862068965517241
      ],
      [
        24,
        3.472
      ],
      [
        17,
        3.4
      ],
      [
        14,
        3.3740458015267176
      ],
      [
        31,
        2.4637681159420293
      ],
      [
        15,
        2.3405797101449273
      ],
      [
        44,
        2.2518518518518515
      ],
      [
        27,
        2.097902097902098
      ],
      [
        37,
        1.8456375838926176
      ]
    ]
  },
  "engine_predictions": {
    "advancedpattern": [
      22,
      34,
      36,
      40,
      42,
      45
    ],
    "gap": [
      2,
      8,
      14,
      20,
      26,
      32
    ],
    "graph": [
      17,
      25,
      26,
      36,
      40,
      42
    ],
    "lstm": [
      18,
      30,
      34,
      41,
      42,
      45
    ],
    "ml": [
      11,
      20,
      21,
      22,
      26,
      36
    ],
    "numerology": [
      17,
      23,
      24,
      25,
      26,
      31
    ],
    "pattern": [
      3,
      13,
      23,
      33,
      35,
      43
    ],
    "sequencecorrelation": [
      2,
      25,
      26,
      33,
      36,
      42
    ],
    "statistical": [
      2,
      15,
      17,
      23,
      27,
      44
    ],
    "timeseries": [
      2,
      15,
      19,
      24,
      27,
      44
    ]
  },
  "predicted_sets": [
    {
      "numbers": [
        2,
        17,
        26,
        36,
        42,
        45
      ],
      "confidence": 72.91666666666666
    },
    {
      "numbers": [
        2,
        17,
        20,
        25,
        26,
        42
      ],
      "confidence": 72.42500000000001
    },
    {
      "numbers": [
        15,
        23,
        26,
        27,
        36,
        42
      ],
      "confidence": 71.75833333333334
    },
    {
      "numbers": [
        2,
        17,
        22,
        26,
        36,
        45
      ],
      "confidence": 71.58333333333334
    },
    {
      "numbers": [
        2,
        15,
        23,
        25,
        26,
        42
      ],
      "confidence": 71.55
    },
    {
      "numbers": [
        2,
        17,
        25,
        33,
        36,
        40
      ],
      "confidence": 71.3
    },
    {
      "numbers": [
        2,
        17,
        23,
        27,
        36,
        45
      ],
      "confidence": 71.125
    },
    {
      "numbers": [
        2,
        15,
        17,
        26,
        34,
        44
      ],
      "confidence": 71.125
    },
    {
      "numbers": [
        2,
        15,
        25,
        26,
        33,
        44
      ],
      "confidence": 71.125
    },
    {
      "numbers": [
        2,
        19,
        24,
        25,
        26,
        36
      ],
      "confidence": 71.09166666666667
    },
    {
      "numbers": [
        2,
        20,
        23,
        33,
        36,
        42
      ],
      "confidence": 70.91666666666666
    },
    {
      "numbers": [
        2,
        17,
        22,
        33,
        36,
        42
      ],
      "confidence": 70.91666666666666
    },
    {
      "numbers": [
        2,
        15,
        22,
        23,
        26,
        36
      ],
      "confidence": 70.88333333333333
    },
    {
      "numbers": [
        2,
        17,
        19,
        26,
        34,
        40
      ],
      "confidence": 70.63333333333333
    },
    {
      "numbers": [
        2,
        26,
        27,
        33,
        40,
        44
      ],
      "confidence": 70.63333333333333
    },
    {
      "numbers": [
        2,
        17,
        24,
        33,
        40,
        42
      ],
      "confidence": 70.45833333333334
    },
    {
      "numbers": [
        2,
        15,
        17,
        25,
        33,
        36
      ],
      "confidence": 70.42500000000001
    },
    {
      "numbers": [
        2,
        25,
        26,
        27,
        34,
        45
      ],
      "confidence": 70.42500000000001
    },
    {
      "numbers": [
        2,
        17,
        23,
        42,
        44,
        45
      ],
      "confidence": 70.4106637542379
    },
    {
      "numbers": [
        2,
        15,
        23,
        25,
        26,
        27
      ],
      "confidence": 70.39166666666667
    },
    {
      "numbers": [
        2,
        15,
        17,
        25,
        33,
        42
      ],
      "confidence": 70.25
    },
    {
      "numbers": [
        19,
        23,
        24,
        26,
        40,
        42
      ],
      "confidence": 70.11899708757122
    },
    {
      "numbers": [
        15,
        19,
        20,
        23,
        36,
        42
      ],
      "confidence": 69.96666666666667
    },
    {
      "numbers": [
        2,
        19,
        21,
        26,
        27,
        42
      ],
      "confidence": 69.75833333333334
    },
    {
      "numbers": [
        2,
        15,
        22,
        26,
        33,
        34
      ],
      "confidence": 69.75833333333334
    },
    {
      "numbers": [
        15,
        20,
        22,
        26,
        33,
        42
      ],
      "confidence": 69.75833333333334
    },
    {
      "numbers": [
        2,
        15,
        23,
        33,
        36,
        40
      ],
      "confidence": 69.75833333333334
    },
    {
      "numbers": [
        2,
        15,
        17,
        24,
        34,
        42
      ],
      "confidence": 69.58333333333334
    },
    {
      "numbers": [
        2,
        17,
        22,
        33,
        40,
        42
      ],
      "confidence": 69.58333333333334
    },
    {
      "numbers": [
        2,
        17,
        23,
        27,
        42,
        45
      ],
      "confidence": 69.55
    },
    {
      "numbers": [
        17,
        22,
        23,
        33,
        36,
        42
      ],
      "confidence": 69.53566375423789
    },
    {
      "numbers": [
        2,
        19,
        23,
        34,
        40,
        45
      ],
      "confidence": 69.33333333333334
    },
    {
      "numbers": [
        17,
        20,
        23,
        34,
        36,
        41
      ],
      "confidence": 69.3
    },
    {
      "numbers": [
        2,
        15,
        34,
        36,
        40,
        41
      ],
      "confidence": 69.3
    },
    {
      "numbers": [
        17,
        19,
        21,
        26,
        42,
        45
      ],
      "confidence": 69.26666666666668
    },
    {
      "numbers": [
        2,
        20,
        22,
        36,
        41,
        45
      ],
      "confidence": 69.125
    },
    {
      "numbers": [
        2,
        15,
        17,
        25,
        33,
        40
      ],
      "confidence": 69.09166666666667
    },
    {
      "numbers": [
        2,
        17,
        20,
        21,
        22,
        36
      ],
      "confidence": 69.09166666666667
    },
    {
      "numbers": [
        2,
        19,
        22,
        25,
        34,
        36
      ],