{
  "latest_round": 1052,
  "next_round": 1053,
  "hot_cold": {
    "hot": [
      [
        12,
        13
      ],
      [
        35,
        12
      ],
      [
        29,
        11
      ],
      [
        5,
        10
      ],
      [
        15,
        10
      ],
      [
        26,
        10
      ],
      [
        11,
        9
      ],
      [
        34,
        9
      ],
      [
        6,
        8
      ],
      [
        14,
        8
      ]
    ],
    "cold": [
      [
        10,
        1
      ],
      [
        4,
        2
      ],
      [
        28,
        2
      ],
      [
        43,
        3
      ],
      [
        1,
        4
      ],
      [
        23,
        4
      ],
      [
        24,
        4
      ],
      [
        40,
        4
      ],
      [
        2,
        5
      ],
      [
        8,
        5
      ]
    ],
    "overdue": [
      [
        4,
        4.541584158415842
      ],
      [
        10,
        3.9442270058708417
      ],
      [
        1,
        2.8403525954946134
      ],
      [
        45,
        2.28125
      ],
      [
        24,
        1.8702807357212003
      ],
      [
        18,
        1.6591576885406463
      ],
      [
        8,
        1.569767441860465
      ],
      [
        34,
        1.5473887814313345
      ],
      [
        11,
        1.5048169556840079
      ]
    ]
  },
  "engine_predictions": {
    "advancedpattern": [
      5,
      17,
      26,
      27,
      35,
      38
    ],
    "gap": [
      1,
      7,
      13,
      19,
      25,
      31
    ],
    "graph": [
      13,
      14,
      20,
      27,
      34,
      43
    ],
    "lstm": [
      5,
      12,
      17,
      21,
      26,
      35
    ],
    "ml": [
      5,
      23,
      26,
      35,
      38,
      43
    ],
    "numerology": [
      17,
      22,
      23,
      24,
      25,
      31
    ],
    "pattern": [
      3,
      11,
      13,
      23,
      33,
      43
    ],
    "sequencecorrelation": [
      5,
      11,
      18,
      20,
      21,
      26
    ],
    "statistical": [
      1,
      10,
      11,
      18,
      34,
      45
    ],
    "timeseries": [
      4,
      10,
      14,
      22,
      24,
      36
    ]
  },
  "predicted_sets": [
    {
      "numbers": [
        5,
        17,
        26,
        35,
        38,
        43
      ],
      "confidence": 71.79166666666666
    },
    {
      "numbers": [
        10,
        11,
        13,
        17,
        26,
        35
      ],
      "confidence": 71.3
    },
    {
      "numbers": [
        5,
        20,
        22,
        26,
        35,
        43
      ],
      "confidence": 71.125
    },
    {
      "numbers": [
        5,
        11,
        20,
        26,
        27,
        34
      ],
      "confidence": 70.63333333333333
    },
    {
      "numbers": [
        5,
        17,
        20,
        24,
        26,
        31
      ],
      "confidence": 70.63333333333333
    },
    {
      "numbers": [
        5,
        17,
        18,
        21,
        23,
        26
      ],
      "confidence": 70.6
    },
    {
      "numbers": [
        5,
        11,
        22,
        23,
        26,
        27
      ],
      "confidence": 70.6
    },
    {
      "numbers": [
        5,
        11,
        18,
        22,
        26,
        35
      ],
      "confidence": 70.42500000000001
    },
    {
      "numbers": [
        5,
        18,
        20,
        23,
        26,
        43
      ],
      "confidence": 70.42500000000001
    },
    {
      "numbers": [
        5,
        11,
        20,
        22,
        27,
        43
      ],
      "confidence": 69.96666666666667
    },
    {
      "numbers": [
        11,
        17,
        18,
        22,
        26,
        35
      ],
      "confidence": 69.93333333333334
    },
    {
      "numbers": [
        10,
        17,
        26,
        27,
        31,
        43
      ],
      "confidence": 69.79166666666667
    },
    {
      "numbers": [
        1,
        17,
        26,
        31,
        34,
        43
      ],
      "confidence": 69.79166666666667
    },
    {
      "numbers": [
        10,
        11,
        17,
        23,
        34,
        43
      ],
      "confidence": 69.79166666666667
    },
    {
      "numbers": [
        5,
        14,
        18,
        23,
        26,
        34
      ],
      "confidence": 69.75833333333334
    },
    {
      "numbers": [
        13,
        17,
        18,
        26,
        31,
        43
      ],
      "confidence": 69.75833333333334
    },
    {
      "numbers": [
        5,
        11,
        22,
        24,
        26,
        34
      ],
      "confidence": 69.75833333333334
    },
    {
      "numbers": [
        1,
        5,
        14,
        26,
        35,
        38
      ],
      "confidence": 69.75833333333334
    },
    {
      "numbers": [
        5,
        10,
        11,
        18,
        35,
        43
      ],
      "confidence": 69.75833333333334
    },
    {
      "numbers": [
        5,
        13,
        20,
        22,
        27,
        38
      ],
      "confidence": 69.3
    },
    {
      "numbers": [
        5,
        22,
        27,
        31,
        38,
        43
      ],
      "confidence": 69.3
    },
    {
      "numbers": [
        10,
        14,
        18,
        21,
        26,
        43
      ],
      "confidence": 69.3
    },
    {
      "numbers": [
        1,
        14,
        23,
        26,
        27,
        38
      ],
      "confidence": 69.3
    },
    {
      "numbers": [
        13,
        14,
        17,
        20,
        26,
        31
      ],
      "confidence": 69.26666666666668
    },
    {
      "numbers": [
        11,
        18,
        22,
        24,
        26,
        43
      ],
      "confidence": 69.26666666666668
    },
    {
      "numbers": [
        1,
        17,
        20,
        23,
        24,
        26
      ],
      "confidence": 69.26666666666668
    },
    {
      "numbers": [
        14,
        17,
        20,
        22,
        26,
        43
      ],
      "confidence": 69.26666666666668
    },
    {
      "numbers": [
        5,
        22,
        23,
        31,
        38,
        43
      ],
      "confidence": 69.09166666666667
    },
    {
      "numbers": [
        5,
        13,
        14,
        21,
        23,
        38
      ],
      "confidence": 69.09166666666667
    },
    {
      "numbers": [
        5,
        13,
        18,
        20,
        21,
        35
      ],
      "confidence": 69.09166666666667
    },
    {
      "numbers": [
        5,
        17,
        22,
        24,
        35,
        38
      ],
      "confidence": 69.09166666666667
    },
    {
      "numbers": [
        1,
        17,
        21,
        26,
        35,
        38
      ],
      "confidence": 69.09166666666667
    },
    {
      "numbers": [
        1,
        5,
        18,
        20,
        26,
        38
      ],
      "confidence": 69.09166666666667
    },
    {
      "numbers": [
        10,
        13,
        17,
        23,
        24,
        26
      ],
      "confidence": 69.05833333333334
    },
    {
      "numbers": [
        5,
        24,
        26,
        31,
        35,
        38
      ],
      "confidence": 69.05833333333334
    },
    {
      "numbers": [
        5,
        14,
        21,
        26,
        31,
        35
      ],
      "confidence": 68.88333333333333
    },
    {
      "numbers": [
        5,
        10,
        20,
        26,
        35,
        38
      ],
      "confidence": 68.88333333333333
    },
    {
      "numbers": [
        5,
        13,
        14,
        17,
        34,
        43
      ],
      "confidence": 68.88333333333333
    },
    {
      "numbers": [
        10,
        11,
        23,
        27,
        34,
        38
      ],