{
  "latest_round": 1178,
  "next_round": 1179,
  "hot_cold": {
    "hot": [
      [
        7,
        12
      ],
      [
        27,
        11
      ],
      [
        38,
        10
      ],
      [
        3,
        9
      ],
      [
        6,
        9
      ],
      [
        9,
        9
      ],
      [
        11,
        9
      ],
      [
        15,
        9
      ],
      [
        19,
        9
      ],
      [
        21,
        9
      ]
    ],
    "cold": [
      [
        23,
        3
      ],
      [
        41,
        3
      ],
      [
        1,
        4
      ],
      [
        4,
        4
      ],
      [
        18,
        4
      ],
      [
        22,
        4
      ],
      [
        40,
        4
      ],
      [
        43,
        4
      ],
      [
        10,
        5
      ],
      [
        14,
        5
      ]
    ],
    "overdue": [
      [
        10,
        3.069324090121317
      ],
      [
        41,
        2.675933970460469
      ],
      [
        2,
        1.920415224913495
      ],
      [
        22,
        1.9077458659704092
      ],
      [
        45,
        1.8829141370338247
      ],
      [
        29,
        1.503862660944206
      ]
    ]
  },
  "engine_predictions": {
    "advancedpattern": [
      5,
      6,
      11,
      27,
      43,
      44
    ],
    "gap": [
      1,
      7,
      13,
      19,
      25,
      31
    ],
    "graph": [
      11,
      12,
      13,
      14,
      34,
      45
    ],
    "lstm": [
      3,
      5,
      6,
      7,
      11,
      42
    ],
    "ml": [
      7,
      25,
      26,
      27,
      35,
      43
    ],
    "numerology": [
      17,
      22,
      23,
      24,
      25,
      31
    ],
    "pattern": [
      3,
      11,
      13,
      23,
      33,
      43
    ],
    "sequencecorrelation": [
      18,
      21,
      31,
      36,
      40,
      43
    ],
    "statistical": [
      2,
      10,
      29,
      38,
      41,
      45
    ],
    "timeseries": [
      22,
      23,
      24,
      25,
      42,
      45
    ]
  },
  "predicted_sets": [
    {
      "numbers": [
        6,
        11,
        25,
        27,
        40,
        43
      ],
      "confidence": 71.33333333333334
    },
    {
      "numbers": [
        6,
        11,
        25,
        40,
        42,
        43
      ],
      "confidence": 71.33333333333334
    },
    {
      "numbers": [
        6,
        11,
        22,
        24,
        25,
        43
      ],
      "confidence": 71.3
    },
    {
      "numbers": [
        5,
        11,
        24,
        25,
        42,
        43
      ],
      "confidence": 70.42500000000001
    },
    {
      "numbers": [
        6,
        11,
        13,
        24,
        25,
        45
      ],
      "confidence": 70.42500000000001
    },
    {
      "numbers": [
        11,
        18,
        22,
        25,
        31,
        43
      ],
      "confidence": 70.42500000000001
    },
    {
      "numbers": [
        6,
        13,
        22,
        27,
        31,
        45
      ],
      "confidence": 70.0
    },
    {
      "numbers": [
        7,
        11,
        25,
        27,
        40,
        42
      ],
      "confidence": 69.79166666666667
    },
    {
      "numbers": [
        5,
        11,
        24,
        40,
        43,
        45
      ],
      "confidence": 69.79166666666667
    },
    {
      "numbers": [
        7,
        11,
        24,
        25,
        31,
        44
      ],
      "confidence": 69.58333333333334
    },
    {
      "numbers": [
        6,
        11,
        18,
        25,
        40,
        42
      ],
      "confidence": 69.33333333333334
    },
    {
      "numbers": [
        3,
        6,
        13,
        24,
        31,
        45
      ],
      "confidence": 69.125
    },
    {
      "numbers": [
        6,
        13,
        24,
        25,
        40,
        45
      ],
      "confidence": 69.125
    },
    {
      "numbers": [
        5,
        6,
        24,
        31,
        43,
        45
      ],
      "confidence": 69.09166666666667
    },
    {
      "numbers": [
        7,
        11,
        13,
        18,
        31,
        42
      ],
      "confidence": 69.09166666666667
    },
    {
      "numbers": [
        6,
        7,
        11,
        13,
        31,
        44
      ],
      "confidence": 69.09166666666667
    },
    {
      "numbers": [
        6,
        11,
        13,
        23,
        31,
        44
      ],
      "confidence": 68.91666666666667
    },
    {
      "numbers": [
        3,
        11,
        24,
        25,
        43,
        44
      ],
      "confidence": 68.88333333333333
    },
    {
      "numbers": [
        7,
        11,
        22,
        25,
        27,
        42
      ],
      "confidence": 68.88333333333333
    },
    {
      "numbers": [
        3,
        6,
        11,
        23,
        24,
        43
      ],
      "confidence": 68.88333333333333
    },
    {
      "numbers": [
        11,
        22,
        23,
        25,
        42,
        45
      ],
      "confidence": 68.85
    },
    {
      "numbers": [
        11,
        13,
        18,
        22,
        27,
        45
      ],
      "confidence": 68.6
    },
    {
      "numbers": [
        13,
        22,
        25,
        27,
        31,
        40
      ],
      "confidence": 68.6
    },
    {
      "numbers": [
        5,
        11,
        25,
        40,
        42,
        44
      ],
      "confidence": 68.45833333333334
    },
    {
      "numbers": [
        6,
        13,
        22,
        23,
        40,
        45
      ],
      "confidence": 68.45833333333334
    },
    {
      "numbers": [
        7,
        11,
        24,
        27,
        40,
        42
      ],
      "confidence": 68.45833333333334
    },
    {
      "numbers": [
        7,
        22,
        23,
        24,
        40,
        43
      ],
      "confidence": 68.42500000000001
    },
    {
      "numbers": [
        7,
        18,
        24,
        27,
        43,
        45
      ],
      "confidence": 68.42500000000001
    },
    {
      "numbers": [
        5,
        11,
        23,
        24,
        43,
        44
      ],
      "confidence": 68.21666666666667
    },
    {
      "numbers": [
        5,
        6,
        11,
        26,
        43,
        45
      ],
      "confidence": 68.21666666666667
    },
    {
      "numbers": [
        6,
        7,
        13,
        22,
        27,
        43
      ],
      "confidence": 68.21666666666667
    },
    {
      "numbers": [
        6,
        7,
        24,
        35,
        40,
        43
      ],
      "confidence": 67.96666666666667
    },
    {
      "numbers": [
        5,
        6,
        23,
        31,
        42,
        44
      ],
      "confidence": 67.96666666666667
    },
    {
      "numbers": [
        7,
        11,
        26,
        31,
        35,
        44
      ],
      "confidence": 67.79166666666666
    },
    {
      "numbers": [
        5,
        6,
        18,
        27,
        31,
        45
      ],
      "confidence": 67.79166666666666
    },
    {
      "numbers": [
        3,
        6,
        23,
        31,
        44,
        45
      ],
      "confidence": 67.75833333333334
    },
    {
      "numbers": [
        6,
        18,
        23,
        24,
        27,
        43
      ],
      "confidence": 67.75833333333334
    },
    {
      "numbers": [
        3,
        6,
        11,
        31,
        35,
        42
      ],
      "confidence": 67.75833333333334
    },
    {
      "numbers": [
        5,
        6,
        7,
        24,
        35,
        43
      ],
      "confidence": 67.75833333333334
    },
    {
      "numbers": [
        3,
        6,
        18,
        27,
        43,
        45
      ],