{
  "latest_round": 331,
  "next_round": 332,
  "hot_cold": {
    "hot": [
      [
        17,
        14
      ],
      [
        45,
        14
      ],
      [
        18,
        11
      ],
      [
        19,
        10
      ],
      [
        32,
        10
      ],
      [
        33,
        10
      ],
      [
        1,
        9
      ],
      [
        20,
        9
      ],
      [
        38,
        9
      ],
      [
        9,
        8
      ]
    ],
    "cold": [
      [
        22,
        2
      ],
      [
        24,
        3
      ],
      [
        26,
        3
      ],
      [
        29,
        3
      ],
      [
        40,
        3
      ],
      [
        43,
        4
      ],
      [
        44,
        4
      ],
      [
        11,
        5
      ],
      [
        14,
        5
      ],
      [
        23,
        5
      ]
    ],
    "overdue": [
      [
        40,
        5.333333333333333
      ],
      [
        37,
        4.195439739413681
      ],
      [
        24,
        2.6143790849673203
      ],
      [
        27,
        2.1565495207667733
      ],
      [
        11,
        1.9171974522292994
      ],
      [
        5,
        1.7777777777777777
      ],
      [
        8,
        1.504823151125402
      ]
    ]
  },
  "engine_predictions": {
    "advancedpattern": [
      4,
      9,
      14,
      26,
      31,
      44
    ],
    "gap": [
      1,
      7,
      13,
      19,
      25,
      31
    ],
    "graph": [
      4,
      17,
      19,
      34,
      36,
      45
    ],
    "lstm": [
      4,
      9,
      16,
      17,
      32,
      44
    ],
    "ml": [
      4,
      9,
      14,
      26,
      31,
      44
    ],
    "numerology": [
      17,
      22,
      23,
      24,
      25,
      31
    ],
    "pattern": [
      5,
      15,
      25,
      31,
      35,
      45
    ],
    "sequencecorrelation": [
      4,
      7,
      19,
      21,
      24,
      37
    ],
    "statistical": [
      5,
      11,
      24,
      27,
      37,
      40
    ],
    "timeseries": [
      5,
      22,
      27,
      32,
      36,
      43
    ]
  },
  "predicted_sets": [
    {
      "numbers": [
        4,
        9,
        17,
        25,
        31,
        44
      ],
      "confidence": 73.79166666666666
    },
    {
      "numbers": [
        4,
        19,
        22,
        31,
        37,
        44
      ],
      "confidence": 72.45833333333334
    },
    {
      "numbers": [
        4,
        9,
        25,
        26,
        31,
        44
      ],
      "confidence": 72.42500000000001
    },
    {
      "numbers": [
        7,
        19,
        25,
        31,
        36,
        44
      ],
      "confidence": 72.0
    },
    {
      "numbers": [
        5,
        19,
        24,
        27,
        31,
        44
      ],
      "confidence": 71.79166666666666
    },
    {
      "numbers": [
        4,
        14,
        19,
        25,
        31,
        45
      ],
      "confidence": 71.58333333333334
    },
    {
      "numbers": [
        4,
        9,
        24,
        31,
        44,
        45
      ],
      "confidence": 71.55
    },
    {
      "numbers": [
        5,
        9,
        27,
        31,
        36,
        44
      ],
      "confidence": 71.3
    },
    {
      "numbers": [
        4,
        9,
        22,
        31,
        36,
        37
      ],
      "confidence": 71.26666666666667
    },
    {
      "numbers": [
        4,
        9,
        24,
        31,
        32,
        36
      ],
      "confidence": 71.05833333333334
    },
    {
      "numbers": [
        4,
        17,
        21,
        31,
        44,
        45
      ],
      "confidence": 70.91666666666666
    },
    {
      "numbers": [
        4,
        5,
        19,
        25,
        36,
        44
      ],
      "confidence": 70.91666666666666
    },
    {
      "numbers": [
        4,
        5,
        24,
        26,
        31,
        45
      ],
      "confidence": 70.88333333333333
    },
    {
      "numbers": [
        9,
        14,
        25,
        31,
        32,
        36
      ],
      "confidence": 70.63333333333333
    },
    {
      "numbers": [
        7,
        9,
        24,
        31,
        32,
        45
      ],
      "confidence": 70.63333333333333
    },
    {
      "numbers": [
        7,
        9,
        26,
        31,
        32,
        44
      ],
      "confidence": 70.63333333333333
    },
    {
      "numbers": [
        4,
        5,
        14,
        24,
        27,
        31
      ],
      "confidence": 70.58806803537999
    },
    {
      "numbers": [
        4,
        5,
        19,
        21,
        36,
        44
      ],
      "confidence": 70.45833333333334
    },
    {
      "numbers": [
        9,
        19,
        22,
        31,
        36,
        45
      ],
      "confidence": 70.45833333333334
    },
    {
      "numbers": [
        9,
        25,
        27,
        31,
        36,
        44
      ],
      "confidence": 70.42920600114032
    },
    {
      "numbers": [
        14,
        17,
        25,
        31,
        32,
        44
      ],
      "confidence": 70.42500000000001
    },
    {
      "numbers": [
        4,
        9,
        19,
        26,
        37,
        44
      ],
      "confidence": 70.25
    },
    {
      "numbers": [
        4,
        19,
        25,
        26,
        36,
        44
      ],
      "confidence": 70.25
    },
    {
      "numbers": [
        9,
        14,
        24,
        31,
        32,
        44
      ],
      "confidence": 70.25
    },
    {
      "numbers": [
        4,
        9,
        21,
        31,
        32,
        44
      ],
      "confidence": 70.21666666666667
    },
    {
      "numbers": [
        4,
        7,
        27,
        31,
        44,
        45
      ],
      "confidence": 70.21666666666667
    },
    {
      "numbers": [
        4,
        9,
        17,
        19,
        26,
        44
      ],
      "confidence": 70.21666666666667
    },
    {
      "numbers": [
        4,
        14,
        19,
        21,
        25,
        31
      ],
      "confidence": 70.21666666666667
    },
    {
      "numbers": [
        5,
        9,
        26,
        31,
        32,
        37
      ],
      "confidence": 69.93333333333334
    },
    {
      "numbers": [
        5,
        14,
        19,
        31,
        32,
        36
      ],
      "confidence": 69.93333333333334
    },
    {
      "numbers": [
        4,
        7,
        9,
        17,
        32,
        45
      ],
      "confidence": 69.75833333333334
    },
    {
      "numbers": [
        4,
        7,
        9,
        19,
        22,
        45
      ],
      "confidence": 69.75833333333334
    },
    {
      "numbers": [
        7,
        19,
        24,
        31,
        32,
        37
      ],
      "confidence": 69.75833333333334
    },
    {
      "numbers": [
        7,
        14,
        24,
        25,
        26,
        31
      ],
      "confidence": 69.75833333333334
    },
    {
      "numbers": [
        4,
        7,
        9,
        31,
        36,
        37
      ],
      "confidence": 69.69166666666666
    },
    {
      "numbers": [
        4,
        7,
        9,
        26,
        27,
        31
      ],
      "confidence": 69.59640136871333
    },
    {
      "numbers": [
        4,
        5,
        19,
        22,
        34,
        44
      ],
      "confidence": 69.58333333333334
    },
    {
      "numbers": [
        4,
        5,
        17,
        26,
        27,
        44
      ],
      "confidence": 69.55
    },
    {
      "numbers": [
        5,
        9,
        19,
        31,
        34,
        44
      ],
      "confidence": 69.55
    },
    {
      "numbers": [
        4,
        9,
        17,
        24,
        26,
        37
      ],