{
  "latest_round": 581,
  "next_round": 582,
  "hot_cold": {
    "hot": [
      [
        20,
        13
      ],
      [
        26,
        12
      ],
      [
        34,
        12
      ],
      [
        17,
        11
      ],
      [
        32,
        11
      ],
      [
        5,
        9
      ],
      [
        12,
        9
      ],
      [
        31,
        9
      ],
      [
        43,
        9
      ],
      [
        44,
        9
      ]
    ],
    "cold": [
      [
        9,
        2
      ],
      [
        2,
        3
      ],
      [
        30,
        3
      ],
      [
        38,
        3
      ],
      [
        39,
        3
      ],
      [
        8,
        4
      ],
      [
        21,
        4
      ],
      [
        22,
        4
      ],
      [
        28,
        4
      ],
      [
        33,
        4
      ]
    ],
    "overdue": [
      [
        39,
        3.7504587155963303
      ],
      [
        36,
        3.619047619047619
      ],
      [
        28,
        2.8075471698113206
      ],
      [
        40,
        2.6666666666666665
      ],
      [
        1,
        1.7513416815742398
      ],
      [
        27,
        1.7072310405643738
      ],
      [
        24,
        1.5744680851063828
      ],
      [
        26,
        1.5044247787610618
      ],
      [
        23,
        1.5
      ]
    ]
  },
  "engine_predictions": {
    "advancedpattern": [
      3,
      5,
      14,
      20,
      42,
      44
    ],
    "gap": [
      1,
      7,
      13,
      19,
      25,
      31
    ],
    "graph": [
      1,
      4,
      20,
      26,
      37,
      40
    ],
    "lstm": [
      5,
      14,
      20,
      34,
      37,
      42
    ],
    "ml": [
      5,
      18,
      20,
      29,
      32,
      42
    ],
    "numerology": [
      13,
      17,
      22,
      23,
      25,
      31
    ],
    "pattern": [
      5,
      13,
      15,
      25,
      35,
      45
    ],
    "sequencecorrelation": [
      5,
      14,
      20,
      27,
      35,
      40
    ],
    "statistical": [
      1,
      26,
      27,
      28,
      36,
      40
    ],
    "timeseries": [
      1,
      2,
      28,
      33,
      43,
      45
    ]
  },
  "predicted_sets": [
    {
      "numbers": [
        5,
        14,
        20,
        27,
        40,
        42
      ],
      "confidence": 73.125
    },
    {
      "numbers": [
        5,
        20,
        28,
        31,
        37,
        42
      ],
      "confidence": 72.66666666666666
    },
    {
      "numbers": [
        1,
        13,
        20,
        25,
        27,
        42
      ],
      "confidence": 72.63333333333333
    },
    {
      "numbers": [
        1,
        5,
        14,
        20,
        40,
        45
      ],
      "confidence": 72.21666666666667
    },
    {
      "numbers": [
        1,
        14,
        20,
        26,
        42,
        45
      ],
      "confidence": 71.96666666666667
    },
    {
      "numbers": [
        5,
        13,
        20,
        25,
        31,
        44
      ],
      "confidence": 71.79166666666666
    },
    {
      "numbers": [
        1,
        14,
        20,
        25,
        37,
        45
      ],
      "confidence": 71.79166666666666
    },
    {
      "numbers": [
        5,
        14,
        20,
        31,
        35,
        42
      ],
      "confidence": 71.75833333333334
    },
    {
      "numbers": [
        1,
        5,
        20,
        31,
        34,
        42
      ],
      "confidence": 71.75833333333334
    },
    {
      "numbers": [
        5,
        14,
        20,
        28,
        37,
        40
      ],
      "confidence": 71.75833333333334
    },
    {
      "numbers": [
        1,
        13,
        20,
        28,
        35,
        44
      ],
      "confidence": 71.33333333333334
    },
    {
      "numbers": [
        5,
        14,
        20,
        26,
        27,
        43
      ],
      "confidence": 71.3
    },
    {
      "numbers": [
        1,
        17,
        20,
        26,
        40,
        42
      ],
      "confidence": 71.125
    },
    {
      "numbers": [
        5,
        13,
        14,
        28,
        35,
        42
      ],
      "confidence": 71.125
    },
    {
      "numbers": [
        1,
        5,
        26,
        31,
        40,
        42
      ],
      "confidence": 71.09166666666667
    },
    {
      "numbers": [
        5,
        14,
        20,
        27,
        28,
        35
      ],
      "confidence": 71.09166666666667
    },
    {
      "numbers": [
        5,
        20,
        25,
        27,
        42,
        43
      ],
      "confidence": 71.09166666666667
    },
    {
      "numbers": [
        5,
        14,
        20,
        27,
        40,
        44
      ],
      "confidence": 70.91666666666666
    },
    {
      "numbers": [
        5,
        13,
        25,
        40,
        42,
        45
      ],
      "confidence": 70.46908104252523
    },
    {
      "numbers": [
        5,
        13,
        20,
        28,
        34,
        44
      ],
      "confidence": 70.45833333333334
    },
    {
      "numbers": [
        1,
        5,
        25,
        26,
        27,
        42
      ],
      "confidence": 70.39166666666667
    },
    {
      "numbers": [
        5,
        14,
        20,
        27,
        34,
        45
      ],
      "confidence": 70.25
    },
    {
      "numbers": [
        5,
        17,
        20,
        35,
        40,
        42
      ],
      "confidence": 70.21666666666667
    },
    {
      "numbers": [
        1,
        14,
        17,
        20,
        26,
        43
      ],
      "confidence": 69.96666666666667
    },
    {
      "numbers": [
        1,
        14,
        17,
        25,
        28,
        40
      ],
      "confidence": 69.96666666666667
    },
    {
      "numbers": [
        1,
        3,
        20,
        34,
        42,
        45
      ],
      "confidence": 69.96666666666667
    },
    {
      "numbers": [
        1,
        3,
        20,
        26,
        31,
        45
      ],
      "confidence": 69.79166666666667
    },
    {
      "numbers": [
        5,
        14,
        25,
        28,
        31,
        43
      ],
      "confidence": 69.79166666666667
    },
    {
      "numbers": [
        1,
        20,
        25,
        31,
        34,
        43
      ],
      "confidence": 69.79166666666667
    },
    {
      "numbers": [
        1,
        17,
        20,
        26,
        27,
        42
      ],
      "confidence": 69.75833333333334
    },
    {
      "numbers": [
        5,
        14,
        26,
        27,
        37,
        40
      ],
      "confidence": 69.75833333333334
    },
    {
      "numbers": [
        1,
        5,
        14,
        17,
        28,
        45
      ],
      "confidence": 69.75833333333334
    },
    {
      "numbers": [
        3,
        5,
        20,
        26,
        42,
        43
      ],
      "confidence": 69.75833333333334
    },
    {
      "numbers": [
        5,
        14,
        20,
        42,
        43,
        44
      ],
      "confidence": 69.725
    },
    {
      "numbers": [
        1,
        5,
        25,
        34,
        37,
        40
      ],
      "confidence": 69.725
    },
    {
      "numbers": [
        3,
        5,
        20,
        28,
        35,
        45
      ],
      "confidence": 69.58333333333334
    },
    {
      "numbers": [
        5,
        14,
        25,
        31,
        40,
        44
      ],
      "confidence": 69.58333333333334
    },
    {
      "numbers": [
        5,
        14,
        20,
        26,
        44,
        45
      ],
      "confidence": 69.55
    },
    {
      "numbers": [
        5,
        14,
        20,
        27,
        34,
        35
      ],