{
  "latest_round": 1095,
  "next_round": 1096,
  "hot_cold": {
    "hot": [
      [
        45,
        12
      ],
      [
        6,
        11
      ],
      [
        22,
        11
      ],
      [
        30,
        11
      ],
      [
        35,
        11
      ],
      [
        7,
        10
      ],
      [
        18,
        10
      ],
      [
        32,
        10
      ],
      [
        21,
        9
      ],
      [
        23,
        9
      ]
    ],
    "cold": [
      [
        2,
        2
      ],
      [
        5,
        2
      ],
      [
        15,
        2
      ],
      [
        39,
        2
      ],
      [
        9,
        3
      ],
      [
        41,
        3
      ],
      [
        25,
        4
      ],
      [
        42,
        4
      ],
      [
        1,
        5
      ],
      [
        8,
        5
      ]
    ],
    "overdue": [
      [
        5,
        5.802912621359223
      ],
      [
        2,
        3.180451127819549
      ],
      [
        41,
        2.6127221702525727
      ],
      [
        1,
        1.9626168224299065
      ],
      [
        3,
        1.6404494382022472
      ],
      [
        32,
        1.5407407407407407
      ]
    ]
  },
  "engine_predictions": {
    "advancedpattern": [
      8,
      14,
      28,
      29,
      34,
      40
    ],
    "gap": [
      1,
      7,
      13,
      19,
      25,
      31
    ],
    "graph": [
      10,
      18,
      21,
      34,
      40,
      45
    ],
    "lstm": [
      7,
      18,
      22,
      26,
      30,
      40
    ],
    "ml": [
      10,
      20,
      26,
      32,
      34,
      40
    ],
    "numerology": [
      17,
      22,
      23,
      24,
      25,
      31
    ],
    "pattern": [
      3,
      11,
      13,
      23,
      33,
      43
    ],
    "sequencecorrelation": [
      4,
      19,
      22,
      24,
      33,
      36
    ],
    "statistical": [
      1,
      2,
      3,
      5,
      32,
      41
    ],
    "timeseries": [
      1,
      2,
      9,
      11,
      21,
      44
    ]
  },
  "predicted_sets": [
    {
      "numbers": [
        1,
        18,
        22,
        29,
        34,
        40
      ],
      "confidence": 69.96666666666667
    },
    {
      "numbers": [
        1,
        13,
        25,
        26,
        34,
        40
      ],
      "confidence": 69.96666666666667
    },
    {
      "numbers": [
        1,
        7,
        22,
        33,
        34,
        40
      ],
      "confidence": 69.93333333333334
    },
    {
      "numbers": [
        1,
        13,
        22,
        32,
        34,
        40
      ],
      "confidence": 69.75833333333334
    },
    {
      "numbers": [
        1,
        14,
        22,
        26,
        33,
        40
      ],
      "confidence": 69.3
    },
    {
      "numbers": [
        7,
        8,
        13,
        22,
        34,
        40
      ],
      "confidence": 69.3
    },
    {
      "numbers": [
        1,
        13,
        18,
        22,
        29,
        40
      ],
      "confidence": 69.3
    },
    {
      "numbers": [
        11,
        13,
        22,
        25,
        34,
        40
      ],
      "confidence": 69.26666666666668
    },
    {
      "numbers": [
        1,
        21,
        22,
        26,
        34,
        40
      ],
      "confidence": 69.05833333333334
    },
    {
      "numbers": [
        7,
        22,
        23,
        29,
        34,
        40
      ],
      "confidence": 68.6
    },
    {
      "numbers": [
        7,
        11,
        21,
        32,
        34,
        40
      ],
      "confidence": 68.42500000000001
    },
    {
      "numbers": [
        1,
        18,
        21,
        22,
        33,
        34
      ],
      "confidence": 68.42500000000001
    },
    {
      "numbers": [
        2,
        11,
        22,
        24,
        33,
        40
      ],
      "confidence": 68.42500000000001
    },
    {
      "numbers": [
        1,
        13,
        18,
        23,
        32,
        40
      ],
      "confidence": 68.42500000000001
    },
    {
      "numbers": [
        1,
        24,
        25,
        26,
        34,
        40
      ],
      "confidence": 68.39166666666668
    },
    {
      "numbers": [
        1,
        7,
        11,
        22,
        25,
        40
      ],
      "confidence": 68.31961149173233
    },
    {
      "numbers": [
        1,
        11,
        13,
        22,
        23,
        40
      ],
      "confidence": 68.21666666666667
    },
    {
      "numbers": [
        7,
        11,
        13,
        14,
        26,
        40
      ],
      "confidence": 67.96666666666667
    },
    {
      "numbers": [
        7,
        14,
        18,
        21,
        32,
        40
      ],
      "confidence": 67.96666666666667
    },
    {
      "numbers": [
        11,
        14,
        22,
        23,
        25,
        40
      ],
      "confidence": 67.93333333333334
    },
    {
      "numbers": [
        8,
        21,
        22,
        25,
        33,
        40
      ],
      "confidence": 67.93333333333334
    },
    {
      "numbers": [
        1,
        7,
        22,
        26,
        29,
        34
      ],
      "confidence": 67.93333333333334
    },
    {
      "numbers": [
        1,
        22,
        25,
        28,
        33,
        34
      ],
      "confidence": 67.93333333333334
    },
    {
      "numbers": [
        8,
        11,
        22,
        23,
        33,
        40
      ],
      "confidence": 67.75833333333334
    },
    {
      "numbers": [
        7,
        13,
        21,
        23,
        24,
        40
      ],
      "confidence": 67.75833333333334
    },
    {
      "numbers": [
        2,
        14,
        23,
        25,
        34,
        40
      ],
      "confidence": 67.75833333333334
    },
    {
      "numbers": [
        2,
        7,
        14,
        23,
        34,
        40
      ],
      "confidence": 67.75833333333334
    },
    {
      "numbers": [
        2,
        13,
        21,
        22,
        28,
        40
      ],
      "confidence": 67.75833333333334
    },
    {
      "numbers": [
        7,
        18,
        21,
        22,
        32,
        34
      ],
      "confidence": 67.75833333333334
    },
    {
      "numbers": [
        2,
        7,
        22,
        25,
        33,
        40
      ],
      "confidence": 67.725
    },
    {
      "numbers": [
        1,
        22,
        26,
        29,
        32,
        40
      ],
      "confidence": 67.725
    },
    {
      "numbers": [
        11,
        24,
        25,
        33,
        34,
        40
      ],
      "confidence": 67.725
    },
    {
      "numbers": [
        1,
        24,
        29,
        33,
        34,
        40
      ],
      "confidence": 67.725
    },
    {
      "numbers": [
        1,
        8,
        23,
        33,
        34,
        40
      ],
      "confidence": 67.725
    },
    {
      "numbers": [
        7,
        21,
        24,
        25,
        29,
        40
      ],
      "confidence": 67.26666666666667
    },
    {
      "numbers": [
        2,
        7,
        8,
        26,
        33,
        40
      ],
      "confidence": 67.26666666666667
    },
    {
      "numbers": [
        22,
        23,
        24,
        26,
        29,
        40
      ],
      "confidence": 67.23333333333333
    },
    {
      "numbers": [
        8,
        13,
        22,
        26,
        33,
        34
      ],
      "confidence": 67.09166666666667
    },
    {
      "numbers": [
        2,
        11,
        22,
        28,
        33,
        34
      ],
      "confidence": 67.09166666666667
    },
    {
      "numbers": [
        7,
        8,
        13,
        18,
        26,
        40
      ],