{
  "latest_round": 456,
  "next_round": 457,
  "hot_cold": {
    "hot": [
      [
        20,
        12
      ],
      [
        30,
        12
      ],
      [
        34,
        12
      ],
      [
        11,
        10
      ],
      [
        26,
        10
      ],
      [
        40,
        10
      ],
      [
        22,
        9
      ],
      [
        27,
        9
      ],
      [
        38,
        9
      ],
      [
        6,
        8
      ]
    ],
    "cold": [
      [
        36,
        2
      ],
      [
        5,
        3
      ],
      [
        32,
        3
      ],
      [
        42,
        3
      ],
      [
        25,
        4
      ],
      [
        2,
        5
      ],
      [
        16,
        5
      ],
      [
        17,
        5
      ],
      [
        21,
        5
      ],
      [
        24,
        5
      ]
    ],
    "overdue": [
      [
        5,
        3.7463414634146344
      ],
      [
        37,
        2.7168949771689497
      ],
      [
        16,
        2.4953917050691246
      ],
      [
        36,
        2.004618937644342
      ],
      [
        22,
        1.911007025761124
      ],
      [
        28,
        1.8478260869565217
      ],
      [
        29,
        1.746031746031746
      ],
      [
        44,
        1.6812933025404158
      ],
      [
        45,
        1.676674364896074
      ],
      [
        39,
        1.5102974828375286
      ]
    ]
  },
  "engine_predictions": {
    "advancedpattern": [
      1,
      7,
      12,
      18,
      23,
      27
    ],
    "gap": [
      1,
      7,
      13,
      19,
      25,
      31
    ],
    "graph": [
      5,
      17,
      20,
      24,
      37,
      45
    ],
    "lstm": [
      7,
      12,
      20,
      27,
      30,
      38
    ],
    "ml": [
      5,
      6,
      18,
      20,
      27,
      41
    ],
    "numerology": [
      17,
      22,
      23,
      24,
      25,
      31
    ],
    "pattern": [
      5,
      11,
      15,
      25,
      35,
      45
    ],
    "sequencecorrelation": [
      1,
      3,
      6,
      17,
      31,
      40
    ],
    "statistical": [
      16,
      22,
      28,
      29,
      37,
      45
    ],
    "timeseries": [
      3,
      10,
      16,
      29,
      36,
      45
    ]
  },
  "predicted_sets": [
    {
      "numbers": [
        3,
        6,
        20,
        22,
        31,
        45
      ],
      "confidence": 70.66666666666667
    },
    {
      "numbers": [
        1,
        7,
        16,
        20,
        24,
        45
      ],
      "confidence": 70.63333333333333
    },
    {
      "numbers": [
        1,
        12,
        18,
        27,
        31,
        45
      ],
      "confidence": 70.45833333333334
    },
    {
      "numbers": [
        7,
        18,
        22,
        27,
        31,
        45
      ],
      "confidence": 70.45833333333334
    },
    {
      "numbers": [
        1,
        20,
        27,
        31,
        36,
        45
      ],
      "confidence": 70.45833333333334
    },
    {
      "numbers": [
        1,
        20,
        24,
        25,
        27,
        45
      ],
      "confidence": 70.42500000000001
    },
    {
      "numbers": [
        17,
        20,
        22,
        27,
        31,
        45
      ],
      "confidence": 70.42500000000001
    },
    {
      "numbers": [
        3,
        12,
        20,
        24,
        27,
        45
      ],
      "confidence": 69.96666666666667
    },
    {
      "numbers": [
        1,
        12,
        24,
        29,
        31,
        45
      ],
      "confidence": 69.79166666666667
    },
    {
      "numbers": [
        3,
        18,
        24,
        25,
        31,
        45
      ],
      "confidence": 69.79166666666667
    },
    {
      "numbers": [
        5,
        17,
        20,
        22,
        36,
        45
      ],
      "confidence": 69.79166666666667
    },
    {
      "numbers": [
        1,
        17,
        22,
        24,
        25,
        45
      ],
      "confidence": 69.75833333333334
    },
    {
      "numbers": [
        1,
        5,
        18,
        22,
        27,
        45
      ],
      "confidence": 69.75833333333334
    },
    {
      "numbers": [
        1,
        5,
        17,
        18,
        24,
        45
      ],
      "confidence": 69.75833333333334
    },
    {
      "numbers": [
        5,
        17,
        20,
        22,
        29,
        45
      ],
      "confidence": 69.75833333333334
    },
    {
      "numbers": [
        1,
        7,
        17,
        18,
        20,
        45
      ],
      "confidence": 69.725
    },
    {
      "numbers": [
        6,
        7,
        20,
        27,
        37,
        45
      ],
      "confidence": 69.58333333333334
    },
    {
      "numbers": [
        1,
        12,
        24,
        25,
        31,
        45
      ],
      "confidence": 69.58333333333334
    },
    {
      "numbers": [
        6,
        23,
        24,
        29,
        31,
        45
      ],
      "confidence": 69.3
    },
    {
      "numbers": [
        3,
        17,
        22,
        24,
        25,
        31
      ],
      "confidence": 69.3
    },
    {
      "numbers": [
        1,
        6,
        12,
        18,
        24,
        45
      ],
      "confidence": 69.3
    },
    {
      "numbers": [
        18,
        20,
        23,
        24,
        27,
        45
      ],
      "confidence": 69.26666666666668
    },
    {
      "numbers": [
        6,
        12,
        20,
        27,
        36,
        45
      ],
      "confidence": 69.125
    },
    {
      "numbers": [
        3,
        20,
        23,
        27,
        36,
        45
      ],
      "confidence": 69.125
    },
    {
      "numbers": [
        7,
        18,
        20,
        23,
        27,
        31
      ],
      "confidence": 69.09166666666667
    },
    {
      "numbers": [
        5,
        16,
        17,
        18,
        23,
        45
      ],
      "confidence": 69.09166666666667
    },
    {
      "numbers": [
        1,
        7,
        12,
        16,
        37,
        45
      ],
      "confidence": 69.09166666666667
    },
    {
      "numbers": [
        7,
        18,
        24,
        27,
        37,
        45
      ],
      "confidence": 68.91666666666667
    },
    {
      "numbers": [
        7,
        17,
        18,
        24,
        37,
        45
      ],
      "confidence": 68.91666666666667
    },
    {
      "numbers": [
        1,
        22,
        23,
        36,
        37,
        45
      ],
      "confidence": 68.63333333333333
    },
    {
      "numbers": [
        12,
        20,
        23,
        29,
        36,
        45
      ],
      "confidence": 68.63333333333333
    },
    {
      "numbers": [
        7,
        20,
        24,
        25,
        29,
        36
      ],
      "confidence": 68.63333333333333
    },
    {
      "numbers": [
        3,
        6,
        12,
        24,
        29,
        45
      ],
      "confidence": 68.63333333333333
    },
    {
      "numbers": [
        3,
        18,
        20,
        23,
        29,
        45
      ],
      "confidence": 68.42500000000001
    },
    {
      "numbers": [
        7,
        12,
        17,
        23,
        24,
        31
      ],
      "confidence": 68.42500000000001
    },
    {
      "numbers": [
        6,
        18,
        23,
        24,
        25,
        45
      ],
      "confidence": 68.42500000000001
    },
    {
      "numbers": [
        6,
        17,
        20,
        22,
        25,
        37
      ],
      "confidence": 68.42500000000001
    },
    {
      "numbers": [
        5,
        6,
        18,
        20,
        27,
        37
      ],