{
  "latest_round": 113,
  "next_round": 114,
  "hot_cold": {
    "hot": [
      [
        17,
        11
      ],
      [
        24,
        11
      ],
      [
        1,
        10
      ],
      [
        3,
        10
      ],
      [
        29,
        10
      ],
      [
        33,
        10
      ],
      [
        36,
        10
      ],
      [
        5,
        9
      ],
      [
        15,
        9
      ],
      [
        22,
        9
      ]
    ],
    "cold": [
      [
        11,
        3
      ],
      [
        13,
        3
      ],
      [
        19,
        3
      ],
      [
        21,
        3
      ],
      [
        28,
        3
      ],
      [
        38,
        3
      ],
      [
        39,
        3
      ],
      [
        9,
        4
      ],
      [
        37,
        4
      ],
      [
        8,
        5
      ]
    ],
    "overdue": [
      [
        25,
        7.1923076923076925
      ],
      [
        2,
        5.1265822784810124
      ],
      [
        39,
        4.5
      ],
      [
        19,
        3.75
      ],
      [
        13,
        3.373493975903614
      ],
      [
        38,
        3.0
      ],
      [
        37,
        2.4949494949494953
      ],
      [
        3,
        2.372093023255814
      ],
      [
        16,
        2.210526315789474
      ],
      [
        21,
        1.9893617021276597
      ]
    ]
  },
  "engine_predictions": {
    "advancedpattern": [
      4,
      9,
      29,
      33,
      36,
      41
    ],
    "gap": [
      1,
      7,
      13,
      19,
      25,
      31
    ],
    "graph": [
      7,
      17,
      33,
      36,
      37,
      40
    ],
    "lstm": [
      4,
      7,
      29,
      33,
      36,
      42
    ],
    "ml": [
      3,
      9,
      28,
      36,
      42,
      45
    ],
    "numerology": [
      17,
      23,
      24,
      25,
      26,
      31
    ],
    "pattern": [
      3,
      13,
      23,
      33,
      37,
      43
    ],
    "sequencecorrelation": [
      9,
      25,
      26,
      37,
      42,
      44
    ],
    "statistical": [
      3,
      16,
      17,
      35,
      37,
      38
    ],
    "timeseries": [
      6,
      8,
      17,
      21,
      37,
      44
    ]
  },
  "predicted_sets": [
    {
      "numbers": [
        9,
        17,
        25,
        33,
        36,
        42
      ],
      "confidence": 74.0
    },
    {
      "numbers": [
        4,
        9,
        17,
        25,
        33,
        36
      ],
      "confidence": 72.63333333333333
    },
    {
      "numbers": [
        3,
        17,
        29,
        33,
        36,
        42
      ],
      "confidence": 72.45833333333334
    },
    {
      "numbers": [
        9,
        17,
        29,
        33,
        36,
        42
      ],
      "confidence": 72.45833333333334
    },
    {
      "numbers": [
        3,
        7,
        17,
        25,
        36,
        44
      ],
      "confidence": 71.79166666666666
    },
    {
      "numbers": [
        3,
        7,
        25,
        36,
        37,
        44
      ],
      "confidence": 71.75833333333334
    },
    {
      "numbers": [
        4,
        9,
        17,
        28,
        36,
        42
      ],
      "confidence": 71.33333333333334
    },
    {
      "numbers": [
        9,
        13,
        23,
        36,
        37,
        44
      ],
      "confidence": 71.125
    },
    {
      "numbers": [
        6,
        17,
        25,
        37,
        42,
        44
      ],
      "confidence": 71.125
    },
    {
      "numbers": [
        3,
        7,
        25,
        33,
        36,
        44
      ],
      "confidence": 71.09166666666667
    },
    {
      "numbers": [
        9,
        17,
        26,
        29,
        37,
        42
      ],
      "confidence": 70.91666666666666
    },
    {
      "numbers": [
        4,
        9,
        17,
        29,
        36,
        37
      ],
      "confidence": 70.88333333333333
    },
    {
      "numbers": [
        4,
        13,
        25,
        28,
        36,
        37
      ],
      "confidence": 70.63333333333333
    },
    {
      "numbers": [
        4,
        9,
        23,
        31,
        36,
        37
      ],
      "confidence": 70.6
    },
    {
      "numbers": [
        7,
        13,
        17,
        28,
        36,
        42
      ],
      "confidence": 70.45833333333334
    },
    {
      "numbers": [
        3,
        4,
        17,
        26,
        37,
        45
      ],
      "confidence": 70.45833333333334
    },
    {
      "numbers": [
        3,
        7,
        17,
        35,
        36,
        42
      ],
      "confidence": 70.42500000000001
    },
    {
      "numbers": [
        3,
        9,
        25,
        29,
        36,
        42
      ],
      "confidence": 70.42500000000001
    },
    {
      "numbers": [
        7,
        9,
        23,
        26,
        37,
        42
      ],
      "confidence": 70.42500000000001
    },
    {
      "numbers": [
        6,
        17,
        23,
        36,
        37,
        44
      ],
      "confidence": 70.25
    },
    {
      "numbers": [
        7,
        9,
        17,
        28,
        37,
        44
      ],
      "confidence": 70.25
    },
    {
      "numbers": [
        4,
        7,
        17,
        31,
        36,
        37
      ],
      "confidence": 70.18333333333334
    },
    {
      "numbers": [
        3,
        4,
        9,
        28,
        36,
        42
      ],
      "confidence": 69.96666666666667
    },
    {
      "numbers": [
        3,
        17,
        26,
        28,
        37,
        45
      ],
      "confidence": 69.79166666666667
    },
    {
      "numbers": [
        3,
        13,
        28,
        31,
        37,
        42
      ],
      "confidence": 69.79166666666667
    },
    {
      "numbers": [
        4,
        7,
        13,
        28,
        36,
        37
      ],
      "confidence": 69.75833333333334
    },
    {
      "numbers": [
        4,
        9,
        25,
        29,
        36,
        42
      ],
      "confidence": 69.75833333333334
    },
    {
      "numbers": [
        4,
        13,
        23,
        29,
        36,
        37
      ],
      "confidence": 69.75833333333334
    },
    {
      "numbers": [
        3,
        7,
        35,
        36,
        37,
        44
      ],
      "confidence": 69.725
    },
    {
      "numbers": [
        4,
        17,
        28,
        36,
        42,
        45
      ],
      "confidence": 69.60512087630222
    },
    {
      "numbers": [
        9,
        17,
        26,
        28,
        35,
        42
      ],
      "confidence": 69.33333333333334
    },
    {
      "numbers": [
        4,
        9,
        25,
        28,
        31,
        37
      ],
      "confidence": 69.26666666666668
    },
    {
      "numbers": [
        4,
        26,
        31,
        33,
        35,
        37
      ],
      "confidence": 69.26666666666668
    },
    {
      "numbers": [
        9,
        23,
        28,
        35,
        36,
        37
      ],
      "confidence": 69.26666666666668
    },
    {
      "numbers": [
        7,
        17,
        28,
        31,
        42,
        44
      ],
      "confidence": 69.125
    },
    {
      "numbers": [
        3,
        4,
        13,
        26,
        37,
        45
      ],
      "confidence": 69.125
    },
    {
      "numbers": [
        4,
        9,
        28,
        37,
        42,
        44
      ],
      "confidence": 69.09166666666667
    },
    {
      "numbers": [
        6,
        7,
        23,
        29,
        37,
        42
      ],
      "confidence": 69.09166666666667
    },
    {
      "numbers": [
        13,
        17,
        23,
        35,
        36,
        42
      ],