{
  "latest_round": 604,
  "next_round": 605,
  "hot_cold": {
    "hot": [
      [
        2,
        10
      ],
      [
        5,
        10
      ],
      [
        12,
        10
      ],
      [
        14,
        10
      ],
      [
        20,
        10
      ],
      [
        25,
        9
      ],
      [
        33,
        9
      ],
      [
        34,
        9
      ],
      [
        35,
        9
      ],
      [
        38,
        9
      ]
    ],
    "cold": [
      [
        9,
        2
      ],
      [
        36,
        3
      ],
      [
        39,
        3
      ],
      [
        1,
        4
      ],
      [
        22,
        4
      ],
      [
        23,
        4
      ],
      [
        42,
        4
      ],
      [
        3,
        5
      ],
      [
        19,
        5
      ],
      [
        21,
        5
      ]
    ],
    "overdue": [
      [
        1,
        5.4132379248658316
      ],
      [
        42,
        2.9792746113989637
      ],
      [
        20,
        2.456140350877193
      ],
      [
        7,
        2.316521739130435
      ],
      [
        32,
        2.1504273504273503
      ],
      [
        15,
        2.089347079037801
      ],
      [
        39,
        1.6946826758147513
      ],
      [
        41,
        1.6512820512820514
      ],
      [
        37,
        1.5682967959527825
      ],
      [
        44,
        1.5670103092783505
      ]
    ]
  },
  "engine_predictions": {
    "advancedpattern": [
      2,
      6,
      18,
      21,
      33,
      34
    ],
    "gap": [
      1,
      7,
      13,
      19,
      25,
      31
    ],
    "graph": [
      1,
      13,
      20,
      27,
      34,
      40
    ],
    "lstm": [
      2,
      14,
      27,
      34,
      35,
      43
    ],
    "ml": [
      2,
      15,
      18,
      25,
      29,
      43
    ],
    "numerology": [
      13,
      17,
      22,
      23,
      25,
      31
    ],
    "pattern": [
      5,
      15,
      25,
      33,
      35,
      45
    ],
    "sequencecorrelation": [
      1,
      4,
      25,
      30,
      37,
      43
    ],
    "statistical": [
      7,
      15,
      20,
      32,
      41,
      42
    ],
    "timeseries": [
      12,
      24,
      28,
      35,
      39,
      41
    ]
  },
  "predicted_sets": [
    {
      "numbers": [
        1,
        2,
        18,
        25,
        34,
        43
      ],
      "confidence": 72.66666666666666
    },
    {
      "numbers": [
        1,
        15,
        18,
        25,
        34,
        43
      ],
      "confidence": 71.79166666666666
    },
    {
      "numbers": [
        2,
        13,
        18,
        25,
        37,
        41
      ],
      "confidence": 70.66666666666667
    },
    {
      "numbers": [
        1,
        15,
        18,
        20,
        25,
        34
      ],
      "confidence": 70.42500000000001
    },
    {
      "numbers": [
        13,
        18,
        20,
        25,
        34,
        43
      ],
      "confidence": 70.42500000000001
    },
    {
      "numbers": [
        1,
        18,
        25,
        33,
        34,
        35
      ],
      "confidence": 70.42500000000001
    },
    {
      "numbers": [
        1,
        13,
        18,
        20,
        25,
        43
      ],
      "confidence": 70.42500000000001
    },
    {
      "numbers": [
        2,
        13,
        15,
        25,
        33,
        34
      ],
      "confidence": 70.21666666666667
    },
    {
      "numbers": [
        2,
        6,
        15,
        27,
        34,
        43
      ],
      "confidence": 70.0
    },
    {
      "numbers": [
        7,
        18,
        20,
        25,
        33,
        34
      ],
      "confidence": 69.96666666666667
    },
    {
      "numbers": [
        1,
        2,
        15,
        21,
        34,
        43
      ],
      "confidence": 69.79166666666667
    },
    {
      "numbers": [
        2,
        6,
        18,
        25,
        34,
        35
      ],
      "confidence": 69.75833333333334
    },
    {
      "numbers": [
        1,
        6,
        15,
        25,
        27,
        34
      ],
      "confidence": 69.75833333333334
    },
    {
      "numbers": [
        2,
        15,
        18,
        20,
        31,
        43
      ],
      "confidence": 69.3
    },
    {
      "numbers": [
        1,
        2,
        13,
        34,
        35,
        37
      ],
      "confidence": 69.26666666666668
    },
    {
      "numbers": [
        2,
        13,
        27,
        33,
        34,
        41
      ],
      "confidence": 69.125
    },
    {
      "numbers": [
        5,
        20,
        25,
        34,
        37,
        43
      ],
      "confidence": 69.125
    },
    {
      "numbers": [
        5,
        18,
        20,
        25,
        31,
        43
      ],
      "confidence": 69.125
    },
    {
      "numbers": [
        2,
        15,
        18,
        31,
        35,
        43
      ],
      "confidence": 69.09166666666667
    },
    {
      "numbers": [
        1,
        2,
        13,
        20,
        35,
        41
      ],
      "confidence": 69.09166666666667
    },
    {
      "numbers": [
        1,
        2,
        18,
        33,
        34,
        43
      ],
      "confidence": 69.09166666666667
    },
    {
      "numbers": [
        2,
        7,
        25,
        34,
        37,
        41
      ],
      "confidence": 69.09166666666667
    },
    {
      "numbers": [
        2,
        6,
        25,
        27,
        33,
        43
      ],
      "confidence": 69.09166666666667
    },
    {
      "numbers": [
        1,
        2,
        15,
        33,
        34,
        41
      ],
      "confidence": 69.09166666666667
    },
    {
      "numbers": [
        2,
        4,
        25,
        33,
        34,
        41
      ],
      "confidence": 69.09166666666667
    },
    {
      "numbers": [
        15,
        20,
        25,
        27,
        33,
        34
      ],
      "confidence": 69.05833333333334
    },
    {
      "numbers": [
        4,
        13,
        25,
        27,
        34,
        35
      ],
      "confidence": 68.88333333333333
    },
    {
      "numbers": [
        2,
        5,
        25,
        33,
        34,
        43
      ],
      "confidence": 68.88333333333333
    },
    {
      "numbers": [
        1,
        7,
        18,
        20,
        34,
        35
      ],
      "confidence": 68.6
    },
    {
      "numbers": [
        2,
        13,
        18,
        27,
        33,
        41
      ],
      "confidence": 68.45833333333334
    },
    {
      "numbers": [
        2,
        18,
        21,
        34,
        41,
        43
      ],
      "confidence": 68.45833333333334
    },
    {
      "numbers": [
        1,
        7,
        18,
        34,
        35,
        41
      ],
      "confidence": 68.42500000000001
    },
    {
      "numbers": [
        1,
        18,
        21,
        25,
        34,
        37
      ],
      "confidence": 68.42500000000001
    },
    {
      "numbers": [
        2,
        15,
        18,
        21,
        25,
        37
      ],
      "confidence": 68.42500000000001
    },
    {
      "numbers": [
        1,
        2,
        27,
        34,
        37,
        43
      ],
      "confidence": 68.42500000000001
    },
    {
      "numbers": [
        2,
        5,
        20,
        25,
        33,
        35
      ],
      "confidence": 68.21666666666667
    },
    {
      "numbers": [
        2,
        18,
        20,
        21,
        37,
        43
      ],
      "confidence": 68.0
    },
    {
      "numbers": [
        15,
        18,
        20,
        33,
        34,
        41
      ],