{
  "latest_round": 1184,
  "next_round": 1185,
  "hot_cold": {
    "hot": [
      [
        7,
        10
      ],
      [
        27,
        10
      ],
      [
        37,
        10
      ],
      [
        3,
        9
      ],
      [
        12,
        9
      ],
      [
        15,
        9
      ],
      [
        21,
        9
      ],
      [
        38,
        9
      ],
      [
        6,
        8
      ],
      [
        8,
        8
      ]
    ],
    "cold": [
      [
        1,
        4
      ],
      [
        22,
        4
      ],
      [
        41,
        4
      ],
      [
        43,
        4
      ],
      [
        2,
        5
      ],
      [
        4,
        5
      ],
      [
        5,
        5
      ],
      [
        10,
        5
      ],
      [
        14,
        5
      ],
      [
        23,
        5
      ]
    ],
    "overdue": [
      [
        45,
        2.751951431049436
      ],
      [
        2,
        2.688581314878893
      ],
      [
        22,
        2.6231505657093126
      ],
      [
        29,
        2.255793991416309
      ],
      [
        34,
        2.1566265060240966
      ],
      [
        26,
        2.0249355116079104
      ],
      [
        38,
        1.948141745894555
      ]
    ]
  },
  "engine_predictions": {
    "advancedpattern": [
      14,
      16,
      23,
      25,
      31,
      37
    ],
    "gap": [
      1,
      7,
      13,
      19,
      25,
      31
    ],
    "graph": [
      6,
      12,
      13,
      14,
      24,
      34
    ],
    "lstm": [
      14,
      16,
      23,
      25,
      31,
      37
    ],
    "ml": [
      4,
      15,
      31,
      34,
      37,
      40
    ],
    "numerology": [
      17,
      22,
      23,
      24,
      25,
      31
    ],
    "pattern": [
      3,
      11,
      13,
      23,
      33,
      43
    ],
    "sequencecorrelation": [
      6,
      11,
      31,
      34,
      39,
      44
    ],
    "statistical": [
      26,
      29,
      34,
      38,
      39,
      45
    ],
    "timeseries": [
      3,
      6,
      7,
      42,
      43,
      45
    ]
  },
  "predicted_sets": [
    {
      "numbers": [
        6,
        14,
        25,
        31,
        37,
        43
      ],
      "confidence": 74.0
    },
    {
      "numbers": [
        16,
        23,
        25,
        31,
        34,
        37
      ],
      "confidence": 73.93333333333334
    },
    {
      "numbers": [
        3,
        13,
        16,
        25,
        31,
        34
      ],
      "confidence": 72.42500000000001
    },
    {
      "numbers": [
        6,
        14,
        16,
        25,
        31,
        34
      ],
      "confidence": 72.21666666666667
    },
    {
      "numbers": [
        6,
        7,
        13,
        24,
        31,
        45
      ],
      "confidence": 72.0
    },
    {
      "numbers": [
        3,
        6,
        14,
        25,
        31,
        38
      ],
      "confidence": 71.96666666666667
    },
    {
      "numbers": [
        3,
        6,
        25,
        31,
        34,
        38
      ],
      "confidence": 71.93333333333334
    },
    {
      "numbers": [
        6,
        13,
        23,
        34,
        37,
        45
      ],
      "confidence": 71.79166666666666
    },
    {
      "numbers": [
        7,
        14,
        16,
        23,
        31,
        37
      ],
      "confidence": 71.75833333333334
    },
    {
      "numbers": [
        7,
        23,
        24,
        31,
        34,
        45
      ],
      "confidence": 71.75833333333334
    },
    {
      "numbers": [
        6,
        7,
        25,
        31,
        34,
        44
      ],
      "confidence": 71.75833333333334
    },
    {
      "numbers": [
        6,
        13,
        24,
        31,
        34,
        39
      ],
      "confidence": 71.75833333333334
    },
    {
      "numbers": [
        6,
        16,
        25,
        31,
        37,
        45
      ],
      "confidence": 71.58333333333334
    },
    {
      "numbers": [
        14,
        16,
        25,
        31,
        34,
        45
      ],
      "confidence": 71.55
    },
    {
      "numbers": [
        6,
        13,
        29,
        31,
        37,
        44
      ],
      "confidence": 71.33333333333334
    },
    {
      "numbers": [
        13,
        14,
        23,
        31,
        37,
        40
      ],
      "confidence": 71.05833333333334
    },
    {
      "numbers": [
        6,
        14,
        25,
        31,
        44,
        45
      ],
      "confidence": 70.91666666666666
    },
    {
      "numbers": [
        14,
        16,
        24,
        25,
        31,
        34
      ],
      "confidence": 70.85
    },
    {
      "numbers": [
        7,
        24,
        25,
        31,
        38,
        43
      ],
      "confidence": 70.63333333333333
    },
    {
      "numbers": [
        3,
        6,
        7,
        25,
        31,
        38
      ],
      "confidence": 70.6
    },
    {
      "numbers": [
        6,
        14,
        16,
        25,
        37,
        43
      ],
      "confidence": 70.45833333333334
    },
    {
      "numbers": [
        3,
        16,
        23,
        25,
        34,
        39
      ],
      "confidence": 70.42500000000001
    },
    {
      "numbers": [
        3,
        14,
        16,
        25,
        34,
        37
      ],
      "confidence": 70.42500000000001
    },
    {
      "numbers": [
        11,
        16,
        23,
        25,
        34,
        45
      ],
      "confidence": 70.42500000000001
    },
    {
      "numbers": [
        7,
        14,
        16,
        31,
        38,
        43
      ],
      "confidence": 69.96666666666667
    },
    {
      "numbers": [
        3,
        7,
        16,
        23,
        34,
        45
      ],
      "confidence": 69.79166666666667
    },
    {
      "numbers": [
        6,
        11,
        13,
        23,
        24,
        37
      ],
      "confidence": 69.75833333333334
    },
    {
      "numbers": [
        3,
        7,
        14,
        16,
        31,
        37
      ],
      "confidence": 69.725
    },
    {
      "numbers": [
        7,
        14,
        23,
        24,
        34,
        45
      ],
      "confidence": 69.58333333333334
    },
    {
      "numbers": [
        3,
        14,
        29,
        31,
        34,
        39
      ],
      "confidence": 69.55
    },
    {
      "numbers": [
        13,
        14,
        25,
        37,
        39,
        40
      ],
      "confidence": 69.26666666666668
    },
    {
      "numbers": [
        11,
        13,
        25,
        34,
        39,
        40
      ],
      "confidence": 69.26666666666668
    },
    {
      "numbers": [
        6,
        24,
        29,
        31,
        37,
        45
      ],
      "confidence": 69.17044545360145
    },
    {
      "numbers": [
        6,
        13,
        29,
        34,
        37,
        44
      ],
      "confidence": 69.125
    },
    {
      "numbers": [
        7,
        16,
        23,
        34,
        37,
        38
      ],
      "confidence": 69.09166666666667
    },
    {
      "numbers": [
        6,
        7,
        11,
        31,
        40,
        45
      ],
      "confidence": 69.09166666666667
    },
    {
      "numbers": [
        13,
        14,
        16,
        23,
        39,
        45
      ],
      "confidence": 69.09166666666667
    },
    {
      "numbers": [
        6,
        13,
        23,
        37,
        38,
        39
      ],
      "confidence": 69.09166666666667
    },
    {
      "numbers": [
        3,
        11,
        14,
        24,
        25,
        37
      ],
      "confidence": 69.09166666666667
    },
    {
      "numbers": [
        11,
        13,
        24,
        31,
        37,
        38
      ],