{
  "latest_round": 454,
  "next_round": 455,
  "hot_cold": {
    "hot": [
      [
        34,
        12
      ],
      [
        20,
        11
      ],
      [
        30,
        11
      ],
      [
        11,
        10
      ],
      [
        26,
        10
      ],
      [
        40,
        10
      ],
      [
        22,
        9
      ],
      [
        27,
        9
      ],
      [
        38,
        9
      ],
      [
        6,
        8
      ]
    ],
    "cold": [
      [
        5,
        3
      ],
      [
        32,
        3
      ],
      [
        36,
        3
      ],
      [
        42,
        3
      ],
      [
        4,
        5
      ],
      [
        16,
        5
      ],
      [
        17,
        5
      ],
      [
        18,
        5
      ],
      [
        19,
        5
      ],
      [
        25,
        5
      ]
    ],
    "overdue": [
      [
        5,
        3.4341463414634146
      ],
      [
        37,
        2.3972602739726026
      ],
      [
        16,
        2.2327188940092166
      ],
      [
        36,
        1.7182448036951503
      ],
      [
        22,
        1.6721311475409835
      ],
      [
        28,
        1.6014492753623188
      ]
    ]
  },
  "engine_predictions": {
    "advancedpattern": [
      13,
      25,
      27,
      34,
      38,
      41
    ],
    "gap": [
      1,
      7,
      13,
      19,
      25,
      31
    ],
    "graph": [
      1,
      17,
      24,
      37,
      40,
      45
    ],
    "lstm": [
      12,
      13,
      20,
      30,
      34,
      38
    ],
    "ml": [
      4,
      11,
      12,
      18,
      20,
      31
    ],
    "numerology": [
      17,
      22,
      23,
      24,
      25,
      31
    ],
    "pattern": [
      5,
      11,
      15,
      25,
      35,
      45
    ],
    "sequencecorrelation": [
      1,
      11,
      20,
      21,
      31,
      45
    ],
    "statistical": [
      5,
      16,
      22,
      28,
      36,
      37
    ],
    "timeseries": [
      12,
      13,
      16,
      35,
      36,
      45
    ]
  },
  "predicted_sets": [
    {
      "numbers": [
        1,
        13,
        20,
        25,
        38,
        45
      ],
      "confidence": 72.45833333333334
    },
    {
      "numbers": [
        1,
        12,
        13,
        20,
        34,
        45
      ],
      "confidence": 71.96666666666667
    },
    {
      "numbers": [
        1,
        13,
        24,
        31,
        38,
        45
      ],
      "confidence": 71.79166666666666
    },
    {
      "numbers": [
        1,
        13,
        20,
        25,
        36,
        37
      ],
      "confidence": 71.3
    },
    {
      "numbers": [
        1,
        12,
        20,
        24,
        25,
        45
      ],
      "confidence": 71.09166666666667
    },
    {
      "numbers": [
        5,
        13,
        20,
        31,
        36,
        45
      ],
      "confidence": 71.09166666666667
    },
    {
      "numbers": [
        11,
        13,
        20,
        24,
        25,
        31
      ],
      "confidence": 71.05833333333334
    },
    {
      "numbers": [
        11,
        17,
        20,
        25,
        38,
        45
      ],
      "confidence": 70.42500000000001
    },
    {
      "numbers": [
        16,
        17,
        25,
        31,
        34,
        45
      ],
      "confidence": 70.42500000000001
    },
    {
      "numbers": [
        13,
        16,
        20,
        25,
        31,
        41
      ],
      "confidence": 70.42500000000001
    },
    {
      "numbers": [
        1,
        11,
        12,
        25,
        31,
        34
      ],
      "confidence": 70.21666666666667
    },
    {
      "numbers": [
        11,
        13,
        17,
        22,
        25,
        34
      ],
      "confidence": 69.93333333333334
    },
    {
      "numbers": [
        12,
        13,
        17,
        20,
        31,
        35
      ],
      "confidence": 69.9
    },
    {
      "numbers": [
        1,
        5,
        20,
        22,
        36,
        45
      ],
      "confidence": 69.79166666666667
    },
    {
      "numbers": [
        1,
        12,
        20,
        25,
        38,
        41
      ],
      "confidence": 69.79166666666667
    },
    {
      "numbers": [
        5,
        12,
        13,
        16,
        24,
        45
      ],
      "confidence": 69.75833333333334
    },
    {
      "numbers": [
        1,
        12,
        13,
        24,
        27,
        31
      ],
      "confidence": 69.75833333333334
    },
    {
      "numbers": [
        1,
        5,
        13,
        25,
        36,
        38
      ],
      "confidence": 69.75833333333334
    },
    {
      "numbers": [
        5,
        12,
        20,
        25,
        31,
        35
      ],
      "confidence": 69.55
    },
    {
      "numbers": [
        5,
        20,
        22,
        31,
        37,
        38
      ],
      "confidence": 69.3
    },
    {
      "numbers": [
        1,
        13,
        20,
        34,
        35,
        36
      ],
      "confidence": 69.26666666666668
    },
    {
      "numbers": [
        12,
        17,
        20,
        24,
        31,
        35
      ],
      "confidence": 69.26666666666668
    },
    {
      "numbers": [
        11,
        12,
        17,
        25,
        34,
        38
      ],
      "confidence": 69.26666666666668
    },
    {
      "numbers": [
        1,
        16,
        24,
        35,
        37,
        45
      ],
      "confidence": 69.125
    },
    {
      "numbers": [
        5,
        20,
        22,
        24,
        38,
        45
      ],
      "confidence": 69.125
    },
    {
      "numbers": [
        5,
        16,
        24,
        25,
        31,
        37
      ],
      "confidence": 69.09166666666667
    },
    {
      "numbers": [
        5,
        11,
        20,
        22,
        25,
        36
      ],
      "confidence": 69.09166666666667
    },
    {
      "numbers": [
        5,
        11,
        16,
        20,
        38,
        45
      ],
      "confidence": 69.09166666666667
    },
    {
      "numbers": [
        5,
        11,
        12,
        25,
        34,
        37
      ],
      "confidence": 69.09166666666667
    },
    {
      "numbers": [
        13,
        20,
        22,
        27,
        37,
        45
      ],
      "confidence": 69.09166666666667
    },
    {
      "numbers": [
        1,
        5,
        20,
        24,
        31,
        38
      ],
      "confidence": 69.09166666666667
    },
    {
      "numbers": [
        17,
        20,
        25,
        31,
        37,
        38
      ],
      "confidence": 69.05833333333334
    },
    {
      "numbers": [
        20,
        22,
        25,
        31,
        35,
        36
      ],
      "confidence": 69.05833333333334
    },
    {
      "numbers": [
        12,
        17,
        25,
        34,
        38,
        45
      ],
      "confidence": 69.03617425816007
    },
    {
      "numbers": [
        5,
        12,
        13,
        24,
        25,
        35
      ],
      "confidence": 68.88333333333333
    },
    {
      "numbers": [
        11,
        12,
        25,
        31,
        35,
        38
      ],
      "confidence": 68.85
    },
    {
      "numbers": [
        11,
        13,
        20,
        25,
        31,
        45
      ],
      "confidence": 68.71666666666667
    },
    {
      "numbers": [
        12,
        13,
        16,
        20,
        27,
        38
      ],
      "confidence": 68.6
    },
    {
      "numbers": [
        11,
        16,
        17,
        34,
        38,
        45
      ],
      "confidence": 68.6
    },
    {
      "numbers": [
        11,
        12,
        13,
        17,
        36,
        38
      ],