{
  "latest_round": 389,
  "next_round": 390,
  "hot_cold": {
    "hot": [
      [
        29,
        13
      ],
      [
        1,
        12
      ],
      [
        5,
        11
      ],
      [
        24,
        11
      ],
      [
        14,
        10
      ],
      [
        40,
        10
      ],
      [
        8,
        9
      ],
      [
        10,
        9
      ],
      [
        16,
        9
      ],
      [
        22,
        9
      ]
    ],
    "cold": [
      [
        6,
        2
      ],
      [
        41,
        2
      ],
      [
        9,
        3
      ],
      [
        23,
        3
      ],
      [
        28,
        3
      ],
      [
        33,
        3
      ],
      [
        38,
        3
      ],
      [
        3,
        4
      ],
      [
        4,
        4
      ],
      [
        30,
        4
      ]
    ],
    "overdue": [
      [
        3,
        3.5
      ],
      [
        14,
        2.6331521739130435
      ],
      [
        30,
        2.5961538461538463
      ],
      [
        44,
        2.4805555555555556
      ],
      [
        41,
        2.2527472527472527
      ],
      [
        25,
        2.026809651474531
      ],
      [
        45,
        1.9726027397260275
      ],
      [
        13,
        1.6684491978609626
      ],
      [
        39,
        1.5459459459459461
      ]
    ]
  },
  "engine_predictions": {
    "advancedpattern": [
      7,
      16,
      18,
      20,
      23,
      26
    ],
    "gap": [
      1,
      7,
      13,
      19,
      25,
      31
    ],
    "graph": [
      1,
      3,
      4,
      19,
      20,
      37
    ],
    "lstm": [
      1,
      7,
      10,
      26,
      32,
      40
    ],
    "ml": [
      1,
      7,
      20,
      26,
      27,
      32
    ],
    "numerology": [
      17,
      22,
      23,
      24,
      25,
      31
    ],
    "pattern": [
      5,
      11,
      15,
      25,
      35,
      45
    ],
    "sequencecorrelation": [
      5,
      10,
      19,
      26,
      27,
      34
    ],
    "statistical": [
      3,
      14,
      25,
      30,
      44,
      45
    ],
    "timeseries": [
      6,
      10,
      30,
      35,
      37,
      41
    ]
  },
  "predicted_sets": [
    {
      "numbers": [
        7,
        20,
        23,
        26,
        31,
        45
      ],
      "confidence": 71.33333333333334
    },
    {
      "numbers": [
        1,
        7,
        19,
        26,
        30,
        31
      ],
      "confidence": 71.09166666666667
    },
    {
      "numbers": [
        3,
        20,
        25,
        26,
        37,
        45
      ],
      "confidence": 70.45833333333334
    },
    {
      "numbers": [
        1,
        20,
        26,
        27,
        35,
        45
      ],
      "confidence": 70.45833333333334
    },
    {
      "numbers": [
        1,
        5,
        19,
        20,
        26,
        35
      ],
      "confidence": 70.42500000000001
    },
    {
      "numbers": [
        7,
        18,
        20,
        25,
        26,
        35
      ],
      "confidence": 70.42500000000001
    },
    {
      "numbers": [
        1,
        7,
        10,
        20,
        23,
        45
      ],
      "confidence": 70.42500000000001
    },
    {
      "numbers": [
        1,
        10,
        25,
        26,
        30,
        32
      ],
      "confidence": 70.39166666666667
    },
    {
      "numbers": [
        7,
        10,
        23,
        26,
        31,
        32
      ],
      "confidence": 69.93333333333334
    },
    {
      "numbers": [
        7,
        18,
        19,
        20,
        23,
        25
      ],
      "confidence": 69.93333333333334
    },
    {
      "numbers": [
        10,
        19,
        26,
        30,
        31,
        45
      ],
      "confidence": 69.79166666666667
    },
    {
      "numbers": [
        5,
        7,
        20,
        26,
        32,
        37
      ],
      "confidence": 69.75833333333334
    },
    {
      "numbers": [
        3,
        7,
        18,
        25,
        26,
        35
      ],
      "confidence": 69.75833333333334
    },
    {
      "numbers": [
        10,
        19,
        20,
        26,
        32,
        35
      ],
      "confidence": 69.75833333333334
    },
    {
      "numbers": [
        1,
        18,
        25,
        26,
        31,
        32
      ],
      "confidence": 69.75833333333334
    },
    {
      "numbers": [
        7,
        20,
        23,
        26,
        31,
        37
      ],
      "confidence": 69.75833333333334
    },
    {
      "numbers": [
        10,
        20,
        23,
        25,
        26,
        27
      ],
      "confidence": 69.725
    },
    {
      "numbers": [
        7,
        10,
        20,
        26,
        30,
        45
      ],
      "confidence": 69.55
    },
    {
      "numbers": [
        1,
        16,
        19,
        25,
        26,
        31
      ],
      "confidence": 69.55
    },
    {
      "numbers": [
        10,
        23,
        26,
        27,
        31,
        45
      ],
      "confidence": 69.3
    },
    {
      "numbers": [
        1,
        16,
        19,
        20,
        23,
        37
      ],
      "confidence": 69.3
    },
    {
      "numbers": [
        1,
        15,
        19,
        20,
        23,
        32
      ],
      "confidence": 69.3
    },
    {
      "numbers": [
        3,
        7,
        25,
        30,
        31,
        32
      ],
      "confidence": 69.26666666666668
    },
    {
      "numbers": [
        1,
        16,
        25,
        30,
        32,
        45
      ],
      "confidence": 69.125
    },
    {
      "numbers": [
        1,
        18,
        26,
        27,
        35,
        45
      ],
      "confidence": 69.125
    },
    {
      "numbers": [
        1,
        7,
        10,
        18,
        30,
        45
      ],
      "confidence": 69.09166666666667
    },
    {
      "numbers": [
        1,
        16,
        19,
        26,
        27,
        32
      ],
      "confidence": 69.09166666666667
    },
    {
      "numbers": [
        1,
        16,
        19,
        26,
        30,
        32
      ],
      "confidence": 69.09166666666667
    },
    {
      "numbers": [
        7,
        16,
        18,
        20,
        25,
        26
      ],
      "confidence": 69.05833333333334
    },
    {
      "numbers": [
        7,
        10,
        19,
        20,
        30,
        45
      ],
      "confidence": 68.88333333333333
    },
    {
      "numbers": [
        7,
        16,
        25,
        26,
        31,
        37
      ],
      "confidence": 68.88333333333333
    },
    {
      "numbers": [
        5,
        20,
        25,
        26,
        30,
        37
      ],
      "confidence": 68.88333333333333
    },
    {
      "numbers": [
        5,
        10,
        20,
        25,
        26,
        27
      ],
      "confidence": 68.85
    },
    {
      "numbers": [
        1,
        5,
        25,
        26,
        31,
        32
      ],
      "confidence": 68.85
    },
    {
      "numbers": [
        7,
        10,
        25,
        26,
        27,
        30
      ],
      "confidence": 68.81666666666666
    },
    {
      "numbers": [
        1,
        7,
        15,
        19,
        26,
        32
      ],
      "confidence": 68.48739911845853
    },
    {
      "numbers": [
        7,
        16,
        20,
        27,
        31,
        45
      ],
      "confidence": 68.45833333333334
    },
    {
      "numbers": [
        10,
        20,
        23,
        31,
        37,
        45
      ],
      "confidence": 68.45833333333334
    },
    {
      "numbers": [
        7,
        15,
        23,
        25,
        30,
        32
      ],