{
  "latest_round": 1112,
  "next_round": 1113,
  "hot_cold": {
    "hot": [
      [
        6,
        12
      ],
      [
        7,
        11
      ],
      [
        30,
        11
      ],
      [
        3,
        10
      ],
      [
        18,
        10
      ],
      [
        22,
        10
      ],
      [
        40,
        10
      ],
      [
        16,
        9
      ],
      [
        19,
        9
      ],
      [
        23,
        9
      ]
    ],
    "cold": [
      [
        5,
        0
      ],
      [
        2,
        1
      ],
      [
        25,
        1
      ],
      [
        15,
        2
      ],
      [
        9,
        3
      ],
      [
        27,
        3
      ],
      [
        39,
        3
      ],
      [
        8,
        4
      ],
      [
        17,
        4
      ],
      [
        32,
        5
      ]
    ],
    "overdue": [
      [
        5,
        8.097087378640776
      ],
      [
        2,
        5.43327067669173
      ],
      [
        27,
        3.7691597414589104
      ],
      [
        32,
        3.5555555555555554
      ],
      [
        9,
        3.303985171455051
      ],
      [
        25,
        3.261992619926199
      ],
      [
        18,
        3.0597014925373136
      ],
      [
        15,
        2.3988970588235294
      ],
      [
        8,
        2.18951241950322
      ],
      [
        23,
        1.9579908675799087
      ]
    ]
  },
  "engine_predictions": {
    "advancedpattern": [
      16,
      20,
      26,
      36,
      42,
      44
    ],
    "gap": [
      1,
      7,
      13,
      19,
      25,
      31
    ],
    "graph": [
      18,
      33,
      34,
      37,
      38,
      40
    ],
    "lstm": [
      3,
      7,
      20,
      30,
      40,
      44
    ],
    "ml": [
      7,
      9,
      11,
      18,
      22,
      30
    ],
    "numerology": [
      17,
      23,
      24,
      25,
      26,
      31
    ],
    "pattern": [
      3,
      11,
      13,
      23,
      33,
      43
    ],
    "sequencecorrelation": [
      18,
      26,
      33,
      34,
      40,
      44
    ],
    "statistical": [
      8,
      15,
      17,
      18,
      27,
      32
    ],
    "timeseries": [
      5,
      17,
      25,
      31,
      39,
      40
    ]
  },
  "predicted_sets": [
    {
      "numbers": [
        7,
        18,
        26,
        31,
        40,
        44
      ],
      "confidence": 73.33333333333334
    },
    {
      "numbers": [
        11,
        18,
        23,
        26,
        40,
        44
      ],
      "confidence": 71.3
    },
    {
      "numbers": [
        7,
        11,
        18,
        25,
        31,
        40
      ],
      "confidence": 71.09166666666667
    },
    {
      "numbers": [
        9,
        11,
        18,
        23,
        40,
        44
      ],
      "confidence": 70.66666666666667
    },
    {
      "numbers": [
        7,
        20,
        23,
        25,
        31,
        44
      ],
      "confidence": 70.66666666666667
    },
    {
      "numbers": [
        3,
        18,
        25,
        31,
        42,
        44
      ],
      "confidence": 70.66666666666667
    },
    {
      "numbers": [
        17,
        18,
        26,
        31,
        33,
        42
      ],
      "confidence": 70.63333333333333
    },
    {
      "numbers": [
        9,
        13,
        17,
        18,
        26,
        40
      ],
      "confidence": 70.63333333333333
    },
    {
      "numbers": [
        7,
        11,
        18,
        25,
        34,
        44
      ],
      "confidence": 70.45833333333334
    },
    {
      "numbers": [
        7,
        13,
        18,
        20,
        25,
        40
      ],
      "confidence": 70.42500000000001
    },
    {
      "numbers": [
        3,
        7,
        25,
        26,
        40,
        42
      ],
      "confidence": 69.96666666666667
    },
    {
      "numbers": [
        11,
        17,
        18,
        25,
        36,
        44
      ],
      "confidence": 69.96666666666667
    },
    {
      "numbers": [
        7,
        20,
        25,
        30,
        31,
        44
      ],
      "confidence": 69.79166666666667
    },
    {
      "numbers": [
        9,
        18,
        25,
        26,
        34,
        44
      ],
      "confidence": 69.79166666666667
    },
    {
      "numbers": [
        11,
        17,
        23,
        31,
        40,
        44
      ],
      "confidence": 69.75833333333334
    },
    {
      "numbers": [
        7,
        16,
        17,
        31,
        40,
        44
      ],
      "confidence": 69.75833333333334
    },
    {
      "numbers": [
        3,
        7,
        25,
        30,
        40,
        44
      ],
      "confidence": 69.75833333333334
    },
    {
      "numbers": [
        11,
        18,
        25,
        33,
        34,
        44
      ],
      "confidence": 69.75833333333334
    },
    {
      "numbers": [
        11,
        17,
        18,
        34,
        40,
        44
      ],
      "confidence": 69.725
    },
    {
      "numbers": [
        17,
        18,
        23,
        26,
        30,
        40
      ],
      "confidence": 69.725
    },
    {
      "numbers": [
        9,
        18,
        25,
        26,
        42,
        44
      ],
      "confidence": 69.3
    },
    {
      "numbers": [
        7,
        11,
        25,
        34,
        36,
        40
      ],
      "confidence": 69.3
    },
    {
      "numbers": [
        7,
        11,
        18,
        25,
        30,
        42
      ],
      "confidence": 69.3
    },
    {
      "numbers": [
        7,
        9,
        25,
        36,
        40,
        44
      ],
      "confidence": 69.3
    },
    {
      "numbers": [
        7,
        11,
        25,
        26,
        42,
        44
      ],
      "confidence": 69.3
    },
    {
      "numbers": [
        11,
        17,
        18,
        20,
        25,
        34
      ],
      "confidence": 69.26666666666668
    },
    {
      "numbers": [
        3,
        18,
        23,
        25,
        31,
        42
      ],
      "confidence": 69.125
    },
    {
      "numbers": [
        11,
        18,
        25,
        26,
        36,
        44
      ],
      "confidence": 69.09166666666667
    },
    {
      "numbers": [
        7,
        9,
        13,
        33,
        40,
        44
      ],
      "confidence": 69.09166666666667
    },
    {
      "numbers": [
        9,
        13,
        17,
        18,
        33,
        44
      ],
      "confidence": 69.09166666666667
    },
    {
      "numbers": [
        11,
        17,
        18,
        23,
        26,
        31
      ],
      "confidence": 69.05833333333334
    },
    {
      "numbers": [
        11,
        17,
        18,
        23,
        26,
        42
      ],
      "confidence": 68.6
    },
    {
      "numbers": [
        11,
        13,
        18,
        20,
        26,
        34
      ],
      "confidence": 68.6
    },
    {
      "numbers": [
        13,
        17,
        26,
        31,
        36,
        44
      ],
      "confidence": 68.42500000000001
    },
    {
      "numbers": [
        3,
        7,
        11,
        26,
        31,
        34
      ],
      "confidence": 68.42500000000001
    },
    {
      "numbers": [
        16,
        17,
        18,
        26,
        33,
        42
      ],
      "confidence": 68.42500000000001
    },
    {
      "numbers": [
        3,
        16,
        17,
        20,
        25,
        40
      ],
      "confidence": 68.42500000000001
    },
    {
      "numbers": [
        3,
        16,
        23,
        25,
        31,
        40
      ],
      "confidence": 68.42500000000001
    },
    {
      "numbers": [
        7,
        13,
        23,
        31,
        36,
        40
      ],