{
  "latest_round": 865,
  "next_round": 866,
  "hot_cold": {
    "hot": [
      [
        33,
        12
      ],
      [
        38,
        12
      ],
      [
        39,
        12
      ],
      [
        43,
        12
      ],
      [
        13,
        11
      ],
      [
        16,
        10
      ],
      [
        28,
        10
      ],
      [
        18,
        9
      ],
      [
        25,
        9
      ],
      [
        29,
        9
      ]
    ],
    "cold": [
      [
        23,
        1
      ],
      [
        37,
        1
      ],
      [
        6,
        3
      ],
      [
        20,
        3
      ],
      [
        27,
        3
      ],
      [
        1,
        4
      ],
      [
        2,
        4
      ],
      [
        4,
        4
      ],
      [
        7,
        4
      ],
      [
        41,
        4
      ]
    ],
    "overdue": [
      [
        37,
        4.897466827503016
      ],
      [
        12,
        2.63625450180072
      ],
      [
        1,
        2.4575866188769413
      ],
      [
        5,
        2.282950423216445
      ],
      [
        14,
        2.0
      ],
      [
        29,
        1.9811320754716981
      ],
      [
        26,
        1.629279811097993
      ],
      [
        20,
        1.6223021582733814
      ],
      [
        30,
        1.5943396226415096
      ],
      [
        2,
        1.5744680851063828
      ]
    ]
  },
  "engine_predictions": {
    "advancedpattern": [
      3,
      15,
      22,
      32,
      33,
      45
    ],
    "gap": [
      1,
      7,
      13,
      19,
      25,
      31
    ],
    "graph": [
      8,
      13,
      14,
      19,
      36,
      39
    ],
    "lstm": [
      10,
      22,
      25,
      32,
      38,
      43
    ],
    "ml": [
      3,
      5,
      12,
      14,
      18,
      45
    ],
    "numerology": [
      17,
      23,
      24,
      25,
      26,
      31
    ],
    "pattern": [
      3,
      11,
      13,
      23,
      33,
      43
    ],
    "sequencecorrelation": [
      7,
      14,
      26,
      36,
      40,
      45
    ],
    "statistical": [
      1,
      5,
      12,
      14,
      26,
      30
    ],
    "timeseries": [
      2,
      20,
      23,
      26,
      37,
      44
    ]
  },
  "predicted_sets": [
    {
      "numbers": [
        3,
        14,
        19,
        26,
        31,
        45
      ],
      "confidence": 72.0
    },
    {
      "numbers": [
        7,
        14,
        22,
        26,
        31,
        45
      ],
      "confidence": 71.33333333333334
    },
    {
      "numbers": [
        14,
        19,
        23,
        26,
        31,
        45
      ],
      "confidence": 71.3
    },
    {
      "numbers": [
        3,
        14,
        22,
        26,
        32,
        45
      ],
      "confidence": 71.125
    },
    {
      "numbers": [
        14,
        23,
        25,
        26,
        32,
        45
      ],
      "confidence": 71.09166666666667
    },
    {
      "numbers": [
        13,
        14,
        23,
        25,
        26,
        31
      ],
      "confidence": 70.39166666666667
    },
    {
      "numbers": [
        3,
        13,
        14,
        26,
        32,
        43
      ],
      "confidence": 70.25
    },
    {
      "numbers": [
        3,
        12,
        14,
        25,
        31,
        36
      ],
      "confidence": 69.96666666666667
    },
    {
      "numbers": [
        7,
        22,
        23,
        26,
        31,
        45
      ],
      "confidence": 69.96666666666667
    },
    {
      "numbers": [
        5,
        7,
        14,
        22,
        26,
        43
      ],
      "confidence": 69.96666666666667
    },
    {
      "numbers": [
        12,
        14,
        17,
        26,
        33,
        45
      ],
      "confidence": 69.96666666666667
    },
    {
      "numbers": [
        1,
        14,
        26,
        31,
        32,
        43
      ],
      "confidence": 69.79166666666667
    },
    {
      "numbers": [
        12,
        14,
        22,
        26,
        33,
        45
      ],
      "confidence": 69.75833333333334
    },
    {
      "numbers": [
        13,
        14,
        22,
        25,
        36,
        45
      ],
      "confidence": 69.75833333333334
    },
    {
      "numbers": [
        1,
        13,
        14,
        26,
        32,
        36
      ],
      "confidence": 69.75833333333334
    },
    {
      "numbers": [
        5,
        14,
        23,
        26,
        31,
        33
      ],
      "confidence": 69.75833333333334
    },
    {
      "numbers": [
        5,
        13,
        14,
        23,
        32,
        45
      ],
      "confidence": 69.58333333333334
    },
    {
      "numbers": [
        3,
        13,
        14,
        26,
        32,
        36
      ],
      "confidence": 69.55
    },
    {
      "numbers": [
        5,
        14,
        19,
        25,
        26,
        45
      ],
      "confidence": 69.55
    },
    {
      "numbers": [
        3,
        7,
        14,
        23,
        26,
        32
      ],
      "confidence": 69.40542128276707
    },
    {
      "numbers": [
        14,
        15,
        19,
        23,
        26,
        32
      ],
      "confidence": 69.26666666666668
    },
    {
      "numbers": [
        1,
        13,
        19,
        26,
        32,
        43
      ],
      "confidence": 69.125
    },
    {
      "numbers": [
        1,
        3,
        14,
        25,
        32,
        33
      ],
      "confidence": 69.09166666666667
    },
    {
      "numbers": [
        3,
        14,
        15,
        23,
        32,
        45
      ],
      "confidence": 68.91666666666667
    },
    {
      "numbers": [
        5,
        14,
        25,
        32,
        33,
        45
      ],
      "confidence": 68.91666666666667
    },
    {
      "numbers": [
        3,
        12,
        26,
        33,
        36,
        45
      ],
      "confidence": 68.91666666666667
    },
    {
      "numbers": [
        5,
        14,
        25,
        26,
        33,
        36
      ],
      "confidence": 68.88333333333333
    },
    {
      "numbers": [
        1,
        12,
        15,
        26,
        33,
        45
      ],
      "confidence": 68.45833333333334
    },
    {
      "numbers": [
        5,
        19,
        22,
        26,
        32,
        43
      ],
      "confidence": 68.45833333333334
    },
    {
      "numbers": [
        1,
        5,
        14,
        22,
        43,
        45
      ],
      "confidence": 68.42500000000001
    },
    {
      "numbers": [
        5,
        14,
        19,
        22,
        23,
        32
      ],
      "confidence": 68.42500000000001
    },
    {
      "numbers": [
        7,
        12,
        13,
        14,
        31,
        43
      ],
      "confidence": 68.42500000000001
    },
    {
      "numbers": [
        3,
        19,
        26,
        31,
        32,
        33
      ],
      "confidence": 68.42500000000001
    },
    {
      "numbers": [
        3,
        5,
        12,
        26,
        31,
        36
      ],
      "confidence": 68.42500000000001
    },
    {
      "numbers": [
        3,
        7,
        25,
        26,
        31,
        36
      ],
      "confidence": 68.39166666666668
    },
    {
      "numbers": [
        14,
        15,
        22,
        25,
        26,
        43
      ],
      "confidence": 68.39166666666668
    },
    {
      "numbers": [
        13,
        14,
        19,
        32,
        33,
        45
      ],
      "confidence": 68.39166666666668
    },
    {
      "numbers": [
        14,
        19,
        22,
        23,
        25,
        33
      ],