{
  "latest_round": 1097,
  "next_round": 1098,
  "hot_cold": {
    "hot": [
      [
        45,
        12
      ],
      [
        6,
        11
      ],
      [
        22,
        11
      ],
      [
        30,
        11
      ],
      [
        35,
        11
      ],
      [
        18,
        10
      ],
      [
        23,
        10
      ],
      [
        32,
        10
      ],
      [
        7,
        9
      ],
      [
        19,
        9
      ]
    ],
    "cold": [
      [
        2,
        1
      ],
      [
        5,
        2
      ],
      [
        15,
        2
      ],
      [
        39,
        2
      ],
      [
        9,
        3
      ],
      [
        25,
        3
      ],
      [
        41,
        3
      ],
      [
        42,
        3
      ],
      [
        29,
        4
      ],
      [
        8,
        5
      ]
    ],
    "overdue": [
      [
        5,
        6.072815533980583
      ],
      [
        2,
        3.4454887218045114
      ],
      [
        41,
        2.86155285313377
      ],
      [
        3,
        1.9138576779026217
      ],
      [
        32,
        1.7777777777777777
      ],
      [
        9,
        1.705282669138091
      ],
      [
        38,
        1.623134328358209
      ],
      [
        27,
        1.5946445060018468
      ]
    ]
  },
  "engine_predictions": {
    "advancedpattern": [
      14,
      33,
      34,
      35,
      37,
      40
    ],
    "gap": [
      1,
      7,
      13,
      19,
      25,
      31
    ],
    "graph": [
      10,
      18,
      34,
      37,
      40,
      45
    ],
    "lstm": [
      14,
      19,
      22,
      34,
      40,
      43
    ],
    "ml": [
      1,
      5,
      11,
      20,
      28,
      31
    ],
    "numerology": [
      17,
      22,
      23,
      24,
      25,
      31
    ],
    "pattern": [
      3,
      11,
      13,
      23,
      33,
      43
    ],
    "sequencecorrelation": [
      1,
      20,
      24,
      33,
      43,
      45
    ],
    "statistical": [
      3,
      18,
      27,
      32,
      38,
      41
    ],
    "timeseries": [
      2,
      11,
      21,
      36,
      41,
      42
    ]
  },
  "predicted_sets": [
    {
      "numbers": [
        1,
        14,
        22,
        37,
        40,
        43
      ],
      "confidence": 70.0
    },
    {
      "numbers": [
        1,
        11,
        31,
        34,
        40,
        43
      ],
      "confidence": 69.55
    },
    {
      "numbers": [
        11,
        14,
        22,
        33,
        40,
        45
      ],
      "confidence": 69.3
    },
    {
      "numbers": [
        1,
        18,
        20,
        33,
        34,
        43
      ],
      "confidence": 69.09166666666667
    },
    {
      "numbers": [
        1,
        13,
        33,
        34,
        40,
        45
      ],
      "confidence": 69.09166666666667
    },
    {
      "numbers": [
        1,
        18,
        19,
        33,
        40,
        43
      ],
      "confidence": 69.09166666666667
    },
    {
      "numbers": [
        1,
        11,
        34,
        40,
        41,
        43
      ],
      "confidence": 68.5064160976298
    },
    {
      "numbers": [
        1,
        14,
        23,
        35,
        40,
        43
      ],
      "confidence": 68.45833333333334
    },
    {
      "numbers": [
        1,
        20,
        22,
        24,
        40,
        45
      ],
      "confidence": 68.45833333333334
    },
    {
      "numbers": [
        1,
        18,
        24,
        31,
        35,
        43
      ],
      "confidence": 68.45833333333334
    },
    {
      "numbers": [
        1,
        19,
        24,
        33,
        34,
        37
      ],
      "confidence": 68.42500000000001
    },
    {
      "numbers": [
        1,
        3,
        11,
        22,
        37,
        40
      ],
      "confidence": 68.42500000000001
    },
    {
      "numbers": [
        1,
        20,
        24,
        33,
        37,
        40
      ],
      "confidence": 68.42500000000001
    },
    {
      "numbers": [
        1,
        3,
        31,
        34,
        40,
        45
      ],
      "confidence": 68.39166666666668
    },
    {
      "numbers": [
        1,
        20,
        23,
        34,
        40,
        41
      ],
      "confidence": 68.25
    },
    {
      "numbers": [
        1,
        13,
        24,
        34,
        37,
        43
      ],
      "confidence": 68.25
    },
    {
      "numbers": [
        1,
        20,
        22,
        23,
        40,
        43
      ],
      "confidence": 68.25
    },
    {
      "numbers": [
        1,
        18,
        31,
        34,
        40,
        41
      ],
      "confidence": 68.21666666666667
    },
    {
      "numbers": [
        1,
        23,
        24,
        31,
        40,
        43
      ],
      "confidence": 68.21666666666667
    },
    {
      "numbers": [
        1,
        3,
        11,
        31,
        34,
        40
      ],
      "confidence": 68.18333333333334
    },
    {
      "numbers": [
        13,
        18,
        19,
        22,
        31,
        40
      ],
      "confidence": 67.93333333333334
    },
    {
      "numbers": [
        1,
        14,
        19,
        34,
        37,
        45
      ],
      "confidence": 67.75833333333334
    },
    {
      "numbers": [
        13,
        14,
        22,
        34,
        40,
        45
      ],
      "confidence": 67.75833333333334
    },
    {
      "numbers": [
        3,
        14,
        19,
        40,
        41,
        43
      ],
      "confidence": 67.75833333333334
    },
    {
      "numbers": [
        1,
        3,
        24,
        35,
        40,
        43
      ],
      "confidence": 67.75833333333334
    },
    {
      "numbers": [
        13,
        14,
        19,
        22,
        40,
        43
      ],
      "confidence": 67.75833333333334
    },
    {
      "numbers": [
        1,
        14,
        20,
        33,
        37,
        40
      ],
      "confidence": 67.725
    },
    {
      "numbers": [
        3,
        11,
        14,
        31,
        37,
        40
      ],
      "confidence": 67.725
    },
    {
      "numbers": [
        14,
        18,
        23,
        31,
        33,
        40
      ],
      "confidence": 67.725
    },
    {
      "numbers": [
        1,
        3,
        13,
        34,
        37,
        40
      ],
      "confidence": 67.725
    },
    {
      "numbers": [
        11,
        18,
        22,
        31,
        34,
        37
      ],
      "confidence": 67.725
    },
    {
      "numbers": [
        3,
        14,
        19,
        31,
        34,
        40
      ],
      "confidence": 67.725
    },
    {
      "numbers": [
        1,
        14,
        19,
        24,
        40,
        41
      ],
      "confidence": 67.58333333333334
    },
    {
      "numbers": [
        3,
        20,
        24,
        33,
        41,
        43
      ],
      "confidence": 67.58333333333334
    },
    {
      "numbers": [
        1,
        13,
        14,
        23,
        34,
        45
      ],
      "confidence": 67.58333333333334
    },
    {
      "numbers": [
        1,
        13,
        20,
        24,
        31,
        41
      ],
      "confidence": 67.58333333333334
    },
    {
      "numbers": [
        1,
        14,
        22,
        24,
        31,
        45
      ],
      "confidence": 67.58333333333334
    },
    {
      "numbers": [
        1,
        3,
        18,
        20,
        33,
        43
      ],
      "confidence": 67.55
    },
    {
      "numbers": [
        3,
        13,
        14,
        31,
        40,
        43
      ],
      "confidence": 67.55
    },
    {
      "numbers": [
        14,
        22,
        24,
        31,
        34,
        43
      ],