{
  "latest_round": 1173,
  "next_round": 1174,
  "hot_cold": {
    "hot": [
      [
        7,
        10
      ],
      [
        27,
        10
      ],
      [
        28,
        10
      ],
      [
        37,
        10
      ],
      [
        38,
        10
      ],
      [
        9,
        9
      ],
      [
        15,
        9
      ],
      [
        33,
        9
      ],
      [
        34,
        9
      ],
      [
        3,
        8
      ]
    ],
    "cold": [
      [
        43,
        2
      ],
      [
        23,
        3
      ],
      [
        41,
        3
      ],
      [
        4,
        4
      ],
      [
        18,
        4
      ],
      [
        22,
        4
      ],
      [
        32,
        4
      ],
      [
        36,
        4
      ],
      [
        1,
        5
      ],
      [
        14,
        5
      ]
    ],
    "overdue": [
      [
        4,
        2.522270742358079
      ],
      [
        19,
        2.484375
      ],
      [
        10,
        2.4020797227036397
      ],
      [
        41,
        2.0677671589921807
      ],
      [
        32,
        1.7647058823529411
      ],
      [
        36,
        1.739357080799305
      ]
    ]
  },
  "engine_predictions": {
    "advancedpattern": [
      1,
      5,
      18,
      20,
      30,
      35
    ],
    "gap": [
      1,
      7,
      13,
      19,
      25,
      31
    ],
    "graph": [
      12,
      18,
      27,
      33,
      34,
      45
    ],
    "lstm": [
      5,
      7,
      24,
      30,
      39,
      42
    ],
    "ml": [
      1,
      3,
      26,
      33,
      35,
      42
    ],
    "numerology": [
      17,
      22,
      23,
      24,
      25,
      31
    ],
    "pattern": [
      3,
      11,
      13,
      23,
      33,
      43
    ],
    "sequencecorrelation": [
      5,
      18,
      26,
      33,
      34,
      45
    ],
    "statistical": [
      4,
      10,
      19,
      27,
      32,
      36
    ],
    "timeseries": [
      23,
      29,
      32,
      36,
      43,
      45
    ]
  },
  "predicted_sets": [
    {
      "numbers": [
        1,
        5,
        18,
        30,
        33,
        42
      ],
      "confidence": 71.33333333333334
    },
    {
      "numbers": [
        1,
        18,
        26,
        33,
        35,
        42
      ],
      "confidence": 70.66666666666667
    },
    {
      "numbers": [
        1,
        5,
        18,
        27,
        30,
        33
      ],
      "confidence": 70.63333333333333
    },
    {
      "numbers": [
        1,
        5,
        18,
        26,
        32,
        33
      ],
      "confidence": 70.63333333333333
    },
    {
      "numbers": [
        1,
        18,
        25,
        33,
        36,
        45
      ],
      "confidence": 70.45833333333334
    },
    {
      "numbers": [
        1,
        18,
        20,
        23,
        33,
        45
      ],
      "confidence": 70.45833333333334
    },
    {
      "numbers": [
        1,
        18,
        19,
        33,
        35,
        42
      ],
      "confidence": 69.96666666666667
    },
    {
      "numbers": [
        1,
        18,
        23,
        30,
        42,
        45
      ],
      "confidence": 69.96666666666667
    },
    {
      "numbers": [
        5,
        18,
        26,
        27,
        33,
        43
      ],
      "confidence": 69.79166666666667
    },
    {
      "numbers": [
        1,
        20,
        32,
        33,
        36,
        45
      ],
      "confidence": 69.3
    },
    {
      "numbers": [
        1,
        5,
        18,
        36,
        42,
        43
      ],
      "confidence": 69.3
    },
    {
      "numbers": [
        1,
        5,
        7,
        30,
        32,
        33
      ],
      "confidence": 69.26666666666668
    },
    {
      "numbers": [
        1,
        7,
        18,
        33,
        42,
        43
      ],
      "confidence": 69.09166666666667
    },
    {
      "numbers": [
        5,
        13,
        18,
        26,
        30,
        33
      ],
      "confidence": 69.09166666666667
    },
    {
      "numbers": [
        3,
        5,
        18,
        30,
        32,
        33
      ],
      "confidence": 69.09166666666667
    },
    {
      "numbers": [
        1,
        3,
        18,
        20,
        33,
        45
      ],
      "confidence": 69.09166666666667
    },
    {
      "numbers": [
        5,
        13,
        18,
        32,
        33,
        45
      ],
      "confidence": 68.88333333333333
    },
    {
      "numbers": [
        3,
        5,
        18,
        23,
        33,
        36
      ],
      "confidence": 68.88333333333333
    },
    {
      "numbers": [
        5,
        18,
        27,
        32,
        43,
        45
      ],
      "confidence": 68.7574357455293
    },
    {
      "numbers": [
        5,
        18,
        19,
        36,
        42,
        43
      ],
      "confidence": 68.63333333333333
    },
    {
      "numbers": [
        1,
        3,
        13,
        30,
        32,
        45
      ],
      "confidence": 68.45833333333334
    },
    {
      "numbers": [
        7,
        18,
        20,
        27,
        33,
        42
      ],
      "confidence": 68.45833333333334
    },
    {
      "numbers": [
        3,
        5,
        18,
        23,
        27,
        42
      ],
      "confidence": 68.42500000000001
    },
    {
      "numbers": [
        1,
        5,
        13,
        18,
        35,
        42
      ],
      "confidence": 68.42500000000001
    },
    {
      "numbers": [
        18,
        19,
        20,
        23,
        33,
        42
      ],
      "confidence": 68.42500000000001
    },
    {
      "numbers": [
        1,
        13,
        18,
        33,
        35,
        36
      ],
      "confidence": 68.39166666666668
    },
    {
      "numbers": [
        1,
        5,
        18,
        25,
        26,
        45
      ],
      "confidence": 68.21666666666667
    },
    {
      "numbers": [
        3,
        5,
        18,
        25,
        32,
        33
      ],
      "confidence": 68.21666666666667
    },
    {
      "numbers": [
        5,
        19,
        20,
        27,
        36,
        42
      ],
      "confidence": 68.0
    },
    {
      "numbers": [
        3,
        18,
        19,
        26,
        27,
        32
      ],
      "confidence": 67.96666666666667
    },
    {
      "numbers": [
        7,
        19,
        20,
        33,
        36,
        42
      ],
      "confidence": 67.96666666666667
    },
    {
      "numbers": [
        3,
        18,
        19,
        25,
        30,
        42
      ],
      "confidence": 67.96666666666667
    },
    {
      "numbers": [
        1,
        13,
        19,
        20,
        32,
        45
      ],
      "confidence": 67.96666666666667
    },
    {
      "numbers": [
        1,
        18,
        19,
        20,
        42,
        45
      ],
      "confidence": 67.93333333333334
    },
    {
      "numbers": [
        7,
        13,
        18,
        27,
        35,
        42
      ],
      "confidence": 67.79166666666666
    },
    {
      "numbers": [
        1,
        13,
        19,
        26,
        32,
        43
      ],
      "confidence": 67.79166666666666
    },
    {
      "numbers": [
        3,
        20,
        23,
        27,
        32,
        45
      ],
      "confidence": 67.79166666666666
    },
    {
      "numbers": [
        1,
        3,
        5,
        30,
        36,
        43
      ],
      "confidence": 67.75833333333334
    },
    {
      "numbers": [
        5,
        13,
        19,
        30,
        42,
        45
      ],
      "confidence": 67.75833333333334
    },
    {
      "numbers": [
        1,
        18,
        20,
        23,
        30,
        35
      ],