{
  "latest_round": 164,
  "next_round": 165,
  "hot_cold": {
    "hot": [
      [
        28,
        12
      ],
      [
        34,
        12
      ],
      [
        42,
        12
      ],
      [
        11,
        10
      ],
      [
        36,
        10
      ],
      [
        2,
        9
      ],
      [
        3,
        9
      ],
      [
        19,
        9
      ],
      [
        41,
        9
      ],
      [
        4,
        8
      ]
    ],
    "cold": [
      [
        24,
        1
      ],
      [
        14,
        3
      ],
      [
        31,
        3
      ],
      [
        38,
        3
      ],
      [
        15,
        4
      ],
      [
        32,
        4
      ],
      [
        33,
        4
      ],
      [
        44,
        4
      ],
      [
        5,
        5
      ],
      [
        8,
        5
      ]
    ],
    "overdue": [
      [
        23,
        4.736842105263158
      ],
      [
        17,
        4.0
      ],
      [
        24,
        3.808
      ],
      [
        14,
        3.763358778625954
      ],
      [
        31,
        2.8333333333333335
      ],
      [
        15,
        2.753623188405797
      ],
      [
        27,
        2.5174825174825175
      ],
      [
        37,
        2.348993288590604
      ],
      [
        2,
        2.1666666666666665
      ]
    ]
  },
  "engine_predictions": {
    "advancedpattern": [
      6,
      9,
      10,
      11,
      39,
      41
    ],
    "gap": [
      2,
      8,
      14,
      20,
      26,
      32
    ],
    "graph": [
      2,
      17,
      25,
      36,
      40,
      42
    ],
    "lstm": [
      7,
      11,
      34,
      39,
      41,
      42
    ],
    "ml": [
      2,
      10,
      11,
      32,
      34,
      39
    ],
    "numerology": [
      17,
      23,
      24,
      25,
      26,
      31
    ],
    "pattern": [
      3,
      13,
      23,
      33,
      35,
      43
    ],
    "sequencecorrelation": [
      3,
      4,
      13,
      28,
      34,
      42
    ],
    "statistical": [
      2,
      14,
      15,
      17,
      27,
      37
    ],
    "timeseries": [
      2,
      15,
      18,
      19,
      24,
      35
    ]
  },
  "predicted_sets": [
    {
      "numbers": [
        2,
        11,
        14,
        17,
        25,
        39
      ],
      "confidence": 71.3
    },
    {
      "numbers": [
        2,
        11,
        23,
        34,
        39,
        41
      ],
      "confidence": 71.125
    },
    {
      "numbers": [
        2,
        13,
        17,
        24,
        39,
        42
      ],
      "confidence": 71.125
    },
    {
      "numbers": [
        2,
        14,
        23,
        25,
        39,
        41
      ],
      "confidence": 70.66666666666667
    },
    {
      "numbers": [
        2,
        10,
        17,
        34,
        35,
        39
      ],
      "confidence": 70.6
    },
    {
      "numbers": [
        2,
        10,
        15,
        17,
        23,
        39
      ],
      "confidence": 70.4995683654679
    },
    {
      "numbers": [
        2,
        11,
        17,
        24,
        25,
        42
      ],
      "confidence": 70.42500000000001
    },
    {
      "numbers": [
        2,
        3,
        17,
        24,
        34,
        39
      ],
      "confidence": 70.42500000000001
    },
    {
      "numbers": [
        3,
        10,
        11,
        17,
        39,
        42
      ],
      "confidence": 69.96666666666667
    },
    {
      "numbers": [
        2,
        3,
        10,
        25,
        34,
        41
      ],
      "confidence": 69.96666666666667
    },
    {
      "numbers": [
        2,
        10,
        13,
        14,
        39,
        41
      ],
      "confidence": 69.96666666666667
    },
    {
      "numbers": [
        2,
        14,
        26,
        35,
        41,
        42
      ],
      "confidence": 69.79166666666667
    },
    {
      "numbers": [
        2,
        13,
        24,
        26,
        34,
        39
      ],
      "confidence": 69.75833333333334
    },
    {
      "numbers": [
        2,
        9,
        17,
        34,
        39,
        41
      ],
      "confidence": 69.75833333333334
    },
    {
      "numbers": [
        2,
        11,
        17,
        23,
        24,
        41
      ],
      "confidence": 69.75833333333334
    },
    {
      "numbers": [
        2,
        6,
        17,
        34,
        35,
        42
      ],
      "confidence": 69.75833333333334
    },
    {
      "numbers": [
        2,
        13,
        14,
        24,
        39,
        42
      ],
      "confidence": 69.58333333333334
    },
    {
      "numbers": [
        2,
        13,
        34,
        35,
        37,
        41
      ],
      "confidence": 69.3
    },
    {
      "numbers": [
        3,
        15,
        17,
        23,
        34,
        42
      ],
      "confidence": 69.125
    },
    {
      "numbers": [
        2,
        6,
        15,
        26,
        34,
        41
      ],
      "confidence": 69.125
    },
    {
      "numbers": [
        10,
        11,
        17,
        26,
        39,
        41
      ],
      "confidence": 69.125
    },
    {
      "numbers": [
        2,
        10,
        15,
        35,
        39,
        41
      ],
      "confidence": 69.09166666666667
    },
    {
      "numbers": [
        2,
        9,
        26,
        34,
        41,
        42
      ],
      "confidence": 69.09166666666667
    },
    {
      "numbers": [
        2,
        23,
        24,
        34,
        35,
        39
      ],
      "confidence": 69.05833333333334
    },
    {
      "numbers": [
        2,
        11,
        15,
        23,
        41,
        42
      ],
      "confidence": 68.88333333333333
    },
    {
      "numbers": [
        3,
        9,
        17,
        24,
        35,
        42
      ],
      "confidence": 68.66666666666666
    },
    {
      "numbers": [
        2,
        10,
        13,
        15,
        24,
        41
      ],
      "confidence": 68.66623503213457
    },
    {
      "numbers": [
        2,
        10,
        23,
        24,
        37,
        41
      ],
      "confidence": 68.63333333333333
    },
    {
      "numbers": [
        2,
        3,
        10,
        25,
        37,
        41
      ],
      "confidence": 68.63333333333333
    },
    {
      "numbers": [
        10,
        11,
        14,
        15,
        26,
        42
      ],
      "confidence": 68.63333333333333
    },
    {
      "numbers": [
        3,
        13,
        14,
        25,
        39,
        42
      ],
      "confidence": 68.45833333333334
    },
    {
      "numbers": [
        2,
        3,
        15,
        25,
        26,
        41
      ],
      "confidence": 68.42500000000001
    },
    {
      "numbers": [
        2,
        15,
        24,
        25,
        26,
        41
      ],
      "confidence": 68.42500000000001
    },
    {
      "numbers": [
        15,
        17,
        26,
        34,
        35,
        42
      ],
      "confidence": 68.42500000000001
    },
    {
      "numbers": [
        10,
        11,
        14,
        25,
        34,
        39
      ],
      "confidence": 68.42500000000001
    },
    {
      "numbers": [
        2,
        6,
        17,
        34,
        37,
        41
      ],
      "confidence": 68.42500000000001
    },
    {
      "numbers": [
        2,
        10,
        17,
        25,
        26,
        37
      ],
      "confidence": 68.42500000000001
    },
    {
      "numbers": [
        9,
        10,
        11,
        34,
        39,
        42
      ],
      "confidence": 68.42500000000001
    },
    {
      "numbers": [
        2,
        13,
        14,
        37,
        41,
        42
      ],