{
  "latest_round": 240,
  "next_round": 241,
  "hot_cold": {
    "hot": [
      [
        11,
        12
      ],
      [
        20,
        12
      ],
      [
        37,
        12
      ],
      [
        44,
        12
      ],
      [
        5,
        11
      ],
      [
        14,
        10
      ],
      [
        3,
        9
      ],
      [
        4,
        9
      ],
      [
        24,
        9
      ],
      [
        39,
        9
      ]
    ],
    "cold": [
      [
        9,
        2
      ],
      [
        23,
        3
      ],
      [
        30,
        3
      ],
      [
        38,
        3
      ],
      [
        42,
        3
      ],
      [
        28,
        4
      ],
      [
        29,
        4
      ],
      [
        32,
        4
      ],
      [
        34,
        4
      ],
      [
        43,
        4
      ]
    ],
    "overdue": [
      [
        3,
        3.0240384615384612
      ],
      [
        18,
        2.931034482758621
      ],
      [
        7,
        2.815165876777251
      ],
      [
        20,
        2.7635467980295565
      ],
      [
        30,
        2.181818181818182
      ],
      [
        36,
        2.0273972602739723
      ],
      [
        42,
        1.9644444444444447
      ],
      [
        35,
        1.9428571428571428
      ],
      [
        25,
        1.8584070796460177
      ],
      [
        33,
        1.5283842794759825
      ]
    ]
  },
  "engine_predictions": {
    "advancedpattern": [
      6,
      10,
      16,
      40,
      41,
      43
    ],
    "gap": [
      1,
      7,
      13,
      19,
      25,
      31
    ],
    "graph": [
      2,
      3,
      4,
      25,
      26,
      37
    ],
    "lstm": [
      4,
      21,
      24,
      37,
      41,
      44
    ],
    "ml": [
      1,
      2,
      16,
      29,
      41,
      43
    ],
    "numerology": [
      13,
      16,
      17,
      22,
      23,
      25
    ],
    "pattern": [
      3,
      13,
      23,
      33,
      35,
      43
    ],
    "sequencecorrelation": [
      3,
      4,
      16,
      17,
      18,
      37
    ],
    "statistical": [
      3,
      5,
      7,
      18,
      20,
      36
    ],
    "timeseries": [
      13,
      26,
      29,
      33,
      36,
      42
    ]
  },
  "predicted_sets": [
    {
      "numbers": [
        4,
        16,
        25,
        37,
        41,
        43
      ],
      "confidence": 72.66666666666666
    },
    {
      "numbers": [
        3,
        16,
        25,
        26,
        37,
        41
      ],
      "confidence": 71.79166666666666
    },
    {
      "numbers": [
        2,
        13,
        16,
        25,
        40,
        41
      ],
      "confidence": 71.33333333333334
    },
    {
      "numbers": [
        4,
        18,
        25,
        37,
        41,
        43
      ],
      "confidence": 71.33333333333334
    },
    {
      "numbers": [
        3,
        13,
        18,
        26,
        37,
        41
      ],
      "confidence": 71.125
    },
    {
      "numbers": [
        2,
        7,
        16,
        25,
        33,
        41
      ],
      "confidence": 70.66666666666667
    },
    {
      "numbers": [
        4,
        6,
        16,
        25,
        37,
        41
      ],
      "confidence": 70.45833333333334
    },
    {
      "numbers": [
        3,
        4,
        13,
        29,
        40,
        41
      ],
      "confidence": 70.45833333333334
    },
    {
      "numbers": [
        3,
        4,
        13,
        18,
        36,
        41
      ],
      "confidence": 70.42500000000001
    },
    {
      "numbers": [
        2,
        13,
        16,
        33,
        37,
        41
      ],
      "confidence": 70.42500000000001
    },
    {
      "numbers": [
        3,
        16,
        18,
        36,
        37,
        41
      ],
      "confidence": 70.42500000000001
    },
    {
      "numbers": [
        3,
        4,
        7,
        16,
        33,
        41
      ],
      "confidence": 70.14200218334986
    },
    {
      "numbers": [
        10,
        13,
        18,
        29,
        37,
        41
      ],
      "confidence": 70.0
    },
    {
      "numbers": [
        3,
        4,
        25,
        36,
        40,
        41
      ],
      "confidence": 69.96666666666667
    },
    {
      "numbers": [
        2,
        4,
        17,
        25,
        41,
        43
      ],
      "confidence": 69.96666666666667
    },
    {
      "numbers": [
        2,
        7,
        16,
        25,
        36,
        43
      ],
      "confidence": 69.79166666666667
    },
    {
      "numbers": [
        4,
        13,
        18,
        29,
        41,
        43
      ],
      "confidence": 69.75833333333334
    },
    {
      "numbers": [
        3,
        13,
        17,
        18,
        36,
        41
      ],
      "confidence": 69.75833333333334
    },
    {
      "numbers": [
        4,
        13,
        17,
        25,
        26,
        43
      ],
      "confidence": 69.75833333333334
    },
    {
      "numbers": [
        4,
        13,
        16,
        25,
        33,
        40
      ],
      "confidence": 69.75833333333334
    },
    {
      "numbers": [
        4,
        13,
        16,
        36,
        40,
        41
      ],
      "confidence": 69.75833333333334
    },
    {
      "numbers": [
        3,
        10,
        13,
        18,
        25,
        41
      ],
      "confidence": 69.75833333333334
    },
    {
      "numbers": [
        3,
        13,
        18,
        29,
        36,
        43
      ],
      "confidence": 69.58333333333334
    },
    {
      "numbers": [
        2,
        3,
        16,
        36,
        37,
        43
      ],
      "confidence": 69.55
    },
    {
      "numbers": [
        2,
        18,
        29,
        36,
        37,
        41
      ],
      "confidence": 69.33333333333334
    },
    {
      "numbers": [
        4,
        10,
        18,
        25,
        36,
        43
      ],
      "confidence": 69.33333333333334
    },
    {
      "numbers": [
        6,
        13,
        17,
        18,
        25,
        41
      ],
      "confidence": 69.3
    },
    {
      "numbers": [
        10,
        13,
        16,
        18,
        25,
        29
      ],
      "confidence": 69.26666666666668
    },
    {
      "numbers": [
        3,
        4,
        16,
        18,
        25,
        36
      ],
      "confidence": 69.14200218334986
    },
    {
      "numbers": [
        3,
        10,
        16,
        18,
        33,
        41
      ],
      "confidence": 69.09166666666667
    },
    {
      "numbers": [
        10,
        13,
        16,
        25,
        29,
        33
      ],
      "confidence": 69.09166666666667
    },
    {
      "numbers": [
        3,
        10,
        13,
        18,
        25,
        36
      ],
      "confidence": 69.09166666666667
    },
    {
      "numbers": [
        1,
        3,
        16,
        17,
        40,
        43
      ],
      "confidence": 69.09166666666667
    },
    {
      "numbers": [
        1,
        3,
        16,
        26,
        37,
        40
      ],
      "confidence": 69.09166666666667
    },
    {
      "numbers": [
        7,
        13,
        16,
        25,
        36,
        40
      ],
      "confidence": 69.09166666666667
    },
    {
      "numbers": [
        3,
        7,
        16,
        26,
        29,
        37
      ],
      "confidence": 68.88333333333333
    },
    {
      "numbers": [
        3,
        10,
        13,
        17,
        25,
        36
      ],
      "confidence": 68.80866885001655
    },
    {
      "numbers": [
        1,
        18,
        25,
        26,
        29,
        43
      ],