{
  "latest_round": 382,
  "next_round": 383,
  "hot_cold": {
    "hot": [
      [
        5,
        15
      ],
      [
        14,
        13
      ],
      [
        29,
        12
      ],
      [
        1,
        11
      ],
      [
        45,
        11
      ],
      [
        24,
        10
      ],
      [
        8,
        9
      ],
      [
        16,
        9
      ],
      [
        27,
        9
      ],
      [
        34,
        9
      ]
    ],
    "cold": [
      [
        4,
        2
      ],
      [
        7,
        2
      ],
      [
        28,
        2
      ],
      [
        33,
        2
      ],
      [
        41,
        2
      ],
      [
        6,
        3
      ],
      [
        9,
        3
      ],
      [
        23,
        3
      ],
      [
        38,
        3
      ],
      [
        12,
        4
      ]
    ],
    "overdue": [
      [
        33,
        4.401146131805158
      ],
      [
        23,
        2.4512534818941507
      ],
      [
        3,
        2.3863636363636362
      ],
      [
        38,
        2.1714285714285713
      ],
      [
        36,
        2.058333333333333
      ],
      [
        32,
        1.808219178082192
      ],
      [
        30,
        1.7307692307692308
      ],
      [
        44,
        1.5666666666666667
      ],
      [
        18,
        1.5625
      ],
      [
        14,
        1.548913043478261
      ]
    ]
  },
  "engine_predictions": {
    "advancedpattern": [
      10,
      15,
      22,
      24,
      27,
      42
    ],
    "gap": [
      1,
      7,
      13,
      19,
      25,
      31
    ],
    "graph": [
      1,
      3,
      14,
      37,
      39,
      42
    ],
    "lstm": [
      1,
      5,
      10,
      15,
      22,
      37
    ],
    "ml": [
      4,
      8,
      13,
      27,
      39,
      43
    ],
    "numerology": [
      17,
      22,
      23,
      24,
      25,
      31
    ],
    "pattern": [
      5,
      11,
      15,
      25,
      35,
      45
    ],
    "sequencecorrelation": [
      3,
      14,
      16,
      36,
      40,
      45
    ],
    "statistical": [
      3,
      14,
      18,
      30,
      36,
      44
    ],
    "timeseries": [
      7,
      25,
      32,
      33,
      41,
      45
    ]
  },
  "predicted_sets": [
    {
      "numbers": [
        3,
        10,
        14,
        22,
        25,
        45
      ],
      "confidence": 70.42500000000001
    },
    {
      "numbers": [
        1,
        14,
        15,
        22,
        36,
        42
      ],
      "confidence": 69.79166666666667
    },
    {
      "numbers": [
        1,
        14,
        15,
        27,
        36,
        45
      ],
      "confidence": 69.79166666666667
    },
    {
      "numbers": [
        10,
        14,
        25,
        36,
        37,
        45
      ],
      "confidence": 69.79166666666667
    },
    {
      "numbers": [
        1,
        15,
        22,
        25,
        40,
        45
      ],
      "confidence": 69.58333333333334
    },
    {
      "numbers": [
        10,
        14,
        15,
        27,
        39,
        42
      ],
      "confidence": 69.33333333333334
    },
    {
      "numbers": [
        3,
        14,
        27,
        31,
        39,
        42
      ],
      "confidence": 69.33333333333334
    },
    {
      "numbers": [
        10,
        13,
        14,
        25,
        27,
        39
      ],
      "confidence": 69.3
    },
    {
      "numbers": [
        1,
        10,
        22,
        25,
        27,
        36
      ],
      "confidence": 69.26666666666668
    },
    {
      "numbers": [
        1,
        14,
        15,
        24,
        36,
        42
      ],
      "confidence": 69.125
    },
    {
      "numbers": [
        3,
        14,
        22,
        27,
        39,
        42
      ],
      "confidence": 69.125
    },
    {
      "numbers": [
        7,
        14,
        25,
        27,
        39,
        42
      ],
      "confidence": 69.125
    },
    {
      "numbers": [
        3,
        10,
        22,
        25,
        39,
        42
      ],
      "confidence": 69.09166666666667
    },
    {
      "numbers": [
        1,
        14,
        15,
        27,
        42,
        45
      ],
      "confidence": 69.09166666666667
    },
    {
      "numbers": [
        3,
        10,
        15,
        25,
        27,
        42
      ],
      "confidence": 69.09166666666667
    },
    {
      "numbers": [
        1,
        3,
        15,
        36,
        42,
        45
      ],
      "confidence": 69.09166666666667
    },
    {
      "numbers": [
        7,
        22,
        24,
        25,
        36,
        45
      ],
      "confidence": 69.09166666666667
    },
    {
      "numbers": [
        1,
        15,
        24,
        25,
        31,
        42
      ],
      "confidence": 68.91666666666667
    },
    {
      "numbers": [
        7,
        15,
        25,
        36,
        42,
        45
      ],
      "confidence": 68.8916767387777
    },
    {
      "numbers": [
        10,
        15,
        24,
        27,
        36,
        42
      ],
      "confidence": 68.66666666666666
    },
    {
      "numbers": [
        10,
        14,
        15,
        31,
        37,
        42
      ],
      "confidence": 68.63333333333333
    },
    {
      "numbers": [
        1,
        22,
        24,
        37,
        40,
        45
      ],
      "confidence": 68.63333333333333
    },
    {
      "numbers": [
        1,
        14,
        36,
        37,
        39,
        42
      ],
      "confidence": 68.63333333333333
    },
    {
      "numbers": [
        1,
        3,
        10,
        36,
        42,
        45
      ],
      "confidence": 68.6
    },
    {
      "numbers": [
        1,
        3,
        13,
        24,
        36,
        42
      ],
      "confidence": 68.45833333333334
    },
    {
      "numbers": [
        10,
        15,
        22,
        36,
        39,
        42
      ],
      "confidence": 68.45833333333334
    },
    {
      "numbers": [
        1,
        14,
        24,
        37,
        39,
        42
      ],
      "confidence": 68.45833333333334
    },
    {
      "numbers": [
        1,
        15,
        27,
        36,
        40,
        45
      ],
      "confidence": 68.45833333333334
    },
    {
      "numbers": [
        3,
        5,
        10,
        25,
        36,
        42
      ],
      "confidence": 68.42500000000001
    },
    {
      "numbers": [
        1,
        7,
        14,
        22,
        31,
        36
      ],
      "confidence": 68.42500000000001
    },
    {
      "numbers": [
        13,
        22,
        24,
        25,
        40,
        45
      ],
      "confidence": 68.42500000000001
    },
    {
      "numbers": [
        7,
        10,
        14,
        24,
        25,
        31
      ],
      "confidence": 68.42500000000001
    },
    {
      "numbers": [
        10,
        15,
        24,
        25,
        37,
        39
      ],
      "confidence": 68.42500000000001
    },
    {
      "numbers": [
        7,
        10,
        13,
        15,
        25,
        42
      ],
      "confidence": 68.42500000000001
    },
    {
      "numbers": [
        3,
        14,
        15,
        22,
        24,
        40
      ],
      "confidence": 68.42500000000001
    },
    {
      "numbers": [
        1,
        10,
        22,
        25,
        27,
        31
      ],
      "confidence": 68.39166666666668
    },
    {
      "numbers": [
        3,
        5,
        22,
        24,
        25,
        39
      ],
      "confidence": 68.39166666666668
    },
    {
      "numbers": [
        13,
        15,
        22,
        25,
        36,
        37
      ],