{
  "latest_round": 796,
  "next_round": 797,
  "hot_cold": {
    "hot": [
      [
        12,
        14
      ],
      [
        6,
        11
      ],
      [
        19,
        11
      ],
      [
        21,
        10
      ],
      [
        24,
        10
      ],
      [
        34,
        10
      ],
      [
        7,
        9
      ],
      [
        10,
        9
      ],
      [
        16,
        9
      ],
      [
        31,
        9
      ]
    ],
    "cold": [
      [
        25,
        2
      ],
      [
        32,
        2
      ],
      [
        22,
        3
      ],
      [
        23,
        3
      ],
      [
        37,
        3
      ],
      [
        44,
        3
      ],
      [
        4,
        4
      ],
      [
        13,
        4
      ],
      [
        20,
        4
      ],
      [
        40,
        4
      ]
    ],
    "overdue": [
      [
        44,
        3.841688654353562
      ],
      [
        32,
        3.8160315374507223
      ],
      [
        22,
        3.6218375499334217
      ],
      [
        37,
        2.617760617760618
      ],
      [
        9,
        2.041343669250646
      ],
      [
        17,
        1.9147286821705425
      ],
      [
        14,
        1.8356867779204107
      ],
      [
        4,
        1.559278350515464
      ],
      [
        20,
        1.5535248041775456
      ]
    ]
  },
  "engine_predictions": {
    "advancedpattern": [
      1,
      21,
      26,
      36,
      40,
      41
    ],
    "gap": [
      1,
      7,
      13,
      19,
      25,
      31
    ],
    "graph": [
      7,
      15,
      17,
      18,
      31,
      34
    ],
    "lstm": [
      2,
      7,
      10,
      19,
      26,
      38
    ],
    "ml": [
      6,
      20,
      26,
      30,
      38,
      41
    ],
    "numerology": [
      16,
      17,
      22,
      23,
      24,
      25
    ],
    "pattern": [
      1,
      11,
      13,
      21,
      31,
      41
    ],
    "sequencecorrelation": [
      10,
      18,
      34,
      37,
      40,
      44
    ],
    "statistical": [
      9,
      12,
      17,
      22,
      37,
      44
    ],
    "timeseries": [
      11,
      16,
      19,
      22,
      37,
      39
    ]
  },
  "predicted_sets": [
    {
      "numbers": [
        7,
        19,
        25,
        26,
        38,
        41
      ],
      "confidence": 70.66666666666667
    },
    {
      "numbers": [
        7,
        18,
        19,
        22,
        40,
        41
      ],
      "confidence": 70.66666666666667
    },
    {
      "numbers": [
        1,
        19,
        26,
        37,
        40,
        41
      ],
      "confidence": 70.45833333333334
    },
    {
      "numbers": [
        7,
        19,
        22,
        34,
        36,
        41
      ],
      "confidence": 70.0
    },
    {
      "numbers": [
        1,
        17,
        25,
        26,
        38,
        44
      ],
      "confidence": 70.0
    },
    {
      "numbers": [
        7,
        10,
        18,
        19,
        26,
        31
      ],
      "confidence": 69.96666666666667
    },
    {
      "numbers": [
        1,
        17,
        19,
        26,
        38,
        40
      ],
      "confidence": 69.96666666666667
    },
    {
      "numbers": [
        7,
        17,
        19,
        26,
        40,
        44
      ],
      "confidence": 69.79166666666667
    },
    {
      "numbers": [
        1,
        17,
        18,
        19,
        22,
        41
      ],
      "confidence": 69.75833333333334
    },
    {
      "numbers": [
        1,
        7,
        17,
        19,
        26,
        40
      ],
      "confidence": 69.75833333333334
    },
    {
      "numbers": [
        1,
        7,
        17,
        22,
        34,
        41
      ],
      "confidence": 69.58333333333334
    },
    {
      "numbers": [
        1,
        18,
        19,
        22,
        31,
        41
      ],
      "confidence": 69.58333333333334
    },
    {
      "numbers": [
        7,
        10,
        11,
        22,
        38,
        44
      ],
      "confidence": 69.33333333333334
    },
    {
      "numbers": [
        1,
        18,
        19,
        25,
        26,
        40
      ],
      "confidence": 69.3
    },
    {
      "numbers": [
        7,
        19,
        22,
        38,
        40,
        44
      ],
      "confidence": 69.20765529619223
    },
    {
      "numbers": [
        10,
        18,
        19,
        21,
        37,
        41
      ],
      "confidence": 69.125
    },
    {
      "numbers": [
        7,
        17,
        19,
        25,
        26,
        38
      ],
      "confidence": 69.09166666666667
    },
    {
      "numbers": [
        7,
        16,
        18,
        19,
        31,
        41
      ],
      "confidence": 69.09166666666667
    },
    {
      "numbers": [
        1,
        22,
        25,
        26,
        40,
        41
      ],
      "confidence": 69.09166666666667
    },
    {
      "numbers": [
        1,
        7,
        18,
        19,
        31,
        44
      ],
      "confidence": 69.09166666666667
    },
    {
      "numbers": [
        1,
        7,
        18,
        19,
        34,
        41
      ],
      "confidence": 69.09166666666667
    },
    {
      "numbers": [
        1,
        16,
        17,
        26,
        34,
        41
      ],
      "confidence": 68.91666666666667
    },
    {
      "numbers": [
        7,
        17,
        18,
        26,
        31,
        37
      ],
      "confidence": 68.88333333333333
    },
    {
      "numbers": [
        10,
        16,
        21,
        22,
        34,
        37
      ],
      "confidence": 68.63333333333333
    },
    {
      "numbers": [
        7,
        19,
        22,
        34,
        36,
        40
      ],
      "confidence": 68.63333333333333
    },
    {
      "numbers": [
        10,
        16,
        18,
        19,
        25,
        41
      ],
      "confidence": 68.63333333333333
    },
    {
      "numbers": [
        1,
        10,
        16,
        19,
        37,
        38
      ],
      "confidence": 68.6
    },
    {
      "numbers": [
        7,
        10,
        19,
        36,
        37,
        41
      ],
      "confidence": 68.42500000000001
    },
    {
      "numbers": [
        7,
        21,
        25,
        26,
        38,
        41
      ],
      "confidence": 68.42500000000001
    },
    {
      "numbers": [
        7,
        16,
        21,
        22,
        26,
        38
      ],
      "confidence": 68.42500000000001
    },
    {
      "numbers": [
        10,
        17,
        19,
        31,
        40,
        44
      ],
      "confidence": 68.42500000000001
    },
    {
      "numbers": [
        7,
        10,
        26,
        37,
        38,
        44
      ],
      "confidence": 68.42500000000001
    },
    {
      "numbers": [
        11,
        17,
        22,
        25,
        34,
        41
      ],
      "confidence": 68.42500000000001
    },
    {
      "numbers": [
        7,
        11,
        22,
        34,
        37,
        40
      ],
      "confidence": 68.42500000000001
    },
    {
      "numbers": [
        1,
        7,
        17,
        25,
        38,
        40
      ],
      "confidence": 68.42500000000001
    },
    {
      "numbers": [
        7,
        10,
        17,
        19,
        38,
        44
      ],
      "confidence": 68.42500000000001
    },
    {
      "numbers": [
        1,
        7,
        22,
        25,
        41,
        44
      ],
      "confidence": 68.39166666666668
    },
    {
      "numbers": [
        1,
        17,
        21,
        22,
        31,
        40
      ],
      "confidence": 68.21666666666667
    },
    {
      "numbers": [
        7,
        16,
        21,
        22,
        26,
        41
      ],