{
  "latest_round": 650,
  "next_round": 651,
  "hot_cold": {
    "hot": [
      [
        18,
        11
      ],
      [
        2,
        10
      ],
      [
        16,
        10
      ],
      [
        19,
        10
      ],
      [
        21,
        10
      ],
      [
        39,
        10
      ],
      [
        7,
        9
      ],
      [
        8,
        9
      ],
      [
        23,
        9
      ],
      [
        27,
        9
      ]
    ],
    "cold": [
      [
        29,
        1
      ],
      [
        10,
        3
      ],
      [
        3,
        4
      ],
      [
        12,
        4
      ],
      [
        32,
        4
      ],
      [
        37,
        4
      ],
      [
        42,
        4
      ],
      [
        5,
        5
      ],
      [
        17,
        5
      ],
      [
        28,
        5
      ]
    ],
    "overdue": [
      [
        27,
        2.510301109350238
      ],
      [
        20,
        2.409090909090909
      ],
      [
        12,
        2.141935483870968
      ],
      [
        10,
        2.0979462875197474
      ],
      [
        34,
        1.9238095238095236
      ],
      [
        29,
        1.8690851735015772
      ],
      [
        44,
        1.7001594896331738
      ],
      [
        25,
        1.5196232339089482
      ]
    ]
  },
  "engine_predictions": {
    "advancedpattern": [
      3,
      4,
      7,
      11,
      31,
      41
    ],
    "gap": [
      1,
      7,
      13,
      19,
      25,
      31
    ],
    "graph": [
      18,
      20,
      27,
      34,
      37,
      40
    ],
    "lstm": [
      3,
      4,
      21,
      24,
      41,
      43
    ],
    "ml": [
      3,
      16,
      18,
      31,
      43,
      44
    ],
    "numerology": [
      13,
      17,
      22,
      23,
      25,
      31
    ],
    "pattern": [
      5,
      13,
      15,
      25,
      35,
      45
    ],
    "sequencecorrelation": [
      14,
      24,
      26,
      31,
      37,
      40
    ],
    "statistical": [
      12,
      20,
      25,
      27,
      34,
      44
    ],
    "timeseries": [
      12,
      17,
      24,
      29,
      32,
      45
    ]
  },
  "predicted_sets": [
    {
      "numbers": [
        3,
        12,
        20,
        25,
        27,
        31
      ],
      "confidence": 71.3
    },
    {
      "numbers": [
        3,
        18,
        25,
        31,
        34,
        37
      ],
      "confidence": 71.3
    },
    {
      "numbers": [
        3,
        20,
        25,
        31,
        41,
        44
      ],
      "confidence": 71.125
    },
    {
      "numbers": [
        13,
        17,
        18,
        24,
        31,
        45
      ],
      "confidence": 70.63333333333333
    },
    {
      "numbers": [
        3,
        7,
        18,
        24,
        31,
        41
      ],
      "confidence": 70.45833333333334
    },
    {
      "numbers": [
        7,
        20,
        25,
        31,
        40,
        44
      ],
      "confidence": 70.45833333333334
    },
    {
      "numbers": [
        4,
        7,
        20,
        25,
        31,
        45
      ],
      "confidence": 70.45833333333334
    },
    {
      "numbers": [
        3,
        12,
        20,
        24,
        31,
        41
      ],
      "confidence": 70.45833333333334
    },
    {
      "numbers": [
        4,
        12,
        24,
        25,
        31,
        40
      ],
      "confidence": 70.42500000000001
    },
    {
      "numbers": [
        4,
        18,
        24,
        25,
        31,
        41
      ],
      "confidence": 70.25
    },
    {
      "numbers": [
        4,
        25,
        27,
        31,
        40,
        43
      ],
      "confidence": 69.98414758204387
    },
    {
      "numbers": [
        3,
        18,
        27,
        31,
        34,
        44
      ],
      "confidence": 69.79166666666667
    },
    {
      "numbers": [
        4,
        24,
        25,
        31,
        41,
        43
      ],
      "confidence": 69.55
    },
    {
      "numbers": [
        3,
        4,
        17,
        18,
        25,
        41
      ],
      "confidence": 69.3
    },
    {
      "numbers": [
        4,
        12,
        13,
        25,
        27,
        40
      ],
      "confidence": 69.3
    },
    {
      "numbers": [
        13,
        18,
        20,
        31,
        34,
        45
      ],
      "confidence": 69.26666666666668
    },
    {
      "numbers": [
        4,
        13,
        17,
        25,
        34,
        41
      ],
      "confidence": 69.125
    },
    {
      "numbers": [
        4,
        13,
        20,
        31,
        37,
        43
      ],
      "confidence": 69.09166666666667
    },
    {
      "numbers": [
        3,
        4,
        20,
        31,
        40,
        45
      ],
      "confidence": 69.09166666666667
    },
    {
      "numbers": [
        3,
        17,
        20,
        31,
        37,
        44
      ],
      "confidence": 69.09166666666667
    },
    {
      "numbers": [
        3,
        13,
        20,
        25,
        34,
        37
      ],
      "confidence": 69.09166666666667
    },
    {
      "numbers": [
        3,
        7,
        12,
        18,
        31,
        41
      ],
      "confidence": 69.09166666666667
    },
    {
      "numbers": [
        4,
        11,
        25,
        31,
        34,
        43
      ],
      "confidence": 68.91666666666667
    },
    {
      "numbers": [
        3,
        12,
        13,
        31,
        34,
        43
      ],
      "confidence": 68.88333333333333
    },
    {
      "numbers": [
        11,
        20,
        24,
        25,
        31,
        41
      ],
      "confidence": 68.88333333333333
    },
    {
      "numbers": [
        3,
        7,
        24,
        31,
        37,
        44
      ],
      "confidence": 68.88333333333333
    },
    {
      "numbers": [
        3,
        4,
        24,
        31,
        37,
        44
      ],
      "confidence": 68.88333333333333
    },
    {
      "numbers": [
        12,
        18,
        20,
        24,
        25,
        41
      ],
      "confidence": 68.6
    },
    {
      "numbers": [
        4,
        12,
        25,
        37,
        41,
        44
      ],
      "confidence": 68.45833333333334
    },
    {
      "numbers": [
        3,
        11,
        25,
        34,
        37,
        44
      ],
      "confidence": 68.45833333333334
    },
    {
      "numbers": [
        3,
        7,
        17,
        18,
        25,
        44
      ],
      "confidence": 68.42500000000001
    },
    {
      "numbers": [
        7,
        17,
        18,
        24,
        25,
        41
      ],
      "confidence": 68.42500000000001
    },
    {
      "numbers": [
        3,
        4,
        18,
        25,
        27,
        43
      ],
      "confidence": 68.42500000000001
    },
    {
      "numbers": [
        7,
        12,
        13,
        31,
        34,
        37
      ],
      "confidence": 68.39166666666668
    },
    {
      "numbers": [
        13,
        17,
        18,
        31,
        34,
        41
      ],
      "confidence": 68.39166666666668
    },
    {
      "numbers": [
        7,
        13,
        17,
        18,
        31,
        34
      ],
      "confidence": 68.39166666666668
    },
    {
      "numbers": [
        11,
        18,
        25,
        31,
        34,
        40
      ],
      "confidence": 68.39166666666668
    },
    {
      "numbers": [
        7,
        11,
        18,
        24,
        31,
        41
      ],
      "confidence": 68.25
    },
    {
      "numbers": [
        7,
        12,
        24,
        27,
        31,
        37
      ],