{
  "latest_round": 653,
  "next_round": 654,
  "hot_cold": {
    "hot": [
      [
        18,
        11
      ],
      [
        39,
        11
      ],
      [
        16,
        10
      ],
      [
        21,
        10
      ],
      [
        6,
        9
      ],
      [
        7,
        9
      ],
      [
        8,
        9
      ],
      [
        23,
        9
      ],
      [
        2,
        8
      ],
      [
        13,
        8
      ]
    ],
    "cold": [
      [
        29,
        2
      ],
      [
        10,
        3
      ],
      [
        30,
        4
      ],
      [
        32,
        4
      ],
      [
        35,
        4
      ],
      [
        37,
        4
      ],
      [
        42,
        4
      ],
      [
        3,
        5
      ],
      [
        12,
        5
      ],
      [
        14,
        5
      ]
    ],
    "overdue": [
      [
        20,
        2.9253246753246755
      ],
      [
        10,
        2.4913112164297
      ],
      [
        34,
        2.4047619047619047
      ],
      [
        14,
        1.941823899371069
      ],
      [
        25,
        1.934065934065934
      ],
      [
        35,
        1.734726688102894
      ],
      [
        18,
        1.6093247588424437
      ],
      [
        8,
        1.5615141955835963
      ]
    ]
  },
  "engine_predictions": {
    "advancedpattern": [
      5,
      6,
      26,
      27,
      38,
      39
    ],
    "gap": [
      1,
      7,
      13,
      19,
      25,
      31
    ],
    "graph": [
      18,
      20,
      27,
      34,
      37,
      40
    ],
    "lstm": [
      3,
      5,
      13,
      16,
      26,
      41
    ],
    "ml": [
      3,
      5,
      6,
      8,
      38,
      43
    ],
    "numerology": [
      13,
      17,
      22,
      23,
      25,
      31
    ],
    "pattern": [
      5,
      13,
      15,
      25,
      35,
      45
    ],
    "sequencecorrelation": [
      4,
      5,
      20,
      27,
      39,
      40
    ],
    "statistical": [
      8,
      18,
      20,
      25,
      34,
      35
    ],
    "timeseries": [
      17,
      20,
      24,
      28,
      32,
      41
    ]
  },
  "predicted_sets": [
    {
      "numbers": [
        5,
        20,
        26,
        27,
        39,
        41
      ],
      "confidence": 72.0
    },
    {
      "numbers": [
        5,
        13,
        18,
        27,
        40,
        41
      ],
      "confidence": 72.0
    },
    {
      "numbers": [
        3,
        20,
        25,
        27,
        38,
        41
      ],
      "confidence": 71.33333333333334
    },
    {
      "numbers": [
        5,
        8,
        13,
        27,
        38,
        41
      ],
      "confidence": 71.125
    },
    {
      "numbers": [
        5,
        13,
        20,
        26,
        31,
        43
      ],
      "confidence": 71.125
    },
    {
      "numbers": [
        5,
        20,
        25,
        26,
        31,
        43
      ],
      "confidence": 71.125
    },
    {
      "numbers": [
        5,
        20,
        25,
        34,
        38,
        43
      ],
      "confidence": 71.125
    },
    {
      "numbers": [
        13,
        20,
        25,
        27,
        40,
        41
      ],
      "confidence": 71.09166666666667
    },
    {
      "numbers": [
        5,
        20,
        25,
        26,
        34,
        38
      ],
      "confidence": 71.09166666666667
    },
    {
      "numbers": [
        5,
        20,
        25,
        27,
        40,
        43
      ],
      "confidence": 70.91666666666666
    },
    {
      "numbers": [
        5,
        20,
        26,
        34,
        38,
        43
      ],
      "confidence": 70.66666666666667
    },
    {
      "numbers": [
        5,
        18,
        27,
        34,
        39,
        41
      ],
      "confidence": 70.66666666666667
    },
    {
      "numbers": [
        13,
        20,
        25,
        26,
        31,
        34
      ],
      "confidence": 70.6
    },
    {
      "numbers": [
        5,
        8,
        20,
        26,
        40,
        41
      ],
      "confidence": 70.45833333333334
    },
    {
      "numbers": [
        5,
        8,
        17,
        20,
        25,
        43
      ],
      "confidence": 70.42500000000001
    },
    {
      "numbers": [
        5,
        6,
        18,
        20,
        25,
        37
      ],
      "confidence": 70.42500000000001
    },
    {
      "numbers": [
        5,
        13,
        20,
        26,
        40,
        43
      ],
      "confidence": 70.25
    },
    {
      "numbers": [
        5,
        17,
        18,
        20,
        25,
        40
      ],
      "confidence": 70.21666666666667
    },
    {
      "numbers": [
        5,
        6,
        13,
        25,
        26,
        39
      ],
      "confidence": 70.21666666666667
    },
    {
      "numbers": [
        5,
        6,
        17,
        20,
        25,
        40
      ],
      "confidence": 70.21666666666667
    },
    {
      "numbers": [
        5,
        6,
        20,
        34,
        38,
        43
      ],
      "confidence": 69.96666666666667
    },
    {
      "numbers": [
        3,
        5,
        27,
        34,
        38,
        41
      ],
      "confidence": 69.96666666666667
    },
    {
      "numbers": [
        13,
        18,
        20,
        26,
        27,
        39
      ],
      "confidence": 69.93333333333334
    },
    {
      "numbers": [
        13,
        18,
        20,
        26,
        27,
        41
      ],
      "confidence": 69.93333333333334
    },
    {
      "numbers": [
        5,
        6,
        17,
        27,
        38,
        41
      ],
      "confidence": 69.79166666666667
    },
    {
      "numbers": [
        5,
        13,
        26,
        34,
        38,
        43
      ],
      "confidence": 69.79166666666667
    },
    {
      "numbers": [
        5,
        8,
        13,
        26,
        31,
        38
      ],
      "confidence": 69.75833333333334
    },
    {
      "numbers": [
        5,
        6,
        17,
        20,
        26,
        41
      ],
      "confidence": 69.75833333333334
    },
    {
      "numbers": [
        3,
        5,
        13,
        20,
        38,
        43
      ],
      "confidence": 69.55
    },
    {
      "numbers": [
        5,
        8,
        17,
        20,
        27,
        38
      ],
      "confidence": 69.55
    },
    {
      "numbers": [
        3,
        5,
        13,
        20,
        34,
        35
      ],
      "confidence": 69.51666666666667
    },
    {
      "numbers": [
        5,
        20,
        26,
        38,
        39,
        43
      ],
      "confidence": 69.50249587140368
    },
    {
      "numbers": [
        5,
        6,
        13,
        17,
        25,
        38
      ],
      "confidence": 69.45046677492589
    },
    {
      "numbers": [
        3,
        5,
        6,
        17,
        38,
        41
      ],
      "confidence": 69.3
    },
    {
      "numbers": [
        3,
        18,
        20,
        25,
        37,
        39
      ],
      "confidence": 69.3
    },
    {
      "numbers": [
        17,
        18,
        20,
        25,
        34,
        39
      ],
      "confidence": 69.26666666666668
    },
    {
      "numbers": [
        5,
        18,
        26,
        34,
        38,
        41
      ],
      "confidence": 69.125
    },
    {
      "numbers": [
        8,
        13,
        18,
        25,
        26,
        41
      ],
      "confidence": 69.09166666666667
    },
    {
      "numbers": [
        5,
        8,
        27,
        34,
        35,
        41
      ],
      "confidence": 69.09166666666667
    },
    {
      "numbers": [
        6,
        17,
        20,
        25,
        38,
        40
      ],