{
  "latest_round": 1011,
  "next_round": 1012,
  "hot_cold": {
    "hot": [
      [
        1,
        10
      ],
      [
        13,
        10
      ],
      [
        37,
        10
      ],
      [
        44,
        10
      ],
      [
        2,
        9
      ],
      [
        16,
        9
      ],
      [
        21,
        9
      ],
      [
        29,
        9
      ],
      [
        6,
        8
      ],
      [
        9,
        8
      ]
    ],
    "cold": [
      [
        5,
        2
      ],
      [
        19,
        3
      ],
      [
        32,
        3
      ],
      [
        40,
        3
      ],
      [
        22,
        4
      ],
      [
        30,
        4
      ],
      [
        10,
        5
      ],
      [
        20,
        5
      ],
      [
        27,
        5
      ],
      [
        28,
        5
      ]
    ],
    "overdue": [
      [
        5,
        3.896875
      ],
      [
        3,
        1.621951219512195
      ],
      [
        28,
        1.5185185185185186
      ]
    ]
  },
  "engine_predictions": {
    "advancedpattern": [
      1,
      9,
      12,
      26,
      35,
      38
    ],
    "gap": [
      1,
      7,
      13,
      19,
      25,
      31
    ],
    "graph": [
      17,
      18,
      20,
      33,
      34,
      43
    ],
    "lstm": [
      9,
      11,
      12,
      15,
      25,
      44
    ],
    "ml": [
      19,
      28,
      36,
      38,
      39,
      43
    ],
    "numerology": [
      17,
      22,
      23,
      24,
      25,
      31
    ],
    "pattern": [
      3,
      11,
      13,
      23,
      33,
      43
    ],
    "sequencecorrelation": [
      11,
      14,
      18,
      20,
      34,
      39
    ],
    "statistical": [
      3,
      4,
      5,
      13,
      28,
      42
    ],
    "timeseries": [
      8,
      14,
      15,
      32,
      33,
      45
    ]
  },
  "predicted_sets": [
    {
      "numbers": [
        1,
        9,
        12,
        25,
        38,
        43
      ],
      "confidence": 69.33333333333334
    },
    {
      "numbers": [
        11,
        13,
        20,
        25,
        38,
        43
      ],
      "confidence": 69.09166666666667
    },
    {
      "numbers": [
        9,
        12,
        25,
        34,
        39,
        43
      ],
      "confidence": 68.45833333333334
    },
    {
      "numbers": [
        3,
        12,
        13,
        25,
        38,
        43
      ],
      "confidence": 68.25
    },
    {
      "numbers": [
        1,
        12,
        17,
        19,
        25,
        38
      ],
      "confidence": 67.96666666666667
    },
    {
      "numbers": [
        1,
        9,
        20,
        34,
        38,
        43
      ],
      "confidence": 67.96666666666667
    },
    {
      "numbers": [
        1,
        13,
        20,
        25,
        26,
        39
      ],
      "confidence": 67.96666666666667
    },
    {
      "numbers": [
        11,
        25,
        26,
        33,
        34,
        39
      ],
      "confidence": 67.93333333333334
    },
    {
      "numbers": [
        11,
        12,
        19,
        25,
        26,
        43
      ],
      "confidence": 67.93333333333334
    },
    {
      "numbers": [
        9,
        11,
        13,
        14,
        25,
        34
      ],
      "confidence": 67.79381394852452
    },
    {
      "numbers": [
        1,
        17,
        20,
        26,
        33,
        43
      ],
      "confidence": 67.79166666666666
    },
    {
      "numbers": [
        3,
        12,
        17,
        18,
        25,
        43
      ],
      "confidence": 67.75833333333334
    },
    {
      "numbers": [
        12,
        14,
        25,
        34,
        38,
        43
      ],
      "confidence": 67.75833333333334
    },
    {
      "numbers": [
        1,
        18,
        20,
        33,
        39,
        43
      ],
      "confidence": 67.75833333333334
    },
    {
      "numbers": [
        12,
        15,
        25,
        34,
        38,
        43
      ],
      "confidence": 67.75833333333334
    },
    {
      "numbers": [
        1,
        9,
        18,
        20,
        33,
        43
      ],
      "confidence": 67.75833333333334
    },
    {
      "numbers": [
        9,
        12,
        13,
        18,
        34,
        43
      ],
      "confidence": 67.75833333333334
    },
    {
      "numbers": [
        1,
        13,
        15,
        25,
        34,
        38
      ],
      "confidence": 67.75833333333334
    },
    {
      "numbers": [
        14,
        17,
        25,
        26,
        33,
        43
      ],
      "confidence": 67.75833333333334
    },
    {
      "numbers": [
        9,
        12,
        13,
        18,
        33,
        43
      ],
      "confidence": 67.55
    },
    {
      "numbers": [
        11,
        13,
        14,
        26,
        33,
        43
      ],
      "confidence": 67.55
    },
    {
      "numbers": [
        1,
        9,
        17,
        20,
        25,
        34
      ],
      "confidence": 67.33548061519117
    },
    {
      "numbers": [
        9,
        15,
        17,
        18,
        26,
        33
      ],
      "confidence": 67.3
    },
    {
      "numbers": [
        12,
        15,
        20,
        26,
        34,
        43
      ],
      "confidence": 67.3
    },
    {
      "numbers": [
        1,
        17,
        20,
        25,
        26,
        38
      ],
      "confidence": 67.3
    },
    {
      "numbers": [
        1,
        17,
        19,
        20,
        33,
        34
      ],
      "confidence": 67.26666666666667
    },
    {
      "numbers": [
        1,
        12,
        33,
        34,
        38,
        39
      ],
      "confidence": 67.26666666666667
    },
    {
      "numbers": [
        1,
        12,
        19,
        20,
        33,
        38
      ],
      "confidence": 67.26666666666667
    },
    {
      "numbers": [
        11,
        13,
        15,
        20,
        34,
        38
      ],
      "confidence": 67.23333333333333
    },
    {
      "numbers": [
        3,
        12,
        20,
        26,
        38,
        43
      ],
      "confidence": 67.125
    },
    {
      "numbers": [
        9,
        11,
        13,
        18,
        26,
        38
      ],
      "confidence": 67.09166666666667
    },
    {
      "numbers": [
        1,
        12,
        33,
        35,
        38,
        43
      ],
      "confidence": 67.09166666666667
    },
    {
      "numbers": [
        9,
        11,
        25,
        26,
        38,
        39
      ],
      "confidence": 67.09166666666667
    },
    {
      "numbers": [
        9,
        12,
        13,
        17,
        18,
        43
      ],
      "confidence": 67.05833333333334
    },
    {
      "numbers": [
        1,
        11,
        15,
        20,
        33,
        34
      ],
      "confidence": 67.05833333333334
    },
    {
      "numbers": [
        15,
        17,
        25,
        33,
        34,
        38
      ],
      "confidence": 67.05833333333334
    },
    {
      "numbers": [
        11,
        14,
        15,
        18,
        34,
        43
      ],
      "confidence": 67.05833333333334
    },
    {
      "numbers": [
        9,
        11,
        13,
        14,
        34,
        38
      ],
      "confidence": 67.05833333333334
    },
    {
      "numbers": [
        9,
        12,
        13,
        14,
        26,
        33
      ],
      "confidence": 66.96048061519119
    },
    {
      "numbers": [
        1,
        11,
        17,
        18,
        25,
        38
      ],
      "confidence": 66.88333333333333
    },
    {
      "numbers": [
        1,
        11,
        18,
        34,
        38,
        43
      ],