{
  "latest_round": 582,
  "next_round": 583,
  "hot_cold": {
    "hot": [
      [
        20,
        13
      ],
      [
        26,
        12
      ],
      [
        34,
        12
      ],
      [
        32,
        11
      ],
      [
        12,
        10
      ],
      [
        17,
        10
      ],
      [
        5,
        9
      ],
      [
        14,
        9
      ],
      [
        31,
        9
      ],
      [
        43,
        9
      ]
    ],
    "cold": [
      [
        9,
        2
      ],
      [
        30,
        3
      ],
      [
        38,
        3
      ],
      [
        39,
        3
      ],
      [
        2,
        4
      ],
      [
        8,
        4
      ],
      [
        16,
        4
      ],
      [
        21,
        4
      ],
      [
        22,
        4
      ],
      [
        23,
        4
      ]
    ],
    "overdue": [
      [
        39,
        3.8844036697247706
      ],
      [
        36,
        3.758241758241758
      ],
      [
        28,
        2.9245283018867925
      ],
      [
        1,
        1.9105545617173525
      ],
      [
        27,
        1.8624338624338623
      ],
      [
        24,
        1.7056737588652482
      ],
      [
        26,
        1.654867256637168
      ],
      [
        23,
        1.625
      ],
      [
        29,
        1.5817223198594024
      ],
      [
        6,
        1.5459459459459461
      ]
    ]
  },
  "engine_predictions": {
    "advancedpattern": [
      2,
      12,
      14,
      33,
      40,
      41
    ],
    "gap": [
      1,
      7,
      13,
      19,
      25,
      31
    ],
    "graph": [
      1,
      4,
      20,
      26,
      37,
      40
    ],
    "lstm": [
      2,
      5,
      14,
      20,
      34,
      42
    ],
    "ml": [
      7,
      12,
      20,
      25,
      42,
      44
    ],
    "numerology": [
      13,
      17,
      22,
      23,
      25,
      31
    ],
    "pattern": [
      5,
      13,
      15,
      25,
      35,
      45
    ],
    "sequencecorrelation": [
      1,
      25,
      26,
      37,
      40,
      42
    ],
    "statistical": [
      1,
      23,
      26,
      27,
      28,
      36
    ],
    "timeseries": [
      1,
      4,
      25,
      28,
      43,
      45
    ]
  },
  "predicted_sets": [
    {
      "numbers": [
        1,
        14,
        25,
        33,
        40,
        42
      ],
      "confidence": 73.33333333333334
    },
    {
      "numbers": [
        1,
        20,
        25,
        26,
        28,
        37
      ],
      "confidence": 73.3
    },
    {
      "numbers": [
        1,
        7,
        14,
        25,
        28,
        40
      ],
      "confidence": 72.63333333333333
    },
    {
      "numbers": [
        1,
        2,
        13,
        26,
        37,
        40
      ],
      "confidence": 71.3
    },
    {
      "numbers": [
        1,
        7,
        25,
        28,
        33,
        40
      ],
      "confidence": 71.26666666666667
    },
    {
      "numbers": [
        1,
        14,
        25,
        33,
        40,
        43
      ],
      "confidence": 71.125
    },
    {
      "numbers": [
        12,
        13,
        25,
        28,
        40,
        42
      ],
      "confidence": 71.09166666666667
    },
    {
      "numbers": [
        1,
        5,
        25,
        26,
        42,
        43
      ],
      "confidence": 71.05833333333334
    },
    {
      "numbers": [
        1,
        4,
        5,
        25,
        37,
        40
      ],
      "confidence": 71.05833333333334
    },
    {
      "numbers": [
        1,
        14,
        25,
        40,
        41,
        45
      ],
      "confidence": 70.91666666666666
    },
    {
      "numbers": [
        2,
        14,
        23,
        25,
        40,
        41
      ],
      "confidence": 70.66666666666667
    },
    {
      "numbers": [
        2,
        14,
        25,
        37,
        40,
        43
      ],
      "confidence": 70.66666666666667
    },
    {
      "numbers": [
        12,
        13,
        20,
        25,
        37,
        41
      ],
      "confidence": 70.63333333333333
    },
    {
      "numbers": [
        1,
        20,
        25,
        40,
        41,
        43
      ],
      "confidence": 70.45922451884249
    },
    {
      "numbers": [
        1,
        14,
        25,
        28,
        33,
        41
      ],
      "confidence": 70.45833333333334
    },
    {
      "numbers": [
        1,
        12,
        13,
        20,
        28,
        40
      ],
      "confidence": 70.42500000000001
    },
    {
      "numbers": [
        1,
        2,
        13,
        26,
        42,
        45
      ],
      "confidence": 70.42500000000001
    },
    {
      "numbers": [
        1,
        7,
        14,
        40,
        42,
        43
      ],
      "confidence": 69.96666666666667
    },
    {
      "numbers": [
        1,
        4,
        13,
        40,
        42,
        43
      ],
      "confidence": 69.75833333333334
    },
    {
      "numbers": [
        2,
        12,
        20,
        23,
        25,
        37
      ],
      "confidence": 69.75833333333334
    },
    {
      "numbers": [
        1,
        14,
        20,
        37,
        40,
        45
      ],
      "confidence": 69.75833333333334
    },
    {
      "numbers": [
        5,
        7,
        23,
        25,
        26,
        40
      ],
      "confidence": 69.725
    },
    {
      "numbers": [
        2,
        12,
        25,
        40,
        42,
        43
      ],
      "confidence": 69.58333333333334
    },
    {
      "numbers": [
        1,
        14,
        20,
        26,
        33,
        41
      ],
      "confidence": 69.125
    },
    {
      "numbers": [
        2,
        4,
        20,
        25,
        33,
        43
      ],
      "confidence": 69.125
    },
    {
      "numbers": [
        1,
        2,
        14,
        33,
        40,
        42
      ],
      "confidence": 69.09166666666667
    },
    {
      "numbers": [
        7,
        12,
        25,
        28,
        42,
        43
      ],
      "confidence": 69.09166666666667
    },
    {
      "numbers": [
        13,
        14,
        20,
        25,
        28,
        33
      ],
      "confidence": 69.05833333333334
    },
    {
      "numbers": [
        4,
        13,
        25,
        33,
        40,
        43
      ],
      "confidence": 68.91666666666667
    },
    {
      "numbers": [
        1,
        5,
        14,
        20,
        26,
        41
      ],
      "confidence": 68.85071936420331
    },
    {
      "numbers": [
        1,
        4,
        14,
        20,
        23,
        45
      ],
      "confidence": 68.85071936420331
    },
    {
      "numbers": [
        13,
        14,
        20,
        25,
        33,
        40
      ],
      "confidence": 68.85
    },
    {
      "numbers": [
        5,
        20,
        26,
        28,
        37,
        41
      ],
      "confidence": 68.66666666666666
    },
    {
      "numbers": [
        2,
        13,
        14,
        20,
        28,
        37
      ],
      "confidence": 68.63333333333333
    },
    {
      "numbers": [
        5,
        7,
        14,
        20,
        23,
        42
      ],
      "confidence": 68.63333333333333
    },
    {
      "numbers": [
        7,
        13,
        14,
        20,
        28,
        45
      ],
      "confidence": 68.63333333333333
    },
    {
      "numbers": [
        13,
        14,
        26,
        28,
        37,
        40
      ],
      "confidence": 68.6
    },
    {
      "numbers": [
        2,
        12,
        26,
        37,
        40,
        45
      ],
      "confidence": 68.45833333333334
    },
    {
      "numbers": [
        1,
        2,
        14,
        26,
        33,
        43
      ],