{
  "latest_round": 1102,
  "next_round": 1103,
  "hot_cold": {
    "hot": [
      [
        22,
        12
      ],
      [
        45,
        12
      ],
      [
        30,
        11
      ],
      [
        6,
        10
      ],
      [
        7,
        10
      ],
      [
        18,
        10
      ],
      [
        23,
        10
      ],
      [
        40,
        10
      ],
      [
        14,
        9
      ],
      [
        19,
        9
      ]
    ],
    "cold": [
      [
        5,
        0
      ],
      [
        2,
        1
      ],
      [
        39,
        1
      ],
      [
        15,
        2
      ],
      [
        9,
        3
      ],
      [
        25,
        3
      ],
      [
        17,
        4
      ],
      [
        41,
        4
      ],
      [
        42,
        4
      ],
      [
        8,
        5
      ]
    ],
    "overdue": [
      [
        5,
        6.747572815533981
      ],
      [
        2,
        4.1080827067669174
      ],
      [
        32,
        2.3703703703703702
      ],
      [
        27,
        2.319482917820868
      ],
      [
        9,
        2.2381835032437443
      ],
      [
        25,
        2.007380073800738
      ],
      [
        39,
        1.9444444444444444
      ],
      [
        11,
        1.9096774193548387
      ],
      [
        44,
        1.883116883116883
      ],
      [
        4,
        1.7574074074074073
      ]
    ]
  },
  "engine_predictions": {
    "advancedpattern": [
      13,
      14,
      22,
      26,
      37,
      38
    ],
    "gap": [
      1,
      7,
      13,
      19,
      25,
      31
    ],
    "graph": [
      6,
      18,
      34,
      37,
      38,
      45
    ],
    "lstm": [
      13,
      14,
      26,
      28,
      40,
      43
    ],
    "ml": [
      11,
      13,
      21,
      22,
      26,
      42
    ],
    "numerology": [
      17,
      23,
      24,
      25,
      26,
      31
    ],
    "pattern": [
      3,
      11,
      13,
      23,
      33,
      43
    ],
    "sequencecorrelation": [
      7,
      18,
      21,
      26,
      27,
      31
    ],
    "statistical": [
      4,
      9,
      18,
      27,
      32,
      44
    ],
    "timeseries": [
      2,
      9,
      15,
      39,
      43,
      44
    ]
  },
  "predicted_sets": [
    {
      "numbers": [
        9,
        13,
        22,
        26,
        37,
        44
      ],
      "confidence": 72.0
    },
    {
      "numbers": [
        7,
        13,
        18,
        26,
        38,
        43
      ],
      "confidence": 71.58333333333334
    },
    {
      "numbers": [
        9,
        11,
        13,
        14,
        26,
        38
      ],
      "confidence": 71.3
    },
    {
      "numbers": [
        7,
        13,
        21,
        25,
        26,
        38
      ],
      "confidence": 71.3
    },
    {
      "numbers": [
        13,
        18,
        21,
        22,
        26,
        37
      ],
      "confidence": 71.26666666666667
    },
    {
      "numbers": [
        13,
        18,
        21,
        22,
        26,
        40
      ],
      "confidence": 70.6
    },
    {
      "numbers": [
        11,
        13,
        26,
        34,
        37,
        43
      ],
      "confidence": 70.42500000000001
    },
    {
      "numbers": [
        7,
        13,
        14,
        21,
        26,
        44
      ],
      "confidence": 70.42500000000001
    },
    {
      "numbers": [
        7,
        14,
        22,
        26,
        40,
        43
      ],
      "confidence": 70.0
    },
    {
      "numbers": [
        7,
        13,
        18,
        22,
        31,
        34
      ],
      "confidence": 69.96666666666667
    },
    {
      "numbers": [
        7,
        14,
        23,
        26,
        31,
        38
      ],
      "confidence": 69.96666666666667
    },
    {
      "numbers": [
        7,
        9,
        25,
        26,
        38,
        43
      ],
      "confidence": 69.96666666666667
    },
    {
      "numbers": [
        11,
        14,
        26,
        37,
        38,
        43
      ],
      "confidence": 69.96666666666667
    },
    {
      "numbers": [
        7,
        13,
        25,
        26,
        34,
        40
      ],
      "confidence": 69.96666666666667
    },
    {
      "numbers": [
        7,
        13,
        18,
        31,
        37,
        44
      ],
      "confidence": 69.75833333333334
    },
    {
      "numbers": [
        11,
        13,
        21,
        26,
        40,
        44
      ],
      "confidence": 69.75833333333334
    },
    {
      "numbers": [
        7,
        13,
        17,
        21,
        26,
        38
      ],
      "confidence": 69.75833333333334
    },
    {
      "numbers": [
        13,
        14,
        21,
        23,
        26,
        37
      ],
      "confidence": 69.725
    },
    {
      "numbers": [
        13,
        21,
        22,
        26,
        27,
        37
      ],
      "confidence": 69.725
    },
    {
      "numbers": [
        11,
        13,
        18,
        21,
        26,
        27
      ],
      "confidence": 69.69166666666666
    },
    {
      "numbers": [
        11,
        13,
        18,
        22,
        23,
        26
      ],
      "confidence": 69.69166666666666
    },
    {
      "numbers": [
        7,
        13,
        14,
        17,
        26,
        43
      ],
      "confidence": 69.55
    },
    {
      "numbers": [
        13,
        22,
        23,
        26,
        27,
        43
      ],
      "confidence": 69.51666666666667
    },
    {
      "numbers": [
        7,
        11,
        13,
        18,
        40,
        44
      ],
      "confidence": 69.3
    },
    {
      "numbers": [
        9,
        11,
        13,
        22,
        27,
        38
      ],
      "confidence": 69.3
    },
    {
      "numbers": [
        14,
        17,
        18,
        22,
        26,
        43
      ],
      "confidence": 69.26666666666668
    },
    {
      "numbers": [
        7,
        13,
        21,
        23,
        38,
        44
      ],
      "confidence": 69.125
    },
    {
      "numbers": [
        13,
        18,
        22,
        27,
        37,
        44
      ],
      "confidence": 69.09166666666667
    },
    {
      "numbers": [
        9,
        23,
        26,
        27,
        38,
        43
      ],
      "confidence": 69.09166666666667
    },
    {
      "numbers": [
        13,
        18,
        21,
        22,
        40,
        43
      ],
      "confidence": 69.09166666666667
    },
    {
      "numbers": [
        7,
        9,
        11,
        26,
        31,
        38
      ],
      "confidence": 69.09166666666667
    },
    {
      "numbers": [
        14,
        18,
        26,
        27,
        34,
        43
      ],
      "confidence": 69.09166666666667
    },
    {
      "numbers": [
        7,
        14,
        17,
        18,
        26,
        43
      ],
      "confidence": 69.09166666666667
    },
    {
      "numbers": [
        14,
        18,
        26,
        27,
        31,
        37
      ],
      "confidence": 69.05833333333334
    },
    {
      "numbers": [
        11,
        18,
        23,
        26,
        31,
        37
      ],
      "confidence": 69.05833333333334
    },
    {
      "numbers": [
        11,
        13,
        14,
        17,
        26,
        37
      ],
      "confidence": 69.05833333333334
    },
    {
      "numbers": [
        11,
        13,
        17,
        18,
        23,
        26
      ],
      "confidence": 69.025
    },
    {
      "numbers": [
        13,
        14,
        17,
        26,
        37,
        44
      ],
      "confidence": 68.88333333333333
    },
    {
      "numbers": [
        14,
        21,
        23,
        26,
        31,
        43
      ],