{
  "latest_round": 1202,
  "next_round": 1203,
  "hot_cold": {
    "hot": [
      [
        7,
        10
      ],
      [
        16,
        10
      ],
      [
        27,
        10
      ],
      [
        3,
        9
      ],
      [
        9,
        9
      ],
      [
        12,
        9
      ],
      [
        24,
        9
      ],
      [
        37,
        9
      ],
      [
        38,
        9
      ],
      [
        39,
        9
      ]
    ],
    "cold": [
      [
        2,
        4
      ],
      [
        10,
        4
      ],
      [
        14,
        4
      ],
      [
        22,
        4
      ],
      [
        34,
        4
      ],
      [
        43,
        4
      ],
      [
        44,
        4
      ],
      [
        11,
        5
      ],
      [
        17,
        5
      ],
      [
        18,
        5
      ]
    ],
    "overdue": [
      [
        42,
        3.4526854219948846
      ],
      [
        18,
        3.224137931034483
      ],
      [
        44,
        3.0889649272882806
      ],
      [
        14,
        2.5627118644067797
      ],
      [
        17,
        2.385204081632653
      ],
      [
        22,
        1.6561702127659574
      ],
      [
        11,
        1.5
      ]
    ]
  },
  "engine_predictions": {
    "advancedpattern": [
      5,
      12,
      21,
      33,
      37,
      40
    ],
    "gap": [
      1,
      7,
      13,
      19,
      25,
      31
    ],
    "graph": [
      12,
      13,
      24,
      27,
      33,
      40
    ],
    "lstm": [
      5,
      12,
      16,
      24,
      33,
      40
    ],
    "ml": [
      16,
      29,
      31,
      38,
      40,
      41
    ],
    "numerology": [
      13,
      16,
      17,
      22,
      23,
      25
    ],
    "pattern": [
      3,
      11,
      13,
      23,
      33,
      43
    ],
    "sequencecorrelation": [
      13,
      27,
      37,
      38,
      41,
      43
    ],
    "statistical": [
      11,
      14,
      17,
      18,
      42,
      44
    ],
    "timeseries": [
      3,
      6,
      11,
      15,
      19,
      44
    ]
  },
  "predicted_sets": [
    {
      "numbers": [
        11,
        12,
        13,
        19,
        27,
        40
      ],
      "confidence": 71.26666666666667
    },
    {
      "numbers": [
        5,
        12,
        13,
        27,
        33,
        44
      ],
      "confidence": 71.125
    },
    {
      "numbers": [
        11,
        13,
        16,
        33,
        40,
        41
      ],
      "confidence": 70.85
    },
    {
      "numbers": [
        5,
        12,
        21,
        33,
        40,
        44
      ],
      "confidence": 70.66666666666667
    },
    {
      "numbers": [
        5,
        12,
        33,
        37,
        40,
        41
      ],
      "confidence": 70.63333333333333
    },
    {
      "numbers": [
        12,
        13,
        17,
        19,
        24,
        40
      ],
      "confidence": 70.6
    },
    {
      "numbers": [
        5,
        11,
        16,
        33,
        38,
        40
      ],
      "confidence": 70.6
    },
    {
      "numbers": [
        12,
        16,
        17,
        33,
        40,
        41
      ],
      "confidence": 70.6
    },
    {
      "numbers": [
        12,
        13,
        16,
        17,
        38,
        40
      ],
      "confidence": 70.56666666666666
    },
    {
      "numbers": [
        5,
        12,
        13,
        37,
        40,
        43
      ],
      "confidence": 70.42500000000001
    },
    {
      "numbers": [
        3,
        11,
        12,
        33,
        40,
        44
      ],
      "confidence": 70.42500000000001
    },
    {
      "numbers": [
        11,
        12,
        13,
        19,
        33,
        44
      ],
      "confidence": 70.39166666666667
    },
    {
      "numbers": [
        3,
        11,
        13,
        24,
        40,
        41
      ],
      "confidence": 70.25
    },
    {
      "numbers": [
        11,
        12,
        13,
        16,
        33,
        41
      ],
      "confidence": 70.18333333333334
    },
    {
      "numbers": [
        3,
        16,
        24,
        37,
        40,
        41
      ],
      "confidence": 70.0
    },
    {
      "numbers": [
        5,
        12,
        24,
        27,
        40,
        41
      ],
      "confidence": 70.0
    },
    {
      "numbers": [
        5,
        12,
        16,
        17,
        40,
        44
      ],
      "confidence": 69.96666666666667
    },
    {
      "numbers": [
        5,
        12,
        13,
        17,
        19,
        40
      ],
      "confidence": 69.92820736558392
    },
    {
      "numbers": [
        12,
        13,
        16,
        17,
        19,
        33
      ],
      "confidence": 69.69166666666666
    },
    {
      "numbers": [
        11,
        12,
        13,
        17,
        33,
        38
      ],
      "confidence": 69.69166666666666
    },
    {
      "numbers": [
        3,
        12,
        24,
        33,
        40,
        43
      ],
      "confidence": 69.58333333333334
    },
    {
      "numbers": [
        3,
        12,
        13,
        31,
        33,
        44
      ],
      "confidence": 69.55
    },
    {
      "numbers": [
        11,
        12,
        23,
        33,
        40,
        41
      ],
      "confidence": 69.55
    },
    {
      "numbers": [
        5,
        12,
        31,
        38,
        40,
        43
      ],
      "confidence": 69.3
    },
    {
      "numbers": [
        5,
        12,
        23,
        24,
        38,
        40
      ],
      "confidence": 69.3
    },
    {
      "numbers": [
        11,
        12,
        16,
        19,
        37,
        40
      ],
      "confidence": 69.23333333333333
    },
    {
      "numbers": [
        3,
        12,
        24,
        27,
        33,
        41
      ],
      "confidence": 69.125
    },
    {
      "numbers": [
        5,
        11,
        24,
        37,
        40,
        41
      ],
      "confidence": 69.125
    },
    {
      "numbers": [
        3,
        11,
        16,
        37,
        40,
        41
      ],
      "confidence": 69.09166666666667
    },
    {
      "numbers": [
        12,
        13,
        16,
        21,
        37,
        41
      ],
      "confidence": 69.09166666666667
    },
    {
      "numbers": [
        11,
        12,
        23,
        37,
        40,
        41
      ],
      "confidence": 69.09166666666667
    },
    {
      "numbers": [
        5,
        11,
        12,
        19,
        40,
        41
      ],
      "confidence": 69.09166666666667
    },
    {
      "numbers": [
        3,
        13,
        21,
        24,
        37,
        40
      ],
      "confidence": 69.09166666666667
    },
    {
      "numbers": [
        3,
        11,
        33,
        37,
        38,
        40
      ],
      "confidence": 69.05833333333334
    },
    {
      "numbers": [
        11,
        13,
        16,
        24,
        27,
        31
      ],
      "confidence": 69.05833333333334
    },
    {
      "numbers": [
        5,
        12,
        16,
        23,
        33,
        43
      ],
      "confidence": 68.91666666666667
    },
    {
      "numbers": [
        3,
        12,
        31,
        33,
        40,
        43
      ],
      "confidence": 68.88333333333333
    },
    {
      "numbers": [
        5,
        24,
        31,
        33,
        37,
        40
      ],
      "confidence": 68.77956621195108
    },
    {
      "numbers": [
        13,
        19,
        24,
        33,
        40,
        43
      ],
      "confidence": 68.72956621195107
    },
    {
      "numbers": [
        3,
        16,
        19,
        27,
        38,
        44
      ],