{
  "latest_round": 202,
  "next_round": 203,
  "hot_cold": {
    "hot": [
      [
        45,
        12
      ],
      [
        18,
        11
      ],
      [
        19,
        11
      ],
      [
        34,
        11
      ],
      [
        39,
        11
      ],
      [
        14,
        9
      ],
      [
        30,
        9
      ],
      [
        13,
        8
      ],
      [
        21,
        8
      ],
      [
        35,
        8
      ]
    ],
    "cold": [
      [
        17,
        3
      ],
      [
        23,
        3
      ],
      [
        7,
        4
      ],
      [
        15,
        4
      ],
      [
        28,
        4
      ],
      [
        38,
        4
      ],
      [
        3,
        5
      ],
      [
        9,
        5
      ],
      [
        10,
        5
      ],
      [
        22,
        5
      ]
    ],
    "overdue": [
      [
        43,
        3.7375
      ],
      [
        28,
        3.6486486486486487
      ],
      [
        2,
        2.5
      ],
      [
        9,
        2.3389830508474576
      ],
      [
        1,
        2.215909090909091
      ],
      [
        29,
        2.0161290322580645
      ],
      [
        18,
        1.6127167630057802
      ],
      [
        4,
        1.5846994535519126
      ]
    ]
  },
  "engine_predictions": {
    "advancedpattern": [
      12,
      14,
      27,
      33,
      39,
      44
    ],
    "gap": [
      1,
      7,
      13,
      19,
      25,
      31
    ],
    "graph": [
      4,
      25,
      30,
      34,
      36,
      42
    ],
    "lstm": [
      12,
      14,
      20,
      39,
      44,
      45
    ],
    "ml": [
      3,
      14,
      15,
      17,
      43,
      44
    ],
    "numerology": [
      17,
      22,
      23,
      24,
      25,
      31
    ],
    "pattern": [
      3,
      13,
      23,
      33,
      35,
      43
    ],
    "sequencecorrelation": [
      6,
      17,
      30,
      36,
      39,
      42
    ],
    "statistical": [
      1,
      2,
      4,
      18,
      29,
      43
    ],
    "timeseries": [
      2,
      4,
      15,
      23,
      29,
      31
    ]
  },
  "predicted_sets": [
    {
      "numbers": [
        2,
        14,
        17,
        25,
        39,
        44
      ],
      "confidence": 70.45833333333334
    },
    {
      "numbers": [
        4,
        12,
        15,
        17,
        31,
        43
      ],
      "confidence": 69.96666666666667
    },
    {
      "numbers": [
        12,
        14,
        17,
        23,
        25,
        39
      ],
      "confidence": 69.93333333333334
    },
    {
      "numbers": [
        4,
        14,
        29,
        31,
        42,
        43
      ],
      "confidence": 69.79166666666667
    },
    {
      "numbers": [
        2,
        14,
        17,
        23,
        36,
        44
      ],
      "confidence": 69.79166666666667
    },
    {
      "numbers": [
        14,
        17,
        25,
        30,
        39,
        44
      ],
      "confidence": 69.75833333333334
    },
    {
      "numbers": [
        14,
        17,
        23,
        25,
        36,
        44
      ],
      "confidence": 69.75833333333334
    },
    {
      "numbers": [
        2,
        25,
        29,
        31,
        43,
        44
      ],
      "confidence": 69.7383385795797
    },
    {
      "numbers": [
        2,
        15,
        17,
        31,
        36,
        43
      ],
      "confidence": 69.3
    },
    {
      "numbers": [
        2,
        15,
        17,
        33,
        39,
        44
      ],
      "confidence": 69.3
    },
    {
      "numbers": [
        3,
        12,
        17,
        25,
        30,
        31
      ],
      "confidence": 69.3
    },
    {
      "numbers": [
        2,
        14,
        17,
        30,
        33,
        39
      ],
      "confidence": 69.3
    },
    {
      "numbers": [
        12,
        14,
        15,
        17,
        39,
        43
      ],
      "confidence": 69.26666666666668
    },
    {
      "numbers": [
        1,
        15,
        23,
        36,
        43,
        44
      ],
      "confidence": 69.125
    },
    {
      "numbers": [
        4,
        12,
        25,
        31,
        36,
        42
      ],
      "confidence": 69.125
    },
    {
      "numbers": [
        4,
        15,
        23,
        27,
        31,
        44
      ],
      "confidence": 69.125
    },
    {
      "numbers": [
        12,
        14,
        25,
        29,
        39,
        43
      ],
      "confidence": 69.09166666666667
    },
    {
      "numbers": [
        4,
        15,
        17,
        33,
        39,
        44
      ],
      "confidence": 69.09166666666667
    },
    {
      "numbers": [
        12,
        17,
        23,
        31,
        33,
        44
      ],
      "confidence": 69.09166666666667
    },
    {
      "numbers": [
        12,
        14,
        23,
        31,
        36,
        44
      ],
      "confidence": 69.09166666666667
    },
    {
      "numbers": [
        12,
        17,
        23,
        30,
        31,
        43
      ],
      "confidence": 69.09166666666667
    },
    {
      "numbers": [
        4,
        17,
        31,
        33,
        36,
        43
      ],
      "confidence": 69.09166666666667
    },
    {
      "numbers": [
        2,
        3,
        14,
        17,
        39,
        43
      ],
      "confidence": 69.09166666666667
    },
    {
      "numbers": [
        12,
        14,
        25,
        33,
        39,
        43
      ],
      "confidence": 69.09166666666667
    },
    {
      "numbers": [
        3,
        4,
        14,
        25,
        36,
        39
      ],
      "confidence": 69.09166666666667
    },
    {
      "numbers": [
        4,
        12,
        23,
        36,
        43,
        44
      ],
      "confidence": 68.91666666666667
    },
    {
      "numbers": [
        4,
        12,
        23,
        29,
        39,
        44
      ],
      "confidence": 68.91666666666667
    },
    {
      "numbers": [
        4,
        17,
        29,
        33,
        39,
        44
      ],
      "confidence": 68.91666666666667
    },
    {
      "numbers": [
        3,
        14,
        17,
        23,
        25,
        44
      ],
      "confidence": 68.88333333333333
    },
    {
      "numbers": [
        4,
        14,
        23,
        25,
        30,
        44
      ],
      "confidence": 68.88333333333333
    },
    {
      "numbers": [
        12,
        14,
        17,
        25,
        30,
        36
      ],
      "confidence": 68.6
    },
    {
      "numbers": [
        3,
        12,
        15,
        30,
        39,
        43
      ],
      "confidence": 68.45833333333334
    },
    {
      "numbers": [
        2,
        14,
        27,
        31,
        36,
        44
      ],
      "confidence": 68.45833333333334
    },
    {
      "numbers": [
        2,
        4,
        12,
        23,
        31,
        36
      ],
      "confidence": 68.42500000000001
    },
    {
      "numbers": [
        1,
        14,
        15,
        23,
        31,
        36
      ],
      "confidence": 68.42500000000001
    },
    {
      "numbers": [
        1,
        25,
        31,
        33,
        36,
        44
      ],
      "confidence": 68.42500000000001
    },
    {
      "numbers": [
        3,
        4,
        29,
        31,
        36,
        44
      ],
      "confidence": 68.42500000000001
    },
    {
      "numbers": [
        3,
        14,
        17,
        31,
        33,
        42
      ],
      "confidence": 68.42500000000001
    },
    {
      "numbers": [
        4,
        12,
        17,
        27,
        31,
        39
      ],