{
  "latest_round": 1179,
  "next_round": 1180,
  "hot_cold": {
    "hot": [
      [
        7,
        12
      ],
      [
        27,
        11
      ],
      [
        3,
        10
      ],
      [
        38,
        10
      ],
      [
        6,
        9
      ],
      [
        9,
        9
      ],
      [
        15,
        9
      ],
      [
        19,
        9
      ],
      [
        21,
        9
      ],
      [
        11,
        8
      ]
    ],
    "cold": [
      [
        23,
        3
      ],
      [
        41,
        3
      ],
      [
        1,
        4
      ],
      [
        4,
        4
      ],
      [
        10,
        4
      ],
      [
        22,
        4
      ],
      [
        43,
        4
      ],
      [
        5,
        5
      ],
      [
        14,
        5
      ],
      [
        17,
        5
      ]
    ],
    "overdue": [
      [
        10,
        3.2027729636048528
      ],
      [
        41,
        2.797567332754127
      ],
      [
        2,
        2.0484429065743943
      ],
      [
        45,
        2.0277536860364265
      ],
      [
        22,
        2.0269799825935597
      ],
      [
        29,
        1.6291845493562231
      ],
      [
        31,
        1.6185567010309279
      ],
      [
        25,
        1.6082474226804122
      ],
      [
        33,
        1.5646958011996572
      ],
      [
        37,
        1.5364181662382177
      ]
    ]
  },
  "engine_predictions": {
    "advancedpattern": [
      3,
      16,
      18,
      24,
      40,
      44
    ],
    "gap": [
      1,
      7,
      13,
      19,
      25,
      31
    ],
    "graph": [
      12,
      13,
      20,
      24,
      27,
      34
    ],
    "lstm": [
      3,
      6,
      7,
      11,
      16,
      44
    ],
    "ml": [
      7,
      16,
      25,
      26,
      27,
      44
    ],
    "numerology": [
      17,
      22,
      23,
      24,
      25,
      31
    ],
    "pattern": [
      3,
      11,
      13,
      23,
      33,
      43
    ],
    "sequencecorrelation": [
      14,
      24,
      33,
      37,
      39,
      40
    ],
    "statistical": [
      2,
      25,
      29,
      37,
      38,
      45
    ],
    "timeseries": [
      2,
      22,
      23,
      25,
      38,
      45
    ]
  },
  "predicted_sets": [
    {
      "numbers": [
        3,
        16,
        24,
        25,
        40,
        44
      ],
      "confidence": 72.45833333333334
    },
    {
      "numbers": [
        3,
        11,
        24,
        25,
        40,
        44
      ],
      "confidence": 71.79166666666666
    },
    {
      "numbers": [
        2,
        16,
        24,
        25,
        33,
        44
      ],
      "confidence": 71.79166666666666
    },
    {
      "numbers": [
        3,
        11,
        24,
        25,
        37,
        40
      ],
      "confidence": 71.3
    },
    {
      "numbers": [
        3,
        7,
        25,
        38,
        40,
        44
      ],
      "confidence": 71.3
    },
    {
      "numbers": [
        7,
        16,
        25,
        27,
        33,
        44
      ],
      "confidence": 71.125
    },
    {
      "numbers": [
        7,
        13,
        22,
        25,
        33,
        44
      ],
      "confidence": 71.125
    },
    {
      "numbers": [
        7,
        13,
        16,
        24,
        40,
        44
      ],
      "confidence": 71.125
    },
    {
      "numbers": [
        2,
        7,
        24,
        25,
        33,
        44
      ],
      "confidence": 71.09166666666667
    },
    {
      "numbers": [
        7,
        13,
        24,
        25,
        37,
        38
      ],
      "confidence": 71.09166666666667
    },
    {
      "numbers": [
        2,
        13,
        16,
        24,
        40,
        45
      ],
      "confidence": 70.66666666666667
    },
    {
      "numbers": [
        3,
        16,
        22,
        24,
        31,
        45
      ],
      "confidence": 70.66666666666667
    },
    {
      "numbers": [
        11,
        16,
        22,
        23,
        25,
        44
      ],
      "confidence": 70.6
    },
    {
      "numbers": [
        3,
        11,
        25,
        33,
        40,
        44
      ],
      "confidence": 70.45833333333334
    },
    {
      "numbers": [
        2,
        11,
        23,
        24,
        25,
        45
      ],
      "confidence": 70.42500000000001
    },
    {
      "numbers": [
        2,
        3,
        18,
        24,
        25,
        44
      ],
      "confidence": 70.42500000000001
    },
    {
      "numbers": [
        3,
        7,
        16,
        22,
        25,
        45
      ],
      "confidence": 70.42500000000001
    },
    {
      "numbers": [
        2,
        3,
        24,
        25,
        37,
        45
      ],
      "confidence": 70.42500000000001
    },
    {
      "numbers": [
        3,
        16,
        23,
        24,
        40,
        44
      ],
      "confidence": 70.25
    },
    {
      "numbers": [
        3,
        16,
        27,
        31,
        38,
        44
      ],
      "confidence": 70.0
    },
    {
      "numbers": [
        3,
        11,
        24,
        27,
        40,
        45
      ],
      "confidence": 70.0
    },
    {
      "numbers": [
        2,
        24,
        25,
        31,
        37,
        43
      ],
      "confidence": 69.96666666666667
    },
    {
      "numbers": [
        3,
        11,
        22,
        25,
        27,
        38
      ],
      "confidence": 69.96666666666667
    },
    {
      "numbers": [
        2,
        7,
        16,
        24,
        31,
        40
      ],
      "confidence": 69.96666666666667
    },
    {
      "numbers": [
        2,
        16,
        25,
        27,
        31,
        45
      ],
      "confidence": 69.79166666666667
    },
    {
      "numbers": [
        13,
        16,
        25,
        27,
        38,
        45
      ],
      "confidence": 69.75833333333334
    },
    {
      "numbers": [
        3,
        18,
        24,
        25,
        37,
        38
      ],
      "confidence": 69.75833333333334
    },
    {
      "numbers": [
        2,
        3,
        16,
        25,
        31,
        33
      ],
      "confidence": 69.75833333333334
    },
    {
      "numbers": [
        7,
        11,
        16,
        38,
        44,
        45
      ],
      "confidence": 69.3
    },
    {
      "numbers": [
        2,
        7,
        25,
        33,
        38,
        40
      ],
      "confidence": 69.26666666666668
    },
    {
      "numbers": [
        2,
        23,
        25,
        27,
        31,
        38
      ],
      "confidence": 69.26666666666668
    },
    {
      "numbers": [
        2,
        13,
        25,
        38,
        40,
        43
      ],
      "confidence": 69.125
    },
    {
      "numbers": [
        3,
        7,
        16,
        33,
        40,
        44
      ],
      "confidence": 69.09166666666667
    },
    {
      "numbers": [
        3,
        18,
        24,
        25,
        27,
        43
      ],
      "confidence": 69.09166666666667
    },
    {
      "numbers": [
        7,
        13,
        16,
        22,
        23,
        45
      ],
      "confidence": 69.09166666666667
    },
    {
      "numbers": [
        7,
        18,
        22,
        23,
        25,
        38
      ],
      "confidence": 69.09166666666667
    },
    {
      "numbers": [
        2,
        3,
        7,
        25,
        37,
        38
      ],
      "confidence": 69.05833333333334
    },
    {
      "numbers": [
        2,
        3,
        7,
        24,
        44,
        45
      ],
      "confidence": 69.05833333333334
    },
    {
      "numbers": [
        3,
        16,
        23,
        27,
        33,
        44
      ],