{
  "latest_round": 412,
  "next_round": 413,
  "hot_cold": {
    "hot": [
      [
        22,
        13
      ],
      [
        40,
        12
      ],
      [
        1,
        10
      ],
      [
        21,
        10
      ],
      [
        24,
        10
      ],
      [
        7,
        9
      ],
      [
        11,
        9
      ],
      [
        15,
        9
      ],
      [
        20,
        9
      ],
      [
        26,
        9
      ]
    ],
    "cold": [
      [
        23,
        2
      ],
      [
        3,
        3
      ],
      [
        30,
        3
      ],
      [
        33,
        3
      ],
      [
        38,
        3
      ],
      [
        2,
        4
      ],
      [
        4,
        4
      ],
      [
        35,
        4
      ],
      [
        36,
        4
      ],
      [
        6,
        5
      ]
    ],
    "overdue": [
      [
        29,
        3.0387596899224807
      ],
      [
        8,
        2.604166666666667
      ],
      [
        17,
        2.066666666666667
      ],
      [
        34,
        1.8061224489795917
      ],
      [
        19,
        1.5288220551378444
      ],
      [
        43,
        1.5261780104712042
      ]
    ]
  },
  "engine_predictions": {
    "advancedpattern": [
      4,
      7,
      39,
      41,
      42,
      45
    ],
    "gap": [
      1,
      7,
      13,
      19,
      25,
      31
    ],
    "graph": [
      1,
      3,
      5,
      10,
      37,
      40
    ],
    "lstm": [
      7,
      21,
      24,
      37,
      39,
      40
    ],
    "ml": [
      15,
      26,
      28,
      30,
      32,
      36
    ],
    "numerology": [
      17,
      22,
      23,
      24,
      25,
      31
    ],
    "pattern": [
      5,
      11,
      15,
      25,
      35,
      45
    ],
    "sequencecorrelation": [
      16,
      24,
      25,
      36,
      37,
      42
    ],
    "statistical": [
      8,
      17,
      19,
      29,
      34,
      43
    ],
    "timeseries": [
      10,
      17,
      23,
      24,
      33,
      36
    ]
  },
  "predicted_sets": [
    {
      "numbers": [
        7,
        17,
        24,
        25,
        39,
        42
      ],
      "confidence": 71.125
    },
    {
      "numbers": [
        1,
        24,
        25,
        36,
        37,
        45
      ],
      "confidence": 70.42500000000001
    },
    {
      "numbers": [
        17,
        23,
        24,
        25,
        37,
        42
      ],
      "confidence": 70.42500000000001
    },
    {
      "numbers": [
        1,
        17,
        23,
        24,
        39,
        42
      ],
      "confidence": 70.0
    },
    {
      "numbers": [
        7,
        15,
        24,
        36,
        40,
        41
      ],
      "confidence": 70.0
    },
    {
      "numbers": [
        7,
        15,
        23,
        24,
        40,
        42
      ],
      "confidence": 70.0
    },
    {
      "numbers": [
        7,
        10,
        19,
        25,
        31,
        36
      ],
      "confidence": 69.96666666666667
    },
    {
      "numbers": [
        5,
        7,
        10,
        24,
        36,
        42
      ],
      "confidence": 69.96666666666667
    },
    {
      "numbers": [
        7,
        17,
        23,
        24,
        40,
        42
      ],
      "confidence": 69.79166666666667
    },
    {
      "numbers": [
        7,
        17,
        19,
        25,
        36,
        40
      ],
      "confidence": 69.75833333333334
    },
    {
      "numbers": [
        1,
        24,
        25,
        31,
        36,
        42
      ],
      "confidence": 69.75833333333334
    },
    {
      "numbers": [
        1,
        7,
        17,
        24,
        36,
        37
      ],
      "confidence": 69.55
    },
    {
      "numbers": [
        1,
        17,
        23,
        36,
        42,
        45
      ],
      "confidence": 69.33333333333334
    },
    {
      "numbers": [
        15,
        17,
        24,
        31,
        39,
        42
      ],
      "confidence": 69.3
    },
    {
      "numbers": [
        1,
        17,
        23,
        24,
        31,
        42
      ],
      "confidence": 69.125
    },
    {
      "numbers": [
        7,
        15,
        24,
        34,
        36,
        42
      ],
      "confidence": 69.125
    },
    {
      "numbers": [
        7,
        15,
        19,
        24,
        39,
        42
      ],
      "confidence": 69.125
    },
    {
      "numbers": [
        10,
        24,
        25,
        36,
        37,
        42
      ],
      "confidence": 69.11335360621379
    },
    {
      "numbers": [
        1,
        10,
        19,
        24,
        25,
        39
      ],
      "confidence": 69.09166666666667
    },
    {
      "numbers": [
        4,
        7,
        24,
        25,
        31,
        42
      ],
      "confidence": 69.09166666666667
    },
    {
      "numbers": [
        1,
        7,
        17,
        24,
        42,
        45
      ],
      "confidence": 69.09166666666667
    },
    {
      "numbers": [
        4,
        7,
        23,
        24,
        25,
        36
      ],
      "confidence": 69.05833333333334
    },
    {
      "numbers": [
        7,
        15,
        24,
        39,
        40,
        45
      ],
      "confidence": 68.9383536062138
    },
    {
      "numbers": [
        5,
        17,
        24,
        39,
        40,
        45
      ],
      "confidence": 68.9383536062138
    },
    {
      "numbers": [
        10,
        15,
        17,
        25,
        36,
        45
      ],
      "confidence": 68.91666666666667
    },
    {
      "numbers": [
        1,
        15,
        23,
        37,
        40,
        42
      ],
      "confidence": 68.66666666666666
    },
    {
      "numbers": [
        10,
        17,
        23,
        25,
        31,
        34
      ],
      "confidence": 68.63333333333333
    },
    {
      "numbers": [
        5,
        10,
        17,
        19,
        24,
        41
      ],
      "confidence": 68.63333333333333
    },
    {
      "numbers": [
        7,
        15,
        23,
        36,
        42,
        45
      ],
      "confidence": 68.45833333333334
    },
    {
      "numbers": [
        7,
        15,
        25,
        34,
        36,
        39
      ],
      "confidence": 68.42500000000001
    },
    {
      "numbers": [
        7,
        15,
        23,
        24,
        34,
        36
      ],
      "confidence": 68.42500000000001
    },
    {
      "numbers": [
        7,
        19,
        24,
        31,
        39,
        40
      ],
      "confidence": 68.42500000000001
    },
    {
      "numbers": [
        4,
        7,
        17,
        24,
        40,
        42
      ],
      "confidence": 68.25
    },
    {
      "numbers": [
        7,
        10,
        24,
        37,
        40,
        42
      ],
      "confidence": 68.21666666666667
    },
    {
      "numbers": [
        1,
        4,
        17,
        24,
        25,
        45
      ],
      "confidence": 68.21666666666667
    },
    {
      "numbers": [
        15,
        24,
        25,
        31,
        36,
        42
      ],
      "confidence": 68.07168693954713
    },
    {
      "numbers": [
        4,
        7,
        17,
        24,
        25,
        45
      ],
      "confidence": 68.00833333333334
    },
    {
      "numbers": [
        4,
        10,
        17,
        23,
        39,
        42
      ],
      "confidence": 68.0
    },
    {
      "numbers": [
        1,
        15,
        17,
        23,
        34,
        42
      ],
      "confidence": 68.0
    },
    {
      "numbers": [
        5,
        17,
        23,
        34,
        36,
        39
      ],