{
  "latest_round": 761,
  "next_round": 762,
  "hot_cold": {
    "hot": [
      [
        2,
        12
      ],
      [
        33,
        11
      ],
      [
        41,
        10
      ],
      [
        7,
        9
      ],
      [
        10,
        9
      ],
      [
        19,
        9
      ],
      [
        21,
        9
      ],
      [
        27,
        9
      ],
      [
        43,
        9
      ],
      [
        4,
        8
      ]
    ],
    "cold": [
      [
        25,
        2
      ],
      [
        38,
        2
      ],
      [
        26,
        3
      ],
      [
        39,
        3
      ],
      [
        29,
        4
      ],
      [
        3,
        5
      ],
      [
        5,
        5
      ],
      [
        6,
        5
      ],
      [
        9,
        5
      ],
      [
        22,
        5
      ]
    ],
    "overdue": [
      [
        25,
        4.074074074074074
      ],
      [
        38,
        2.9186206896551727
      ],
      [
        35,
        2.837725381414702
      ],
      [
        21,
        2.1307277628032346
      ],
      [
        34,
        1.8947368421052633
      ],
      [
        23,
        1.7265415549597858
      ],
      [
        1,
        1.6373477672530448
      ],
      [
        32,
        1.5160857908847185
      ],
      [
        15,
        1.5080645161290323
      ]
    ]
  },
  "engine_predictions": {
    "advancedpattern": [
      4,
      7,
      11,
      24,
      42,
      45
    ],
    "gap": [
      1,
      7,
      13,
      19,
      25,
      31
    ],
    "graph": [
      1,
      4,
      20,
      27,
      34,
      40
    ],
    "lstm": [
      7,
      11,
      24,
      33,
      42,
      43
    ],
    "ml": [
      10,
      13,
      24,
      31,
      34,
      42
    ],
    "numerology": [
      17,
      22,
      23,
      24,
      25,
      31
    ],
    "pattern": [
      3,
      13,
      15,
      23,
      33,
      43
    ],
    "sequencecorrelation": [
      15,
      33,
      34,
      36,
      40,
      43
    ],
    "statistical": [
      15,
      21,
      23,
      34,
      35,
      38
    ],
    "timeseries": [
      3,
      14,
      15,
      17,
      26,
      38
    ]
  },
  "predicted_sets": [
    {
      "numbers": [
        7,
        15,
        24,
        31,
        42,
        43
      ],
      "confidence": 73.33333333333334
    },
    {
      "numbers": [
        7,
        15,
        24,
        38,
        42,
        43
      ],
      "confidence": 72.59900841700215
    },
    {
      "numbers": [
        3,
        7,
        15,
        24,
        38,
        42
      ],
      "confidence": 72.0
    },
    {
      "numbers": [
        7,
        15,
        17,
        24,
        31,
        42
      ],
      "confidence": 71.79166666666666
    },
    {
      "numbers": [
        1,
        7,
        15,
        24,
        33,
        34
      ],
      "confidence": 71.75833333333334
    },
    {
      "numbers": [
        4,
        7,
        15,
        24,
        34,
        43
      ],
      "confidence": 71.58333333333334
    },
    {
      "numbers": [
        3,
        11,
        15,
        24,
        38,
        42
      ],
      "confidence": 71.33333333333334
    },
    {
      "numbers": [
        7,
        11,
        24,
        33,
        38,
        42
      ],
      "confidence": 71.33333333333334
    },
    {
      "numbers": [
        4,
        7,
        15,
        24,
        38,
        43
      ],
      "confidence": 71.125
    },
    {
      "numbers": [
        1,
        13,
        17,
        24,
        34,
        42
      ],
      "confidence": 71.125
    },
    {
      "numbers": [
        1,
        13,
        15,
        34,
        42,
        43
      ],
      "confidence": 71.09166666666667
    },
    {
      "numbers": [
        7,
        15,
        24,
        34,
        38,
        40
      ],
      "confidence": 71.09166666666667
    },
    {
      "numbers": [
        4,
        7,
        13,
        24,
        34,
        42
      ],
      "confidence": 70.91666666666666
    },
    {
      "numbers": [
        7,
        13,
        25,
        31,
        38,
        42
      ],
      "confidence": 70.66666666666667
    },
    {
      "numbers": [
        7,
        11,
        15,
        24,
        38,
        40
      ],
      "confidence": 70.63333333333333
    },
    {
      "numbers": [
        4,
        15,
        24,
        38,
        40,
        43
      ],
      "confidence": 70.45833333333334
    },
    {
      "numbers": [
        4,
        15,
        24,
        27,
        33,
        42
      ],
      "confidence": 70.45833333333334
    },
    {
      "numbers": [
        4,
        17,
        23,
        24,
        31,
        42
      ],
      "confidence": 70.45833333333334
    },
    {
      "numbers": [
        7,
        11,
        24,
        34,
        43,
        45
      ],
      "confidence": 70.45833333333334
    },
    {
      "numbers": [
        3,
        17,
        24,
        25,
        34,
        42
      ],
      "confidence": 70.45833333333334
    },
    {
      "numbers": [
        7,
        17,
        23,
        24,
        40,
        42
      ],
      "confidence": 70.45833333333334
    },
    {
      "numbers": [
        7,
        11,
        31,
        34,
        42,
        43
      ],
      "confidence": 70.42500000000001
    },
    {
      "numbers": [
        7,
        11,
        15,
        17,
        34,
        42
      ],
      "confidence": 70.42500000000001
    },
    {
      "numbers": [
        4,
        15,
        25,
        31,
        34,
        43
      ],
      "confidence": 70.25
    },
    {
      "numbers": [
        1,
        7,
        24,
        31,
        34,
        43
      ],
      "confidence": 70.21666666666667
    },
    {
      "numbers": [
        1,
        23,
        24,
        31,
        34,
        42
      ],
      "confidence": 70.21666666666667
    },
    {
      "numbers": [
        7,
        11,
        13,
        24,
        31,
        34
      ],
      "confidence": 70.21666666666667
    },
    {
      "numbers": [
        1,
        7,
        23,
        24,
        25,
        42
      ],
      "confidence": 69.93333333333334
    },
    {
      "numbers": [
        1,
        11,
        15,
        23,
        38,
        42
      ],
      "confidence": 69.79166666666667
    },
    {
      "numbers": [
        1,
        7,
        17,
        25,
        34,
        42
      ],
      "confidence": 69.79166666666667
    },
    {
      "numbers": [
        7,
        11,
        15,
        25,
        40,
        42
      ],
      "confidence": 69.79166666666667
    },
    {
      "numbers": [
        7,
        13,
        25,
        34,
        42,
        45
      ],
      "confidence": 69.79166666666667
    },
    {
      "numbers": [
        4,
        7,
        13,
        34,
        40,
        42
      ],
      "confidence": 69.75833333333334
    },
    {
      "numbers": [
        11,
        17,
        24,
        34,
        38,
        43
      ],
      "confidence": 69.75833333333334
    },
    {
      "numbers": [
        7,
        11,
        13,
        23,
        34,
        40
      ],
      "confidence": 69.75833333333334
    },
    {
      "numbers": [
        7,
        11,
        33,
        34,
        38,
        43
      ],
      "confidence": 69.75833333333334
    },
    {
      "numbers": [
        1,
        23,
        24,
        25,
        33,
        42
      ],
      "confidence": 69.75833333333334
    },
    {
      "numbers": [
        11,
        15,
        23,
        33,
        38,
        42
      ],