{
  "latest_round": 654,
  "next_round": 655,
  "hot_cold": {
    "hot": [
      [
        16,
        11
      ],
      [
        39,
        11
      ],
      [
        18,
        10
      ],
      [
        21,
        10
      ],
      [
        7,
        9
      ],
      [
        8,
        9
      ],
      [
        23,
        9
      ],
      [
        31,
        9
      ],
      [
        6,
        8
      ],
      [
        13,
        8
      ]
    ],
    "cold": [
      [
        29,
        2
      ],
      [
        10,
        3
      ],
      [
        30,
        4
      ],
      [
        32,
        4
      ],
      [
        34,
        4
      ],
      [
        35,
        4
      ],
      [
        37,
        4
      ],
      [
        42,
        4
      ],
      [
        3,
        5
      ],
      [
        12,
        5
      ]
    ],
    "overdue": [
      [
        20,
        3.097402597402598
      ],
      [
        10,
        2.622432859399684
      ],
      [
        34,
        2.565079365079365
      ],
      [
        14,
        2.091194968553459
      ],
      [
        25,
        2.0722135007849296
      ],
      [
        35,
        1.8681672025723473
      ],
      [
        18,
        1.7556270096463023
      ],
      [
        8,
        1.7034700315457414
      ]
    ]
  },
  "engine_predictions": {
    "advancedpattern": [
      16,
      21,
      26,
      31,
      36,
      43
    ],
    "gap": [
      1,
      7,
      13,
      19,
      25,
      31
    ],
    "graph": [
      18,
      20,
      27,
      34,
      37,
      40
    ],
    "lstm": [
      3,
      16,
      21,
      26,
      41,
      43
    ],
    "ml": [
      3,
      13,
      24,
      26,
      38,
      39
    ],
    "numerology": [
      17,
      22,
      23,
      24,
      25,
      31
    ],
    "pattern": [
      5,
      13,
      15,
      25,
      35,
      45
    ],
    "sequencecorrelation": [
      15,
      18,
      20,
      31,
      37,
      40
    ],
    "statistical": [
      8,
      14,
      18,
      20,
      25,
      34
    ],
    "timeseries": [
      20,
      24,
      32,
      35,
      37,
      41
    ]
  },
  "predicted_sets": [
    {
      "numbers": [
        18,
        20,
        24,
        25,
        31,
        43
      ],
      "confidence": 72.63333333333333
    },
    {
      "numbers": [
        3,
        13,
        18,
        20,
        25,
        31
      ],
      "confidence": 71.75833333333334
    },
    {
      "numbers": [
        3,
        20,
        24,
        26,
        31,
        43
      ],
      "confidence": 71.125
    },
    {
      "numbers": [
        3,
        18,
        25,
        37,
        40,
        41
      ],
      "confidence": 70.66666666666667
    },
    {
      "numbers": [
        13,
        20,
        24,
        31,
        37,
        40
      ],
      "confidence": 70.39166666666667
    },
    {
      "numbers": [
        3,
        18,
        26,
        31,
        34,
        40
      ],
      "confidence": 69.96666666666667
    },
    {
      "numbers": [
        3,
        16,
        20,
        31,
        34,
        37
      ],
      "confidence": 69.93333333333334
    },
    {
      "numbers": [
        13,
        18,
        21,
        25,
        34,
        37
      ],
      "confidence": 69.93333333333334
    },
    {
      "numbers": [
        13,
        14,
        18,
        26,
        31,
        37
      ],
      "confidence": 69.93333333333334
    },
    {
      "numbers": [
        3,
        20,
        24,
        31,
        36,
        41
      ],
      "confidence": 69.79166666666667
    },
    {
      "numbers": [
        3,
        13,
        20,
        21,
        26,
        37
      ],
      "confidence": 69.75833333333334
    },
    {
      "numbers": [
        3,
        18,
        20,
        25,
        34,
        35
      ],
      "confidence": 69.75833333333334
    },
    {
      "numbers": [
        16,
        18,
        24,
        25,
        26,
        37
      ],
      "confidence": 69.725
    },
    {
      "numbers": [
        13,
        16,
        20,
        24,
        26,
        37
      ],
      "confidence": 69.725
    },
    {
      "numbers": [
        13,
        20,
        21,
        24,
        25,
        41
      ],
      "confidence": 69.725
    },
    {
      "numbers": [
        16,
        20,
        24,
        25,
        31,
        36
      ],
      "confidence": 69.725
    },
    {
      "numbers": [
        3,
        21,
        24,
        25,
        26,
        40
      ],
      "confidence": 69.26666666666668
    },
    {
      "numbers": [
        3,
        15,
        18,
        31,
        37,
        40
      ],
      "confidence": 69.26666666666668
    },
    {
      "numbers": [
        3,
        13,
        24,
        26,
        37,
        40
      ],
      "confidence": 69.09166666666667
    },
    {
      "numbers": [
        17,
        18,
        20,
        25,
        35,
        43
      ],
      "confidence": 69.09166666666667
    },
    {
      "numbers": [
        13,
        18,
        24,
        26,
        40,
        43
      ],
      "confidence": 69.09166666666667
    },
    {
      "numbers": [
        3,
        14,
        16,
        24,
        25,
        31
      ],
      "confidence": 69.09166666666667
    },
    {
      "numbers": [
        3,
        14,
        16,
        20,
        26,
        31
      ],
      "confidence": 69.09166666666667
    },
    {
      "numbers": [
        13,
        16,
        25,
        26,
        40,
        41
      ],
      "confidence": 69.09166666666667
    },
    {
      "numbers": [
        13,
        18,
        24,
        25,
        26,
        36
      ],
      "confidence": 69.05833333333334
    },
    {
      "numbers": [
        17,
        20,
        24,
        26,
        31,
        34
      ],
      "confidence": 69.05833333333334
    },
    {
      "numbers": [
        3,
        18,
        26,
        31,
        41,
        43
      ],
      "confidence": 68.91666666666667
    },
    {
      "numbers": [
        3,
        20,
        26,
        31,
        36,
        41
      ],
      "confidence": 68.91666666666667
    },
    {
      "numbers": [
        20,
        24,
        25,
        26,
        37,
        43
      ],
      "confidence": 68.83279052688178
    },
    {
      "numbers": [
        15,
        20,
        21,
        34,
        37,
        43
      ],
      "confidence": 68.66612386021511
    },
    {
      "numbers": [
        16,
        18,
        21,
        24,
        35,
        43
      ],
      "confidence": 68.63333333333333
    },
    {
      "numbers": [
        13,
        16,
        24,
        35,
        37,
        40
      ],
      "confidence": 68.6
    },
    {
      "numbers": [
        3,
        18,
        21,
        26,
        35,
        41
      ],
      "confidence": 68.45833333333334
    },
    {
      "numbers": [
        3,
        13,
        16,
        24,
        35,
        41
      ],
      "confidence": 68.45833333333334
    },
    {
      "numbers": [
        3,
        16,
        18,
        20,
        21,
        40
      ],
      "confidence": 68.42500000000001
    },
    {
      "numbers": [
        13,
        16,
        18,
        21,
        37,
        41
      ],
      "confidence": 68.42500000000001
    },
    {
      "numbers": [
        3,
        16,
        20,
        21,
        37,
        40
      ],
      "confidence": 68.42500000000001
    },
    {
      "numbers": [
        3,
        13,
        21,
        26,
        34,
        37
      ],
      "confidence": 68.42500000000001
    },
    {
      "numbers": [
        14,
        17,
        20,
        26,
        31,
        41
      ],