{
  "latest_round": 880,
  "next_round": 881,
  "hot_cold": {
    "hot": [
      [
        39,
        13
      ],
      [
        43,
        13
      ],
      [
        28,
        11
      ],
      [
        30,
        11
      ],
      [
        19,
        10
      ],
      [
        33,
        10
      ],
      [
        16,
        9
      ],
      [
        17,
        9
      ],
      [
        42,
        9
      ],
      [
        2,
        8
      ]
    ],
    "cold": [
      [
        37,
        2
      ],
      [
        7,
        3
      ],
      [
        20,
        3
      ],
      [
        27,
        3
      ],
      [
        4,
        4
      ],
      [
        23,
        4
      ],
      [
        24,
        4
      ],
      [
        29,
        4
      ],
      [
        31,
        4
      ],
      [
        1,
        5
      ]
    ],
    "overdue": [
      [
        8,
        2.793427230046948
      ],
      [
        38,
        2.3957597173144873
      ],
      [
        36,
        2.152046783625731
      ],
      [
        29,
        1.715606936416185
      ],
      [
        27,
        1.613163972286374
      ],
      [
        20,
        1.6065959952885749
      ]
    ]
  },
  "engine_predictions": {
    "advancedpattern": [
      7,
      17,
      19,
      23,
      24,
      45
    ],
    "gap": [
      1,
      7,
      13,
      19,
      25,
      31
    ],
    "graph": [
      1,
      8,
      12,
      13,
      19,
      34
    ],
    "lstm": [
      2,
      5,
      17,
      19,
      23,
      34
    ],
    "ml": [
      6,
      10,
      24,
      27,
      36,
      44
    ],
    "numerology": [
      17,
      23,
      24,
      25,
      26,
      31
    ],
    "pattern": [
      3,
      13,
      15,
      23,
      33,
      43
    ],
    "sequencecorrelation": [
      10,
      12,
      13,
      15,
      26,
      27
    ],
    "statistical": [
      8,
      27,
      36,
      38,
      39,
      43
    ],
    "timeseries": [
      3,
      20,
      27,
      34,
      37,
      40
    ]
  },
  "predicted_sets": [
    {
      "numbers": [
        8,
        13,
        19,
        27,
        34,
        43
      ],
      "confidence": 71.79166666666666
    },
    {
      "numbers": [
        10,
        17,
        19,
        23,
        34,
        45
      ],
      "confidence": 71.33333333333334
    },
    {
      "numbers": [
        7,
        10,
        19,
        23,
        24,
        31
      ],
      "confidence": 70.63333333333333
    },
    {
      "numbers": [
        1,
        12,
        23,
        26,
        27,
        34
      ],
      "confidence": 70.63333333333333
    },
    {
      "numbers": [
        10,
        17,
        19,
        23,
        36,
        43
      ],
      "confidence": 70.45833333333334
    },
    {
      "numbers": [
        1,
        17,
        19,
        24,
        27,
        36
      ],
      "confidence": 70.42500000000001
    },
    {
      "numbers": [
        13,
        15,
        17,
        19,
        24,
        34
      ],
      "confidence": 70.39166666666667
    },
    {
      "numbers": [
        12,
        17,
        19,
        23,
        24,
        34
      ],
      "confidence": 70.39166666666667
    },
    {
      "numbers": [
        13,
        17,
        23,
        27,
        34,
        36
      ],
      "confidence": 70.18333333333334
    },
    {
      "numbers": [
        8,
        10,
        13,
        17,
        24,
        36
      ],
      "confidence": 69.96666666666667
    },
    {
      "numbers": [
        15,
        19,
        24,
        26,
        27,
        43
      ],
      "confidence": 69.93333333333334
    },
    {
      "numbers": [
        7,
        15,
        19,
        23,
        24,
        26
      ],
      "confidence": 69.93333333333334
    },
    {
      "numbers": [
        10,
        23,
        24,
        25,
        27,
        36
      ],
      "confidence": 69.93333333333334
    },
    {
      "numbers": [
        7,
        12,
        23,
        26,
        27,
        34
      ],
      "confidence": 69.75833333333334
    },
    {
      "numbers": [
        10,
        13,
        19,
        24,
        25,
        43
      ],
      "confidence": 69.75833333333334
    },
    {
      "numbers": [
        8,
        17,
        23,
        24,
        34,
        36
      ],
      "confidence": 69.75833333333334
    },
    {
      "numbers": [
        13,
        19,
        24,
        31,
        34,
        45
      ],
      "confidence": 69.75833333333334
    },
    {
      "numbers": [
        1,
        17,
        19,
        24,
        34,
        36
      ],
      "confidence": 69.75833333333334
    },
    {
      "numbers": [
        1,
        23,
        24,
        27,
        36,
        43
      ],
      "confidence": 69.75833333333334
    },
    {
      "numbers": [
        13,
        15,
        19,
        23,
        24,
        26
      ],
      "confidence": 69.69166666666666
    },
    {
      "numbers": [
        7,
        12,
        13,
        23,
        27,
        36
      ],
      "confidence": 69.55
    },
    {
      "numbers": [
        13,
        17,
        23,
        24,
        31,
        34
      ],
      "confidence": 69.51666666666667
    },
    {
      "numbers": [
        7,
        12,
        23,
        34,
        36,
        45
      ],
      "confidence": 69.33333333333334
    },
    {
      "numbers": [
        10,
        17,
        24,
        25,
        31,
        43
      ],
      "confidence": 69.33333333333334
    },
    {
      "numbers": [
        1,
        10,
        19,
        24,
        26,
        43
      ],
      "confidence": 69.3
    },
    {
      "numbers": [
        10,
        12,
        26,
        27,
        31,
        34
      ],
      "confidence": 69.3
    },
    {
      "numbers": [
        3,
        12,
        15,
        19,
        23,
        34
      ],
      "confidence": 69.26040104305078
    },
    {
      "numbers": [
        8,
        12,
        13,
        24,
        34,
        45
      ],
      "confidence": 69.125
    },
    {
      "numbers": [
        10,
        17,
        27,
        34,
        36,
        45
      ],
      "confidence": 69.125
    },
    {
      "numbers": [
        10,
        19,
        24,
        31,
        34,
        45
      ],
      "confidence": 69.125
    },
    {
      "numbers": [
        3,
        12,
        19,
        24,
        34,
        45
      ],
      "confidence": 69.125
    },
    {
      "numbers": [
        7,
        10,
        15,
        23,
        27,
        36
      ],
      "confidence": 69.09166666666667
    },
    {
      "numbers": [
        7,
        12,
        15,
        23,
        24,
        34
      ],
      "confidence": 69.09166666666667
    },
    {
      "numbers": [
        8,
        15,
        17,
        27,
        31,
        34
      ],
      "confidence": 69.09166666666667
    },
    {
      "numbers": [
        10,
        12,
        15,
        23,
        24,
        34
      ],
      "confidence": 69.09166666666667
    },
    {
      "numbers": [
        8,
        13,
        15,
        17,
        25,
        34
      ],
      "confidence": 69.09166666666667
    },
    {
      "numbers": [
        3,
        7,
        19,
        24,
        26,
        34
      ],
      "confidence": 69.09166666666667
    },
    {
      "numbers": [
        10,
        15,
        19,
        23,
        26,
        36
      ],
      "confidence": 69.09166666666667
    },
    {
      "numbers": [
        1,
        10,
        15,
        23,
        24,
        34
      ],
      "confidence": 69.09166666666667
    },
    {
      "numbers": [
        1,
        23,
        27,
        31,
        34,
        36
      ],