{
  "latest_round": 685,
  "next_round": 686,
  "hot_cold": {
    "hot": [
      [
        7,
        11
      ],
      [
        15,
        11
      ],
      [
        38,
        10
      ],
      [
        44,
        10
      ],
      [
        6,
        9
      ],
      [
        11,
        9
      ],
      [
        17,
        9
      ],
      [
        27,
        9
      ],
      [
        31,
        9
      ],
      [
        40,
        9
      ]
    ],
    "cold": [
      [
        30,
        1
      ],
      [
        2,
        3
      ],
      [
        34,
        3
      ],
      [
        35,
        3
      ],
      [
        1,
        4
      ],
      [
        22,
        4
      ],
      [
        9,
        5
      ],
      [
        13,
        5
      ],
      [
        20,
        5
      ],
      [
        23,
        5
      ]
    ],
    "overdue": [
      [
        30,
        4.55054432348367
      ],
      [
        22,
        4.3584905660377355
      ],
      [
        16,
        3.6416539050535985
      ],
      [
        2,
        2.479514415781487
      ],
      [
        31,
        1.540983606557377
      ],
      [
        33,
        1.5357142857142858
      ]
    ]
  },
  "engine_predictions": {
    "advancedpattern": [
      6,
      7,
      12,
      28,
      38,
      40
    ],
    "gap": [
      1,
      7,
      13,
      19,
      25,
      31
    ],
    "graph": [
      20,
      26,
      31,
      34,
      39,
      40
    ],
    "lstm": [
      6,
      12,
      17,
      27,
      28,
      40
    ],
    "ml": [
      4,
      7,
      16,
      20,
      27,
      31
    ],
    "numerology": [
      13,
      17,
      22,
      23,
      25,
      31
    ],
    "pattern": [
      5,
      11,
      15,
      25,
      35,
      45
    ],
    "sequencecorrelation": [
      14,
      16,
      26,
      27,
      37,
      40
    ],
    "statistical": [
      2,
      8,
      16,
      22,
      31,
      33
    ],
    "timeseries": [
      2,
      12,
      22,
      30,
      34,
      45
    ]
  },
  "predicted_sets": [
    {
      "numbers": [
        7,
        12,
        28,
        31,
        40,
        45
      ],
      "confidence": 72.66666666666666
    },
    {
      "numbers": [
        7,
        12,
        25,
        28,
        31,
        40
      ],
      "confidence": 72.63333333333333
    },
    {
      "numbers": [
        4,
        12,
        27,
        31,
        40,
        45
      ],
      "confidence": 72.0
    },
    {
      "numbers": [
        7,
        12,
        13,
        28,
        31,
        45
      ],
      "confidence": 71.33333333333334
    },
    {
      "numbers": [
        4,
        12,
        28,
        31,
        40,
        45
      ],
      "confidence": 71.33333333333334
    },
    {
      "numbers": [
        7,
        12,
        16,
        25,
        31,
        38
      ],
      "confidence": 71.3
    },
    {
      "numbers": [
        4,
        7,
        12,
        16,
        31,
        40
      ],
      "confidence": 71.26666666666667
    },
    {
      "numbers": [
        7,
        12,
        22,
        25,
        28,
        31
      ],
      "confidence": 71.09166666666667
    },
    {
      "numbers": [
        13,
        25,
        27,
        31,
        34,
        40
      ],
      "confidence": 70.66127787015888
    },
    {
      "numbers": [
        7,
        13,
        20,
        22,
        31,
        34
      ],
      "confidence": 70.63333333333333
    },
    {
      "numbers": [
        2,
        16,
        20,
        25,
        28,
        31
      ],
      "confidence": 70.63333333333333
    },
    {
      "numbers": [
        4,
        22,
        25,
        26,
        31,
        40
      ],
      "confidence": 70.6
    },
    {
      "numbers": [
        2,
        7,
        8,
        25,
        31,
        40
      ],
      "confidence": 70.6
    },
    {
      "numbers": [
        6,
        7,
        12,
        25,
        27,
        40
      ],
      "confidence": 70.42500000000001
    },
    {
      "numbers": [
        7,
        17,
        22,
        25,
        28,
        31
      ],
      "confidence": 70.42500000000001
    },
    {
      "numbers": [
        2,
        12,
        25,
        27,
        31,
        34
      ],
      "confidence": 70.42500000000001
    },
    {
      "numbers": [
        4,
        7,
        16,
        25,
        27,
        31
      ],
      "confidence": 70.42500000000001
    },
    {
      "numbers": [
        6,
        7,
        16,
        26,
        31,
        40
      ],
      "confidence": 70.21666666666667
    },
    {
      "numbers": [
        4,
        20,
        22,
        28,
        31,
        45
      ],
      "confidence": 70.0
    },
    {
      "numbers": [
        7,
        16,
        20,
        22,
        34,
        45
      ],
      "confidence": 70.0
    },
    {
      "numbers": [
        2,
        20,
        27,
        28,
        31,
        34
      ],
      "confidence": 69.96666666666667
    },
    {
      "numbers": [
        2,
        7,
        13,
        26,
        28,
        31
      ],
      "confidence": 69.94740925702021
    },
    {
      "numbers": [
        7,
        25,
        26,
        28,
        31,
        34
      ],
      "confidence": 69.93333333333334
    },
    {
      "numbers": [
        2,
        12,
        16,
        20,
        25,
        31
      ],
      "confidence": 69.90574259035355
    },
    {
      "numbers": [
        4,
        7,
        20,
        28,
        31,
        40
      ],
      "confidence": 69.75833333333334
    },
    {
      "numbers": [
        2,
        6,
        20,
        22,
        27,
        31
      ],
      "confidence": 69.75833333333334
    },
    {
      "numbers": [
        4,
        7,
        16,
        25,
        27,
        40
      ],
      "confidence": 69.75833333333334
    },
    {
      "numbers": [
        6,
        7,
        13,
        17,
        31,
        40
      ],
      "confidence": 69.725
    },
    {
      "numbers": [
        2,
        7,
        22,
        25,
        31,
        34
      ],
      "confidence": 69.725
    },
    {
      "numbers": [
        4,
        7,
        12,
        31,
        34,
        40
      ],
      "confidence": 69.725
    },
    {
      "numbers": [
        20,
        22,
        25,
        26,
        31,
        45
      ],
      "confidence": 69.65294453682556
    },
    {
      "numbers": [
        6,
        8,
        20,
        27,
        31,
        34
      ],
      "confidence": 69.3
    },
    {
      "numbers": [
        6,
        12,
        13,
        17,
        28,
        40
      ],
      "confidence": 69.3
    },
    {
      "numbers": [
        2,
        7,
        13,
        20,
        31,
        34
      ],
      "confidence": 69.24740925702022
    },
    {
      "numbers": [
        6,
        7,
        12,
        27,
        34,
        45
      ],
      "confidence": 69.125
    },
    {
      "numbers": [
        2,
        7,
        17,
        26,
        40,
        45
      ],
      "confidence": 69.125
    },
    {
      "numbers": [
        7,
        8,
        17,
        22,
        40,
        45
      ],
      "confidence": 69.125
    },
    {
      "numbers": [
        7,
        12,
        16,
        27,
        28,
        45
      ],
      "confidence": 69.09166666666667
    },
    {
      "numbers": [
        2,
        7,
        13,
        22,
        34,
        40
      ],
      "confidence": 69.09166666666667
    },
    {
      "numbers": [
        6,
        13,
        16,
        25,
        31,
        38
      ],