{
  "latest_round": 431,
  "next_round": 432,
  "hot_cold": {
    "hot": [
      [
        22,
        14
      ],
      [
        40,
        13
      ],
      [
        28,
        12
      ],
      [
        15,
        10
      ],
      [
        34,
        10
      ],
      [
        1,
        9
      ],
      [
        7,
        9
      ],
      [
        9,
        9
      ],
      [
        10,
        9
      ],
      [
        11,
        9
      ]
    ],
    "cold": [
      [
        35,
        2
      ],
      [
        36,
        3
      ],
      [
        45,
        3
      ],
      [
        3,
        4
      ],
      [
        5,
        4
      ],
      [
        29,
        4
      ],
      [
        33,
        4
      ],
      [
        38,
        4
      ],
      [
        41,
        4
      ],
      [
        2,
        5
      ]
    ],
    "overdue": [
      [
        36,
        3.7783375314861463
      ],
      [
        35,
        2.595419847328244
      ],
      [
        32,
        2.5220588235294117
      ],
      [
        20,
        2.256926952141058
      ],
      [
        5,
        2.232911392405063
      ],
      [
        41,
        2.100737100737101
      ],
      [
        2,
        1.6601941747572815
      ],
      [
        13,
        1.5251798561151078
      ]
    ]
  },
  "engine_predictions": {
    "advancedpattern": [
      18,
      22,
      25,
      31,
      38,
      45
    ],
    "gap": [
      1,
      7,
      13,
      19,
      25,
      31
    ],
    "graph": [
      1,
      5,
      10,
      31,
      37,
      40
    ],
    "lstm": [
      3,
      16,
      18,
      22,
      28,
      34
    ],
    "ml": [
      8,
      14,
      25,
      31,
      41,
      42
    ],
    "numerology": [
      13,
      16,
      17,
      22,
      23,
      25
    ],
    "pattern": [
      5,
      11,
      15,
      25,
      35,
      45
    ],
    "sequencecorrelation": [
      5,
      14,
      20,
      31,
      36,
      37
    ],
    "statistical": [
      2,
      5,
      20,
      32,
      36,
      41
    ],
    "timeseries": [
      2,
      5,
      27,
      35,
      36,
      44
    ]
  },
  "predicted_sets": [
    {
      "numbers": [
        5,
        18,
        22,
        25,
        31,
        45
      ],
      "confidence": 72.91666666666666
    },
    {
      "numbers": [
        5,
        18,
        20,
        25,
        31,
        37
      ],
      "confidence": 72.42500000000001
    },
    {
      "numbers": [
        5,
        13,
        22,
        31,
        36,
        38
      ],
      "confidence": 71.96666666666667
    },
    {
      "numbers": [
        5,
        16,
        25,
        31,
        38,
        41
      ],
      "confidence": 71.58333333333334
    },
    {
      "numbers": [
        5,
        14,
        18,
        25,
        37,
        41
      ],
      "confidence": 71.125
    },
    {
      "numbers": [
        18,
        20,
        22,
        25,
        31,
        45
      ],
      "confidence": 71.09166666666667
    },
    {
      "numbers": [
        13,
        18,
        25,
        31,
        36,
        45
      ],
      "confidence": 71.09166666666667
    },
    {
      "numbers": [
        1,
        13,
        20,
        25,
        31,
        36
      ],
      "confidence": 71.09166666666667
    },
    {
      "numbers": [
        5,
        18,
        22,
        31,
        36,
        38
      ],
      "confidence": 71.09166666666667
    },
    {
      "numbers": [
        5,
        18,
        22,
        25,
        37,
        45
      ],
      "confidence": 70.91666666666666
    },
    {
      "numbers": [
        5,
        18,
        25,
        35,
        36,
        41
      ],
      "confidence": 70.91666666666666
    },
    {
      "numbers": [
        5,
        18,
        20,
        25,
        36,
        45
      ],
      "confidence": 70.91666666666666
    },
    {
      "numbers": [
        2,
        5,
        16,
        22,
        31,
        45
      ],
      "confidence": 70.91666666666666
    },
    {
      "numbers": [
        5,
        20,
        22,
        25,
        35,
        41
      ],
      "confidence": 70.91666666666666
    },
    {
      "numbers": [
        2,
        13,
        14,
        25,
        31,
        35
      ],
      "confidence": 70.42500000000001
    },
    {
      "numbers": [
        5,
        13,
        14,
        16,
        25,
        37
      ],
      "confidence": 70.42500000000001
    },
    {
      "numbers": [
        13,
        16,
        18,
        25,
        31,
        41
      ],
      "confidence": 70.42500000000001
    },
    {
      "numbers": [
        5,
        16,
        18,
        20,
        25,
        36
      ],
      "confidence": 70.21666666666667
    },
    {
      "numbers": [
        1,
        5,
        18,
        25,
        35,
        36
      ],
      "confidence": 70.21666666666667
    },
    {
      "numbers": [
        5,
        16,
        20,
        31,
        36,
        45
      ],
      "confidence": 70.21666666666667
    },
    {
      "numbers": [
        1,
        5,
        20,
        22,
        31,
        35
      ],
      "confidence": 70.21666666666667
    },
    {
      "numbers": [
        1,
        13,
        14,
        22,
        25,
        37
      ],
      "confidence": 69.96666666666667
    },
    {
      "numbers": [
        5,
        20,
        31,
        34,
        36,
        38
      ],
      "confidence": 69.93333333333334
    },
    {
      "numbers": [
        1,
        13,
        20,
        25,
        36,
        45
      ],
      "confidence": 69.79166666666667
    },
    {
      "numbers": [
        5,
        18,
        20,
        22,
        37,
        45
      ],
      "confidence": 69.79166666666667
    },
    {
      "numbers": [
        1,
        18,
        20,
        25,
        36,
        41
      ],
      "confidence": 69.79166666666667
    },
    {
      "numbers": [
        2,
        5,
        16,
        31,
        38,
        45
      ],
      "confidence": 69.75833333333334
    },
    {
      "numbers": [
        13,
        15,
        18,
        22,
        25,
        31
      ],
      "confidence": 69.725
    },
    {
      "numbers": [
        2,
        20,
        22,
        25,
        36,
        45
      ],
      "confidence": 69.58333333333334
    },
    {
      "numbers": [
        2,
        5,
        20,
        25,
        41,
        45
      ],
      "confidence": 69.55
    },
    {
      "numbers": [
        1,
        5,
        18,
        22,
        31,
        38
      ],
      "confidence": 69.55
    },
    {
      "numbers": [
        2,
        5,
        16,
        22,
        25,
        38
      ],
      "confidence": 69.55
    },
    {
      "numbers": [
        5,
        13,
        16,
        22,
        27,
        41
      ],
      "confidence": 69.3
    },
    {
      "numbers": [
        18,
        20,
        22,
        25,
        34,
        41
      ],
      "confidence": 69.3
    },
    {
      "numbers": [
        5,
        14,
        16,
        22,
        27,
        41
      ],
      "confidence": 69.3
    },
    {
      "numbers": [
        13,
        14,
        16,
        22,
        31,
        37
      ],
      "confidence": 69.26666666666668
    },
    {
      "numbers": [
        1,
        18,
        22,
        31,
        35,
        37
      ],
      "confidence": 69.09166666666667
    },
    {
      "numbers": [
        5,
        14,
        16,
        27,
        31,
        34
      ],
      "confidence": 69.09166666666667
    },
    {
      "numbers": [
        1,
        14,
        22,
        27,
        31,
        36
      ],