{
  "latest_round": 1152,
  "next_round": 1153,
  "hot_cold": {
    "hot": [
      [
        19,
        12
      ],
      [
        30,
        11
      ],
      [
        33,
        11
      ],
      [
        3,
        10
      ],
      [
        6,
        10
      ],
      [
        13,
        10
      ],
      [
        15,
        10
      ],
      [
        34,
        10
      ],
      [
        7,
        9
      ],
      [
        11,
        9
      ]
    ],
    "cold": [
      [
        18,
        1
      ],
      [
        23,
        1
      ],
      [
        43,
        2
      ],
      [
        22,
        3
      ],
      [
        25,
        3
      ],
      [
        39,
        3
      ],
      [
        42,
        3
      ],
      [
        5,
        4
      ],
      [
        2,
        5
      ],
      [
        4,
        5
      ]
    ],
    "overdue": [
      [
        23,
        4.483842010771993
      ],
      [
        25,
        2.7109929078014185
      ],
      [
        1,
        2.3745551601423487
      ],
      [
        42,
        2.0317460317460316
      ],
      [
        14,
        2.0246913580246915
      ],
      [
        20,
        1.9785330948121644
      ],
      [
        5,
        1.6642793196060879
      ],
      [
        38,
        1.639751552795031
      ]
    ]
  },
  "engine_predictions": {
    "advancedpattern": [
      30,
      31,
      32,
      35,
      36,
      37
    ],
    "gap": [
      1,
      7,
      13,
      19,
      25,
      31
    ],
    "graph": [
      6,
      12,
      21,
      34,
      40,
      45
    ],
    "lstm": [
      3,
      15,
      27,
      35,
      36,
      37
    ],
    "ml": [
      11,
      19,
      30,
      34,
      38,
      44
    ],
    "numerology": [
      13,
      16,
      17,
      22,
      23,
      25
    ],
    "pattern": [
      3,
      11,
      13,
      23,
      33,
      43
    ],
    "sequencecorrelation": [
      14,
      31,
      33,
      34,
      40,
      44
    ],
    "statistical": [
      1,
      14,
      28,
      33,
      34,
      38
    ],
    "timeseries": [
      1,
      5,
      11,
      17,
      23,
      25
    ]
  },
  "predicted_sets": [
    {
      "numbers": [
        1,
        19,
        23,
        34,
        37,
        40
      ],
      "confidence": 69.96666666666667
    },
    {
      "numbers": [
        1,
        17,
        23,
        34,
        36,
        38
      ],
      "confidence": 69.96666666666667
    },
    {
      "numbers": [
        1,
        11,
        13,
        25,
        32,
        34
      ],
      "confidence": 69.75833333333334
    },
    {
      "numbers": [
        3,
        13,
        25,
        31,
        34,
        36
      ],
      "confidence": 69.75833333333334
    },
    {
      "numbers": [
        11,
        23,
        25,
        31,
        34,
        40
      ],
      "confidence": 69.725
    },
    {
      "numbers": [
        1,
        14,
        23,
        25,
        33,
        34
      ],
      "confidence": 69.55
    },
    {
      "numbers": [
        1,
        13,
        30,
        35,
        37,
        44
      ],
      "confidence": 69.33333333333334
    },
    {
      "numbers": [
        1,
        13,
        30,
        32,
        34,
        35
      ],
      "confidence": 69.3
    },
    {
      "numbers": [
        1,
        13,
        34,
        36,
        37,
        40
      ],
      "confidence": 69.26666666666668
    },
    {
      "numbers": [
        1,
        3,
        25,
        34,
        37,
        38
      ],
      "confidence": 69.26666666666668
    },
    {
      "numbers": [
        1,
        14,
        19,
        25,
        34,
        36
      ],
      "confidence": 69.09166666666667
    },
    {
      "numbers": [
        1,
        13,
        14,
        30,
        34,
        36
      ],
      "confidence": 69.09166666666667
    },
    {
      "numbers": [
        1,
        17,
        23,
        34,
        36,
        37
      ],
      "confidence": 69.09166666666667
    },
    {
      "numbers": [
        1,
        11,
        13,
        25,
        36,
        38
      ],
      "confidence": 69.09166666666667
    },
    {
      "numbers": [
        1,
        11,
        17,
        33,
        34,
        40
      ],
      "confidence": 69.05833333333334
    },
    {
      "numbers": [
        1,
        17,
        31,
        33,
        34,
        38
      ],
      "confidence": 69.05833333333334
    },
    {
      "numbers": [
        1,
        17,
        30,
        31,
        34,
        44
      ],
      "confidence": 68.91666666666667
    },
    {
      "numbers": [
        13,
        23,
        25,
        30,
        34,
        44
      ],
      "confidence": 68.88333333333333
    },
    {
      "numbers": [
        3,
        11,
        23,
        31,
        34,
        40
      ],
      "confidence": 68.88333333333333
    },
    {
      "numbers": [
        11,
        13,
        23,
        33,
        34,
        36
      ],
      "confidence": 68.85
    },
    {
      "numbers": [
        1,
        17,
        23,
        32,
        35,
        44
      ],
      "confidence": 68.66666666666666
    },
    {
      "numbers": [
        3,
        11,
        19,
        25,
        30,
        36
      ],
      "confidence": 68.63333333333333
    },
    {
      "numbers": [
        11,
        14,
        19,
        23,
        25,
        38
      ],
      "confidence": 68.6
    },
    {
      "numbers": [
        3,
        11,
        34,
        35,
        36,
        37
      ],
      "confidence": 68.6
    },
    {
      "numbers": [
        3,
        19,
        31,
        34,
        37,
        38
      ],
      "confidence": 68.6
    },
    {
      "numbers": [
        3,
        11,
        25,
        35,
        38,
        44
      ],
      "confidence": 68.45833333333334
    },
    {
      "numbers": [
        3,
        11,
        23,
        30,
        35,
        44
      ],
      "confidence": 68.45833333333334
    },
    {
      "numbers": [
        1,
        11,
        17,
        25,
        36,
        40
      ],
      "confidence": 68.42500000000001
    },
    {
      "numbers": [
        1,
        3,
        11,
        25,
        30,
        38
      ],
      "confidence": 68.42500000000001
    },
    {
      "numbers": [
        1,
        11,
        17,
        25,
        30,
        36
      ],
      "confidence": 68.42500000000001
    },
    {
      "numbers": [
        1,
        30,
        31,
        34,
        36,
        37
      ],
      "confidence": 68.39166666666668
    },
    {
      "numbers": [
        1,
        25,
        34,
        35,
        36,
        37
      ],
      "confidence": 68.39166666666668
    },
    {
      "numbers": [
        13,
        19,
        30,
        33,
        34,
        37
      ],
      "confidence": 68.39166666666668
    },
    {
      "numbers": [
        13,
        14,
        19,
        30,
        31,
        34
      ],
      "confidence": 68.39166666666668
    },
    {
      "numbers": [
        3,
        13,
        23,
        31,
        40,
        44
      ],
      "confidence": 68.25
    },
    {
      "numbers": [
        1,
        14,
        23,
        33,
        36,
        44
      ],
      "confidence": 68.25
    },
    {
      "numbers": [
        1,
        11,
        14,
        19,
        30,
        34
      ],
      "confidence": 68.21666666666667
    },
    {
      "numbers": [
        11,
        13,
        31,
        34,
        35,
        44
      ],
      "confidence": 68.18333333333334
    },
    {
      "numbers": [
        3,
        17,
        19,
        30,
        35,
        44
      ],