{
  "latest_round": 527,
  "next_round": 528,
  "hot_cold": {
    "hot": [
      [
        27,
        13
      ],
      [
        4,
        11
      ],
      [
        22,
        11
      ],
      [
        23,
        11
      ],
      [
        40,
        11
      ],
      [
        1,
        9
      ],
      [
        8,
        9
      ],
      [
        20,
        9
      ],
      [
        29,
        9
      ],
      [
        35,
        9
      ]
    ],
    "cold": [
      [
        21,
        1
      ],
      [
        16,
        2
      ],
      [
        18,
        2
      ],
      [
        19,
        2
      ],
      [
        9,
        3
      ],
      [
        45,
        3
      ],
      [
        6,
        4
      ],
      [
        10,
        4
      ],
      [
        11,
        4
      ],
      [
        15,
        5
      ]
    ],
    "overdue": [
      [
        19,
        4.190283400809717
      ],
      [
        24,
        2.8083832335329344
      ],
      [
        31,
        2.5584158415841585
      ],
      [
        25,
        2.485207100591716
      ],
      [
        21,
        1.6986301369863013
      ],
      [
        15,
        1.5559921414538311
      ]
    ]
  },
  "engine_predictions": {
    "advancedpattern": [
      1,
      12,
      22,
      32,
      33,
      42
    ],
    "gap": [
      1,
      7,
      13,
      19,
      25,
      31
    ],
    "graph": [
      5,
      20,
      27,
      33,
      37,
      40
    ],
    "lstm": [
      1,
      4,
      14,
      29,
      32,
      38
    ],
    "ml": [
      1,
      3,
      5,
      7,
      8,
      17
    ],
    "numerology": [
      17,
      22,
      23,
      24,
      25,
      31
    ],
    "pattern": [
      5,
      15,
      25,
      33,
      35,
      45
    ],
    "sequencecorrelation": [
      1,
      3,
      17,
      27,
      36,
      40
    ],
    "statistical": [
      24,
      25,
      27,
      31,
      34,
      43
    ],
    "timeseries": [
      6,
      21,
      24,
      34,
      38,
      43
    ]
  },
  "predicted_sets": [
    {
      "numbers": [
        1,
        17,
        24,
        25,
        33,
        42
      ],
      "confidence": 72.66666666666666
    },
    {
      "numbers": [
        1,
        24,
        25,
        33,
        38,
        42
      ],
      "confidence": 71.3
    },
    {
      "numbers": [
        1,
        7,
        24,
        25,
        32,
        38
      ],
      "confidence": 70.6
    },
    {
      "numbers": [
        1,
        5,
        24,
        27,
        31,
        32
      ],
      "confidence": 70.39166666666667
    },
    {
      "numbers": [
        1,
        5,
        25,
        27,
        38,
        40
      ],
      "confidence": 70.39166666666667
    },
    {
      "numbers": [
        1,
        5,
        25,
        27,
        32,
        34
      ],
      "confidence": 70.39166666666667
    },
    {
      "numbers": [
        1,
        25,
        27,
        31,
        32,
        34
      ],
      "confidence": 70.39166666666667
    },
    {
      "numbers": [
        1,
        17,
        24,
        31,
        33,
        34
      ],
      "confidence": 70.21666666666667
    },
    {
      "numbers": [
        1,
        7,
        14,
        25,
        38,
        42
      ],
      "confidence": 70.0
    },
    {
      "numbers": [
        5,
        17,
        22,
        31,
        33,
        40
      ],
      "confidence": 69.96666666666667
    },
    {
      "numbers": [
        1,
        14,
        25,
        27,
        42,
        43
      ],
      "confidence": 69.96666666666667
    },
    {
      "numbers": [
        1,
        5,
        14,
        17,
        33,
        42
      ],
      "confidence": 69.96666666666667
    },
    {
      "numbers": [
        1,
        7,
        24,
        31,
        38,
        43
      ],
      "confidence": 69.75833333333334
    },
    {
      "numbers": [
        1,
        14,
        17,
        27,
        32,
        33
      ],
      "confidence": 69.75833333333334
    },
    {
      "numbers": [
        1,
        25,
        27,
        31,
        32,
        42
      ],
      "confidence": 69.55
    },
    {
      "numbers": [
        17,
        22,
        25,
        33,
        34,
        38
      ],
      "confidence": 69.26666666666668
    },
    {
      "numbers": [
        1,
        12,
        25,
        40,
        42,
        43
      ],
      "confidence": 69.125
    },
    {
      "numbers": [
        3,
        17,
        25,
        33,
        40,
        42
      ],
      "confidence": 69.125
    },
    {
      "numbers": [
        12,
        17,
        24,
        25,
        33,
        43
      ],
      "confidence": 69.09166666666667
    },
    {
      "numbers": [
        1,
        14,
        22,
        25,
        32,
        40
      ],
      "confidence": 69.09166666666667
    },
    {
      "numbers": [
        3,
        17,
        25,
        32,
        33,
        34
      ],
      "confidence": 69.09166666666667
    },
    {
      "numbers": [
        1,
        12,
        25,
        32,
        33,
        42
      ],
      "confidence": 68.91666666666667
    },
    {
      "numbers": [
        1,
        25,
        31,
        32,
        38,
        42
      ],
      "confidence": 68.88333333333333
    },
    {
      "numbers": [
        1,
        3,
        17,
        22,
        32,
        33
      ],
      "confidence": 68.88333333333333
    },
    {
      "numbers": [
        1,
        12,
        22,
        25,
        27,
        32
      ],
      "confidence": 68.88333333333333
    },
    {
      "numbers": [
        3,
        7,
        12,
        25,
        31,
        38
      ],
      "confidence": 68.63333333333333
    },
    {
      "numbers": [
        1,
        13,
        17,
        22,
        34,
        42
      ],
      "confidence": 68.45833333333334
    },
    {
      "numbers": [
        5,
        13,
        24,
        27,
        40,
        43
      ],
      "confidence": 68.45833333333334
    },
    {
      "numbers": [
        3,
        5,
        17,
        27,
        38,
        42
      ],
      "confidence": 68.45833333333334
    },
    {
      "numbers": [
        1,
        5,
        13,
        17,
        32,
        42
      ],
      "confidence": 68.42500000000001
    },
    {
      "numbers": [
        1,
        7,
        12,
        24,
        32,
        38
      ],
      "confidence": 68.42500000000001
    },
    {
      "numbers": [
        5,
        25,
        32,
        33,
        34,
        40
      ],
      "confidence": 68.39166666666668
    },
    {
      "numbers": [
        3,
        24,
        27,
        31,
        32,
        33
      ],
      "confidence": 68.39166666666668
    },
    {
      "numbers": [
        1,
        12,
        17,
        24,
        34,
        42
      ],
      "confidence": 68.25
    },
    {
      "numbers": [
        1,
        7,
        14,
        27,
        31,
        32
      ],
      "confidence": 68.21666666666667
    },
    {
      "numbers": [
        1,
        14,
        22,
        24,
        31,
        38
      ],
      "confidence": 68.21666666666667
    },
    {
      "numbers": [
        1,
        17,
        31,
        32,
        38,
        42
      ],
      "confidence": 68.21666666666667
    },
    {
      "numbers": [
        1,
        7,
        12,
        27,
        31,
        38
      ],
      "confidence": 68.21666666666667
    },
    {
      "numbers": [
        7,
        17,
        24,
        25,
        27,
        42
      ],
      "confidence": 68.21666666666667
    },
    {
      "numbers": [
        1,
        7,
        22,
        24,
        31,
        42
      ],