{
  "latest_round": 97,
  "next_round": 98,
  "hot_cold": {
    "hot": [
      [
        15,
        12
      ],
      [
        3,
        11
      ],
      [
        36,
        11
      ],
      [
        2,
        10
      ],
      [
        29,
        10
      ],
      [
        10,
        9
      ],
      [
        17,
        9
      ],
      [
        24,
        9
      ],
      [
        33,
        9
      ],
      [
        40,
        9
      ]
    ],
    "cold": [
      [
        9,
        1
      ],
      [
        28,
        2
      ],
      [
        11,
        3
      ],
      [
        13,
        3
      ],
      [
        23,
        4
      ],
      [
        42,
        4
      ],
      [
        45,
        4
      ],
      [
        19,
        5
      ],
      [
        21,
        5
      ],
      [
        30,
        5
      ]
    ],
    "overdue": [
      [
        25,
        3.7051282051282053
      ],
      [
        18,
        3.6833333333333336
      ],
      [
        9,
        2.6376811594202896
      ],
      [
        37,
        2.2
      ],
      [
        2,
        2.088607594936709
      ],
      [
        10,
        2.048780487804878
      ],
      [
        39,
        1.8333333333333333
      ],
      [
        19,
        1.75
      ],
      [
        16,
        1.5476190476190477
      ]
    ]
  },
  "engine_predictions": {
    "advancedpattern": [
      6,
      7,
      14,
      15,
      20,
      36
    ],
    "gap": [
      2,
      8,
      14,
      20,
      26,
      32
    ],
    "graph": [
      2,
      3,
      17,
      26,
      37,
      40
    ],
    "lstm": [
      1,
      6,
      17,
      20,
      24,
      36
    ],
    "numerology": [
      17,
      22,
      23,
      24,
      25,
      26
    ],
    "pattern": [
      3,
      13,
      23,
      33,
      37,
      43
    ],
    "sequencecorrelation": [
      2,
      16,
      25,
      26,
      31,
      40
    ],
    "statistical": [
      2,
      10,
      16,
      18,
      25,
      37
    ],
    "timeseries": [
      9,
      13,
      18,
      23,
      24,
      35
    ]
  },
  "predicted_sets": [
    {
      "numbers": [
        2,
        13,
        25,
        26,
        37,
        40
      ],
      "confidence": 72.63333333333333
    },
    {
      "numbers": [
        2,
        14,
        17,
        23,
        25,
        26
      ],
      "confidence": 72.06135321952212
    },
    {
      "numbers": [
        2,
        15,
        18,
        23,
        26,
        37
      ],
      "confidence": 71.89259259259259
    },
    {
      "numbers": [
        2,
        17,
        24,
        25,
        36,
        40
      ],
      "confidence": 71.89259259259259
    },
    {
      "numbers": [
        2,
        17,
        20,
        25,
        36,
        43
      ],
      "confidence": 71.85185185185185
    },
    {
      "numbers": [
        2,
        16,
        20,
        23,
        35,
        37
      ],
      "confidence": 71.15185185185184
    },
    {
      "numbers": [
        2,
        15,
        20,
        23,
        36,
        37
      ],
      "confidence": 71.15185185185184
    },
    {
      "numbers": [
        2,
        18,
        25,
        36,
        37,
        40
      ],
      "confidence": 71.15185185185184
    },
    {
      "numbers": [
        16,
        20,
        23,
        24,
        26,
        37
      ],
      "confidence": 71.05833333333334
    },
    {
      "numbers": [
        2,
        13,
        15,
        24,
        37,
        40
      ],
      "confidence": 70.41111111111111
    },
    {
      "numbers": [
        14,
        18,
        24,
        25,
        26,
        37
      ],
      "confidence": 70.3175925925926
    },
    {
      "numbers": [
        20,
        23,
        25,
        26,
        35,
        37
      ],
      "confidence": 70.3175925925926
    },
    {
      "numbers": [
        2,
        6,
        14,
        23,
        36,
        37
      ],
      "confidence": 70.27685185185186
    },
    {
      "numbers": [
        2,
        14,
        17,
        23,
        25,
        35
      ],
      "confidence": 70.27685185185186
    },
    {
      "numbers": [
        2,
        14,
        15,
        17,
        26,
        36
      ],
      "confidence": 70.27685185185186
    },
    {
      "numbers": [
        2,
        17,
        18,
        26,
        35,
        36
      ],
      "confidence": 70.27685185185186
    },
    {
      "numbers": [
        6,
        20,
        23,
        24,
        25,
        40
      ],
      "confidence": 70.27685185185186
    },
    {
      "numbers": [
        2,
        7,
        20,
        23,
        26,
        43
      ],
      "confidence": 70.27685185185186
    },
    {
      "numbers": [
        6,
        17,
        24,
        26,
        40,
        43
      ],
      "confidence": 70.23611111111111
    },
    {
      "numbers": [
        2,
        20,
        26,
        35,
        40,
        43
      ],
      "confidence": 70.23611111111111
    },
    {
      "numbers": [
        3,
        13,
        17,
        20,
        26,
        37
      ],
      "confidence": 70.14259259259259
    },
    {
      "numbers": [
        7,
        16,
        20,
        23,
        24,
        25
      ],
      "confidence": 69.71111111111111
    },
    {
      "numbers": [
        3,
        14,
        18,
        25,
        36,
        37
      ],
      "confidence": 69.67037037037036
    },
    {
      "numbers": [
        17,
        23,
        25,
        26,
        35,
        40
      ],
      "confidence": 69.57685185185184
    },
    {
      "numbers": [
        2,
        13,
        17,
        36,
        37,
        40
      ],
      "confidence": 69.57685185185184
    },
    {
      "numbers": [
        2,
        3,
        24,
        25,
        40,
        43
      ],
      "confidence": 69.53611111111113
    },
    {
      "numbers": [
        3,
        15,
        17,
        20,
        24,
        37
      ],
      "confidence": 69.53611111111113
    },
    {
      "numbers": [
        7,
        17,
        20,
        23,
        24,
        36
      ],
      "confidence": 69.53611111111113
    },
    {
      "numbers": [
        2,
        17,
        20,
        36,
        40,
        43
      ],
      "confidence": 69.53611111111113
    },
    {
      "numbers": [
        2,
        7,
        14,
        24,
        25,
        36
      ],
      "confidence": 69.42339025655917
    },
    {
      "numbers": [
        2,
        17,
        25,
        35,
        36,
        37
      ],
      "confidence": 69.40185185185184
    },
    {
      "numbers": [
        6,
        13,
        14,
        23,
        26,
        37
      ],
      "confidence": 69.40185185185184
    },
    {
      "numbers": [
        3,
        15,
        17,
        20,
        24,
        26
      ],
      "confidence": 68.83913099729989
    },
    {
      "numbers": [
        13,
        14,
        17,
        20,
        25,
        40
      ],
      "confidence": 68.83611111111111
    },
    {
      "numbers": [
        6,
        15,
        17,
        20,
        24,
        40
      ],
      "confidence": 68.79537037037038
    },
    {
      "numbers": [
        2,
        14,
        15,
        26,
        35,
        40
      ],
      "confidence": 68.79537037037038
    },
    {
      "numbers": [
        14,
        18,
        24,
        25,
        37,
        43
      ],
      "confidence": 68.79537037037038
    },
    {
      "numbers": [
        3,
        6,
        18,
        23,
        24,
        40
      ],
      "confidence": 68.79537037037038
    },
    {
      "numbers": [
        7,
        18,
        20,
        23,
        36,
        37
      ],