{
  "latest_round": 935,
  "next_round": 936,
  "hot_cold": {
    "hot": [
      [
        38,
        13
      ],
      [
        3,
        10
      ],
      [
        23,
        10
      ],
      [
        18,
        9
      ],
      [
        21,
        9
      ],
      [
        39,
        9
      ],
      [
        42,
        9
      ],
      [
        7,
        8
      ],
      [
        16,
        8
      ],
      [
        22,
        8
      ]
    ],
    "cold": [
      [
        10,
        3
      ],
      [
        30,
        3
      ],
      [
        40,
        3
      ],
      [
        9,
        4
      ],
      [
        11,
        4
      ],
      [
        8,
        5
      ],
      [
        20,
        5
      ],
      [
        24,
        5
      ],
      [
        25,
        5
      ],
      [
        29,
        5
      ]
    ],
    "overdue": [
      [
        40,
        4.048565121412803
      ],
      [
        26,
        2.035010940919037
      ],
      [
        5,
        1.977753058954394
      ],
      [
        17,
        1.7592997811816191
      ],
      [
        2,
        1.7191256830601094
      ],
      [
        34,
        1.5812431842966195
      ]
    ]
  },
  "engine_predictions": {
    "advancedpattern": [
      4,
      10,
      20,
      32,
      38,
      44
    ],
    "gap": [
      1,
      7,
      13,
      19,
      25,
      31
    ],
    "graph": [
      8,
      12,
      20,
      26,
      34,
      40
    ],
    "lstm": [
      4,
      15,
      23,
      36,
      38,
      44
    ],
    "ml": [
      7,
      12,
      14,
      24,
      33,
      37
    ],
    "numerology": [
      17,
      22,
      23,
      24,
      25,
      31
    ],
    "pattern": [
      3,
      11,
      13,
      23,
      33,
      43
    ],
    "sequencecorrelation": [
      12,
      14,
      17,
      18,
      24,
      40
    ],
    "statistical": [
      2,
      5,
      17,
      26,
      34,
      40
    ],
    "timeseries": [
      2,
      5,
      11,
      15,
      24,
      34
    ]
  },
  "predicted_sets": [
    {
      "numbers": [
        2,
        15,
        23,
        24,
        40,
        44
      ],
      "confidence": 69.79166666666667
    },
    {
      "numbers": [
        7,
        12,
        15,
        20,
        24,
        38
      ],
      "confidence": 69.3
    },
    {
      "numbers": [
        5,
        17,
        20,
        24,
        38,
        44
      ],
      "confidence": 69.125
    },
    {
      "numbers": [
        7,
        11,
        12,
        17,
        24,
        38
      ],
      "confidence": 69.09166666666667
    },
    {
      "numbers": [
        12,
        17,
        24,
        33,
        34,
        38
      ],
      "confidence": 69.05833333333334
    },
    {
      "numbers": [
        5,
        7,
        17,
        24,
        34,
        40
      ],
      "confidence": 68.88333333333333
    },
    {
      "numbers": [
        13,
        17,
        23,
        24,
        40,
        44
      ],
      "confidence": 68.88333333333333
    },
    {
      "numbers": [
        7,
        20,
        23,
        24,
        34,
        40
      ],
      "confidence": 68.88333333333333
    },
    {
      "numbers": [
        2,
        7,
        20,
        23,
        38,
        44
      ],
      "confidence": 68.66666666666666
    },
    {
      "numbers": [
        7,
        14,
        15,
        23,
        38,
        40
      ],
      "confidence": 68.63333333333333
    },
    {
      "numbers": [
        5,
        12,
        17,
        23,
        32,
        44
      ],
      "confidence": 68.45833333333334
    },
    {
      "numbers": [
        7,
        11,
        12,
        17,
        23,
        44
      ],
      "confidence": 68.42500000000001
    },
    {
      "numbers": [
        12,
        15,
        20,
        23,
        40,
        44
      ],
      "confidence": 68.42500000000001
    },
    {
      "numbers": [
        5,
        17,
        20,
        23,
        38,
        40
      ],
      "confidence": 68.42500000000001
    },
    {
      "numbers": [
        5,
        7,
        20,
        24,
        38,
        40
      ],
      "confidence": 68.42500000000001
    },
    {
      "numbers": [
        7,
        12,
        17,
        38,
        40,
        44
      ],
      "confidence": 68.42500000000001
    },
    {
      "numbers": [
        4,
        15,
        17,
        23,
        34,
        38
      ],
      "confidence": 68.42500000000001
    },
    {
      "numbers": [
        11,
        14,
        17,
        23,
        24,
        38
      ],
      "confidence": 68.39166666666668
    },
    {
      "numbers": [
        14,
        15,
        23,
        24,
        38,
        40
      ],
      "confidence": 68.39166666666668
    },
    {
      "numbers": [
        5,
        11,
        20,
        24,
        34,
        44
      ],
      "confidence": 68.25
    },
    {
      "numbers": [
        4,
        11,
        13,
        23,
        24,
        40
      ],
      "confidence": 68.21666666666667
    },
    {
      "numbers": [
        7,
        20,
        23,
        32,
        38,
        44
      ],
      "confidence": 68.0
    },
    {
      "numbers": [
        10,
        15,
        17,
        23,
        32,
        34
      ],
      "confidence": 67.96666666666667
    },
    {
      "numbers": [
        4,
        5,
        12,
        33,
        40,
        44
      ],
      "confidence": 67.75833333333334
    },
    {
      "numbers": [
        7,
        11,
        12,
        24,
        32,
        38
      ],
      "confidence": 67.75833333333334
    },
    {
      "numbers": [
        5,
        7,
        13,
        23,
        38,
        40
      ],
      "confidence": 67.75833333333334
    },
    {
      "numbers": [
        5,
        17,
        20,
        34,
        38,
        40
      ],
      "confidence": 67.725
    },
    {
      "numbers": [
        12,
        14,
        15,
        17,
        23,
        33
      ],
      "confidence": 67.725
    },
    {
      "numbers": [
        10,
        12,
        13,
        15,
        23,
        34
      ],
      "confidence": 67.61559284948035
    },
    {
      "numbers": [
        5,
        12,
        14,
        23,
        33,
        44
      ],
      "confidence": 67.58333333333334
    },
    {
      "numbers": [
        5,
        14,
        23,
        24,
        32,
        44
      ],
      "confidence": 67.58333333333334
    },
    {
      "numbers": [
        4,
        13,
        14,
        17,
        23,
        40
      ],
      "confidence": 67.55
    },
    {
      "numbers": [
        7,
        12,
        13,
        23,
        33,
        40
      ],
      "confidence": 67.55
    },
    {
      "numbers": [
        7,
        10,
        12,
        17,
        24,
        44
      ],
      "confidence": 67.55
    },
    {
      "numbers": [
        12,
        13,
        17,
        23,
        33,
        40
      ],
      "confidence": 67.51666666666667
    },
    {
      "numbers": [
        2,
        7,
        10,
        23,
        38,
        44
      ],
      "confidence": 67.3
    },
    {
      "numbers": [
        5,
        11,
        17,
        32,
        33,
        44
      ],
      "confidence": 67.3
    },
    {
      "numbers": [
        5,
        11,
        13,
        17,
        32,
        40
      ],
      "confidence": 67.26666666666667
    },
    {
      "numbers": [
        10,
        15,
        20,
        23,
        38,
        44
      ],
      "confidence": 67.125
    },
    {
      "numbers": [
        5,
        11,
        13,
        20,
        23,
        34
      ],