{
  "latest_round": 750,
  "next_round": 751,
  "hot_cold": {
    "hot": [
      [
        2,
        12
      ],
      [
        10,
        12
      ],
      [
        33,
        11
      ],
      [
        19,
        10
      ],
      [
        41,
        10
      ],
      [
        45,
        10
      ],
      [
        21,
        9
      ],
      [
        34,
        9
      ],
      [
        44,
        9
      ],
      [
        1,
        8
      ]
    ],
    "cold": [
      [
        25,
        3
      ],
      [
        26,
        3
      ],
      [
        38,
        3
      ],
      [
        40,
        3
      ],
      [
        5,
        4
      ],
      [
        9,
        4
      ],
      [
        20,
        4
      ],
      [
        29,
        4
      ],
      [
        31,
        4
      ],
      [
        39,
        4
      ]
    ],
    "overdue": [
      [
        20,
        4.416785206258891
      ],
      [
        39,
        3.843137254901961
      ],
      [
        30,
        2.613259668508287
      ],
      [
        25,
        2.580246913580247
      ],
      [
        6,
        2.022222222222222
      ],
      [
        11,
        1.9481582537517053
      ],
      [
        43,
        1.6856745479833102
      ],
      [
        38,
        1.5227586206896553
      ]
    ]
  },
  "engine_predictions": {
    "advancedpattern": [
      1,
      2,
      15,
      19,
      24,
      36
    ],
    "gap": [
      1,
      7,
      13,
      19,
      25,
      31
    ],
    "graph": [
      1,
      15,
      20,
      31,
      34,
      40
    ],
    "lstm": [
      3,
      12,
      15,
      34,
      36,
      45
    ],
    "ml": [
      2,
      4,
      19,
      25,
      36,
      45
    ],
    "numerology": [
      17,
      22,
      23,
      24,
      25,
      31
    ],
    "pattern": [
      5,
      13,
      15,
      25,
      35,
      45
    ],
    "sequencecorrelation": [
      17,
      27,
      33,
      34,
      37,
      44
    ],
    "statistical": [
      6,
      11,
      25,
      30,
      39,
      43
    ],
    "timeseries": [
      5,
      8,
      17,
      27,
      40,
      43
    ]
  },
  "predicted_sets": [
    {
      "numbers": [
        1,
        2,
        15,
        25,
        36,
        45
      ],
      "confidence": 71.58333333333334
    },
    {
      "numbers": [
        1,
        15,
        19,
        24,
        36,
        43
      ],
      "confidence": 71.33333333333334
    },
    {
      "numbers": [
        8,
        15,
        19,
        25,
        34,
        36
      ],
      "confidence": 71.09166666666667
    },
    {
      "numbers": [
        1,
        2,
        19,
        25,
        31,
        36
      ],
      "confidence": 71.09166666666667
    },
    {
      "numbers": [
        1,
        8,
        15,
        25,
        34,
        45
      ],
      "confidence": 70.91666666666666
    },
    {
      "numbers": [
        1,
        8,
        25,
        34,
        36,
        43
      ],
      "confidence": 70.63333333333333
    },
    {
      "numbers": [
        8,
        13,
        17,
        25,
        34,
        36
      ],
      "confidence": 70.63333333333333
    },
    {
      "numbers": [
        1,
        2,
        13,
        25,
        40,
        45
      ],
      "confidence": 70.45833333333334
    },
    {
      "numbers": [
        2,
        5,
        17,
        25,
        31,
        34
      ],
      "confidence": 70.42500000000001
    },
    {
      "numbers": [
        2,
        13,
        15,
        25,
        36,
        40
      ],
      "confidence": 70.42500000000001
    },
    {
      "numbers": [
        2,
        13,
        17,
        24,
        36,
        45
      ],
      "confidence": 70.0
    },
    {
      "numbers": [
        8,
        15,
        19,
        24,
        36,
        43
      ],
      "confidence": 70.0
    },
    {
      "numbers": [
        2,
        15,
        19,
        24,
        27,
        36
      ],
      "confidence": 69.96666666666667
    },
    {
      "numbers": [
        1,
        2,
        17,
        19,
        36,
        43
      ],
      "confidence": 69.96666666666667
    },
    {
      "numbers": [
        2,
        15,
        19,
        34,
        36,
        40
      ],
      "confidence": 69.93333333333334
    },
    {
      "numbers": [
        2,
        13,
        15,
        19,
        31,
        36
      ],
      "confidence": 69.93333333333334
    },
    {
      "numbers": [
        8,
        15,
        27,
        31,
        36,
        45
      ],
      "confidence": 69.79166666666667
    },
    {
      "numbers": [
        1,
        2,
        19,
        24,
        25,
        34
      ],
      "confidence": 69.78215295250175
    },
    {
      "numbers": [
        5,
        19,
        24,
        25,
        31,
        40
      ],
      "confidence": 69.75833333333334
    },
    {
      "numbers": [
        13,
        19,
        24,
        25,
        36,
        43
      ],
      "confidence": 69.75833333333334
    },
    {
      "numbers": [
        12,
        15,
        25,
        34,
        36,
        40
      ],
      "confidence": 69.725
    },
    {
      "numbers": [
        5,
        12,
        15,
        19,
        25,
        34
      ],
      "confidence": 69.55
    },
    {
      "numbers": [
        5,
        8,
        15,
        25,
        34,
        36
      ],
      "confidence": 69.55
    },
    {
      "numbers": [
        1,
        2,
        5,
        25,
        34,
        45
      ],
      "confidence": 69.55
    },
    {
      "numbers": [
        13,
        15,
        24,
        31,
        36,
        40
      ],
      "confidence": 69.26666666666668
    },
    {
      "numbers": [
        8,
        15,
        19,
        31,
        34,
        40
      ],
      "confidence": 69.26666666666668
    },
    {
      "numbers": [
        1,
        8,
        12,
        17,
        25,
        43
      ],
      "confidence": 69.15715295250175
    },
    {
      "numbers": [
        1,
        17,
        19,
        24,
        34,
        40
      ],
      "confidence": 69.09166666666667
    },
    {
      "numbers": [
        2,
        24,
        25,
        27,
        40,
        45
      ],
      "confidence": 69.09166666666667
    },
    {
      "numbers": [
        12,
        17,
        25,
        27,
        31,
        34
      ],
      "confidence": 69.05833333333334
    },
    {
      "numbers": [
        12,
        15,
        17,
        19,
        34,
        45
      ],
      "confidence": 69.05833333333334
    },
    {
      "numbers": [
        8,
        15,
        19,
        24,
        25,
        27
      ],
      "confidence": 69.05833333333334
    },
    {
      "numbers": [
        1,
        2,
        5,
        17,
        36,
        45
      ],
      "confidence": 68.94881961916843
    },
    {
      "numbers": [
        1,
        2,
        27,
        34,
        40,
        43
      ],
      "confidence": 68.63333333333333
    },
    {
      "numbers": [
        2,
        8,
        19,
        36,
        43,
        45
      ],
      "confidence": 68.63333333333333
    },
    {
      "numbers": [
        8,
        24,
        25,
        27,
        36,
        40
      ],
      "confidence": 68.6
    },
    {
      "numbers": [
        5,
        13,
        25,
        36,
        37,
        44
      ],
      "confidence": 68.45833333333334
    },
    {
      "numbers": [
        1,
        13,
        17,
        24,
        36,
        44
      ],
      "confidence": 68.45833333333334
    },
    {
      "numbers": [
        2,
        5,
        17,
        34,
        40,
        45
      ],