{
  "latest_round": 825,
  "next_round": 826,
  "hot_cold": {
    "hot": [
      [
        12,
        14
      ],
      [
        21,
        13
      ],
      [
        10,
        12
      ],
      [
        6,
        10
      ],
      [
        18,
        10
      ],
      [
        19,
        10
      ],
      [
        38,
        10
      ],
      [
        45,
        10
      ],
      [
        15,
        9
      ],
      [
        24,
        9
      ]
    ],
    "cold": [
      [
        4,
        2
      ],
      [
        20,
        3
      ],
      [
        22,
        3
      ],
      [
        44,
        3
      ],
      [
        5,
        4
      ],
      [
        7,
        4
      ],
      [
        8,
        4
      ],
      [
        23,
        4
      ],
      [
        33,
        4
      ],
      [
        37,
        4
      ]
    ],
    "overdue": [
      [
        4,
        3.5082174462705438
      ],
      [
        37,
        2.7142857142857144
      ],
      [
        5,
        2.1319796954314723
      ],
      [
        41,
        2.1170610211706102
      ],
      [
        6,
        2.0930817610062893
      ],
      [
        32,
        1.9615384615384617
      ],
      [
        23,
        1.9207920792079207
      ],
      [
        11,
        1.674074074074074
      ]
    ]
  },
  "engine_predictions": {
    "advancedpattern": [
      8,
      15,
      21,
      31,
      33,
      38
    ],
    "gap": [
      1,
      7,
      13,
      19,
      25,
      31
    ],
    "graph": [
      1,
      12,
      14,
      15,
      31,
      34
    ],
    "lstm": [
      9,
      12,
      18,
      24,
      29,
      38
    ],
    "ml": [
      8,
      15,
      29,
      31,
      33,
      41
    ],
    "numerology": [
      17,
      23,
      24,
      25,
      26,
      31
    ],
    "pattern": [
      1,
      11,
      15,
      21,
      31,
      41
    ],
    "sequencecorrelation": [
      14,
      27,
      34,
      37,
      40,
      45
    ],
    "statistical": [
      5,
      6,
      11,
      32,
      37,
      41
    ],
    "timeseries": [
      5,
      23,
      25,
      32,
      37,
      43
    ]
  },
  "predicted_sets": [
    {
      "numbers": [
        8,
        15,
        24,
        31,
        33,
        41
      ],
      "confidence": 71.79166666666666
    },
    {
      "numbers": [
        8,
        14,
        15,
        29,
        31,
        32
      ],
      "confidence": 71.3
    },
    {
      "numbers": [
        8,
        14,
        15,
        29,
        31,
        33
      ],
      "confidence": 71.3
    },
    {
      "numbers": [
        8,
        12,
        25,
        31,
        34,
        41
      ],
      "confidence": 71.125
    },
    {
      "numbers": [
        1,
        12,
        15,
        24,
        25,
        31
      ],
      "confidence": 70.88333333333333
    },
    {
      "numbers": [
        12,
        15,
        29,
        31,
        33,
        38
      ],
      "confidence": 70.6
    },
    {
      "numbers": [
        12,
        14,
        15,
        23,
        31,
        38
      ],
      "confidence": 70.6
    },
    {
      "numbers": [
        14,
        15,
        25,
        31,
        37,
        40
      ],
      "confidence": 70.39166666666667
    },
    {
      "numbers": [
        8,
        12,
        25,
        31,
        38,
        41
      ],
      "confidence": 70.25
    },
    {
      "numbers": [
        8,
        14,
        15,
        31,
        34,
        41
      ],
      "confidence": 70.21666666666667
    },
    {
      "numbers": [
        5,
        14,
        15,
        29,
        31,
        40
      ],
      "confidence": 69.75833333333334
    },
    {
      "numbers": [
        1,
        15,
        31,
        33,
        34,
        40
      ],
      "confidence": 69.725
    },
    {
      "numbers": [
        8,
        11,
        14,
        15,
        31,
        32
      ],
      "confidence": 69.725
    },
    {
      "numbers": [
        12,
        15,
        31,
        33,
        38,
        41
      ],
      "confidence": 69.68553531817855
    },
    {
      "numbers": [
        1,
        8,
        24,
        31,
        33,
        41
      ],
      "confidence": 69.55
    },
    {
      "numbers": [
        1,
        14,
        15,
        23,
        29,
        38
      ],
      "confidence": 69.3
    },
    {
      "numbers": [
        1,
        12,
        25,
        33,
        37,
        38
      ],
      "confidence": 69.3
    },
    {
      "numbers": [
        8,
        11,
        12,
        24,
        31,
        33
      ],
      "confidence": 69.09166666666667
    },
    {
      "numbers": [
        12,
        21,
        24,
        25,
        31,
        33
      ],
      "confidence": 69.05833333333334
    },
    {
      "numbers": [
        11,
        12,
        14,
        23,
        25,
        31
      ],
      "confidence": 69.05833333333334
    },
    {
      "numbers": [
        8,
        21,
        25,
        29,
        31,
        32
      ],
      "confidence": 69.05833333333334
    },
    {
      "numbers": [
        5,
        12,
        15,
        25,
        34,
        41
      ],
      "confidence": 68.91666666666667
    },
    {
      "numbers": [
        1,
        12,
        14,
        24,
        31,
        33
      ],
      "confidence": 68.88333333333333
    },
    {
      "numbers": [
        1,
        8,
        12,
        23,
        31,
        33
      ],
      "confidence": 68.88333333333333
    },
    {
      "numbers": [
        14,
        15,
        21,
        31,
        33,
        34
      ],
      "confidence": 68.85
    },
    {
      "numbers": [
        11,
        15,
        21,
        31,
        32,
        38
      ],
      "confidence": 68.85
    },
    {
      "numbers": [
        8,
        15,
        21,
        23,
        32,
        34
      ],
      "confidence": 68.63333333333333
    },
    {
      "numbers": [
        1,
        15,
        29,
        32,
        34,
        40
      ],
      "confidence": 68.63333333333333
    },
    {
      "numbers": [
        8,
        11,
        12,
        23,
        37,
        41
      ],
      "confidence": 68.45833333333334
    },
    {
      "numbers": [
        1,
        23,
        25,
        32,
        38,
        41
      ],
      "confidence": 68.42500000000001
    },
    {
      "numbers": [
        1,
        15,
        23,
        33,
        34,
        38
      ],
      "confidence": 68.42500000000001
    },
    {
      "numbers": [
        8,
        21,
        25,
        32,
        37,
        41
      ],
      "confidence": 68.42500000000001
    },
    {
      "numbers": [
        5,
        8,
        21,
        24,
        31,
        33
      ],
      "confidence": 68.39166666666668
    },
    {
      "numbers": [
        8,
        24,
        31,
        32,
        37,
        38
      ],
      "confidence": 68.35220198484522
    },
    {
      "numbers": [
        14,
        15,
        25,
        32,
        34,
        41
      ],
      "confidence": 68.21666666666667
    },
    {
      "numbers": [
        8,
        12,
        21,
        31,
        34,
        38
      ],
      "confidence": 68.21666666666667
    },
    {
      "numbers": [
        8,
        21,
        23,
        31,
        40,
        41
      ],
      "confidence": 68.21666666666667
    },
    {
      "numbers": [
        5,
        24,
        31,
        33,
        38,
        41
      ],
      "confidence": 68.05220198484523
    },
    {
      "numbers": [
        8,
        15,
        32,
        33,
        37,
        40
      ],