{
  "latest_round": 925,
  "next_round": 926,
  "hot_cold": {
    "hot": [
      [
        18,
        12
      ],
      [
        23,
        10
      ],
      [
        42,
        10
      ],
      [
        3,
        9
      ],
      [
        16,
        9
      ],
      [
        17,
        9
      ],
      [
        21,
        9
      ],
      [
        27,
        9
      ],
      [
        38,
        9
      ],
      [
        39,
        9
      ]
    ],
    "cold": [
      [
        10,
        1
      ],
      [
        30,
        2
      ],
      [
        15,
        3
      ],
      [
        20,
        3
      ],
      [
        25,
        3
      ],
      [
        40,
        3
      ],
      [
        8,
        4
      ],
      [
        9,
        4
      ],
      [
        29,
        4
      ],
      [
        11,
        5
      ]
    ],
    "overdue": [
      [
        10,
        6.496583143507972
      ],
      [
        25,
        3.795302013422819
      ],
      [
        20,
        3.4597048808172532
      ],
      [
        45,
        3.036995515695067
      ],
      [
        15,
        2.967670011148272
      ],
      [
        40,
        2.6026490066225167
      ],
      [
        30,
        1.9447513812154698
      ],
      [
        29,
        1.9383259911894275
      ],
      [
        4,
        1.9090909090909092
      ],
      [
        8,
        1.7688053097345133
      ]
    ]
  },
  "engine_predictions": {
    "advancedpattern": [
      13,
      24,
      32,
      34,
      39,
      42
    ],
    "gap": [
      1,
      7,
      13,
      19,
      25,
      31
    ],
    "graph": [
      8,
      11,
      15,
      20,
      27,
      34
    ],
    "lstm": [
      3,
      13,
      17,
      34,
      42,
      43
    ],
    "ml": [
      24,
      28,
      34,
      35,
      42,
      43
    ],
    "numerology": [
      17,
      22,
      23,
      24,
      25,
      31
    ],
    "pattern": [
      3,
      11,
      13,
      23,
      33,
      43
    ],
    "sequencecorrelation": [
      21,
      27,
      31,
      33,
      34,
      42
    ],
    "statistical": [
      16,
      19,
      20,
      21,
      40,
      45
    ],
    "timeseries": [
      20,
      29,
      30,
      33,
      35,
      40
    ]
  },
  "predicted_sets": [
    {
      "numbers": [
        13,
        24,
        25,
        31,
        34,
        42
      ],
      "confidence": 72.42500000000001
    },
    {
      "numbers": [
        3,
        13,
        20,
        24,
        34,
        42
      ],
      "confidence": 72.25
    },
    {
      "numbers": [
        13,
        17,
        21,
        34,
        35,
        42
      ],
      "confidence": 71.96666666666667
    },
    {
      "numbers": [
        13,
        24,
        25,
        27,
        34,
        42
      ],
      "confidence": 71.75833333333334
    },
    {
      "numbers": [
        13,
        19,
        24,
        34,
        35,
        42
      ],
      "confidence": 71.75833333333334
    },
    {
      "numbers": [
        13,
        17,
        20,
        23,
        34,
        42
      ],
      "confidence": 71.75833333333334
    },
    {
      "numbers": [
        3,
        13,
        19,
        24,
        34,
        42
      ],
      "confidence": 71.58333333333334
    },
    {
      "numbers": [
        3,
        20,
        27,
        34,
        39,
        42
      ],
      "confidence": 71.33333333333334
    },
    {
      "numbers": [
        19,
        20,
        24,
        25,
        34,
        42
      ],
      "confidence": 71.09166666666667
    },
    {
      "numbers": [
        11,
        13,
        24,
        34,
        39,
        42
      ],
      "confidence": 71.09166666666667
    },
    {
      "numbers": [
        11,
        13,
        21,
        27,
        34,
        42
      ],
      "confidence": 71.09166666666667
    },
    {
      "numbers": [
        13,
        19,
        20,
        31,
        34,
        43
      ],
      "confidence": 71.05833333333334
    },
    {
      "numbers": [
        13,
        17,
        23,
        24,
        34,
        42
      ],
      "confidence": 70.88333333333333
    },
    {
      "numbers": [
        3,
        13,
        20,
        34,
        40,
        42
      ],
      "confidence": 70.88333333333333
    },
    {
      "numbers": [
        13,
        17,
        19,
        24,
        35,
        42
      ],
      "confidence": 70.63333333333333
    },
    {
      "numbers": [
        3,
        13,
        24,
        27,
        35,
        42
      ],
      "confidence": 70.45833333333334
    },
    {
      "numbers": [
        3,
        11,
        17,
        23,
        34,
        42
      ],
      "confidence": 70.45833333333334
    },
    {
      "numbers": [
        13,
        17,
        21,
        34,
        40,
        43
      ],
      "confidence": 70.42500000000001
    },
    {
      "numbers": [
        20,
        24,
        25,
        31,
        33,
        34
      ],
      "confidence": 70.39166666666667
    },
    {
      "numbers": [
        13,
        20,
        31,
        33,
        34,
        35
      ],
      "confidence": 70.35833333333333
    },
    {
      "numbers": [
        13,
        19,
        24,
        34,
        35,
        43
      ],
      "confidence": 70.21666666666667
    },
    {
      "numbers": [
        3,
        11,
        34,
        39,
        40,
        42
      ],
      "confidence": 69.96666666666667
    },
    {
      "numbers": [
        3,
        20,
        21,
        27,
        34,
        35
      ],
      "confidence": 69.96666666666667
    },
    {
      "numbers": [
        3,
        24,
        27,
        31,
        40,
        42
      ],
      "confidence": 69.96666666666667
    },
    {
      "numbers": [
        13,
        17,
        20,
        21,
        32,
        34
      ],
      "confidence": 69.93333333333334
    },
    {
      "numbers": [
        13,
        19,
        20,
        25,
        27,
        42
      ],
      "confidence": 69.93333333333334
    },
    {
      "numbers": [
        3,
        11,
        24,
        27,
        33,
        42
      ],
      "confidence": 69.79166666666667
    },
    {
      "numbers": [
        3,
        11,
        20,
        24,
        42,
        43
      ],
      "confidence": 69.75833333333334
    },
    {
      "numbers": [
        13,
        24,
        27,
        31,
        32,
        42
      ],
      "confidence": 69.75833333333334
    },
    {
      "numbers": [
        11,
        20,
        25,
        32,
        34,
        42
      ],
      "confidence": 69.75833333333334
    },
    {
      "numbers": [
        13,
        24,
        27,
        33,
        34,
        42
      ],
      "confidence": 69.73430884321746
    },
    {
      "numbers": [
        13,
        19,
        24,
        31,
        32,
        34
      ],
      "confidence": 69.725
    },
    {
      "numbers": [
        17,
        19,
        20,
        33,
        34,
        43
      ],
      "confidence": 69.725
    },
    {
      "numbers": [
        3,
        20,
        23,
        25,
        34,
        43
      ],
      "confidence": 69.58333333333334
    },
    {
      "numbers": [
        3,
        13,
        20,
        21,
        40,
        42
      ],
      "confidence": 69.58333333333334
    },
    {
      "numbers": [
        3,
        13,
        19,
        32,
        34,
        42
      ],
      "confidence": 69.55
    },
    {
      "numbers": [
        13,
        19,
        24,
        25,
        33,
        34
      ],
      "confidence": 69.51666666666667
    },
    {
      "numbers": [
        3,
        17,
        19,
        21,
        34,
        40
      ],