{
  "latest_round": 135,
  "next_round": 136,
  "hot_cold": {
    "hot": [
      [
        17,
        11
      ],
      [
        34,
        11
      ],
      [
        1,
        10
      ],
      [
        4,
        10
      ],
      [
        22,
        10
      ],
      [
        23,
        10
      ],
      [
        36,
        10
      ],
      [
        45,
        10
      ],
      [
        3,
        9
      ],
      [
        7,
        9
      ]
    ],
    "cold": [
      [
        13,
        1
      ],
      [
        39,
        2
      ],
      [
        2,
        4
      ],
      [
        9,
        4
      ],
      [
        15,
        4
      ],
      [
        16,
        4
      ],
      [
        18,
        4
      ],
      [
        19,
        4
      ],
      [
        21,
        4
      ],
      [
        25,
        4
      ]
    ],
    "overdue": [
      [
        44,
        2.8598130841121496
      ],
      [
        1,
        1.990990990990991
      ],
      [
        9,
        1.9469026548672566
      ],
      [
        40,
        1.7280000000000002
      ],
      [
        33,
        1.693548387096774
      ],
      [
        2,
        1.5254237288135595
      ],
      [
        13,
        1.5042735042735043
      ]
    ]
  },
  "engine_predictions": {
    "advancedpattern": [
      6,
      14,
      22,
      28,
      35,
      39
    ],
    "gap": [
      1,
      7,
      13,
      19,
      25,
      31
    ],
    "graph": [
      3,
      7,
      17,
      33,
      37,
      40
    ],
    "lstm": [
      3,
      7,
      14,
      23,
      35,
      45
    ],
    "ml": [
      6,
      12,
      22,
      32,
      35,
      38
    ],
    "numerology": [
      16,
      17,
      22,
      23,
      24,
      25
    ],
    "pattern": [
      3,
      13,
      23,
      33,
      37,
      43
    ],
    "sequencecorrelation": [
      3,
      5,
      6,
      17,
      25,
      32
    ],
    "statistical": [
      1,
      2,
      33,
      36,
      40,
      44
    ],
    "timeseries": [
      2,
      19,
      25,
      30,
      40,
      43
    ]
  },
  "predicted_sets": [
    {
      "numbers": [
        6,
        17,
        22,
        35,
        40,
        43
      ],
      "confidence": 71.33333333333334
    },
    {
      "numbers": [
        1,
        6,
        17,
        25,
        40,
        43
      ],
      "confidence": 71.33333333333334
    },
    {
      "numbers": [
        1,
        3,
        6,
        25,
        37,
        40
      ],
      "confidence": 70.6
    },
    {
      "numbers": [
        1,
        7,
        22,
        23,
        25,
        40
      ],
      "confidence": 70.6
    },
    {
      "numbers": [
        3,
        6,
        19,
        22,
        23,
        40
      ],
      "confidence": 70.42500000000001
    },
    {
      "numbers": [
        2,
        17,
        22,
        23,
        25,
        40
      ],
      "confidence": 70.42500000000001
    },
    {
      "numbers": [
        6,
        14,
        23,
        25,
        33,
        40
      ],
      "confidence": 70.42500000000001
    },
    {
      "numbers": [
        6,
        19,
        23,
        25,
        33,
        40
      ],
      "confidence": 70.42500000000001
    },
    {
      "numbers": [
        3,
        6,
        14,
        22,
        23,
        40
      ],
      "confidence": 70.42500000000001
    },
    {
      "numbers": [
        3,
        22,
        23,
        25,
        35,
        40
      ],
      "confidence": 70.18333333333334
    },
    {
      "numbers": [
        2,
        6,
        19,
        23,
        25,
        37
      ],
      "confidence": 69.96666666666667
    },
    {
      "numbers": [
        1,
        6,
        14,
        22,
        25,
        43
      ],
      "confidence": 69.96666666666667
    },
    {
      "numbers": [
        1,
        6,
        14,
        22,
        33,
        35
      ],
      "confidence": 69.96666666666667
    },
    {
      "numbers": [
        2,
        14,
        22,
        25,
        40,
        43
      ],
      "confidence": 69.79166666666667
    },
    {
      "numbers": [
        2,
        6,
        17,
        23,
        33,
        40
      ],
      "confidence": 69.75833333333334
    },
    {
      "numbers": [
        3,
        14,
        19,
        25,
        32,
        33
      ],
      "confidence": 69.75833333333334
    },
    {
      "numbers": [
        3,
        19,
        22,
        25,
        28,
        33
      ],
      "confidence": 69.75833333333334
    },
    {
      "numbers": [
        2,
        19,
        23,
        25,
        33,
        40
      ],
      "confidence": 69.75833333333334
    },
    {
      "numbers": [
        3,
        14,
        19,
        22,
        33,
        40
      ],
      "confidence": 69.75833333333334
    },
    {
      "numbers": [
        3,
        14,
        22,
        23,
        35,
        43
      ],
      "confidence": 69.58333333333334
    },
    {
      "numbers": [
        6,
        7,
        17,
        23,
        40,
        43
      ],
      "confidence": 69.58333333333334
    },
    {
      "numbers": [
        6,
        13,
        25,
        33,
        35,
        40
      ],
      "confidence": 69.55
    },
    {
      "numbers": [
        6,
        7,
        14,
        22,
        23,
        33
      ],
      "confidence": 69.36035579129035
    },
    {
      "numbers": [
        1,
        17,
        22,
        23,
        28,
        40
      ],
      "confidence": 69.3
    },
    {
      "numbers": [
        6,
        17,
        28,
        32,
        33,
        40
      ],
      "confidence": 69.3
    },
    {
      "numbers": [
        6,
        13,
        14,
        25,
        28,
        40
      ],
      "confidence": 69.3
    },
    {
      "numbers": [
        6,
        7,
        13,
        22,
        28,
        40
      ],
      "confidence": 69.3
    },
    {
      "numbers": [
        1,
        22,
        33,
        35,
        37,
        40
      ],
      "confidence": 69.26666666666668
    },
    {
      "numbers": [
        14,
        19,
        23,
        25,
        32,
        40
      ],
      "confidence": 69.26666666666668
    },
    {
      "numbers": [
        19,
        22,
        25,
        28,
        33,
        40
      ],
      "confidence": 69.26666666666668
    },
    {
      "numbers": [
        1,
        6,
        7,
        33,
        35,
        40
      ],
      "confidence": 69.23333333333333
    },
    {
      "numbers": [
        1,
        2,
        13,
        25,
        40,
        43
      ],
      "confidence": 69.125
    },
    {
      "numbers": [
        1,
        2,
        14,
        25,
        33,
        35
      ],
      "confidence": 69.09166666666667
    },
    {
      "numbers": [
        3,
        6,
        17,
        39,
        40,
        43
      ],
      "confidence": 69.09166666666667
    },
    {
      "numbers": [
        6,
        7,
        19,
        22,
        37,
        40
      ],
      "confidence": 69.09166666666667
    },
    {
      "numbers": [
        6,
        17,
        23,
        28,
        33,
        35
      ],
      "confidence": 69.09166666666667
    },
    {
      "numbers": [
        1,
        14,
        25,
        32,
        33,
        35
      ],
      "confidence": 69.09166666666667
    },
    {
      "numbers": [
        14,
        17,
        25,
        32,
        33,
        35
      ],
      "confidence": 69.05833333333334
    },
    {
      "numbers": [
        3,
        22,
        28,
        33,
        35,
        40
      ],
      "confidence": 69.05833333333334
    },
    {
      "numbers": [
        6,
        25,
        28,
        33,
        35,
        40
      ],