{
  "latest_round": 1200,
  "next_round": 1201,
  "hot_cold": {
    "hot": [
      [
        3,
        10
      ],
      [
        16,
        10
      ],
      [
        27,
        10
      ],
      [
        7,
        9
      ],
      [
        9,
        9
      ],
      [
        37,
        9
      ],
      [
        38,
        9
      ],
      [
        39,
        9
      ],
      [
        12,
        8
      ],
      [
        13,
        8
      ]
    ],
    "cold": [
      [
        10,
        4
      ],
      [
        14,
        4
      ],
      [
        22,
        4
      ],
      [
        34,
        4
      ],
      [
        43,
        4
      ],
      [
        44,
        4
      ],
      [
        2,
        5
      ],
      [
        11,
        5
      ],
      [
        17,
        5
      ],
      [
        18,
        5
      ]
    ],
    "overdue": [
      [
        42,
        3.19693094629156
      ],
      [
        18,
        2.931034482758621
      ],
      [
        44,
        2.8203592814371254
      ],
      [
        21,
        2.471186440677966
      ],
      [
        14,
        2.2779661016949153
      ],
      [
        17,
        2.104591836734694
      ]
    ]
  },
  "engine_predictions": {
    "advancedpattern": [
      1,
      2,
      4,
      16,
      20,
      32
    ],
    "gap": [
      1,
      7,
      13,
      19,
      25,
      31
    ],
    "graph": [
      3,
      12,
      20,
      24,
      27,
      33
    ],
    "lstm": [
      1,
      15,
      16,
      24,
      32,
      33
    ],
    "ml": [
      2,
      17,
      27,
      29,
      37,
      39
    ],
    "numerology": [
      13,
      16,
      17,
      22,
      23,
      25
    ],
    "pattern": [
      3,
      11,
      13,
      23,
      33,
      43
    ],
    "sequencecorrelation": [
      13,
      17,
      33,
      34,
      39,
      44
    ],
    "statistical": [
      14,
      17,
      18,
      21,
      42,
      44
    ],
    "timeseries": [
      11,
      12,
      14,
      19,
      33,
      44
    ]
  },
  "predicted_sets": [
    {
      "numbers": [
        1,
        16,
        17,
        25,
        33,
        44
      ],
      "confidence": 73.33333333333334
    },
    {
      "numbers": [
        11,
        17,
        20,
        25,
        33,
        44
      ],
      "confidence": 71.3
    },
    {
      "numbers": [
        1,
        12,
        16,
        17,
        33,
        39
      ],
      "confidence": 71.26666666666667
    },
    {
      "numbers": [
        13,
        16,
        27,
        32,
        33,
        44
      ],
      "confidence": 71.09166666666667
    },
    {
      "numbers": [
        3,
        16,
        17,
        32,
        33,
        44
      ],
      "confidence": 71.09166666666667
    },
    {
      "numbers": [
        1,
        13,
        24,
        27,
        33,
        44
      ],
      "confidence": 70.91666666666666
    },
    {
      "numbers": [
        1,
        12,
        16,
        17,
        39,
        44
      ],
      "confidence": 70.63333333333333
    },
    {
      "numbers": [
        1,
        12,
        14,
        17,
        33,
        39
      ],
      "confidence": 70.6
    },
    {
      "numbers": [
        13,
        16,
        17,
        19,
        32,
        44
      ],
      "confidence": 70.6
    },
    {
      "numbers": [
        1,
        2,
        12,
        27,
        33,
        44
      ],
      "confidence": 70.45833333333334
    },
    {
      "numbers": [
        2,
        16,
        23,
        27,
        33,
        44
      ],
      "confidence": 70.45833333333334
    },
    {
      "numbers": [
        2,
        14,
        16,
        25,
        33,
        44
      ],
      "confidence": 70.45833333333334
    },
    {
      "numbers": [
        11,
        12,
        13,
        27,
        33,
        44
      ],
      "confidence": 70.42500000000001
    },
    {
      "numbers": [
        11,
        14,
        16,
        17,
        33,
        44
      ],
      "confidence": 70.39166666666667
    },
    {
      "numbers": [
        13,
        16,
        20,
        32,
        33,
        44
      ],
      "confidence": 70.39166666666667
    },
    {
      "numbers": [
        3,
        17,
        27,
        32,
        33,
        44
      ],
      "confidence": 70.25
    },
    {
      "numbers": [
        1,
        12,
        20,
        25,
        33,
        39
      ],
      "confidence": 69.96666666666667
    },
    {
      "numbers": [
        12,
        13,
        17,
        20,
        25,
        44
      ],
      "confidence": 69.93333333333334
    },
    {
      "numbers": [
        14,
        17,
        20,
        25,
        32,
        33
      ],
      "confidence": 69.93333333333334
    },
    {
      "numbers": [
        16,
        19,
        20,
        32,
        33,
        44
      ],
      "confidence": 69.93333333333334
    },
    {
      "numbers": [
        1,
        16,
        23,
        24,
        27,
        33
      ],
      "confidence": 69.75833333333334
    },
    {
      "numbers": [
        3,
        16,
        19,
        20,
        33,
        44
      ],
      "confidence": 69.75833333333334
    },
    {
      "numbers": [
        4,
        17,
        19,
        32,
        33,
        44
      ],
      "confidence": 69.75833333333334
    },
    {
      "numbers": [
        2,
        13,
        19,
        20,
        27,
        33
      ],
      "confidence": 69.75833333333334
    },
    {
      "numbers": [
        13,
        14,
        17,
        25,
        32,
        44
      ],
      "confidence": 69.75833333333334
    },
    {
      "numbers": [
        2,
        11,
        17,
        23,
        24,
        33
      ],
      "confidence": 69.75833333333334
    },
    {
      "numbers": [
        1,
        11,
        14,
        17,
        32,
        33
      ],
      "confidence": 69.725
    },
    {
      "numbers": [
        12,
        13,
        17,
        20,
        33,
        39
      ],
      "confidence": 69.69166666666666
    },
    {
      "numbers": [
        2,
        11,
        13,
        17,
        24,
        39
      ],
      "confidence": 69.31108089241114
    },
    {
      "numbers": [
        3,
        13,
        27,
        32,
        39,
        44
      ],
      "confidence": 69.125
    },
    {
      "numbers": [
        2,
        4,
        16,
        19,
        33,
        44
      ],
      "confidence": 69.09166666666667
    },
    {
      "numbers": [
        1,
        3,
        16,
        20,
        33,
        39
      ],
      "confidence": 69.05833333333334
    },
    {
      "numbers": [
        13,
        14,
        16,
        20,
        32,
        33
      ],
      "confidence": 69.025
    },
    {
      "numbers": [
        16,
        17,
        19,
        20,
        33,
        39
      ],
      "confidence": 69.025
    },
    {
      "numbers": [
        2,
        13,
        14,
        16,
        32,
        33
      ],
      "confidence": 68.85
    },
    {
      "numbers": [
        2,
        20,
        25,
        27,
        39,
        44
      ],
      "confidence": 68.66666666666666
    },
    {
      "numbers": [
        1,
        16,
        20,
        23,
        24,
        32
      ],
      "confidence": 68.63333333333333
    },
    {
      "numbers": [
        1,
        4,
        13,
        17,
        32,
        39
      ],
      "confidence": 68.61108089241114
    },
    {
      "numbers": [
        13,
        14,
        16,
        20,
        27,
        32
      ],
      "confidence": 68.6
    },
    {
      "numbers": [
        12,
        16,
        17,
        19,
        20,
        44
      ],