{
  "latest_round": 208,
  "next_round": 209,
  "hot_cold": {
    "hot": [
      [
        14,
        12
      ],
      [
        34,
        11
      ],
      [
        45,
        11
      ],
      [
        1,
        10
      ],
      [
        39,
        10
      ],
      [
        3,
        9
      ],
      [
        18,
        9
      ],
      [
        11,
        8
      ],
      [
        19,
        8
      ],
      [
        24,
        8
      ]
    ],
    "cold": [
      [
        17,
        3
      ],
      [
        23,
        3
      ],
      [
        28,
        3
      ],
      [
        7,
        4
      ],
      [
        9,
        4
      ],
      [
        38,
        4
      ],
      [
        6,
        5
      ],
      [
        10,
        5
      ],
      [
        15,
        5
      ],
      [
        16,
        5
      ]
    ],
    "overdue": [
      [
        43,
        4.7124999999999995
      ],
      [
        28,
        4.45945945945946
      ],
      [
        9,
        2.949152542372881
      ],
      [
        18,
        2.6878612716763004
      ],
      [
        4,
        2.53551912568306
      ],
      [
        26,
        2.1595744680851063
      ],
      [
        8,
        2.0
      ],
      [
        10,
        1.809278350515464
      ],
      [
        42,
        1.8051282051282052
      ],
      [
        23,
        1.7409326424870468
      ]
    ]
  },
  "engine_predictions": {
    "advancedpattern": [
      14,
      25,
      31,
      34,
      40,
      44
    ],
    "gap": [
      1,
      7,
      13,
      19,
      25,
      31
    ],
    "graph": [
      3,
      34,
      35,
      36,
      37,
      42
    ],
    "lstm": [
      1,
      3,
      11,
      14,
      25,
      44
    ],
    "ml": [
      6,
      25,
      31,
      34,
      37,
      44
    ],
    "numerology": [
      17,
      22,
      23,
      24,
      25,
      31
    ],
    "pattern": [
      3,
      13,
      23,
      33,
      35,
      43
    ],
    "sequencecorrelation": [
      1,
      2,
      3,
      6,
      37,
      41
    ],
    "statistical": [
      4,
      8,
      18,
      26,
      36,
      43
    ],
    "timeseries": [
      6,
      8,
      17,
      18,
      23,
      36
    ]
  },
  "predicted_sets": [
    {
      "numbers": [
        3,
        8,
        25,
        31,
        36,
        44
      ],
      "confidence": 73.3
    },
    {
      "numbers": [
        3,
        14,
        25,
        31,
        37,
        44
      ],
      "confidence": 73.125
    },
    {
      "numbers": [
        3,
        14,
        25,
        31,
        36,
        44
      ],
      "confidence": 73.125
    },
    {
      "numbers": [
        1,
        3,
        6,
        25,
        34,
        44
      ],
      "confidence": 72.42500000000001
    },
    {
      "numbers": [
        17,
        18,
        23,
        25,
        31,
        44
      ],
      "confidence": 71.96666666666667
    },
    {
      "numbers": [
        1,
        13,
        18,
        25,
        31,
        44
      ],
      "confidence": 71.79166666666666
    },
    {
      "numbers": [
        6,
        14,
        25,
        31,
        36,
        43
      ],
      "confidence": 71.79166666666666
    },
    {
      "numbers": [
        3,
        18,
        23,
        25,
        31,
        42
      ],
      "confidence": 71.79166666666666
    },
    {
      "numbers": [
        3,
        13,
        14,
        25,
        31,
        36
      ],
      "confidence": 71.75833333333334
    },
    {
      "numbers": [
        1,
        6,
        13,
        25,
        31,
        34
      ],
      "confidence": 71.75833333333334
    },
    {
      "numbers": [
        3,
        6,
        18,
        25,
        34,
        36
      ],
      "confidence": 71.75833333333334
    },
    {
      "numbers": [
        3,
        8,
        25,
        31,
        35,
        44
      ],
      "confidence": 71.75833333333334
    },
    {
      "numbers": [
        3,
        14,
        23,
        25,
        37,
        44
      ],
      "confidence": 71.58333333333334
    },
    {
      "numbers": [
        1,
        6,
        25,
        37,
        42,
        44
      ],
      "confidence": 71.3
    },
    {
      "numbers": [
        3,
        6,
        14,
        25,
        36,
        42
      ],
      "confidence": 71.125
    },
    {
      "numbers": [
        3,
        6,
        18,
        25,
        43,
        44
      ],
      "confidence": 71.09166666666667
    },
    {
      "numbers": [
        8,
        23,
        25,
        34,
        36,
        44
      ],
      "confidence": 71.09166666666667
    },
    {
      "numbers": [
        3,
        8,
        25,
        34,
        37,
        40
      ],
      "confidence": 70.6
    },
    {
      "numbers": [
        1,
        6,
        25,
        34,
        37,
        40
      ],
      "confidence": 70.6
    },
    {
      "numbers": [
        3,
        13,
        17,
        25,
        34,
        42
      ],
      "confidence": 70.45833333333334
    },
    {
      "numbers": [
        1,
        18,
        25,
        34,
        35,
        43
      ],
      "confidence": 70.45833333333334
    },
    {
      "numbers": [
        1,
        8,
        18,
        25,
        34,
        36
      ],
      "confidence": 70.42500000000001
    },
    {
      "numbers": [
        1,
        14,
        23,
        31,
        36,
        37
      ],
      "confidence": 70.42500000000001
    },
    {
      "numbers": [
        3,
        18,
        31,
        34,
        36,
        43
      ],
      "confidence": 70.42500000000001
    },
    {
      "numbers": [
        3,
        6,
        14,
        18,
        31,
        44
      ],
      "confidence": 70.42500000000001
    },
    {
      "numbers": [
        3,
        17,
        31,
        34,
        35,
        44
      ],
      "confidence": 70.42500000000001
    },
    {
      "numbers": [
        1,
        6,
        8,
        25,
        34,
        36
      ],
      "confidence": 70.39166666666667
    },
    {
      "numbers": [
        1,
        3,
        8,
        31,
        37,
        44
      ],
      "confidence": 70.39166666666667
    },
    {
      "numbers": [
        1,
        3,
        18,
        31,
        36,
        37
      ],
      "confidence": 70.39166666666667
    },
    {
      "numbers": [
        1,
        25,
        31,
        34,
        36,
        40
      ],
      "confidence": 70.39166666666667
    },
    {
      "numbers": [
        6,
        8,
        17,
        23,
        31,
        35
      ],
      "confidence": 69.96666666666667
    },
    {
      "numbers": [
        3,
        7,
        8,
        25,
        40,
        44
      ],
      "confidence": 69.96666666666667
    },
    {
      "numbers": [
        1,
        13,
        25,
        35,
        36,
        42
      ],
      "confidence": 69.79166666666667
    },
    {
      "numbers": [
        3,
        18,
        34,
        35,
        36,
        44
      ],
      "confidence": 69.75833333333334
    },
    {
      "numbers": [
        1,
        3,
        18,
        25,
        35,
        40
      ],
      "confidence": 69.75833333333334
    },
    {
      "numbers": [
        1,
        23,
        31,
        34,
        37,
        42
      ],
      "confidence": 69.75833333333334
    },
    {
      "numbers": [
        1,
        6,
        23,
        25,
        36,
        40
      ],
      "confidence": 69.725
    },
    {
      "numbers": [
        3,
        13,
        25,
        40,
        43,
        44
      ],
      "confidence": 69.58333333333334
    },
    {
      "numbers": [
        3,
        8,
        14,
        31,
        34,
        44
      ],