{
  "latest_round": 163,
  "next_round": 164,
  "hot_cold": {
    "hot": [
      [
        28,
        13
      ],
      [
        34,
        12
      ],
      [
        42,
        12
      ],
      [
        11,
        10
      ],
      [
        19,
        10
      ],
      [
        36,
        10
      ],
      [
        2,
        9
      ],
      [
        3,
        9
      ],
      [
        41,
        9
      ],
      [
        4,
        8
      ]
    ],
    "cold": [
      [
        24,
        1
      ],
      [
        31,
        3
      ],
      [
        38,
        3
      ],
      [
        9,
        4
      ],
      [
        14,
        4
      ],
      [
        15,
        4
      ],
      [
        32,
        4
      ],
      [
        33,
        4
      ],
      [
        44,
        4
      ],
      [
        5,
        5
      ]
    ],
    "overdue": [
      [
        23,
        4.578947368421053
      ],
      [
        17,
        3.8
      ],
      [
        24,
        3.6959999999999997
      ],
      [
        14,
        3.633587786259542
      ],
      [
        31,
        2.710144927536232
      ],
      [
        15,
        2.6159420289855073
      ],
      [
        27,
        2.3776223776223775
      ],
      [
        37,
        2.1812080536912752
      ],
      [
        2,
        2.0
      ],
      [
        10,
        1.76
      ]
    ]
  },
  "engine_predictions": {
    "advancedpattern": [
      7,
      11,
      26,
      28,
      29,
      44
    ],
    "gap": [
      2,
      8,
      14,
      20,
      26,
      32
    ],
    "graph": [
      2,
      17,
      25,
      36,
      40,
      42
    ],
    "lstm": [
      7,
      18,
      21,
      34,
      41,
      42
    ],
    "ml": [
      19,
      20,
      26,
      28,
      36,
      44
    ],
    "numerology": [
      17,
      23,
      24,
      25,
      26,
      31
    ],
    "pattern": [
      3,
      13,
      23,
      33,
      35,
      43
    ],
    "sequencecorrelation": [
      3,
      25,
      28,
      36,
      37,
      42
    ],
    "statistical": [
      2,
      15,
      17,
      27,
      31,
      37
    ],
    "timeseries": [
      2,
      15,
      18,
      19,
      24,
      35
    ]
  },
  "predicted_sets": [
    {
      "numbers": [
        2,
        17,
        26,
        28,
        35,
        44
      ],
      "confidence": 72.0
    },
    {
      "numbers": [
        2,
        17,
        19,
        25,
        26,
        31
      ],
      "confidence": 71.3
    },
    {
      "numbers": [
        2,
        17,
        23,
        35,
        36,
        44
      ],
      "confidence": 70.66666666666667
    },
    {
      "numbers": [
        19,
        25,
        26,
        28,
        31,
        42
      ],
      "confidence": 70.63333333333333
    },
    {
      "numbers": [
        2,
        11,
        25,
        26,
        36,
        44
      ],
      "confidence": 70.45833333333334
    },
    {
      "numbers": [
        2,
        7,
        17,
        25,
        26,
        31
      ],
      "confidence": 70.42500000000001
    },
    {
      "numbers": [
        2,
        25,
        26,
        36,
        37,
        42
      ],
      "confidence": 70.21666666666667
    },
    {
      "numbers": [
        2,
        17,
        25,
        28,
        29,
        44
      ],
      "confidence": 69.96666666666667
    },
    {
      "numbers": [
        2,
        7,
        15,
        23,
        26,
        44
      ],
      "confidence": 69.96666666666667
    },
    {
      "numbers": [
        17,
        19,
        20,
        26,
        28,
        42
      ],
      "confidence": 69.93333333333334
    },
    {
      "numbers": [
        7,
        17,
        26,
        31,
        35,
        42
      ],
      "confidence": 69.79166666666667
    },
    {
      "numbers": [
        7,
        17,
        18,
        25,
        26,
        42
      ],
      "confidence": 69.75833333333334
    },
    {
      "numbers": [
        2,
        18,
        25,
        26,
        31,
        35
      ],
      "confidence": 69.75833333333334
    },
    {
      "numbers": [
        2,
        17,
        19,
        25,
        35,
        36
      ],
      "confidence": 69.75833333333334
    },
    {
      "numbers": [
        2,
        3,
        15,
        17,
        26,
        42
      ],
      "confidence": 69.74470745503118
    },
    {
      "numbers": [
        2,
        15,
        25,
        26,
        28,
        35
      ],
      "confidence": 69.55
    },
    {
      "numbers": [
        3,
        18,
        26,
        31,
        35,
        44
      ],
      "confidence": 69.33333333333334
    },
    {
      "numbers": [
        7,
        19,
        25,
        31,
        42,
        44
      ],
      "confidence": 69.33333333333334
    },
    {
      "numbers": [
        3,
        7,
        25,
        28,
        36,
        44
      ],
      "confidence": 69.3
    },
    {
      "numbers": [
        2,
        3,
        18,
        26,
        29,
        44
      ],
      "confidence": 69.3
    },
    {
      "numbers": [
        3,
        17,
        26,
        29,
        42,
        44
      ],
      "confidence": 69.3
    },
    {
      "numbers": [
        3,
        15,
        19,
        26,
        28,
        37
      ],
      "confidence": 69.3
    },
    {
      "numbers": [
        2,
        11,
        20,
        23,
        25,
        26
      ],
      "confidence": 69.26666666666668
    },
    {
      "numbers": [
        2,
        15,
        20,
        23,
        31,
        42
      ],
      "confidence": 69.125
    },
    {
      "numbers": [
        7,
        20,
        26,
        35,
        36,
        44
      ],
      "confidence": 69.125
    },
    {
      "numbers": [
        3,
        11,
        20,
        26,
        36,
        42
      ],
      "confidence": 69.125
    },
    {
      "numbers": [
        3,
        17,
        23,
        31,
        36,
        42
      ],
      "confidence": 69.125
    },
    {
      "numbers": [
        2,
        3,
        17,
        28,
        35,
        37
      ],
      "confidence": 69.09166666666667
    },
    {
      "numbers": [
        2,
        11,
        18,
        25,
        28,
        36
      ],
      "confidence": 69.09166666666667
    },
    {
      "numbers": [
        2,
        3,
        28,
        31,
        42,
        44
      ],
      "confidence": 69.09166666666667
    },
    {
      "numbers": [
        3,
        7,
        19,
        25,
        26,
        36
      ],
      "confidence": 69.09166666666667
    },
    {
      "numbers": [
        2,
        7,
        15,
        28,
        36,
        37
      ],
      "confidence": 69.09166666666667
    },
    {
      "numbers": [
        2,
        3,
        23,
        26,
        28,
        37
      ],
      "confidence": 69.05833333333334
    },
    {
      "numbers": [
        2,
        3,
        17,
        19,
        26,
        36
      ],
      "confidence": 68.74470745503118
    },
    {
      "numbers": [
        3,
        20,
        25,
        31,
        37,
        44
      ],
      "confidence": 68.66666666666666
    },
    {
      "numbers": [
        7,
        11,
        20,
        25,
        28,
        36
      ],
      "confidence": 68.63333333333333
    },
    {
      "numbers": [
        3,
        20,
        25,
        28,
        29,
        42
      ],
      "confidence": 68.63333333333333
    },
    {
      "numbers": [
        7,
        11,
        19,
        25,
        28,
        42
      ],
      "confidence": 68.63333333333333
    },
    {
      "numbers": [
        7,
        23,
        26,
        29,
        31,
        42
      ],