{
  "latest_round": 348,
  "next_round": 349,
  "hot_cold": {
    "hot": [
      [
        45,
        14
      ],
      [
        17,
        13
      ],
      [
        34,
        13
      ],
      [
        1,
        10
      ],
      [
        5,
        10
      ],
      [
        14,
        10
      ],
      [
        20,
        10
      ],
      [
        13,
        9
      ],
      [
        19,
        9
      ],
      [
        43,
        9
      ]
    ],
    "cold": [
      [
        40,
        0
      ],
      [
        22,
        3
      ],
      [
        24,
        3
      ],
      [
        6,
        4
      ],
      [
        7,
        4
      ],
      [
        11,
        4
      ],
      [
        27,
        4
      ],
      [
        31,
        4
      ],
      [
        35,
        4
      ],
      [
        37,
        4
      ]
    ],
    "overdue": [
      [
        40,
        8.080808080808081
      ],
      [
        11,
        4.245222929936306
      ],
      [
        41,
        3.466666666666667
      ],
      [
        7,
        3.222929936305732
      ],
      [
        25,
        3.123456790123457
      ],
      [
        12,
        2.6837060702875397
      ],
      [
        4,
        2.639751552795031
      ],
      [
        36,
        2.5758513931888545
      ],
      [
        35,
        1.660377358490566
      ],
      [
        16,
        1.605421686746988
      ]
    ]
  },
  "engine_predictions": {
    "advancedpattern": [
      3,
      14,
      17,
      20,
      24,
      31
    ],
    "gap": [
      1,
      7,
      13,
      19,
      25,
      31
    ],
    "graph": [
      5,
      17,
      19,
      34,
      36,
      45
    ],
    "lstm": [
      1,
      3,
      13,
      14,
      20,
      34
    ],
    "ml": [
      6,
      14,
      18,
      24,
      31,
      45
    ],
    "numerology": [
      17,
      22,
      23,
      24,
      25,
      31
    ],
    "pattern": [
      5,
      15,
      25,
      33,
      35,
      45
    ],
    "sequencecorrelation": [
      3,
      6,
      14,
      24,
      32,
      37
    ],
    "statistical": [
      4,
      12,
      16,
      25,
      36,
      41
    ],
    "timeseries": [
      1,
      26,
      34,
      37,
      40,
      43
    ]
  },
  "predicted_sets": [
    {
      "numbers": [
        3,
        14,
        24,
        25,
        31,
        45
      ],
      "confidence": 72.91666666666666
    },
    {
      "numbers": [
        3,
        14,
        20,
        24,
        31,
        45
      ],
      "confidence": 72.45833333333334
    },
    {
      "numbers": [
        3,
        14,
        24,
        31,
        36,
        45
      ],
      "confidence": 72.45833333333334
    },
    {
      "numbers": [
        6,
        17,
        19,
        24,
        31,
        45
      ],
      "confidence": 72.0
    },
    {
      "numbers": [
        1,
        3,
        17,
        24,
        25,
        36
      ],
      "confidence": 71.87950020827779
    },
    {
      "numbers": [
        3,
        17,
        24,
        25,
        36,
        45
      ],
      "confidence": 71.79166666666666
    },
    {
      "numbers": [
        3,
        6,
        13,
        24,
        31,
        45
      ],
      "confidence": 71.125
    },
    {
      "numbers": [
        3,
        14,
        20,
        24,
        25,
        37
      ],
      "confidence": 71.09166666666667
    },
    {
      "numbers": [
        3,
        5,
        14,
        24,
        31,
        37
      ],
      "confidence": 71.09166666666667
    },
    {
      "numbers": [
        5,
        14,
        19,
        24,
        25,
        31
      ],
      "confidence": 70.88333333333333
    },
    {
      "numbers": [
        6,
        20,
        25,
        31,
        34,
        37
      ],
      "confidence": 70.63333333333333
    },
    {
      "numbers": [
        3,
        17,
        25,
        31,
        36,
        40
      ],
      "confidence": 70.63333333333333
    },
    {
      "numbers": [
        4,
        14,
        17,
        25,
        31,
        43
      ],
      "confidence": 70.45833333333334
    },
    {
      "numbers": [
        1,
        13,
        20,
        25,
        31,
        34
      ],
      "confidence": 70.42500000000001
    },
    {
      "numbers": [
        1,
        17,
        24,
        25,
        36,
        37
      ],
      "confidence": 70.42500000000001
    },
    {
      "numbers": [
        6,
        14,
        17,
        20,
        24,
        25
      ],
      "confidence": 70.30450020827779
    },
    {
      "numbers": [
        4,
        13,
        14,
        25,
        31,
        45
      ],
      "confidence": 70.25
    },
    {
      "numbers": [
        1,
        6,
        14,
        17,
        40,
        45
      ],
      "confidence": 69.96666666666667
    },
    {
      "numbers": [
        3,
        18,
        20,
        31,
        34,
        45
      ],
      "confidence": 69.96666666666667
    },
    {
      "numbers": [
        3,
        6,
        14,
        19,
        31,
        37
      ],
      "confidence": 69.93333333333334
    },
    {
      "numbers": [
        3,
        18,
        20,
        24,
        34,
        45
      ],
      "confidence": 69.79166666666667
    },
    {
      "numbers": [
        1,
        6,
        25,
        31,
        34,
        43
      ],
      "confidence": 69.75833333333334
    },
    {
      "numbers": [
        1,
        14,
        18,
        20,
        24,
        45
      ],
      "confidence": 69.75833333333334
    },
    {
      "numbers": [
        13,
        14,
        19,
        24,
        31,
        37
      ],
      "confidence": 69.725
    },
    {
      "numbers": [
        13,
        14,
        24,
        31,
        36,
        37
      ],
      "confidence": 69.725
    },
    {
      "numbers": [
        3,
        14,
        19,
        20,
        24,
        34
      ],
      "confidence": 69.55
    },
    {
      "numbers": [
        1,
        17,
        24,
        31,
        34,
        40
      ],
      "confidence": 69.55
    },
    {
      "numbers": [
        5,
        13,
        17,
        24,
        25,
        34
      ],
      "confidence": 69.55
    },
    {
      "numbers": [
        5,
        14,
        20,
        24,
        25,
        37
      ],
      "confidence": 69.55
    },
    {
      "numbers": [
        4,
        6,
        24,
        25,
        31,
        45
      ],
      "confidence": 69.55
    },
    {
      "numbers": [
        6,
        24,
        25,
        31,
        34,
        36
      ],
      "confidence": 69.51666666666667
    },
    {
      "numbers": [
        13,
        14,
        20,
        24,
        25,
        34
      ],
      "confidence": 69.51666666666667
    },
    {
      "numbers": [
        3,
        18,
        24,
        31,
        36,
        40
      ],
      "confidence": 69.3
    },
    {
      "numbers": [
        3,
        6,
        17,
        18,
        34,
        45
      ],
      "confidence": 69.3
    },
    {
      "numbers": [
        17,
        19,
        20,
        25,
        34,
        36
      ],
      "confidence": 69.26666666666668
    },
    {
      "numbers": [
        17,
        18,
        19,
        25,
        31,
        36
      ],
      "confidence": 69.26666666666668
    },
    {
      "numbers": [
        14,
        17,
        24,
        31,
        43,
        45
      ],
      "confidence": 69.15105193241573
    },
    {
      "numbers": [
        6,
        17,
        18,
        24,
        36,
        45
      ],
      "confidence": 69.125
    },
    {
      "numbers": [
        3,
        6,
        20,
        24,
        31,
        40
      ],