{
  "latest_round": 216,
  "next_round": 217,
  "hot_cold": {
    "hot": [
      [
        14,
        12
      ],
      [
        2,
        10
      ],
      [
        3,
        10
      ],
      [
        20,
        10
      ],
      [
        24,
        10
      ],
      [
        37,
        10
      ],
      [
        18,
        9
      ],
      [
        25,
        9
      ],
      [
        34,
        9
      ],
      [
        45,
        9
      ]
    ],
    "cold": [
      [
        9,
        2
      ],
      [
        28,
        3
      ],
      [
        6,
        4
      ],
      [
        22,
        4
      ],
      [
        23,
        4
      ],
      [
        26,
        4
      ],
      [
        38,
        4
      ],
      [
        41,
        4
      ],
      [
        42,
        4
      ],
      [
        8,
        5
      ]
    ],
    "overdue": [
      [
        9,
        3.7627118644067794
      ],
      [
        26,
        3.393617021276596
      ],
      [
        42,
        3.117948717948718
      ],
      [
        8,
        3.0
      ],
      [
        6,
        2.236559139784946
      ],
      [
        39,
        2.020618556701031
      ],
      [
        30,
        1.8944723618090453
      ],
      [
        27,
        1.829145728643216
      ],
      [
        35,
        1.7647058823529411
      ],
      [
        45,
        1.75
      ]
    ]
  },
  "engine_predictions": {
    "advancedpattern": [
      7,
      16,
      17,
      33,
      36,
      40
    ],
    "gap": [
      1,
      7,
      13,
      19,
      25,
      31
    ],
    "graph": [
      2,
      3,
      7,
      35,
      36,
      37
    ],
    "lstm": [
      2,
      3,
      7,
      20,
      25,
      33
    ],
    "ml": [
      2,
      7,
      10,
      21,
      27,
      35
    ],
    "numerology": [
      16,
      17,
      22,
      23,
      24,
      25
    ],
    "pattern": [
      3,
      13,
      23,
      33,
      35,
      43
    ],
    "sequencecorrelation": [
      2,
      3,
      15,
      25,
      37,
      42
    ],
    "statistical": [
      6,
      8,
      14,
      35,
      39,
      45
    ],
    "timeseries": [
      6,
      8,
      9,
      14,
      20,
      45
    ]
  },
  "predicted_sets": [
    {
      "numbers": [
        2,
        7,
        16,
        25,
        33,
        45
      ],
      "confidence": 72.45833333333334
    },
    {
      "numbers": [
        3,
        7,
        20,
        21,
        25,
        36
      ],
      "confidence": 71.3
    },
    {
      "numbers": [
        2,
        7,
        13,
        25,
        36,
        40
      ],
      "confidence": 71.3
    },
    {
      "numbers": [
        6,
        7,
        20,
        23,
        25,
        35
      ],
      "confidence": 71.09166666666667
    },
    {
      "numbers": [
        3,
        7,
        17,
        20,
        25,
        36
      ],
      "confidence": 71.09166666666667
    },
    {
      "numbers": [
        7,
        8,
        16,
        20,
        25,
        35
      ],
      "confidence": 71.09166666666667
    },
    {
      "numbers": [
        2,
        7,
        8,
        23,
        25,
        40
      ],
      "confidence": 70.57256759972535
    },
    {
      "numbers": [
        7,
        16,
        25,
        33,
        40,
        45
      ],
      "confidence": 70.45833333333334
    },
    {
      "numbers": [
        2,
        14,
        25,
        33,
        35,
        40
      ],
      "confidence": 70.42500000000001
    },
    {
      "numbers": [
        2,
        6,
        7,
        25,
        40,
        45
      ],
      "confidence": 70.42500000000001
    },
    {
      "numbers": [
        7,
        13,
        20,
        25,
        33,
        36
      ],
      "confidence": 70.42500000000001
    },
    {
      "numbers": [
        7,
        16,
        20,
        25,
        35,
        36
      ],
      "confidence": 70.21666666666667
    },
    {
      "numbers": [
        7,
        20,
        25,
        36,
        37,
        42
      ],
      "confidence": 69.79166666666667
    },
    {
      "numbers": [
        7,
        17,
        25,
        33,
        40,
        42
      ],
      "confidence": 69.79166666666667
    },
    {
      "numbers": [
        2,
        3,
        14,
        17,
        33,
        45
      ],
      "confidence": 69.75833333333334
    },
    {
      "numbers": [
        3,
        16,
        17,
        20,
        25,
        33
      ],
      "confidence": 69.75833333333334
    },
    {
      "numbers": [
        2,
        16,
        17,
        23,
        25,
        33
      ],
      "confidence": 69.75833333333334
    },
    {
      "numbers": [
        2,
        8,
        25,
        33,
        35,
        40
      ],
      "confidence": 69.725
    },
    {
      "numbers": [
        2,
        3,
        7,
        36,
        42,
        45
      ],
      "confidence": 69.725
    },
    {
      "numbers": [
        2,
        6,
        25,
        33,
        35,
        42
      ],
      "confidence": 69.55
    },
    {
      "numbers": [
        2,
        7,
        16,
        35,
        36,
        37
      ],
      "confidence": 69.51666666666667
    },
    {
      "numbers": [
        2,
        14,
        21,
        35,
        36,
        37
      ],
      "confidence": 69.3
    },
    {
      "numbers": [
        2,
        6,
        20,
        21,
        25,
        37
      ],
      "confidence": 69.3
    },
    {
      "numbers": [
        2,
        16,
        23,
        35,
        37,
        40
      ],
      "confidence": 69.3
    },
    {
      "numbers": [
        2,
        7,
        21,
        33,
        36,
        40
      ],
      "confidence": 69.26666666666668
    },
    {
      "numbers": [
        2,
        3,
        7,
        17,
        35,
        36
      ],
      "confidence": 69.19756759972535
    },
    {
      "numbers": [
        2,
        13,
        16,
        25,
        40,
        45
      ],
      "confidence": 69.125
    },
    {
      "numbers": [
        7,
        16,
        20,
        21,
        25,
        36
      ],
      "confidence": 69.09166666666667
    },
    {
      "numbers": [
        2,
        3,
        8,
        13,
        37,
        45
      ],
      "confidence": 69.09166666666667
    },
    {
      "numbers": [
        7,
        14,
        16,
        17,
        25,
        42
      ],
      "confidence": 69.09166666666667
    },
    {
      "numbers": [
        2,
        7,
        17,
        36,
        40,
        45
      ],
      "confidence": 69.09166666666667
    },
    {
      "numbers": [
        2,
        7,
        13,
        33,
        36,
        40
      ],
      "confidence": 69.05833333333334
    },
    {
      "numbers": [
        3,
        7,
        8,
        33,
        36,
        42
      ],
      "confidence": 69.05833333333334
    },
    {
      "numbers": [
        3,
        16,
        25,
        33,
        36,
        42
      ],
      "confidence": 68.91666666666667
    },
    {
      "numbers": [
        2,
        16,
        17,
        25,
        36,
        45
      ],
      "confidence": 68.91666666666667
    },
    {
      "numbers": [
        3,
        13,
        14,
        20,
        25,
        33
      ],
      "confidence": 68.88333333333333
    },
    {
      "numbers": [
        2,
        13,
        16,
        33,
        35,
        45
      ],
      "confidence": 68.88333333333333
    },
    {
      "numbers": [
        6,
        13,
        14,
        25,
        33,
        35
      ],
      "confidence": 68.88333333333333
    },
    {
      "numbers": [
        2,
        3,
        33,
        35,
        37,
        42
      ],