{
  "latest_round": 203,
  "next_round": 204,
  "hot_cold": {
    "hot": [
      [
        45,
        12
      ],
      [
        18,
        11
      ],
      [
        19,
        11
      ],
      [
        34,
        11
      ],
      [
        39,
        11
      ],
      [
        30,
        10
      ],
      [
        14,
        9
      ],
      [
        1,
        8
      ],
      [
        21,
        8
      ],
      [
        24,
        8
      ]
    ],
    "cold": [
      [
        17,
        3
      ],
      [
        23,
        3
      ],
      [
        7,
        4
      ],
      [
        15,
        4
      ],
      [
        28,
        4
      ],
      [
        38,
        4
      ],
      [
        3,
        5
      ],
      [
        9,
        5
      ],
      [
        10,
        5
      ],
      [
        12,
        5
      ]
    ],
    "overdue": [
      [
        43,
        3.9
      ],
      [
        28,
        3.7837837837837838
      ],
      [
        2,
        2.6666666666666665
      ],
      [
        9,
        2.4406779661016946
      ],
      [
        29,
        2.150537634408602
      ],
      [
        18,
        1.791907514450867
      ],
      [
        4,
        1.7431693989071038
      ],
      [
        31,
        1.5294117647058822
      ]
    ]
  },
  "engine_predictions": {
    "advancedpattern": [
      1,
      3,
      11,
      24,
      30,
      32
    ],
    "gap": [
      1,
      7,
      13,
      19,
      25,
      31
    ],
    "graph": [
      25,
      30,
      34,
      36,
      37,
      42
    ],
    "lstm": [
      3,
      11,
      12,
      14,
      39,
      44
    ],
    "ml": [
      1,
      11,
      17,
      24,
      26,
      33
    ],
    "numerology": [
      17,
      22,
      23,
      24,
      25,
      31
    ],
    "pattern": [
      3,
      13,
      23,
      33,
      35,
      43
    ],
    "sequencecorrelation": [
      6,
      7,
      14,
      17,
      35,
      40
    ],
    "statistical": [
      2,
      4,
      18,
      28,
      29,
      43
    ],
    "timeseries": [
      2,
      4,
      15,
      23,
      29,
      45
    ]
  },
  "predicted_sets": [
    {
      "numbers": [
        1,
        3,
        17,
        24,
        32,
        45
      ],
      "confidence": 69.33333333333334
    },
    {
      "numbers": [
        2,
        4,
        17,
        25,
        31,
        43
      ],
      "confidence": 69.33333333333334
    },
    {
      "numbers": [
        3,
        11,
        23,
        24,
        25,
        30
      ],
      "confidence": 69.05833333333334
    },
    {
      "numbers": [
        2,
        11,
        17,
        30,
        33,
        35
      ],
      "confidence": 68.63333333333333
    },
    {
      "numbers": [
        3,
        11,
        14,
        25,
        30,
        32
      ],
      "confidence": 68.63333333333333
    },
    {
      "numbers": [
        11,
        17,
        24,
        30,
        33,
        45
      ],
      "confidence": 68.63333333333333
    },
    {
      "numbers": [
        11,
        14,
        17,
        25,
        30,
        43
      ],
      "confidence": 68.6
    },
    {
      "numbers": [
        11,
        23,
        24,
        25,
        30,
        32
      ],
      "confidence": 68.6
    },
    {
      "numbers": [
        2,
        7,
        11,
        24,
        31,
        43
      ],
      "confidence": 68.45833333333334
    },
    {
      "numbers": [
        2,
        17,
        25,
        30,
        33,
        43
      ],
      "confidence": 68.45833333333334
    },
    {
      "numbers": [
        3,
        17,
        23,
        24,
        32,
        45
      ],
      "confidence": 68.45833333333334
    },
    {
      "numbers": [
        2,
        3,
        17,
        24,
        30,
        33
      ],
      "confidence": 68.42500000000001
    },
    {
      "numbers": [
        3,
        24,
        25,
        30,
        31,
        43
      ],
      "confidence": 68.42500000000001
    },
    {
      "numbers": [
        2,
        13,
        23,
        24,
        25,
        31
      ],
      "confidence": 68.42500000000001
    },
    {
      "numbers": [
        1,
        11,
        24,
        25,
        29,
        32
      ],
      "confidence": 68.42500000000001
    },
    {
      "numbers": [
        3,
        4,
        11,
        25,
        30,
        35
      ],
      "confidence": 68.42500000000001
    },
    {
      "numbers": [
        3,
        11,
        23,
        24,
        29,
        30
      ],
      "confidence": 68.39166666666668
    },
    {
      "numbers": [
        3,
        11,
        24,
        30,
        31,
        43
      ],
      "confidence": 68.25
    },
    {
      "numbers": [
        1,
        11,
        14,
        24,
        25,
        43
      ],
      "confidence": 68.21666666666667
    },
    {
      "numbers": [
        4,
        11,
        29,
        32,
        35,
        43
      ],
      "confidence": 68.0
    },
    {
      "numbers": [
        1,
        3,
        24,
        30,
        32,
        45
      ],
      "confidence": 67.96666666666667
    },
    {
      "numbers": [
        7,
        14,
        25,
        29,
        30,
        33
      ],
      "confidence": 67.96666666666667
    },
    {
      "numbers": [
        1,
        2,
        7,
        24,
        29,
        43
      ],
      "confidence": 67.83495618886761
    },
    {
      "numbers": [
        7,
        17,
        25,
        30,
        32,
        43
      ],
      "confidence": 67.79166666666666
    },
    {
      "numbers": [
        2,
        3,
        11,
        30,
        33,
        45
      ],
      "confidence": 67.79166666666666
    },
    {
      "numbers": [
        2,
        11,
        17,
        30,
        31,
        45
      ],
      "confidence": 67.79166666666666
    },
    {
      "numbers": [
        4,
        17,
        24,
        30,
        31,
        45
      ],
      "confidence": 67.79166666666666
    },
    {
      "numbers": [
        2,
        11,
        14,
        17,
        33,
        43
      ],
      "confidence": 67.75833333333334
    },
    {
      "numbers": [
        1,
        3,
        14,
        30,
        33,
        35
      ],
      "confidence": 67.75833333333334
    },
    {
      "numbers": [
        2,
        14,
        24,
        25,
        30,
        31
      ],
      "confidence": 67.75833333333334
    },
    {
      "numbers": [
        7,
        11,
        14,
        23,
        24,
        32
      ],
      "confidence": 67.75833333333334
    },
    {
      "numbers": [
        1,
        14,
        25,
        30,
        33,
        35
      ],
      "confidence": 67.75833333333334
    },
    {
      "numbers": [
        1,
        3,
        14,
        24,
        32,
        35
      ],
      "confidence": 67.75833333333334
    },
    {
      "numbers": [
        3,
        4,
        23,
        25,
        30,
        31
      ],
      "confidence": 67.725
    },
    {
      "numbers": [
        14,
        17,
        24,
        25,
        30,
        33
      ],
      "confidence": 67.725
    },
    {
      "numbers": [
        3,
        14,
        17,
        30,
        33,
        43
      ],
      "confidence": 67.58333333333334
    },
    {
      "numbers": [
        1,
        14,
        23,
        24,
        33,
        45
      ],
      "confidence": 67.58333333333334
    },
    {
      "numbers": [
        3,
        23,
        24,
        25,
        32,
        43
      ],
      "confidence": 67.55
    },
    {
      "numbers": [
        7,
        14,
        17,
        24,
        25,
        33
      ],