{
  "latest_round": 1099,
  "next_round": 1100,
  "hot_cold": {
    "hot": [
      [
        3,
        11
      ],
      [
        16,
        11
      ],
      [
        27,
        11
      ],
      [
        24,
        10
      ],
      [
        6,
        9
      ],
      [
        7,
        9
      ],
      [
        23,
        9
      ],
      [
        28,
        9
      ],
      [
        39,
        9
      ],
      [
        9,
        8
      ]
    ],
    "cold": [
      [
        10,
        3
      ],
      [
        34,
        3
      ],
      [
        2,
        4
      ],
      [
        14,
        4
      ],
      [
        22,
        4
      ],
      [
        32,
        4
      ],
      [
        43,
        4
      ],
      [
        44,
        4
      ],
      [
        11,
        5
      ],
      [
        19,
        5
      ]
    ],
    "overdue": [
      [
        14,
        3.4169491525423727
      ],
      [
        11,
        2.3181818181818183
      ],
      [
        19,
        2.0672268907563027
      ],
      [
        13,
        2.0318791946308727
      ],
      [
        34,
        1.9713563605728728
      ],
      [
        15,
        1.6235294117647059
      ],
      [
        43,
        1.50339558573854
      ]
    ]
  },
  "engine_predictions": {
    "advancedpattern": [
      6,
      27,
      30,
      36,
      38,
      42
    ],
    "gap": [
      1,
      7,
      13,
      19,
      25,
      31
    ],
    "graph": [
      3,
      4,
      12,
      24,
      33,
      40
    ],
    "lstm": [
      1,
      16,
      27,
      30,
      38,
      42
    ],
    "ml": [
      3,
      6,
      8,
      15,
      27,
      38
    ],
    "numerology": [
      17,
      22,
      23,
      24,
      25,
      31
    ],
    "pattern": [
      3,
      11,
      13,
      23,
      33,
      43
    ],
    "sequencecorrelation": [
      16,
      19,
      21,
      33,
      40,
      45
    ],
    "statistical": [
      11,
      13,
      14,
      15,
      16,
      19
    ],
    "timeseries": [
      1,
      15,
      16,
      19,
      31,
      32
    ]
  },
  "predicted_sets": [
    {
      "numbers": [
        3,
        16,
        25,
        27,
        31,
        38
      ],
      "confidence": 71.3
    },
    {
      "numbers": [
        13,
        15,
        16,
        19,
        31,
        42
      ],
      "confidence": 71.26666666666667
    },
    {
      "numbers": [
        6,
        19,
        27,
        30,
        38,
        42
      ],
      "confidence": 70.66666666666667
    },
    {
      "numbers": [
        6,
        13,
        19,
        27,
        30,
        38
      ],
      "confidence": 70.63333333333333
    },
    {
      "numbers": [
        1,
        15,
        16,
        38,
        40,
        42
      ],
      "confidence": 70.63333333333333
    },
    {
      "numbers": [
        3,
        15,
        19,
        38,
        40,
        42
      ],
      "confidence": 70.63333333333333
    },
    {
      "numbers": [
        1,
        6,
        15,
        19,
        27,
        42
      ],
      "confidence": 70.63333333333333
    },
    {
      "numbers": [
        3,
        19,
        27,
        31,
        32,
        38
      ],
      "confidence": 70.63333333333333
    },
    {
      "numbers": [
        11,
        16,
        19,
        24,
        38,
        42
      ],
      "confidence": 70.63333333333333
    },
    {
      "numbers": [
        11,
        16,
        19,
        23,
        27,
        38
      ],
      "confidence": 70.6
    },
    {
      "numbers": [
        1,
        16,
        23,
        27,
        33,
        42
      ],
      "confidence": 70.45833333333334
    },
    {
      "numbers": [
        1,
        3,
        16,
        23,
        38,
        42
      ],
      "confidence": 70.45833333333334
    },
    {
      "numbers": [
        1,
        16,
        23,
        27,
        33,
        38
      ],
      "confidence": 70.42500000000001
    },
    {
      "numbers": [
        6,
        16,
        19,
        25,
        27,
        31
      ],
      "confidence": 70.42500000000001
    },
    {
      "numbers": [
        3,
        13,
        16,
        31,
        38,
        42
      ],
      "confidence": 70.42500000000001
    },
    {
      "numbers": [
        6,
        15,
        27,
        33,
        40,
        42
      ],
      "confidence": 70.0
    },
    {
      "numbers": [
        6,
        19,
        24,
        25,
        33,
        42
      ],
      "confidence": 70.0
    },
    {
      "numbers": [
        1,
        13,
        15,
        24,
        30,
        38
      ],
      "confidence": 69.96666666666667
    },
    {
      "numbers": [
        3,
        6,
        19,
        27,
        32,
        38
      ],
      "confidence": 69.96666666666667
    },
    {
      "numbers": [
        3,
        19,
        24,
        27,
        36,
        38
      ],
      "confidence": 69.96666666666667
    },
    {
      "numbers": [
        3,
        19,
        27,
        30,
        40,
        42
      ],
      "confidence": 69.79166666666667
    },
    {
      "numbers": [
        3,
        6,
        19,
        25,
        33,
        42
      ],
      "confidence": 69.79166666666667
    },
    {
      "numbers": [
        3,
        16,
        27,
        30,
        38,
        40
      ],
      "confidence": 69.75833333333334
    },
    {
      "numbers": [
        1,
        16,
        19,
        23,
        36,
        38
      ],
      "confidence": 69.75833333333334
    },
    {
      "numbers": [
        1,
        16,
        23,
        27,
        30,
        33
      ],
      "confidence": 69.75833333333334
    },
    {
      "numbers": [
        1,
        13,
        16,
        24,
        25,
        31
      ],
      "confidence": 69.75833333333334
    },
    {
      "numbers": [
        1,
        6,
        19,
        31,
        33,
        38
      ],
      "confidence": 69.725
    },
    {
      "numbers": [
        3,
        13,
        16,
        27,
        33,
        40
      ],
      "confidence": 69.55
    },
    {
      "numbers": [
        6,
        13,
        16,
        19,
        33,
        38
      ],
      "confidence": 69.51666666666667
    },
    {
      "numbers": [
        6,
        15,
        23,
        24,
        38,
        42
      ],
      "confidence": 69.33333333333334
    },
    {
      "numbers": [
        1,
        19,
        24,
        32,
        38,
        40
      ],
      "confidence": 69.3
    },
    {
      "numbers": [
        3,
        24,
        27,
        30,
        31,
        38
      ],
      "confidence": 69.26666666666668
    },
    {
      "numbers": [
        1,
        3,
        24,
        27,
        30,
        38
      ],
      "confidence": 69.26666666666668
    },
    {
      "numbers": [
        3,
        16,
        23,
        25,
        40,
        42
      ],
      "confidence": 69.125
    },
    {
      "numbers": [
        1,
        13,
        16,
        36,
        38,
        42
      ],
      "confidence": 69.09166666666667
    },
    {
      "numbers": [
        11,
        16,
        23,
        31,
        38,
        42
      ],
      "confidence": 69.09166666666667
    },
    {
      "numbers": [
        1,
        6,
        15,
        30,
        31,
        38
      ],
      "confidence": 69.09166666666667
    },
    {
      "numbers": [
        11,
        16,
        25,
        31,
        33,
        42
      ],
      "confidence": 69.09166666666667
    },
    {
      "numbers": [
        3,
        11,
        13,
        16,
        30,
        42
      ],
      "confidence": 69.09166666666667
    },
    {
      "numbers": [
        3,
        15,
        16,
        23,
        25,
        38
      ],