{
  "latest_round": 829,
  "next_round": 830,
  "hot_cold": {
    "hot": [
      [
        12,
        13
      ],
      [
        10,
        12
      ],
      [
        31,
        11
      ],
      [
        45,
        11
      ],
      [
        21,
        10
      ],
      [
        38,
        10
      ],
      [
        13,
        9
      ],
      [
        15,
        9
      ],
      [
        18,
        9
      ],
      [
        19,
        9
      ]
    ],
    "cold": [
      [
        37,
        2
      ],
      [
        8,
        3
      ],
      [
        20,
        3
      ],
      [
        22,
        3
      ],
      [
        41,
        3
      ],
      [
        4,
        4
      ],
      [
        9,
        4
      ],
      [
        23,
        4
      ],
      [
        40,
        4
      ],
      [
        44,
        4
      ]
    ],
    "overdue": [
      [
        37,
        3.2857142857142856
      ],
      [
        6,
        2.6163522012578615
      ],
      [
        41,
        2.6151930261519305
      ],
      [
        32,
        2.4230769230769234
      ],
      [
        23,
        2.400990099009901
      ],
      [
        17,
        2.0496277915632755
      ],
      [
        2,
        1.9888475836431225
      ],
      [
        19,
        1.79089790897909
      ],
      [
        3,
        1.6159600997506236
      ],
      [
        14,
        1.554054054054054
      ]
    ]
  },
  "engine_predictions": {
    "advancedpattern": [
      4,
      5,
      31,
      35,
      43,
      45
    ],
    "gap": [
      1,
      7,
      13,
      19,
      25,
      31
    ],
    "graph": [
      12,
      14,
      15,
      27,
      33,
      34
    ],
    "lstm": [
      4,
      13,
      24,
      29,
      31,
      33
    ],
    "ml": [
      5,
      19,
      21,
      31,
      35,
      41
    ],
    "numerology": [
      17,
      22,
      23,
      24,
      25,
      31
    ],
    "pattern": [
      1,
      11,
      15,
      21,
      31,
      41
    ],
    "sequencecorrelation": [
      5,
      14,
      15,
      24,
      34,
      44
    ],
    "statistical": [
      6,
      14,
      17,
      23,
      32,
      41
    ],
    "timeseries": [
      1,
      14,
      23,
      24,
      37,
      42
    ]
  },
  "predicted_sets": [
    {
      "numbers": [
        1,
        14,
        17,
        24,
        31,
        45
      ],
      "confidence": 71.58333333333334
    },
    {
      "numbers": [
        1,
        14,
        17,
        24,
        31,
        43
      ],
      "confidence": 71.58333333333334
    },
    {
      "numbers": [
        1,
        14,
        24,
        31,
        33,
        35
      ],
      "confidence": 71.55
    },
    {
      "numbers": [
        14,
        15,
        24,
        31,
        41,
        43
      ],
      "confidence": 71.55
    },
    {
      "numbers": [
        1,
        14,
        23,
        24,
        29,
        31
      ],
      "confidence": 71.55
    },
    {
      "numbers": [
        1,
        14,
        17,
        24,
        31,
        33
      ],
      "confidence": 71.55
    },
    {
      "numbers": [
        1,
        13,
        14,
        24,
        25,
        31
      ],
      "confidence": 71.55
    },
    {
      "numbers": [
        5,
        13,
        14,
        24,
        31,
        34
      ],
      "confidence": 71.55
    },
    {
      "numbers": [
        4,
        5,
        19,
        24,
        31,
        43
      ],
      "confidence": 71.125
    },
    {
      "numbers": [
        4,
        14,
        15,
        23,
        29,
        31
      ],
      "confidence": 71.09166666666667
    },
    {
      "numbers": [
        14,
        17,
        24,
        31,
        33,
        45
      ],
      "confidence": 71.09166666666667
    },
    {
      "numbers": [
        13,
        14,
        15,
        24,
        31,
        43
      ],
      "confidence": 70.88333333333333
    },
    {
      "numbers": [
        5,
        14,
        24,
        29,
        31,
        35
      ],
      "confidence": 70.88333333333333
    },
    {
      "numbers": [
        4,
        5,
        14,
        23,
        31,
        34
      ],
      "confidence": 70.88333333333333
    },
    {
      "numbers": [
        4,
        5,
        14,
        24,
        31,
        45
      ],
      "confidence": 70.70833333333334
    },
    {
      "numbers": [
        4,
        17,
        24,
        31,
        33,
        35
      ],
      "confidence": 70.42500000000001
    },
    {
      "numbers": [
        4,
        5,
        19,
        23,
        31,
        34
      ],
      "confidence": 70.42500000000001
    },
    {
      "numbers": [
        5,
        13,
        14,
        24,
        34,
        41
      ],
      "confidence": 70.25
    },
    {
      "numbers": [
        4,
        15,
        19,
        24,
        31,
        45
      ],
      "confidence": 70.25
    },
    {
      "numbers": [
        13,
        24,
        25,
        31,
        34,
        41
      ],
      "confidence": 70.21666666666667
    },
    {
      "numbers": [
        4,
        5,
        19,
        24,
        31,
        34
      ],
      "confidence": 70.21666666666667
    },
    {
      "numbers": [
        1,
        15,
        17,
        23,
        24,
        34
      ],
      "confidence": 69.75833333333334
    },
    {
      "numbers": [
        4,
        15,
        17,
        23,
        24,
        41
      ],
      "confidence": 69.75833333333334
    },
    {
      "numbers": [
        14,
        17,
        24,
        25,
        33,
        41
      ],
      "confidence": 69.75833333333334
    },
    {
      "numbers": [
        4,
        17,
        23,
        25,
        31,
        34
      ],
      "confidence": 69.75833333333334
    },
    {
      "numbers": [
        4,
        14,
        25,
        31,
        34,
        43
      ],
      "confidence": 69.58333333333334
    },
    {
      "numbers": [
        4,
        14,
        21,
        25,
        31,
        43
      ],
      "confidence": 69.58333333333334
    },
    {
      "numbers": [
        5,
        14,
        29,
        31,
        34,
        35
      ],
      "confidence": 69.55
    },
    {
      "numbers": [
        4,
        14,
        17,
        31,
        41,
        45
      ],
      "confidence": 69.55
    },
    {
      "numbers": [
        14,
        15,
        25,
        31,
        33,
        34
      ],
      "confidence": 69.51666666666667
    },
    {
      "numbers": [
        1,
        14,
        25,
        33,
        34,
        41
      ],
      "confidence": 68.91666666666667
    },
    {
      "numbers": [
        4,
        14,
        19,
        29,
        31,
        43
      ],
      "confidence": 68.91666666666667
    },
    {
      "numbers": [
        14,
        19,
        21,
        31,
        34,
        45
      ],
      "confidence": 68.88333333333333
    },
    {
      "numbers": [
        4,
        5,
        14,
        21,
        23,
        41
      ],
      "confidence": 68.88333333333333
    },
    {
      "numbers": [
        1,
        15,
        23,
        24,
        34,
        35
      ],
      "confidence": 68.88333333333333
    },
    {
      "numbers": [
        4,
        14,
        19,
        31,
        34,
        43
      ],
      "confidence": 68.88333333333333
    },
    {
      "numbers": [
        4,
        14,
        15,
        23,
        25,
        41
      ],
      "confidence": 68.88333333333333
    },
    {
      "numbers": [
        14,
        15,
        17,
        23,
        24,
        34
      ],
      "confidence": 68.85
    },
    {
      "numbers": [
        4,
        24,
        31,
        33,
        34,
        35
      ],