{
  "latest_round": 548,
  "next_round": 549,
  "hot_cold": {
    "hot": [
      [
        12,
        11
      ],
      [
        27,
        11
      ],
      [
        34,
        11
      ],
      [
        5,
        10
      ],
      [
        23,
        10
      ],
      [
        26,
        10
      ],
      [
        32,
        10
      ],
      [
        43,
        9
      ],
      [
        1,
        8
      ],
      [
        13,
        8
      ]
    ],
    "cold": [
      [
        2,
        2
      ],
      [
        19,
        2
      ],
      [
        16,
        3
      ],
      [
        10,
        4
      ],
      [
        21,
        4
      ],
      [
        28,
        4
      ],
      [
        45,
        4
      ],
      [
        3,
        5
      ],
      [
        9,
        5
      ],
      [
        11,
        5
      ]
    ],
    "overdue": [
      [
        2,
        4.149312377210216
      ],
      [
        40,
        3.3776091081593926
      ],
      [
        16,
        1.9357277882797732
      ],
      [
        14,
        1.9096045197740115
      ],
      [
        33,
        1.8890977443609023
      ],
      [
        29,
        1.8649155722326454
      ],
      [
        11,
        1.7105263157894737
      ],
      [
        38,
        1.6660268714011517
      ],
      [
        9,
        1.6384180790960452
      ]
    ]
  },
  "engine_predictions": {
    "advancedpattern": [
      1,
      12,
      13,
      21,
      32,
      45
    ],
    "gap": [
      1,
      7,
      13,
      19,
      25,
      31
    ],
    "graph": [
      18,
      20,
      31,
      34,
      37,
      40
    ],
    "lstm": [
      13,
      21,
      26,
      27,
      34,
      45
    ],
    "ml": [
      1,
      13,
      31,
      34,
      37,
      42
    ],
    "numerology": [
      17,
      22,
      23,
      24,
      25,
      31
    ],
    "pattern": [
      5,
      15,
      25,
      33,
      35,
      45
    ],
    "sequencecorrelation": [
      17,
      20,
      27,
      31,
      34,
      40
    ],
    "statistical": [
      11,
      14,
      29,
      33,
      38,
      40
    ],
    "timeseries": [
      3,
      10,
      14,
      16,
      19,
      26
    ]
  },
  "predicted_sets": [
    {
      "numbers": [
        1,
        13,
        26,
        31,
        34,
        45
      ],
      "confidence": 73.125
    },
    {
      "numbers": [
        1,
        12,
        13,
        27,
        34,
        45
      ],
      "confidence": 71.33333333333334
    },
    {
      "numbers": [
        13,
        17,
        20,
        26,
        34,
        45
      ],
      "confidence": 70.63333333333333
    },
    {
      "numbers": [
        13,
        14,
        19,
        20,
        31,
        45
      ],
      "confidence": 70.6
    },
    {
      "numbers": [
        12,
        13,
        25,
        31,
        33,
        34
      ],
      "confidence": 70.39166666666667
    },
    {
      "numbers": [
        3,
        12,
        27,
        31,
        40,
        45
      ],
      "confidence": 70.0
    },
    {
      "numbers": [
        1,
        13,
        17,
        20,
        26,
        45
      ],
      "confidence": 69.96666666666667
    },
    {
      "numbers": [
        1,
        17,
        19,
        20,
        34,
        45
      ],
      "confidence": 69.96666666666667
    },
    {
      "numbers": [
        3,
        19,
        25,
        26,
        31,
        40
      ],
      "confidence": 69.96666666666667
    },
    {
      "numbers": [
        1,
        13,
        17,
        32,
        34,
        40
      ],
      "confidence": 69.93333333333334
    },
    {
      "numbers": [
        1,
        13,
        16,
        20,
        25,
        31
      ],
      "confidence": 69.81534474994473
    },
    {
      "numbers": [
        1,
        12,
        13,
        21,
        40,
        45
      ],
      "confidence": 69.79166666666667
    },
    {
      "numbers": [
        12,
        13,
        16,
        25,
        31,
        45
      ],
      "confidence": 69.75833333333334
    },
    {
      "numbers": [
        1,
        17,
        26,
        31,
        32,
        34
      ],
      "confidence": 69.75833333333334
    },
    {
      "numbers": [
        1,
        13,
        21,
        32,
        34,
        40
      ],
      "confidence": 69.75833333333334
    },
    {
      "numbers": [
        1,
        13,
        16,
        25,
        26,
        34
      ],
      "confidence": 69.75833333333334
    },
    {
      "numbers": [
        12,
        17,
        25,
        31,
        40,
        45
      ],
      "confidence": 69.57386056502989
    },
    {
      "numbers": [
        1,
        17,
        26,
        31,
        34,
        37
      ],
      "confidence": 69.55
    },
    {
      "numbers": [
        1,
        16,
        26,
        31,
        34,
        40
      ],
      "confidence": 69.55
    },
    {
      "numbers": [
        12,
        19,
        20,
        26,
        31,
        45
      ],
      "confidence": 69.3
    },
    {
      "numbers": [
        1,
        3,
        34,
        37,
        40,
        45
      ],
      "confidence": 69.26666666666668
    },
    {
      "numbers": [
        13,
        20,
        21,
        25,
        32,
        34
      ],
      "confidence": 69.26666666666668
    },
    {
      "numbers": [
        17,
        20,
        26,
        31,
        32,
        34
      ],
      "confidence": 69.26666666666668
    },
    {
      "numbers": [
        3,
        19,
        25,
        26,
        34,
        45
      ],
      "confidence": 69.125
    },
    {
      "numbers": [
        3,
        12,
        13,
        25,
        34,
        40
      ],
      "confidence": 69.09166666666667
    },
    {
      "numbers": [
        3,
        13,
        19,
        20,
        34,
        45
      ],
      "confidence": 69.09166666666667
    },
    {
      "numbers": [
        13,
        14,
        20,
        27,
        40,
        45
      ],
      "confidence": 69.09166666666667
    },
    {
      "numbers": [
        3,
        13,
        25,
        26,
        40,
        45
      ],
      "confidence": 68.91666666666667
    },
    {
      "numbers": [
        1,
        16,
        25,
        31,
        32,
        45
      ],
      "confidence": 68.91666666666667
    },
    {
      "numbers": [
        1,
        20,
        26,
        27,
        31,
        40
      ],
      "confidence": 68.88333333333333
    },
    {
      "numbers": [
        1,
        12,
        13,
        31,
        32,
        34
      ],
      "confidence": 68.85
    },
    {
      "numbers": [
        3,
        12,
        26,
        27,
        34,
        45
      ],
      "confidence": 68.66666666666666
    },
    {
      "numbers": [
        1,
        12,
        19,
        26,
        33,
        34
      ],
      "confidence": 68.63333333333333
    },
    {
      "numbers": [
        12,
        17,
        26,
        33,
        34,
        45
      ],
      "confidence": 68.63333333333333
    },
    {
      "numbers": [
        12,
        19,
        21,
        33,
        34,
        45
      ],
      "confidence": 68.63333333333333
    },
    {
      "numbers": [
        3,
        14,
        16,
        21,
        31,
        45
      ],
      "confidence": 68.45833333333334
    },
    {
      "numbers": [
        1,
        12,
        13,
        20,
        33,
        45
      ],
      "confidence": 68.42500000000001
    },
    {
      "numbers": [
        1,
        16,
        25,
        31,
        32,
        33
      ],
      "confidence": 68.42500000000001
    },
    {
      "numbers": [
        12,
        20,
        25,
        27,
        31,
        40
      ],