{
  "latest_round": 723,
  "next_round": 724,
  "hot_cold": {
    "hot": [
      [
        33,
        13
      ],
      [
        1,
        11
      ],
      [
        11,
        10
      ],
      [
        15,
        10
      ],
      [
        28,
        10
      ],
      [
        4,
        9
      ],
      [
        34,
        9
      ],
      [
        44,
        9
      ],
      [
        7,
        8
      ],
      [
        10,
        8
      ]
    ],
    "cold": [
      [
        9,
        2
      ],
      [
        22,
        3
      ],
      [
        26,
        3
      ],
      [
        31,
        3
      ],
      [
        40,
        3
      ],
      [
        21,
        4
      ],
      [
        32,
        4
      ],
      [
        41,
        4
      ],
      [
        42,
        4
      ],
      [
        14,
        5
      ]
    ],
    "overdue": [
      [
        26,
        2.956896551724138
      ],
      [
        38,
        2.877906976744186
      ],
      [
        42,
        2.3276353276353277
      ],
      [
        10,
        1.8785310734463276
      ],
      [
        3,
        1.758273381294964
      ],
      [
        17,
        1.6116642958748222
      ],
      [
        24,
        1.5977337110481586
      ],
      [
        45,
        1.5085714285714285
      ]
    ]
  },
  "engine_predictions": {
    "advancedpattern": [
      20,
      30,
      33,
      35,
      36,
      44
    ],
    "gap": [
      1,
      7,
      13,
      19,
      25,
      31
    ],
    "graph": [
      13,
      17,
      20,
      25,
      34,
      40
    ],
    "lstm": [
      1,
      20,
      30,
      33,
      43,
      44
    ],
    "ml": [
      7,
      13,
      25,
      30,
      35,
      44
    ],
    "numerology": [
      13,
      17,
      22,
      23,
      25,
      31
    ],
    "pattern": [
      5,
      13,
      15,
      25,
      35,
      45
    ],
    "sequencecorrelation": [
      6,
      7,
      14,
      20,
      25,
      40
    ],
    "statistical": [
      3,
      10,
      24,
      26,
      38,
      45
    ],
    "timeseries": [
      2,
      3,
      18,
      22,
      37,
      45
    ]
  },
  "predicted_sets": [
    {
      "numbers": [
        7,
        13,
        20,
        25,
        35,
        44
      ],
      "confidence": 75.125
    },
    {
      "numbers": [
        7,
        13,
        25,
        30,
        33,
        44
      ],
      "confidence": 73.79166666666666
    },
    {
      "numbers": [
        13,
        17,
        25,
        30,
        31,
        44
      ],
      "confidence": 73.3
    },
    {
      "numbers": [
        2,
        13,
        20,
        25,
        44,
        45
      ],
      "confidence": 73.09166666666667
    },
    {
      "numbers": [
        13,
        22,
        25,
        30,
        35,
        44
      ],
      "confidence": 72.99097547124595
    },
    {
      "numbers": [
        7,
        13,
        20,
        25,
        30,
        33
      ],
      "confidence": 72.88333333333333
    },
    {
      "numbers": [
        1,
        13,
        25,
        36,
        40,
        44
      ],
      "confidence": 72.66666666666666
    },
    {
      "numbers": [
        13,
        20,
        22,
        25,
        30,
        31
      ],
      "confidence": 72.39166666666667
    },
    {
      "numbers": [
        7,
        20,
        25,
        26,
        33,
        45
      ],
      "confidence": 71.79166666666666
    },
    {
      "numbers": [
        1,
        17,
        20,
        25,
        40,
        44
      ],
      "confidence": 71.79166666666666
    },
    {
      "numbers": [
        1,
        13,
        25,
        26,
        30,
        45
      ],
      "confidence": 71.75833333333334
    },
    {
      "numbers": [
        3,
        13,
        22,
        25,
        33,
        44
      ],
      "confidence": 71.58333333333334
    },
    {
      "numbers": [
        7,
        19,
        25,
        30,
        36,
        44
      ],
      "confidence": 71.33333333333334
    },
    {
      "numbers": [
        7,
        13,
        30,
        35,
        38,
        45
      ],
      "confidence": 71.125
    },
    {
      "numbers": [
        7,
        20,
        25,
        26,
        33,
        35
      ],
      "confidence": 71.09166666666667
    },
    {
      "numbers": [
        3,
        7,
        13,
        30,
        44,
        45
      ],
      "confidence": 71.09166666666667
    },
    {
      "numbers": [
        7,
        20,
        22,
        25,
        26,
        35
      ],
      "confidence": 71.09166666666667
    },
    {
      "numbers": [
        3,
        13,
        20,
        30,
        31,
        44
      ],
      "confidence": 70.91666666666666
    },
    {
      "numbers": [
        13,
        17,
        20,
        25,
        33,
        40
      ],
      "confidence": 70.85
    },
    {
      "numbers": [
        7,
        13,
        26,
        30,
        38,
        45
      ],
      "confidence": 70.66666666666667
    },
    {
      "numbers": [
        17,
        19,
        25,
        30,
        33,
        44
      ],
      "confidence": 70.63333333333333
    },
    {
      "numbers": [
        13,
        17,
        19,
        25,
        26,
        44
      ],
      "confidence": 70.6
    },
    {
      "numbers": [
        1,
        7,
        13,
        20,
        35,
        36
      ],
      "confidence": 70.6
    },
    {
      "numbers": [
        3,
        17,
        25,
        26,
        35,
        44
      ],
      "confidence": 70.45833333333334
    },
    {
      "numbers": [
        2,
        13,
        17,
        20,
        30,
        35
      ],
      "confidence": 70.42500000000001
    },
    {
      "numbers": [
        3,
        13,
        20,
        22,
        40,
        44
      ],
      "confidence": 70.25
    },
    {
      "numbers": [
        2,
        20,
        25,
        30,
        31,
        35
      ],
      "confidence": 70.21666666666667
    },
    {
      "numbers": [
        13,
        17,
        20,
        31,
        36,
        44
      ],
      "confidence": 69.93333333333334
    },
    {
      "numbers": [
        3,
        17,
        20,
        22,
        25,
        26
      ],
      "confidence": 69.93333333333334
    },
    {
      "numbers": [
        3,
        13,
        17,
        30,
        36,
        44
      ],
      "confidence": 69.79166666666667
    },
    {
      "numbers": [
        2,
        13,
        17,
        22,
        25,
        38
      ],
      "confidence": 69.75833333333334
    },
    {
      "numbers": [
        7,
        19,
        20,
        30,
        44,
        45
      ],
      "confidence": 69.75833333333334
    },
    {
      "numbers": [
        1,
        3,
        20,
        30,
        44,
        45
      ],
      "confidence": 69.75833333333334
    },
    {
      "numbers": [
        2,
        7,
        20,
        35,
        44,
        45
      ],
      "confidence": 69.75833333333334
    },
    {
      "numbers": [
        13,
        17,
        20,
        22,
        33,
        35
      ],
      "confidence": 69.725
    },
    {
      "numbers": [
        2,
        13,
        20,
        33,
        35,
        45
      ],
      "confidence": 69.55
    },
    {
      "numbers": [
        1,
        2,
        17,
        30,
        35,
        44
      ],
      "confidence": 69.33333333333334
    },
    {
      "numbers": [
        2,
        13,
        19,
        35,
        40,
        44
      ],
      "confidence": 69.3
    },
    {
      "numbers": [
        1,
        2,
        13,
        19,
        30,
        45
      ],