{
  "latest_round": 177,
  "next_round": 178,
  "hot_cold": {
    "hot": [
      [
        42,
        14
      ],
      [
        34,
        12
      ],
      [
        13,
        11
      ],
      [
        19,
        11
      ],
      [
        28,
        11
      ],
      [
        36,
        10
      ],
      [
        39,
        10
      ],
      [
        41,
        10
      ],
      [
        18,
        9
      ],
      [
        30,
        9
      ]
    ],
    "cold": [
      [
        32,
        2
      ],
      [
        38,
        2
      ],
      [
        14,
        3
      ],
      [
        44,
        3
      ],
      [
        5,
        4
      ],
      [
        6,
        4
      ],
      [
        8,
        4
      ],
      [
        17,
        4
      ],
      [
        22,
        4
      ],
      [
        23,
        4
      ]
    ],
    "overdue": [
      [
        23,
        6.7894736842105265
      ],
      [
        20,
        3.096296296296296
      ],
      [
        7,
        2.3947368421052633
      ],
      [
        8,
        2.013157894736842
      ],
      [
        6,
        1.9066666666666667
      ],
      [
        44,
        1.8300653594771241
      ],
      [
        40,
        1.562874251497006
      ],
      [
        5,
        1.5104895104895104
      ],
      [
        38,
        1.5100671140939597
      ]
    ]
  },
  "engine_predictions": {
    "advancedpattern": [
      1,
      10,
      13,
      16,
      37,
      43
    ],
    "gap": [
      2,
      8,
      14,
      20,
      26,
      32
    ],
    "graph": [
      17,
      25,
      33,
      36,
      40,
      42
    ],
    "lstm": [
      4,
      13,
      16,
      33,
      34,
      43
    ],
    "ml": [
      1,
      7,
      10,
      12,
      13,
      43
    ],
    "numerology": [
      17,
      23,
      24,
      25,
      26,
      31
    ],
    "pattern": [
      3,
      13,
      23,
      33,
      35,
      43
    ],
    "sequencecorrelation": [
      7,
      13,
      17,
      27,
      30,
      35
    ],
    "statistical": [
      5,
      7,
      8,
      20,
      40,
      42
    ],
    "timeseries": [
      5,
      6,
      23,
      24,
      40,
      44
    ]
  },
  "predicted_sets": [
    {
      "numbers": [
        1,
        7,
        13,
        26,
        40,
        43
      ],
      "confidence": 71.79166666666666
    },
    {
      "numbers": [
        5,
        13,
        23,
        24,
        40,
        42
      ],
      "confidence": 70.45833333333334
    },
    {
      "numbers": [
        7,
        13,
        24,
        33,
        35,
        40
      ],
      "confidence": 70.42500000000001
    },
    {
      "numbers": [
        8,
        17,
        23,
        33,
        40,
        43
      ],
      "confidence": 70.25
    },
    {
      "numbers": [
        13,
        16,
        23,
        25,
        40,
        43
      ],
      "confidence": 70.21666666666667
    },
    {
      "numbers": [
        5,
        7,
        13,
        20,
        24,
        42
      ],
      "confidence": 69.96666666666667
    },
    {
      "numbers": [
        1,
        10,
        13,
        24,
        40,
        42
      ],
      "confidence": 69.79166666666667
    },
    {
      "numbers": [
        10,
        13,
        24,
        35,
        40,
        42
      ],
      "confidence": 69.79166666666667
    },
    {
      "numbers": [
        1,
        8,
        13,
        17,
        33,
        42
      ],
      "confidence": 69.75833333333334
    },
    {
      "numbers": [
        7,
        8,
        13,
        17,
        35,
        40
      ],
      "confidence": 69.725
    },
    {
      "numbers": [
        8,
        16,
        23,
        33,
        40,
        43
      ],
      "confidence": 69.58333333333334
    },
    {
      "numbers": [
        7,
        13,
        17,
        30,
        40,
        42
      ],
      "confidence": 69.58333333333334
    },
    {
      "numbers": [
        7,
        20,
        25,
        33,
        40,
        43
      ],
      "confidence": 69.58333333333334
    },
    {
      "numbers": [
        7,
        16,
        26,
        33,
        40,
        43
      ],
      "confidence": 69.58333333333334
    },
    {
      "numbers": [
        7,
        8,
        13,
        23,
        24,
        33
      ],
      "confidence": 69.55
    },
    {
      "numbers": [
        8,
        10,
        13,
        23,
        42,
        43
      ],
      "confidence": 69.55
    },
    {
      "numbers": [
        10,
        13,
        23,
        25,
        42,
        43
      ],
      "confidence": 69.55
    },
    {
      "numbers": [
        1,
        13,
        23,
        26,
        42,
        43
      ],
      "confidence": 69.55
    },
    {
      "numbers": [
        5,
        7,
        8,
        23,
        40,
        42
      ],
      "confidence": 69.3
    },
    {
      "numbers": [
        8,
        13,
        16,
        20,
        24,
        35
      ],
      "confidence": 69.3
    },
    {
      "numbers": [
        1,
        13,
        16,
        17,
        30,
        42
      ],
      "confidence": 69.3
    },
    {
      "numbers": [
        5,
        13,
        24,
        30,
        40,
        42
      ],
      "confidence": 69.125
    },
    {
      "numbers": [
        7,
        13,
        16,
        25,
        37,
        42
      ],
      "confidence": 69.125
    },
    {
      "numbers": [
        7,
        16,
        25,
        30,
        33,
        43
      ],
      "confidence": 69.125
    },
    {
      "numbers": [
        1,
        10,
        13,
        16,
        37,
        43
      ],
      "confidence": 69.09166666666667
    },
    {
      "numbers": [
        5,
        7,
        13,
        16,
        25,
        42
      ],
      "confidence": 69.09166666666667
    },
    {
      "numbers": [
        7,
        8,
        13,
        26,
        37,
        40
      ],
      "confidence": 69.09166666666667
    },
    {
      "numbers": [
        7,
        8,
        13,
        20,
        33,
        35
      ],
      "confidence": 69.05833333333334
    },
    {
      "numbers": [
        1,
        7,
        17,
        30,
        40,
        43
      ],
      "confidence": 68.91666666666667
    },
    {
      "numbers": [
        7,
        13,
        23,
        24,
        37,
        42
      ],
      "confidence": 68.91666666666667
    },
    {
      "numbers": [
        13,
        16,
        25,
        30,
        40,
        43
      ],
      "confidence": 68.88333333333333
    },
    {
      "numbers": [
        5,
        13,
        16,
        24,
        25,
        43
      ],
      "confidence": 68.88333333333333
    },
    {
      "numbers": [
        13,
        23,
        26,
        30,
        35,
        43
      ],
      "confidence": 68.88333333333333
    },
    {
      "numbers": [
        8,
        13,
        16,
        17,
        37,
        43
      ],
      "confidence": 68.88333333333333
    },
    {
      "numbers": [
        7,
        8,
        10,
        13,
        25,
        42
      ],
      "confidence": 68.77087007951751
    },
    {
      "numbers": [
        1,
        24,
        25,
        33,
        40,
        42
      ],
      "confidence": 68.63333333333333
    },
    {
      "numbers": [
        1,
        7,
        24,
        26,
        33,
        40
      ],
      "confidence": 68.6
    },
    {
      "numbers": [
        1,
        16,
        20,
        26,
        35,
        43
      ],
      "confidence": 68.45833333333334
    },
    {
      "numbers": [
        10,
        17,
        24,
        35,
        37,
        43
      ],