{
  "latest_round": 344,
  "next_round": 345,
  "hot_cold": {
    "hot": [
      [
        45,
        14
      ],
      [
        34,
        13
      ],
      [
        17,
        12
      ],
      [
        1,
        11
      ],
      [
        5,
        10
      ],
      [
        19,
        10
      ],
      [
        20,
        9
      ],
      [
        43,
        9
      ],
      [
        9,
        8
      ],
      [
        14,
        8
      ]
    ],
    "cold": [
      [
        40,
        1
      ],
      [
        22,
        2
      ],
      [
        24,
        2
      ],
      [
        31,
        3
      ],
      [
        7,
        4
      ],
      [
        35,
        4
      ],
      [
        44,
        4
      ],
      [
        6,
        5
      ],
      [
        8,
        5
      ],
      [
        11,
        5
      ]
    ],
    "overdue": [
      [
        40,
        7.434343434343434
      ],
      [
        11,
        3.6974522292993632
      ],
      [
        41,
        2.9714285714285715
      ],
      [
        7,
        2.662420382165605
      ],
      [
        25,
        2.5555555555555554
      ],
      [
        22,
        2.287581699346405
      ],
      [
        12,
        2.1725239616613417
      ],
      [
        4,
        2.0186335403726705
      ],
      [
        36,
        1.9318885448916407
      ],
      [
        27,
        1.5333333333333334
      ]
    ]
  },
  "engine_predictions": {
    "advancedpattern": [
      1,
      2,
      15,
      28,
      34,
      45
    ],
    "gap": [
      1,
      7,
      13,
      19,
      25,
      31
    ],
    "graph": [
      4,
      17,
      19,
      34,
      36,
      45
    ],
    "lstm": [
      1,
      2,
      14,
      34,
      43,
      45
    ],
    "ml": [
      1,
      8,
      16,
      22,
      34,
      45
    ],
    "numerology": [
      17,
      23,
      24,
      25,
      27,
      31
    ],
    "pattern": [
      5,
      15,
      25,
      33,
      35,
      45
    ],
    "sequencecorrelation": [
      1,
      8,
      16,
      19,
      25,
      37
    ],
    "statistical": [
      4,
      11,
      12,
      25,
      36,
      41
    ],
    "timeseries": [
      5,
      22,
      25,
      35,
      36,
      44
    ]
  },
  "predicted_sets": [
    {
      "numbers": [
        1,
        2,
        19,
        25,
        34,
        45
      ],
      "confidence": 75.79166666666667
    },
    {
      "numbers": [
        1,
        2,
        25,
        34,
        37,
        45
      ],
      "confidence": 73.75833333333334
    },
    {
      "numbers": [
        1,
        4,
        15,
        25,
        36,
        45
      ],
      "confidence": 73.58333333333334
    },
    {
      "numbers": [
        1,
        22,
        25,
        28,
        34,
        36
      ],
      "confidence": 72.6
    },
    {
      "numbers": [
        2,
        4,
        17,
        25,
        36,
        45
      ],
      "confidence": 72.45833333333334
    },
    {
      "numbers": [
        1,
        2,
        16,
        25,
        31,
        34
      ],
      "confidence": 72.42500000000001
    },
    {
      "numbers": [
        2,
        17,
        25,
        34,
        35,
        45
      ],
      "confidence": 72.25
    },
    {
      "numbers": [
        1,
        2,
        15,
        28,
        34,
        45
      ],
      "confidence": 71.79166666666666
    },
    {
      "numbers": [
        1,
        15,
        16,
        17,
        34,
        45
      ],
      "confidence": 71.75833333333334
    },
    {
      "numbers": [
        1,
        2,
        8,
        22,
        34,
        45
      ],
      "confidence": 71.75833333333334
    },
    {
      "numbers": [
        1,
        8,
        22,
        25,
        31,
        34
      ],
      "confidence": 71.725
    },
    {
      "numbers": [
        8,
        16,
        19,
        25,
        35,
        45
      ],
      "confidence": 71.58333333333334
    },
    {
      "numbers": [
        1,
        2,
        15,
        25,
        31,
        34
      ],
      "confidence": 71.55
    },
    {
      "numbers": [
        1,
        8,
        15,
        19,
        25,
        36
      ],
      "confidence": 71.37563910263324
    },
    {
      "numbers": [
        1,
        4,
        19,
        28,
        37,
        45
      ],
      "confidence": 71.33333333333334
    },
    {
      "numbers": [
        1,
        2,
        19,
        34,
        36,
        43
      ],
      "confidence": 71.3
    },
    {
      "numbers": [
        2,
        17,
        19,
        22,
        34,
        45
      ],
      "confidence": 71.125
    },
    {
      "numbers": [
        1,
        14,
        22,
        28,
        34,
        45
      ],
      "confidence": 71.125
    },
    {
      "numbers": [
        1,
        19,
        28,
        36,
        43,
        45
      ],
      "confidence": 71.11924375379601
    },
    {
      "numbers": [
        2,
        14,
        17,
        19,
        25,
        45
      ],
      "confidence": 71.09166666666667
    },
    {
      "numbers": [
        1,
        2,
        14,
        25,
        35,
        36
      ],
      "confidence": 71.09166666666667
    },
    {
      "numbers": [
        1,
        15,
        17,
        25,
        28,
        36
      ],
      "confidence": 71.09166666666667
    },
    {
      "numbers": [
        2,
        25,
        28,
        31,
        36,
        45
      ],
      "confidence": 71.09166666666667
    },
    {
      "numbers": [
        1,
        4,
        15,
        16,
        34,
        45
      ],
      "confidence": 70.88333333333333
    },
    {
      "numbers": [
        1,
        2,
        4,
        22,
        34,
        45
      ],
      "confidence": 70.88333333333333
    },
    {
      "numbers": [
        1,
        2,
        8,
        19,
        34,
        43
      ],
      "confidence": 70.63333333333333
    },
    {
      "numbers": [
        1,
        4,
        16,
        17,
        28,
        45
      ],
      "confidence": 70.63333333333333
    },
    {
      "numbers": [
        1,
        2,
        4,
        19,
        43,
        45
      ],
      "confidence": 70.6
    },
    {
      "numbers": [
        8,
        14,
        22,
        25,
        37,
        45
      ],
      "confidence": 70.45833333333334
    },
    {
      "numbers": [
        4,
        17,
        22,
        25,
        31,
        34
      ],
      "confidence": 70.42500000000001
    },
    {
      "numbers": [
        15,
        17,
        25,
        34,
        36,
        43
      ],
      "confidence": 70.42500000000001
    },
    {
      "numbers": [
        2,
        15,
        17,
        19,
        34,
        45
      ],
      "confidence": 70.42500000000001
    },
    {
      "numbers": [
        14,
        16,
        17,
        25,
        31,
        45
      ],
      "confidence": 70.42500000000001
    },
    {
      "numbers": [
        4,
        15,
        22,
        34,
        36,
        45
      ],
      "confidence": 70.25
    },
    {
      "numbers": [
        1,
        4,
        14,
        17,
        34,
        45
      ],
      "confidence": 70.21666666666667
    },
    {
      "numbers": [
        1,
        5,
        25,
        28,
        34,
        35
      ],
      "confidence": 70.18333333333334
    },
    {
      "numbers": [
        1,
        5,
        16,
        22,
        43,
        45
      ],
      "confidence": 69.75833333333334
    },
    {
      "numbers": [
        1,
        15,
        16,
        17,
        34,
        36
      ],
      "confidence": 69.725
    },
    {
      "numbers": [
        8,
        15,
        25,
        34,
        35,
        43
      ],