{
  "latest_round": 624,
  "next_round": 625,
  "hot_cold": {
    "hot": [
      [
        8,
        15
      ],
      [
        2,
        13
      ],
      [
        14,
        11
      ],
      [
        5,
        10
      ],
      [
        38,
        10
      ],
      [
        39,
        10
      ],
      [
        7,
        9
      ],
      [
        27,
        9
      ],
      [
        33,
        9
      ],
      [
        34,
        9
      ]
    ],
    "cold": [
      [
        3,
        2
      ],
      [
        26,
        2
      ],
      [
        29,
        3
      ],
      [
        31,
        3
      ],
      [
        1,
        4
      ],
      [
        15,
        4
      ],
      [
        32,
        4
      ],
      [
        43,
        4
      ],
      [
        4,
        5
      ],
      [
        9,
        5
      ]
    ],
    "overdue": [
      [
        3,
        3.8072289156626504
      ],
      [
        29,
        3.1252086811352253
      ],
      [
        31,
        3.1153846153846154
      ],
      [
        20,
        2.4203389830508475
      ],
      [
        14,
        2.148514851485148
      ],
      [
        38,
        2.117845117845118
      ],
      [
        37,
        2.00327868852459
      ],
      [
        36,
        1.7491694352159468
      ],
      [
        22,
        1.565217391304348
      ],
      [
        33,
        1.5319148936170213
      ]
    ]
  },
  "engine_predictions": {
    "advancedpattern": [
      1,
      7,
      19,
      26,
      27,
      35
    ],
    "gap": [
      1,
      7,
      13,
      19,
      25,
      31
    ],
    "graph": [
      8,
      20,
      27,
      34,
      39,
      40
    ],
    "lstm": [
      13,
      16,
      19,
      27,
      30,
      45
    ],
    "ml": [
      19,
      27,
      33,
      34,
      39,
      43
    ],
    "numerology": [
      13,
      17,
      22,
      23,
      25,
      31
    ],
    "pattern": [
      5,
      13,
      15,
      25,
      35,
      45
    ],
    "sequencecorrelation": [
      13,
      20,
      27,
      34,
      37,
      40
    ],
    "statistical": [
      14,
      20,
      29,
      31,
      33,
      38
    ],
    "timeseries": [
      16,
      18,
      23,
      24,
      36,
      45
    ]
  },
  "predicted_sets": [
    {
      "numbers": [
        1,
        19,
        20,
        27,
        34,
        45
      ],
      "confidence": 73.33333333333334
    },
    {
      "numbers": [
        13,
        18,
        19,
        27,
        31,
        34
      ],
      "confidence": 72.6
    },
    {
      "numbers": [
        13,
        16,
        19,
        25,
        27,
        40
      ],
      "confidence": 72.6
    },
    {
      "numbers": [
        7,
        13,
        16,
        19,
        27,
        34
      ],
      "confidence": 72.42500000000001
    },
    {
      "numbers": [
        1,
        13,
        19,
        26,
        34,
        45
      ],
      "confidence": 72.0
    },
    {
      "numbers": [
        1,
        13,
        18,
        19,
        27,
        40
      ],
      "confidence": 71.96666666666667
    },
    {
      "numbers": [
        7,
        13,
        20,
        27,
        40,
        45
      ],
      "confidence": 71.58333333333334
    },
    {
      "numbers": [
        13,
        16,
        18,
        27,
        39,
        45
      ],
      "confidence": 71.3
    },
    {
      "numbers": [
        1,
        13,
        16,
        19,
        40,
        45
      ],
      "confidence": 71.3
    },
    {
      "numbers": [
        1,
        13,
        20,
        25,
        26,
        27
      ],
      "confidence": 71.26666666666667
    },
    {
      "numbers": [
        7,
        13,
        20,
        26,
        27,
        31
      ],
      "confidence": 71.09166666666667
    },
    {
      "numbers": [
        13,
        16,
        19,
        20,
        27,
        43
      ],
      "confidence": 71.05833333333334
    },
    {
      "numbers": [
        7,
        13,
        18,
        19,
        40,
        45
      ],
      "confidence": 70.63333333333333
    },
    {
      "numbers": [
        1,
        16,
        20,
        25,
        27,
        33
      ],
      "confidence": 70.63333333333333
    },
    {
      "numbers": [
        7,
        13,
        19,
        26,
        34,
        35
      ],
      "confidence": 70.63333333333333
    },
    {
      "numbers": [
        1,
        13,
        18,
        27,
        35,
        40
      ],
      "confidence": 70.63333333333333
    },
    {
      "numbers": [
        1,
        19,
        20,
        25,
        31,
        34
      ],
      "confidence": 70.42500000000001
    },
    {
      "numbers": [
        13,
        16,
        20,
        27,
        43,
        45
      ],
      "confidence": 70.39166666666667
    },
    {
      "numbers": [
        7,
        19,
        25,
        26,
        31,
        34
      ],
      "confidence": 69.96666666666667
    },
    {
      "numbers": [
        7,
        19,
        20,
        25,
        26,
        34
      ],
      "confidence": 69.96666666666667
    },
    {
      "numbers": [
        1,
        13,
        18,
        25,
        26,
        27
      ],
      "confidence": 69.93333333333334
    },
    {
      "numbers": [
        1,
        18,
        19,
        20,
        27,
        39
      ],
      "confidence": 69.75833333333334
    },
    {
      "numbers": [
        1,
        13,
        20,
        39,
        40,
        45
      ],
      "confidence": 69.75833333333334
    },
    {
      "numbers": [
        1,
        18,
        19,
        27,
        34,
        39
      ],
      "confidence": 69.75833333333334
    },
    {
      "numbers": [
        20,
        23,
        25,
        27,
        34,
        40
      ],
      "confidence": 69.60516988856673
    },
    {
      "numbers": [
        7,
        18,
        19,
        26,
        31,
        45
      ],
      "confidence": 69.33333333333334
    },
    {
      "numbers": [
        1,
        16,
        18,
        27,
        34,
        43
      ],
      "confidence": 69.33333333333334
    },
    {
      "numbers": [
        1,
        16,
        19,
        20,
        37,
        45
      ],
      "confidence": 69.3
    },
    {
      "numbers": [
        1,
        16,
        18,
        27,
        31,
        34
      ],
      "confidence": 69.09166666666667
    },
    {
      "numbers": [
        1,
        16,
        19,
        20,
        23,
        31
      ],
      "confidence": 69.09166666666667
    },
    {
      "numbers": [
        1,
        19,
        20,
        23,
        34,
        40
      ],
      "confidence": 69.09166666666667
    },
    {
      "numbers": [
        1,
        19,
        20,
        26,
        31,
        34
      ],
      "confidence": 69.09166666666667
    },
    {
      "numbers": [
        13,
        16,
        18,
        23,
        34,
        45
      ],
      "confidence": 69.09166666666667
    },
    {
      "numbers": [
        13,
        16,
        23,
        34,
        37,
        45
      ],
      "confidence": 69.09166666666667
    },
    {
      "numbers": [
        1,
        18,
        19,
        20,
        25,
        31
      ],
      "confidence": 69.09166666666667
    },
    {
      "numbers": [
        7,
        18,
        20,
        27,
        35,
        45
      ],
      "confidence": 68.91666666666667
    },
    {
      "numbers": [
        1,
        19,
        20,
        31,
        40,
        45
      ],
      "confidence": 68.88333333333333
    },
    {
      "numbers": [
        1,
        13,
        20,
        31,
        34,
        43
      ],