{
  "latest_round": 716,
  "next_round": 717,
  "hot_cold": {
    "hot": [
      [
        33,
        14
      ],
      [
        15,
        12
      ],
      [
        7,
        11
      ],
      [
        10,
        10
      ],
      [
        1,
        9
      ],
      [
        11,
        9
      ],
      [
        24,
        9
      ],
      [
        28,
        9
      ],
      [
        8,
        8
      ],
      [
        17,
        8
      ]
    ],
    "cold": [
      [
        9,
        3
      ],
      [
        22,
        3
      ],
      [
        32,
        3
      ],
      [
        20,
        4
      ],
      [
        21,
        4
      ],
      [
        26,
        4
      ],
      [
        40,
        4
      ],
      [
        41,
        4
      ],
      [
        14,
        5
      ],
      [
        19,
        5
      ]
    ],
    "overdue": [
      [
        43,
        3.128888888888889
      ],
      [
        32,
        2.8521739130434782
      ],
      [
        14,
        2.1951219512195124
      ],
      [
        21,
        2.048780487804878
      ],
      [
        26,
        1.971264367816092
      ],
      [
        38,
        1.9622093023255813
      ],
      [
        8,
        1.7241379310344829
      ]
    ]
  },
  "engine_predictions": {
    "advancedpattern": [
      2,
      6,
      13,
      16,
      29,
      30
    ],
    "gap": [
      1,
      7,
      13,
      19,
      25,
      31
    ],
    "graph": [
      1,
      13,
      20,
      25,
      34,
      40
    ],
    "lstm": [
      2,
      7,
      30,
      33,
      44,
      45
    ],
    "ml": [
      1,
      4,
      13,
      20,
      30,
      44
    ],
    "numerology": [
      13,
      17,
      22,
      23,
      25,
      31
    ],
    "pattern": [
      5,
      13,
      15,
      25,
      35,
      45
    ],
    "sequencecorrelation": [
      16,
      25,
      27,
      37,
      38,
      44
    ],
    "statistical": [
      8,
      14,
      21,
      32,
      38,
      43
    ],
    "timeseries": [
      10,
      19,
      21,
      24,
      26,
      39
    ]
  },
  "predicted_sets": [
    {
      "numbers": [
        2,
        13,
        25,
        30,
        38,
        44
      ],
      "confidence": 74.0
    },
    {
      "numbers": [
        2,
        13,
        16,
        19,
        25,
        44
      ],
      "confidence": 72.63333333333333
    },
    {
      "numbers": [
        2,
        13,
        25,
        30,
        31,
        38
      ],
      "confidence": 72.63333333333333
    },
    {
      "numbers": [
        1,
        13,
        16,
        30,
        44,
        45
      ],
      "confidence": 71.96666666666667
    },
    {
      "numbers": [
        2,
        7,
        13,
        30,
        38,
        45
      ],
      "confidence": 71.33333333333334
    },
    {
      "numbers": [
        7,
        13,
        25,
        26,
        29,
        44
      ],
      "confidence": 71.3
    },
    {
      "numbers": [
        13,
        14,
        19,
        25,
        30,
        44
      ],
      "confidence": 71.05833333333334
    },
    {
      "numbers": [
        2,
        13,
        20,
        29,
        38,
        44
      ],
      "confidence": 70.66666666666667
    },
    {
      "numbers": [
        6,
        7,
        13,
        30,
        38,
        45
      ],
      "confidence": 70.66666666666667
    },
    {
      "numbers": [
        1,
        19,
        25,
        26,
        30,
        44
      ],
      "confidence": 70.63333333333333
    },
    {
      "numbers": [
        6,
        13,
        21,
        25,
        30,
        33
      ],
      "confidence": 70.42500000000001
    },
    {
      "numbers": [
        1,
        13,
        16,
        29,
        33,
        44
      ],
      "confidence": 69.79166666666667
    },
    {
      "numbers": [
        2,
        6,
        13,
        25,
        26,
        38
      ],
      "confidence": 69.75833333333334
    },
    {
      "numbers": [
        1,
        4,
        13,
        16,
        38,
        44
      ],
      "confidence": 69.75833333333334
    },
    {
      "numbers": [
        6,
        13,
        21,
        25,
        26,
        30
      ],
      "confidence": 69.725
    },
    {
      "numbers": [
        1,
        16,
        21,
        25,
        31,
        44
      ],
      "confidence": 69.58333333333334
    },
    {
      "numbers": [
        2,
        7,
        16,
        25,
        29,
        44
      ],
      "confidence": 69.3
    },
    {
      "numbers": [
        2,
        4,
        19,
        25,
        31,
        44
      ],
      "confidence": 69.125
    },
    {
      "numbers": [
        2,
        6,
        13,
        21,
        33,
        44
      ],
      "confidence": 69.125
    },
    {
      "numbers": [
        7,
        13,
        14,
        30,
        33,
        45
      ],
      "confidence": 69.125
    },
    {
      "numbers": [
        2,
        6,
        13,
        16,
        30,
        45
      ],
      "confidence": 69.09166666666667
    },
    {
      "numbers": [
        2,
        16,
        20,
        25,
        44,
        45
      ],
      "confidence": 69.09166666666667
    },
    {
      "numbers": [
        7,
        14,
        16,
        25,
        30,
        44
      ],
      "confidence": 69.09166666666667
    },
    {
      "numbers": [
        4,
        13,
        25,
        26,
        33,
        38
      ],
      "confidence": 69.09166666666667
    },
    {
      "numbers": [
        13,
        14,
        19,
        25,
        33,
        38
      ],
      "confidence": 69.05833333333334
    },
    {
      "numbers": [
        2,
        6,
        13,
        14,
        25,
        45
      ],
      "confidence": 68.92246049156624
    },
    {
      "numbers": [
        1,
        13,
        21,
        26,
        30,
        31
      ],
      "confidence": 68.88333333333333
    },
    {
      "numbers": [
        1,
        6,
        13,
        20,
        21,
        45
      ],
      "confidence": 68.75579382489957
    },
    {
      "numbers": [
        1,
        7,
        16,
        19,
        30,
        38
      ],
      "confidence": 68.63333333333333
    },
    {
      "numbers": [
        16,
        19,
        21,
        30,
        38,
        44
      ],
      "confidence": 68.63333333333333
    },
    {
      "numbers": [
        2,
        13,
        19,
        20,
        21,
        33
      ],
      "confidence": 68.42500000000001
    },
    {
      "numbers": [
        13,
        19,
        26,
        30,
        33,
        45
      ],
      "confidence": 68.42500000000001
    },
    {
      "numbers": [
        6,
        13,
        19,
        30,
        33,
        38
      ],
      "confidence": 68.42500000000001
    },
    {
      "numbers": [
        1,
        6,
        7,
        25,
        30,
        45
      ],
      "confidence": 68.39166666666668
    },
    {
      "numbers": [
        13,
        14,
        19,
        20,
        30,
        38
      ],
      "confidence": 68.39166666666668
    },
    {
      "numbers": [
        2,
        20,
        21,
        25,
        30,
        45
      ],
      "confidence": 68.21666666666667
    },
    {
      "numbers": [
        6,
        13,
        16,
        21,
        25,
        26
      ],
      "confidence": 68.18333333333334
    },
    {
      "numbers": [
        7,
        14,
        20,
        25,
        29,
        38
      ],
      "confidence": 67.96666666666667
    },
    {
      "numbers": [
        4,
        13,
        16,
        31,
        33,
        45
      ],