{
  "latest_round": 327,
  "next_round": 328,
  "hot_cold": {
    "hot": [
      [
        45,
        14
      ],
      [
        17,
        11
      ],
      [
        18,
        11
      ],
      [
        32,
        10
      ],
      [
        33,
        10
      ],
      [
        37,
        10
      ],
      [
        38,
        10
      ],
      [
        1,
        9
      ],
      [
        41,
        9
      ],
      [
        3,
        8
      ]
    ],
    "cold": [
      [
        22,
        2
      ],
      [
        26,
        2
      ],
      [
        29,
        3
      ],
      [
        40,
        3
      ],
      [
        44,
        3
      ],
      [
        24,
        4
      ],
      [
        35,
        4
      ],
      [
        9,
        5
      ],
      [
        14,
        5
      ],
      [
        16,
        5
      ]
    ],
    "overdue": [
      [
        40,
        4.686868686868687
      ],
      [
        37,
        3.465798045602606
      ],
      [
        26,
        3.087248322147651
      ],
      [
        30,
        2.642384105960265
      ],
      [
        24,
        2.0915032679738563
      ],
      [
        1,
        1.8157894736842106
      ],
      [
        35,
        1.696969696969697
      ],
      [
        3,
        1.6556291390728477
      ],
      [
        27,
        1.5814696485623003
      ],
      [
        31,
        1.511182108626198
      ]
    ]
  },
  "engine_predictions": {
    "advancedpattern": [
      6,
      12,
      13,
      17,
      32,
      44
    ],
    "gap": [
      1,
      7,
      13,
      19,
      25,
      31
    ],
    "graph": [
      4,
      19,
      25,
      34,
      36,
      37
    ],
    "lstm": [
      17,
      25,
      32,
      33,
      36,
      44
    ],
    "ml": [
      3,
      17,
      26,
      27,
      30,
      39
    ],
    "numerology": [
      17,
      22,
      23,
      24,
      25,
      31
    ],
    "pattern": [
      5,
      15,
      25,
      31,
      35,
      45
    ],
    "sequencecorrelation": [
      3,
      4,
      18,
      27,
      30,
      33
    ],
    "statistical": [
      1,
      24,
      26,
      27,
      30,
      37
    ],
    "timeseries": [
      11,
      19,
      25,
      26,
      28,
      34
    ]
  },
  "predicted_sets": [
    {
      "numbers": [
        6,
        17,
        19,
        25,
        32,
        44
      ],
      "confidence": 72.0
    },
    {
      "numbers": [
        1,
        3,
        17,
        25,
        32,
        44
      ],
      "confidence": 72.0
    },
    {
      "numbers": [
        4,
        19,
        25,
        26,
        31,
        37
      ],
      "confidence": 71.96666666666667
    },
    {
      "numbers": [
        3,
        6,
        17,
        25,
        30,
        31
      ],
      "confidence": 71.96666666666667
    },
    {
      "numbers": [
        1,
        17,
        19,
        25,
        34,
        44
      ],
      "confidence": 71.79166666666666
    },
    {
      "numbers": [
        13,
        19,
        25,
        30,
        37,
        44
      ],
      "confidence": 71.3
    },
    {
      "numbers": [
        3,
        19,
        25,
        30,
        32,
        36
      ],
      "confidence": 71.3
    },
    {
      "numbers": [
        3,
        19,
        25,
        26,
        33,
        44
      ],
      "confidence": 71.125
    },
    {
      "numbers": [
        6,
        17,
        25,
        27,
        30,
        34
      ],
      "confidence": 71.09166666666667
    },
    {
      "numbers": [
        1,
        4,
        17,
        25,
        30,
        34
      ],
      "confidence": 71.09166666666667
    },
    {
      "numbers": [
        4,
        17,
        25,
        27,
        36,
        44
      ],
      "confidence": 70.91666666666666
    },
    {
      "numbers": [
        6,
        12,
        17,
        25,
        30,
        44
      ],
      "confidence": 70.63333333333333
    },
    {
      "numbers": [
        1,
        12,
        17,
        25,
        32,
        44
      ],
      "confidence": 70.45833333333334
    },
    {
      "numbers": [
        6,
        17,
        25,
        32,
        37,
        44
      ],
      "confidence": 70.45833333333334
    },
    {
      "numbers": [
        6,
        19,
        25,
        26,
        30,
        44
      ],
      "confidence": 70.42500000000001
    },
    {
      "numbers": [
        6,
        17,
        24,
        25,
        31,
        37
      ],
      "confidence": 70.42500000000001
    },
    {
      "numbers": [
        3,
        25,
        26,
        27,
        30,
        33
      ],
      "confidence": 70.39166666666667
    },
    {
      "numbers": [
        1,
        25,
        26,
        27,
        30,
        37
      ],
      "confidence": 70.39166666666667
    },
    {
      "numbers": [
        3,
        4,
        17,
        25,
        27,
        44
      ],
      "confidence": 70.21666666666667
    },
    {
      "numbers": [
        3,
        4,
        17,
        26,
        31,
        32
      ],
      "confidence": 69.96666666666667
    },
    {
      "numbers": [
        4,
        25,
        31,
        32,
        36,
        37
      ],
      "confidence": 69.93333333333334
    },
    {
      "numbers": [
        3,
        6,
        19,
        25,
        26,
        44
      ],
      "confidence": 69.75833333333334
    },
    {
      "numbers": [
        17,
        19,
        27,
        30,
        31,
        32
      ],
      "confidence": 69.725
    },
    {
      "numbers": [
        13,
        24,
        25,
        26,
        27,
        34
      ],
      "confidence": 69.725
    },
    {
      "numbers": [
        1,
        13,
        17,
        19,
        32,
        44
      ],
      "confidence": 69.3
    },
    {
      "numbers": [
        3,
        12,
        17,
        19,
        26,
        44
      ],
      "confidence": 69.3
    },
    {
      "numbers": [
        3,
        19,
        24,
        26,
        31,
        37
      ],
      "confidence": 69.3
    },
    {
      "numbers": [
        3,
        4,
        13,
        25,
        36,
        37
      ],
      "confidence": 69.09166666666667
    },
    {
      "numbers": [
        6,
        12,
        17,
        24,
        25,
        44
      ],
      "confidence": 69.09166666666667
    },
    {
      "numbers": [
        6,
        17,
        19,
        27,
        30,
        44
      ],
      "confidence": 69.09166666666667
    },
    {
      "numbers": [
        1,
        12,
        24,
        25,
        27,
        34
      ],
      "confidence": 69.09166666666667
    },
    {
      "numbers": [
        1,
        4,
        12,
        25,
        26,
        44
      ],
      "confidence": 69.09166666666667
    },
    {
      "numbers": [
        3,
        24,
        25,
        30,
        33,
        37
      ],
      "confidence": 69.05833333333334
    },
    {
      "numbers": [
        6,
        13,
        25,
        26,
        31,
        36
      ],
      "confidence": 68.88333333333333
    },
    {
      "numbers": [
        3,
        24,
        25,
        27,
        37,
        44
      ],
      "confidence": 68.88333333333333
    },
    {
      "numbers": [
        13,
        19,
        24,
        25,
        33,
        44
      ],
      "confidence": 68.88333333333333
    },
    {
      "numbers": [
        1,
        4,
        17,
        24,
        25,
        32
      ],
      "confidence": 68.87367137824023
    },
    {
      "numbers": [
        4,
        24,
        25,
        26,
        27,
        36
      ],
      "confidence": 68.85
    },
    {
      "numbers": [
        1,
        24,
        25,
        26,
        31,
        34
      ],