{
  "latest_round": 109,
  "next_round": 110,
  "hot_cold": {
    "hot": [
      [
        3,
        12
      ],
      [
        15,
        11
      ],
      [
        17,
        11
      ],
      [
        24,
        11
      ],
      [
        1,
        10
      ],
      [
        36,
        10
      ],
      [
        5,
        9
      ],
      [
        29,
        9
      ],
      [
        34,
        9
      ],
      [
        22,
        8
      ]
    ],
    "cold": [
      [
        28,
        2
      ],
      [
        9,
        3
      ],
      [
        11,
        3
      ],
      [
        13,
        3
      ],
      [
        21,
        3
      ],
      [
        19,
        4
      ],
      [
        31,
        4
      ],
      [
        37,
        4
      ],
      [
        39,
        4
      ],
      [
        16,
        5
      ]
    ],
    "overdue": [
      [
        25,
        6.320512820512821
      ],
      [
        2,
        4.367088607594937
      ],
      [
        39,
        3.8333333333333335
      ],
      [
        19,
        3.25
      ],
      [
        13,
        2.8915662650602405
      ],
      [
        43,
        2.5789473684210527
      ],
      [
        38,
        2.4
      ],
      [
        37,
        1.7272727272727273
      ],
      [
        16,
        1.6210526315789473
      ],
      [
        3,
        1.5813953488372094
      ]
    ]
  },
  "engine_predictions": {
    "advancedpattern": [
      1,
      5,
      34,
      36,
      42,
      44
    ],
    "gap": [
      1,
      7,
      13,
      19,
      25,
      31
    ],
    "graph": [
      3,
      17,
      33,
      37,
      40,
      44
    ],
    "lstm": [
      1,
      5,
      22,
      34,
      42,
      44
    ],
    "numerology": [
      17,
      22,
      23,
      24,
      25,
      26
    ],
    "pattern": [
      4,
      14,
      24,
      32,
      34,
      44
    ],
    "sequencecorrelation": [
      2,
      17,
      25,
      35,
      40,
      44
    ],
    "statistical": [
      2,
      3,
      13,
      17,
      38,
      43
    ],
    "timeseries": [
      13,
      17,
      32,
      35,
      37,
      45
    ]
  },
  "predicted_sets": [
    {
      "numbers": [
        1,
        17,
        25,
        34,
        42,
        44
      ],
      "confidence": 74.68055555555556
    },
    {
      "numbers": [
        1,
        13,
        17,
        24,
        34,
        44
      ],
      "confidence": 73.80555555555556
    },
    {
      "numbers": [
        1,
        17,
        26,
        35,
        40,
        44
      ],
      "confidence": 73.33333333333333
    },
    {
      "numbers": [
        1,
        13,
        25,
        34,
        42,
        44
      ],
      "confidence": 73.19907407407408
    },
    {
      "numbers": [
        1,
        17,
        22,
        26,
        34,
        44
      ],
      "confidence": 73.19907407407408
    },
    {
      "numbers": [
        1,
        2,
        17,
        22,
        40,
        44
      ],
      "confidence": 73.19907407407408
    },
    {
      "numbers": [
        2,
        5,
        13,
        17,
        26,
        44
      ],
      "confidence": 72.63333333333333
    },
    {
      "numbers": [
        1,
        5,
        17,
        37,
        42,
        44
      ],
      "confidence": 72.49907407407409
    },
    {
      "numbers": [
        1,
        2,
        17,
        32,
        40,
        44
      ],
      "confidence": 72.49907407407409
    },
    {
      "numbers": [
        2,
        5,
        13,
        17,
        32,
        44
      ],
      "confidence": 72.49907407407409
    },
    {
      "numbers": [
        3,
        17,
        24,
        32,
        34,
        44
      ],
      "confidence": 72.32407407407408
    },
    {
      "numbers": [
        13,
        17,
        22,
        23,
        40,
        44
      ],
      "confidence": 71.75833333333333
    },
    {
      "numbers": [
        13,
        17,
        25,
        26,
        34,
        40
      ],
      "confidence": 71.1925925925926
    },
    {
      "numbers": [
        1,
        17,
        22,
        26,
        34,
        35
      ],
      "confidence": 71.15185185185184
    },
    {
      "numbers": [
        13,
        17,
        25,
        34,
        37,
        40
      ],
      "confidence": 71.05833333333334
    },
    {
      "numbers": [
        7,
        13,
        17,
        35,
        36,
        44
      ],
      "confidence": 71.01759259259259
    },
    {
      "numbers": [
        1,
        3,
        5,
        17,
        32,
        44
      ],
      "confidence": 70.90927816125394
    },
    {
      "numbers": [
        3,
        13,
        17,
        23,
        42,
        44
      ],
      "confidence": 70.88333333333333
    },
    {
      "numbers": [
        1,
        2,
        17,
        24,
        35,
        36
      ],
      "confidence": 70.41111111111111
    },
    {
      "numbers": [
        1,
        17,
        23,
        34,
        35,
        36
      ],
      "confidence": 70.41111111111111
    },
    {
      "numbers": [
        1,
        7,
        25,
        35,
        42,
        44
      ],
      "confidence": 70.27685185185186
    },
    {
      "numbers": [
        3,
        13,
        17,
        22,
        24,
        40
      ],
      "confidence": 70.27685185185186
    },
    {
      "numbers": [
        1,
        17,
        26,
        34,
        37,
        40
      ],
      "confidence": 70.27685185185186
    },
    {
      "numbers": [
        1,
        2,
        25,
        26,
        35,
        44
      ],
      "confidence": 70.27685185185186
    },
    {
      "numbers": [
        2,
        13,
        17,
        24,
        32,
        34
      ],
      "confidence": 70.14259259259259
    },
    {
      "numbers": [
        1,
        2,
        17,
        22,
        25,
        42
      ],
      "confidence": 70.14259259259259
    },
    {
      "numbers": [
        2,
        5,
        13,
        32,
        34,
        44
      ],
      "confidence": 70.14259259259259
    },
    {
      "numbers": [
        3,
        17,
        26,
        36,
        37,
        44
      ],
      "confidence": 70.10185185185185
    },
    {
      "numbers": [
        7,
        17,
        22,
        36,
        42,
        44
      ],
      "confidence": 70.10185185185185
    },
    {
      "numbers": [
        1,
        7,
        23,
        32,
        40,
        44
      ],
      "confidence": 69.67037037037036
    },
    {
      "numbers": [
        1,
        5,
        23,
        32,
        36,
        44
      ],
      "confidence": 69.67037037037036
    },
    {
      "numbers": [
        2,
        3,
        17,
        34,
        35,
        37
      ],
      "confidence": 69.57685185185184
    },
    {
      "numbers": [
        1,
        2,
        32,
        35,
        40,
        44
      ],
      "confidence": 69.57685185185184
    },
    {
      "numbers": [
        2,
        5,
        17,
        22,
        34,
        36
      ],
      "confidence": 69.53611111111113
    },
    {
      "numbers": [
        1,
        5,
        22,
        23,
        35,
        44
      ],
      "confidence": 69.53611111111113
    },
    {
      "numbers": [
        1,
        2,
        5,
        24,
        36,
        44
      ],
      "confidence": 69.53611111111113
    },
    {
      "numbers": [
        13,
        17,
        25,
        26,
        36,
        42
      ],
      "confidence": 69.53611111111113
    },
    {
      "numbers": [
        1,
        3,
        7,
        24,
        35,
        44
      ],
      "confidence": 69.53611111111113
    },
    {
      "numbers": [
        2,
        17,
        22,
        23,
        25,
        40
      ],