{
  "latest_round": 943,
  "next_round": 944,
  "hot_cold": {
    "hot": [
      [
        38,
        11
      ],
      [
        22,
        10
      ],
      [
        3,
        9
      ],
      [
        16,
        9
      ],
      [
        18,
        9
      ],
      [
        21,
        9
      ],
      [
        36,
        9
      ],
      [
        39,
        9
      ],
      [
        43,
        9
      ],
      [
        44,
        9
      ]
    ],
    "cold": [
      [
        9,
        2
      ],
      [
        30,
        3
      ],
      [
        1,
        5
      ],
      [
        17,
        5
      ],
      [
        19,
        5
      ],
      [
        25,
        5
      ],
      [
        26,
        5
      ],
      [
        29,
        5
      ],
      [
        33,
        5
      ],
      [
        34,
        5
      ]
    ],
    "overdue": [
      [
        26,
        3.1203501094091903
      ],
      [
        5,
        3.1078976640711904
      ],
      [
        34,
        2.846237731733915
      ],
      [
        19,
        1.9352051835853132
      ],
      [
        21,
        1.7370689655172415
      ],
      [
        37,
        1.5005370569280343
      ]
    ]
  },
  "engine_predictions": {
    "advancedpattern": [
      1,
      8,
      13,
      36,
      44,
      45
    ],
    "gap": [
      1,
      7,
      13,
      19,
      25,
      31
    ],
    "graph": [
      1,
      8,
      10,
      12,
      20,
      34
    ],
    "lstm": [
      10,
      12,
      13,
      36,
      39,
      45
    ],
    "ml": [
      5,
      10,
      20,
      25,
      33,
      44
    ],
    "numerology": [
      17,
      22,
      23,
      24,
      25,
      31
    ],
    "pattern": [
      3,
      11,
      13,
      23,
      33,
      43
    ],
    "sequencecorrelation": [
      17,
      31,
      34,
      36,
      40,
      44
    ],
    "statistical": [
      5,
      21,
      23,
      26,
      34,
      38
    ],
    "timeseries": [
      4,
      10,
      20,
      29,
      33,
      34
    ]
  },
  "predicted_sets": [
    {
      "numbers": [
        1,
        10,
        13,
        25,
        36,
        44
      ],
      "confidence": 73.33333333333334
    },
    {
      "numbers": [
        10,
        17,
        23,
        34,
        36,
        44
      ],
      "confidence": 71.79166666666666
    },
    {
      "numbers": [
        5,
        10,
        13,
        25,
        31,
        34
      ],
      "confidence": 71.75833333333334
    },
    {
      "numbers": [
        1,
        13,
        20,
        36,
        44,
        45
      ],
      "confidence": 71.3
    },
    {
      "numbers": [
        8,
        10,
        13,
        25,
        36,
        45
      ],
      "confidence": 71.125
    },
    {
      "numbers": [
        5,
        20,
        23,
        34,
        36,
        44
      ],
      "confidence": 71.125
    },
    {
      "numbers": [
        1,
        8,
        13,
        20,
        34,
        44
      ],
      "confidence": 71.09166666666667
    },
    {
      "numbers": [
        1,
        10,
        13,
        31,
        36,
        45
      ],
      "confidence": 71.09166666666667
    },
    {
      "numbers": [
        1,
        10,
        12,
        13,
        31,
        44
      ],
      "confidence": 71.09166666666667
    },
    {
      "numbers": [
        1,
        20,
        23,
        25,
        34,
        43
      ],
      "confidence": 70.45833333333334
    },
    {
      "numbers": [
        5,
        8,
        20,
        23,
        34,
        44
      ],
      "confidence": 70.45833333333334
    },
    {
      "numbers": [
        1,
        5,
        20,
        23,
        31,
        34
      ],
      "confidence": 70.42500000000001
    },
    {
      "numbers": [
        5,
        10,
        13,
        17,
        34,
        45
      ],
      "confidence": 70.42500000000001
    },
    {
      "numbers": [
        8,
        13,
        20,
        25,
        31,
        33
      ],
      "confidence": 70.42500000000001
    },
    {
      "numbers": [
        10,
        17,
        20,
        33,
        36,
        44
      ],
      "confidence": 70.42500000000001
    },
    {
      "numbers": [
        13,
        17,
        23,
        25,
        36,
        44
      ],
      "confidence": 70.42500000000001
    },
    {
      "numbers": [
        1,
        5,
        10,
        34,
        36,
        44
      ],
      "confidence": 70.39166666666667
    },
    {
      "numbers": [
        1,
        8,
        10,
        23,
        33,
        34
      ],
      "confidence": 70.39166666666667
    },
    {
      "numbers": [
        3,
        10,
        13,
        23,
        34,
        45
      ],
      "confidence": 70.25
    },
    {
      "numbers": [
        5,
        10,
        13,
        23,
        25,
        44
      ],
      "confidence": 70.21666666666667
    },
    {
      "numbers": [
        1,
        12,
        26,
        33,
        34,
        45
      ],
      "confidence": 70.0
    },
    {
      "numbers": [
        1,
        12,
        20,
        26,
        33,
        44
      ],
      "confidence": 70.0
    },
    {
      "numbers": [
        1,
        10,
        12,
        23,
        26,
        34
      ],
      "confidence": 69.98900864441448
    },
    {
      "numbers": [
        1,
        8,
        13,
        25,
        26,
        44
      ],
      "confidence": 69.96666666666667
    },
    {
      "numbers": [
        8,
        17,
        20,
        23,
        25,
        31
      ],
      "confidence": 69.96666666666667
    },
    {
      "numbers": [
        8,
        17,
        31,
        33,
        34,
        36
      ],
      "confidence": 69.93333333333334
    },
    {
      "numbers": [
        1,
        10,
        17,
        26,
        31,
        44
      ],
      "confidence": 69.79166666666667
    },
    {
      "numbers": [
        8,
        10,
        12,
        25,
        36,
        45
      ],
      "confidence": 69.79166666666667
    },
    {
      "numbers": [
        4,
        12,
        13,
        25,
        34,
        36
      ],
      "confidence": 69.75833333333334
    },
    {
      "numbers": [
        1,
        4,
        20,
        23,
        34,
        36
      ],
      "confidence": 69.75833333333334
    },
    {
      "numbers": [
        1,
        12,
        13,
        34,
        36,
        43
      ],
      "confidence": 69.75833333333334
    },
    {
      "numbers": [
        12,
        20,
        25,
        33,
        34,
        45
      ],
      "confidence": 69.75833333333334
    },
    {
      "numbers": [
        1,
        13,
        17,
        34,
        36,
        43
      ],
      "confidence": 69.75833333333334
    },
    {
      "numbers": [
        1,
        8,
        13,
        31,
        36,
        45
      ],
      "confidence": 69.75833333333334
    },
    {
      "numbers": [
        13,
        23,
        25,
        26,
        31,
        44
      ],
      "confidence": 69.75833333333334
    },
    {
      "numbers": [
        1,
        20,
        26,
        31,
        33,
        34
      ],
      "confidence": 69.75833333333334
    },
    {
      "numbers": [
        3,
        8,
        10,
        13,
        36,
        44
      ],
      "confidence": 69.75833333333334
    },
    {
      "numbers": [
        1,
        20,
        25,
        31,
        44,
        45
      ],
      "confidence": 69.58333333333334
    },
    {
      "numbers": [
        8,
        13,
        23,
        34,
        36,
        43
      ],
      "confidence": 69.58333333333334
    },
    {
      "numbers": [
        1,
        12,
        17,
        36,
        44,
        45
      ],