{
  "latest_round": 868,
  "next_round": 869,
  "hot_cold": {
    "hot": [
      [
        33,
        12
      ],
      [
        38,
        12
      ],
      [
        39,
        12
      ],
      [
        43,
        12
      ],
      [
        13,
        10
      ],
      [
        16,
        10
      ],
      [
        28,
        10
      ],
      [
        9,
        8
      ],
      [
        18,
        8
      ],
      [
        24,
        8
      ]
    ],
    "cold": [
      [
        23,
        1
      ],
      [
        37,
        2
      ],
      [
        6,
        3
      ],
      [
        20,
        3
      ],
      [
        27,
        3
      ],
      [
        1,
        4
      ],
      [
        2,
        4
      ],
      [
        3,
        4
      ],
      [
        4,
        4
      ],
      [
        7,
        4
      ]
    ],
    "overdue": [
      [
        1,
        2.891278375149343
      ],
      [
        5,
        2.711003627569528
      ],
      [
        20,
        2.064748201438849
      ],
      [
        26,
        2.0365997638724913
      ],
      [
        2,
        1.9680851063829787
      ],
      [
        30,
        1.9622641509433965
      ],
      [
        31,
        1.9247943595769683
      ],
      [
        23,
        1.7253521126760563
      ]
    ]
  },
  "engine_predictions": {
    "advancedpattern": [
      12,
      17,
      28,
      41,
      43,
      44
    ],
    "gap": [
      1,
      7,
      13,
      19,
      25,
      31
    ],
    "graph": [
      1,
      8,
      14,
      19,
      39,
      45
    ],
    "lstm": [
      15,
      17,
      22,
      28,
      39,
      43
    ],
    "ml": [
      3,
      14,
      24,
      28,
      31,
      42
    ],
    "numerology": [
      17,
      23,
      24,
      25,
      26,
      31
    ],
    "pattern": [
      3,
      11,
      13,
      23,
      33,
      43
    ],
    "sequencecorrelation": [
      10,
      13,
      24,
      34,
      40,
      43
    ],
    "statistical": [
      1,
      2,
      5,
      20,
      26,
      30
    ],
    "timeseries": [
      1,
      2,
      8,
      20,
      23,
      27
    ]
  },
  "predicted_sets": [
    {
      "numbers": [
        1,
        17,
        24,
        28,
        39,
        43
      ],
      "confidence": 72.66666666666666
    },
    {
      "numbers": [
        8,
        17,
        19,
        24,
        31,
        43
      ],
      "confidence": 71.33333333333334
    },
    {
      "numbers": [
        1,
        14,
        17,
        24,
        28,
        43
      ],
      "confidence": 71.09166666666667
    },
    {
      "numbers": [
        12,
        17,
        24,
        28,
        31,
        43
      ],
      "confidence": 70.63333333333333
    },
    {
      "numbers": [
        17,
        20,
        26,
        28,
        31,
        43
      ],
      "confidence": 70.63333333333333
    },
    {
      "numbers": [
        3,
        17,
        24,
        26,
        31,
        43
      ],
      "confidence": 70.45833333333334
    },
    {
      "numbers": [
        1,
        17,
        23,
        26,
        28,
        31
      ],
      "confidence": 70.42500000000001
    },
    {
      "numbers": [
        1,
        8,
        19,
        23,
        24,
        43
      ],
      "confidence": 70.42500000000001
    },
    {
      "numbers": [
        1,
        8,
        14,
        17,
        31,
        43
      ],
      "confidence": 70.42500000000001
    },
    {
      "numbers": [
        1,
        14,
        24,
        25,
        28,
        43
      ],
      "confidence": 70.42500000000001
    },
    {
      "numbers": [
        1,
        14,
        23,
        24,
        28,
        43
      ],
      "confidence": 70.21666666666667
    },
    {
      "numbers": [
        8,
        17,
        25,
        28,
        39,
        43
      ],
      "confidence": 69.79166666666667
    },
    {
      "numbers": [
        1,
        19,
        24,
        28,
        43,
        44
      ],
      "confidence": 69.75833333333334
    },
    {
      "numbers": [
        1,
        2,
        14,
        23,
        25,
        43
      ],
      "confidence": 69.75833333333334
    },
    {
      "numbers": [
        1,
        2,
        3,
        24,
        39,
        43
      ],
      "confidence": 69.75833333333334
    },
    {
      "numbers": [
        2,
        17,
        23,
        26,
        28,
        43
      ],
      "confidence": 69.75833333333334
    },
    {
      "numbers": [
        1,
        2,
        23,
        25,
        28,
        43
      ],
      "confidence": 69.725
    },
    {
      "numbers": [
        1,
        13,
        14,
        20,
        24,
        43
      ],
      "confidence": 69.55
    },
    {
      "numbers": [
        13,
        23,
        24,
        26,
        31,
        43
      ],
      "confidence": 69.55
    },
    {
      "numbers": [
        1,
        12,
        14,
        25,
        26,
        43
      ],
      "confidence": 69.3
    },
    {
      "numbers": [
        1,
        8,
        12,
        20,
        26,
        43
      ],
      "confidence": 69.3
    },
    {
      "numbers": [
        1,
        2,
        17,
        24,
        39,
        41
      ],
      "confidence": 69.125
    },
    {
      "numbers": [
        8,
        17,
        23,
        28,
        31,
        39
      ],
      "confidence": 69.09166666666667
    },
    {
      "numbers": [
        8,
        12,
        17,
        23,
        24,
        43
      ],
      "confidence": 69.09166666666667
    },
    {
      "numbers": [
        1,
        19,
        20,
        24,
        41,
        43
      ],
      "confidence": 69.09166666666667
    },
    {
      "numbers": [
        3,
        17,
        23,
        24,
        28,
        39
      ],
      "confidence": 69.09166666666667
    },
    {
      "numbers": [
        3,
        13,
        28,
        31,
        43,
        44
      ],
      "confidence": 68.91666666666667
    },
    {
      "numbers": [
        8,
        12,
        13,
        23,
        31,
        43
      ],
      "confidence": 68.91666666666667
    },
    {
      "numbers": [
        2,
        13,
        20,
        23,
        24,
        43
      ],
      "confidence": 68.88333333333333
    },
    {
      "numbers": [
        1,
        12,
        13,
        14,
        31,
        43
      ],
      "confidence": 68.88333333333333
    },
    {
      "numbers": [
        1,
        12,
        25,
        28,
        39,
        44
      ],
      "confidence": 68.66666666666666
    },
    {
      "numbers": [
        8,
        12,
        17,
        23,
        26,
        31
      ],
      "confidence": 68.63333333333333
    },
    {
      "numbers": [
        2,
        17,
        19,
        24,
        31,
        41
      ],
      "confidence": 68.45833333333334
    },
    {
      "numbers": [
        13,
        20,
        23,
        28,
        31,
        44
      ],
      "confidence": 68.42500000000001
    },
    {
      "numbers": [
        8,
        12,
        13,
        31,
        39,
        43
      ],
      "confidence": 68.42500000000001
    },
    {
      "numbers": [
        1,
        8,
        17,
        20,
        23,
        41
      ],
      "confidence": 68.42500000000001
    },
    {
      "numbers": [
        3,
        8,
        14,
        31,
        39,
        43
      ],
      "confidence": 68.42500000000001
    },
    {
      "numbers": [
        1,
        3,
        20,
        23,
        28,
        44
      ],
      "confidence": 68.42500000000001
    },
    {
      "numbers": [
        8,
        14,
        17,
        28,
        31,
        39
      ],