{
  "latest_round": 608,
  "next_round": 609,
  "hot_cold": {
    "hot": [
      [
        14,
        12
      ],
      [
        2,
        11
      ],
      [
        5,
        11
      ],
      [
        38,
        11
      ],
      [
        8,
        10
      ],
      [
        20,
        9
      ],
      [
        25,
        9
      ],
      [
        33,
        9
      ],
      [
        34,
        9
      ],
      [
        4,
        8
      ]
    ],
    "cold": [
      [
        9,
        3
      ],
      [
        36,
        3
      ],
      [
        21,
        4
      ],
      [
        22,
        4
      ],
      [
        23,
        4
      ],
      [
        28,
        4
      ],
      [
        42,
        4
      ],
      [
        3,
        5
      ],
      [
        15,
        5
      ],
      [
        19,
        5
      ]
    ],
    "overdue": [
      [
        42,
        3.4974093264248705
      ],
      [
        32,
        2.6564102564102563
      ],
      [
        15,
        2.611683848797251
      ],
      [
        37,
        2.1956155143338956
      ],
      [
        40,
        2.144781144781145
      ],
      [
        41,
        2.123076923076923
      ],
      [
        3,
        1.6316695352839932
      ],
      [
        28,
        1.5105633802816902
      ]
    ]
  },
  "engine_predictions": {
    "advancedpattern": [
      4,
      8,
      18,
      19,
      39,
      44
    ],
    "gap": [
      1,
      7,
      13,
      19,
      25,
      31
    ],
    "graph": [
      1,
      8,
      20,
      27,
      34,
      40
    ],
    "lstm": [
      2,
      8,
      14,
      19,
      38,
      39
    ],
    "ml": [
      4,
      8,
      37,
      39,
      40,
      44
    ],
    "numerology": [
      13,
      17,
      22,
      23,
      25,
      31
    ],
    "pattern": [
      5,
      15,
      25,
      33,
      35,
      45
    ],
    "sequencecorrelation": [
      5,
      7,
      18,
      24,
      39,
      43
    ],
    "statistical": [
      15,
      32,
      37,
      40,
      41,
      42
    ],
    "timeseries": [
      12,
      24,
      28,
      29,
      35,
      37
    ]
  },
  "predicted_sets": [
    {
      "numbers": [
        8,
        13,
        25,
        31,
        37,
        44
      ],
      "confidence": 70.66666666666667
    },
    {
      "numbers": [
        8,
        18,
        25,
        31,
        37,
        39
      ],
      "confidence": 70.42500000000001
    },
    {
      "numbers": [
        4,
        8,
        19,
        25,
        39,
        44
      ],
      "confidence": 70.25
    },
    {
      "numbers": [
        7,
        8,
        13,
        24,
        39,
        44
      ],
      "confidence": 69.79166666666667
    },
    {
      "numbers": [
        8,
        13,
        15,
        25,
        37,
        40
      ],
      "confidence": 69.75833333333334
    },
    {
      "numbers": [
        2,
        8,
        19,
        24,
        39,
        40
      ],
      "confidence": 69.75833333333334
    },
    {
      "numbers": [
        7,
        8,
        15,
        19,
        39,
        44
      ],
      "confidence": 69.75833333333334
    },
    {
      "numbers": [
        2,
        8,
        18,
        25,
        37,
        39
      ],
      "confidence": 69.75833333333334
    },
    {
      "numbers": [
        4,
        8,
        18,
        25,
        31,
        40
      ],
      "confidence": 69.09166666666667
    },
    {
      "numbers": [
        5,
        8,
        18,
        19,
        24,
        37
      ],
      "confidence": 69.09166666666667
    },
    {
      "numbers": [
        8,
        18,
        24,
        27,
        39,
        40
      ],
      "confidence": 69.09166666666667
    },
    {
      "numbers": [
        2,
        8,
        13,
        19,
        37,
        39
      ],
      "confidence": 69.05833333333334
    },
    {
      "numbers": [
        5,
        18,
        19,
        37,
        39,
        40
      ],
      "confidence": 69.05833333333334
    },
    {
      "numbers": [
        4,
        8,
        19,
        24,
        31,
        39
      ],
      "confidence": 68.88333333333333
    },
    {
      "numbers": [
        8,
        15,
        19,
        35,
        39,
        44
      ],
      "confidence": 68.88333333333333
    },
    {
      "numbers": [
        8,
        24,
        25,
        35,
        39,
        40
      ],
      "confidence": 68.69113446687231
    },
    {
      "numbers": [
        4,
        7,
        13,
        18,
        25,
        39
      ],
      "confidence": 68.67567394055652
    },
    {
      "numbers": [
        2,
        7,
        19,
        25,
        31,
        44
      ],
      "confidence": 68.66666666666666
    },
    {
      "numbers": [
        2,
        7,
        18,
        39,
        40,
        44
      ],
      "confidence": 68.63333333333333
    },
    {
      "numbers": [
        1,
        8,
        13,
        27,
        35,
        40
      ],
      "confidence": 68.63333333333333
    },
    {
      "numbers": [
        1,
        8,
        24,
        27,
        35,
        39
      ],
      "confidence": 68.6
    },
    {
      "numbers": [
        2,
        4,
        8,
        31,
        39,
        40
      ],
      "confidence": 68.56666666666666
    },
    {
      "numbers": [
        5,
        7,
        8,
        13,
        37,
        44
      ],
      "confidence": 68.42500000000001
    },
    {
      "numbers": [
        4,
        14,
        18,
        25,
        37,
        39
      ],
      "confidence": 68.42500000000001
    },
    {
      "numbers": [
        5,
        8,
        24,
        35,
        37,
        40
      ],
      "confidence": 68.39166666666668
    },
    {
      "numbers": [
        8,
        13,
        15,
        19,
        35,
        40
      ],
      "confidence": 68.39166666666668
    },
    {
      "numbers": [
        4,
        8,
        14,
        35,
        37,
        39
      ],
      "confidence": 68.39166666666668
    },
    {
      "numbers": [
        2,
        13,
        19,
        37,
        39,
        40
      ],
      "confidence": 68.39166666666668
    },
    {
      "numbers": [
        2,
        4,
        8,
        19,
        35,
        39
      ],
      "confidence": 68.26734060722319
    },
    {
      "numbers": [
        4,
        8,
        24,
        25,
        37,
        44
      ],
      "confidence": 68.21666666666667
    },
    {
      "numbers": [
        13,
        18,
        19,
        31,
        37,
        44
      ],
      "confidence": 67.93333333333334
    },
    {
      "numbers": [
        1,
        4,
        13,
        19,
        40,
        44
      ],
      "confidence": 67.75833333333334
    },
    {
      "numbers": [
        7,
        8,
        25,
        27,
        31,
        44
      ],
      "confidence": 67.75833333333334
    },
    {
      "numbers": [
        4,
        15,
        18,
        19,
        25,
        31
      ],
      "confidence": 67.75833333333334
    },
    {
      "numbers": [
        4,
        14,
        25,
        31,
        37,
        40
      ],
      "confidence": 67.75833333333334
    },
    {
      "numbers": [
        2,
        4,
        37,
        39,
        40,
        44
      ],
      "confidence": 67.725
    },
    {
      "numbers": [
        2,
        13,
        18,
        19,
        39,
        40
      ],
      "confidence": 67.725
    },
    {
      "numbers": [
        5,
        7,
        18,
        19,
        37,
        40
      ],
      "confidence": 67.725
    },
    {
      "numbers": [
        1,
        5,
        8,
        27,
        37,
        40
      ],