{
  "latest_round": 510,
  "next_round": 511,
  "hot_cold": {
    "hot": [
      [
        22,
        12
      ],
      [
        13,
        11
      ],
      [
        40,
        11
      ],
      [
        4,
        10
      ],
      [
        20,
        10
      ],
      [
        27,
        10
      ],
      [
        29,
        10
      ],
      [
        37,
        10
      ],
      [
        8,
        9
      ],
      [
        31,
        9
      ]
    ],
    "cold": [
      [
        19,
        2
      ],
      [
        21,
        2
      ],
      [
        7,
        3
      ],
      [
        9,
        3
      ],
      [
        11,
        3
      ],
      [
        18,
        3
      ],
      [
        16,
        4
      ],
      [
        28,
        4
      ],
      [
        45,
        4
      ],
      [
        2,
        5
      ]
    ],
    "overdue": [
      [
        18,
        4.820960698689956
      ],
      [
        21,
        4.513742071881606
      ],
      [
        45,
        3.9110169491525424
      ],
      [
        16,
        3.5657620041753653
      ],
      [
        37,
        2.7642276422764227
      ],
      [
        2,
        2.650103519668737
      ],
      [
        8,
        2.205761316872428
      ],
      [
        15,
        2.098360655737705
      ],
      [
        19,
        1.8157894736842106
      ]
    ]
  },
  "engine_predictions": {
    "advancedpattern": [
      12,
      29,
      32,
      33,
      39,
      40
    ],
    "gap": [
      1,
      7,
      13,
      19,
      25,
      31
    ],
    "graph": [
      3,
      5,
      20,
      27,
      37,
      40
    ],
    "lstm": [
      12,
      22,
      29,
      32,
      40,
      43
    ],
    "ml": [
      1,
      3,
      26,
      29,
      31,
      33
    ],
    "numerology": [
      17,
      22,
      23,
      24,
      25,
      31
    ],
    "pattern": [
      5,
      15,
      25,
      33,
      35,
      45
    ],
    "sequencecorrelation": [
      1,
      17,
      26,
      27,
      36,
      40
    ],
    "statistical": [
      2,
      4,
      8,
      15,
      37,
      45
    ],
    "timeseries": [
      1,
      2,
      4,
      17,
      19,
      22
    ]
  },
  "predicted_sets": [
    {
      "numbers": [
        1,
        12,
        17,
        29,
        33,
        40
      ],
      "confidence": 71.96666666666667
    },
    {
      "numbers": [
        1,
        4,
        17,
        22,
        33,
        40
      ],
      "confidence": 71.96666666666667
    },
    {
      "numbers": [
        1,
        2,
        19,
        25,
        33,
        40
      ],
      "confidence": 71.3
    },
    {
      "numbers": [
        1,
        12,
        25,
        26,
        33,
        40
      ],
      "confidence": 71.3
    },
    {
      "numbers": [
        1,
        17,
        22,
        25,
        39,
        40
      ],
      "confidence": 71.3
    },
    {
      "numbers": [
        1,
        15,
        22,
        25,
        33,
        40
      ],
      "confidence": 71.09166666666667
    },
    {
      "numbers": [
        1,
        17,
        25,
        31,
        32,
        40
      ],
      "confidence": 71.09166666666667
    },
    {
      "numbers": [
        2,
        5,
        17,
        29,
        33,
        40
      ],
      "confidence": 70.63333333333333
    },
    {
      "numbers": [
        1,
        2,
        15,
        29,
        37,
        40
      ],
      "confidence": 70.63333333333333
    },
    {
      "numbers": [
        1,
        4,
        22,
        25,
        29,
        33
      ],
      "confidence": 70.6
    },
    {
      "numbers": [
        1,
        12,
        17,
        27,
        33,
        40
      ],
      "confidence": 70.42500000000001
    },
    {
      "numbers": [
        1,
        4,
        17,
        31,
        33,
        40
      ],
      "confidence": 70.39166666666667
    },
    {
      "numbers": [
        2,
        5,
        17,
        26,
        33,
        40
      ],
      "confidence": 69.96666666666667
    },
    {
      "numbers": [
        5,
        12,
        27,
        31,
        33,
        40
      ],
      "confidence": 69.96666666666667
    },
    {
      "numbers": [
        1,
        2,
        19,
        26,
        27,
        40
      ],
      "confidence": 69.96666666666667
    },
    {
      "numbers": [
        4,
        5,
        22,
        31,
        33,
        40
      ],
      "confidence": 69.93333333333334
    },
    {
      "numbers": [
        4,
        25,
        27,
        29,
        31,
        40
      ],
      "confidence": 69.93333333333334
    },
    {
      "numbers": [
        5,
        26,
        29,
        31,
        33,
        40
      ],
      "confidence": 69.93333333333334
    },
    {
      "numbers": [
        4,
        15,
        17,
        31,
        33,
        40
      ],
      "confidence": 69.93333333333334
    },
    {
      "numbers": [
        1,
        12,
        27,
        29,
        32,
        40
      ],
      "confidence": 69.75833333333334
    },
    {
      "numbers": [
        2,
        12,
        25,
        29,
        31,
        40
      ],
      "confidence": 69.75833333333334
    },
    {
      "numbers": [
        1,
        17,
        26,
        32,
        37,
        40
      ],
      "confidence": 69.75833333333334
    },
    {
      "numbers": [
        3,
        15,
        17,
        22,
        33,
        40
      ],
      "confidence": 69.75833333333334
    },
    {
      "numbers": [
        1,
        17,
        22,
        32,
        39,
        40
      ],
      "confidence": 69.75833333333334
    },
    {
      "numbers": [
        4,
        17,
        25,
        27,
        33,
        40
      ],
      "confidence": 69.75833333333334
    },
    {
      "numbers": [
        2,
        15,
        22,
        31,
        33,
        40
      ],
      "confidence": 69.75833333333334
    },
    {
      "numbers": [
        1,
        12,
        22,
        27,
        31,
        40
      ],
      "confidence": 69.55
    },
    {
      "numbers": [
        1,
        2,
        22,
        25,
        31,
        40
      ],
      "confidence": 69.51666666666667
    },
    {
      "numbers": [
        1,
        2,
        19,
        26,
        33,
        37
      ],
      "confidence": 69.3
    },
    {
      "numbers": [
        4,
        25,
        29,
        31,
        32,
        33
      ],
      "confidence": 69.26666666666668
    },
    {
      "numbers": [
        3,
        5,
        12,
        17,
        31,
        40
      ],
      "confidence": 69.26666666666668
    },
    {
      "numbers": [
        1,
        12,
        15,
        33,
        39,
        40
      ],
      "confidence": 69.26666666666668
    },
    {
      "numbers": [
        5,
        22,
        26,
        27,
        29,
        40
      ],
      "confidence": 69.26666666666668
    },
    {
      "numbers": [
        3,
        12,
        19,
        25,
        29,
        40
      ],
      "confidence": 69.09166666666667
    },
    {
      "numbers": [
        5,
        12,
        19,
        22,
        31,
        40
      ],
      "confidence": 69.09166666666667
    },
    {
      "numbers": [
        5,
        12,
        22,
        27,
        29,
        40
      ],
      "confidence": 69.09166666666667
    },
    {
      "numbers": [
        1,
        5,
        22,
        27,
        37,
        40
      ],
      "confidence": 69.05833333333334
    },
    {
      "numbers": [
        1,
        2,
        19,
        31,
        37,
        40
      ],
      "confidence": 69.05833333333334
    },
    {
      "numbers": [
        2,
        22,
        26,
        31,
        33,
        40
      ],