{
  "latest_round": 41,
  "next_round": 42,
  "hot_cold": {
    "hot": [
      [
        37,
        13
      ],
      [
        40,
        12
      ],
      [
        25,
        10
      ],
      [
        7,
        9
      ],
      [
        26,
        8
      ],
      [
        42,
        8
      ],
      [
        43,
        8
      ],
      [
        4,
        7
      ],
      [
        6,
        7
      ],
      [
        9,
        7
      ]
    ],
    "cold": [
      [
        45,
        1
      ],
      [
        15,
        2
      ],
      [
        22,
        2
      ],
      [
        24,
        2
      ],
      [
        10,
        3
      ],
      [
        11,
        3
      ],
      [
        12,
        3
      ],
      [
        28,
        3
      ],
      [
        29,
        3
      ],
      [
        34,
        3
      ]
    ],
    "overdue": [
      [
        12,
        5.714285714285714
      ],
      [
        5,
        5.142857142857142
      ],
      [
        31,
        4.444444444444445
      ],
      [
        39,
        2.857142857142857
      ],
      [
        24,
        2.272727272727273
      ],
      [
        4,
        2.0
      ],
      [
        40,
        1.5714285714285716
      ],
      [
        36,
        1.5714285714285714
      ],
      [
        42,
        1.53125
      ],
      [
        8,
        1.5
      ]
    ]
  },
  "engine_predictions": {
    "advancedpattern": [
      13,
      18,
      20,
      23,
      35,
      43
    ],
    "gap": [
      2,
      8,
      14,
      20,
      26,
      32
    ],
    "graph": [
      7,
      25,
      26,
      37,
      40,
      43
    ],
    "lstm": [
      7,
      13,
      26,
      35,
      37,
      43
    ],
    "numerology": [
      16,
      17,
      22,
      23,
      25,
      31
    ],
    "pattern": [
      7,
      17,
      27,
      33,
      37,
      43
    ],
    "sequencecorrelation": [
      6,
      12,
      18,
      23,
      25,
      43
    ],
    "statistical": [
      4,
      5,
      31,
      37,
      39,
      40
    ],
    "timeseries": [
      4,
      15,
      22,
      37,
      44,
      45
    ]
  },
  "predicted_sets": [
    {
      "numbers": [
        4,
        18,
        20,
        25,
        37,
        43
      ],
      "confidence": 74.07407407407408
    },
    {
      "numbers": [
        4,
        23,
        26,
        35,
        37,
        43
      ],
      "confidence": 73.23981481481482
    },
    {
      "numbers": [
        4,
        20,
        23,
        35,
        37,
        43
      ],
      "confidence": 73.19907407407408
    },
    {
      "numbers": [
        4,
        17,
        18,
        26,
        37,
        43
      ],
      "confidence": 73.19907407407408
    },
    {
      "numbers": [
        4,
        7,
        18,
        22,
        37,
        43
      ],
      "confidence": 73.19907407407408
    },
    {
      "numbers": [
        4,
        5,
        20,
        22,
        37,
        43
      ],
      "confidence": 72.5925925925926
    },
    {
      "numbers": [
        5,
        13,
        26,
        37,
        40,
        43
      ],
      "confidence": 72.45833333333333
    },
    {
      "numbers": [
        4,
        7,
        23,
        25,
        26,
        43
      ],
      "confidence": 71.79907407407407
    },
    {
      "numbers": [
        4,
        7,
        23,
        26,
        35,
        43
      ],
      "confidence": 71.75833333333333
    },
    {
      "numbers": [
        7,
        12,
        18,
        35,
        37,
        43
      ],
      "confidence": 71.75833333333333
    },
    {
      "numbers": [
        7,
        20,
        22,
        25,
        35,
        43
      ],
      "confidence": 71.7175925925926
    },
    {
      "numbers": [
        7,
        13,
        18,
        20,
        37,
        43
      ],
      "confidence": 71.62407407407407
    },
    {
      "numbers": [
        6,
        7,
        22,
        23,
        37,
        43
      ],
      "confidence": 71.62407407407407
    },
    {
      "numbers": [
        6,
        13,
        18,
        23,
        37,
        43
      ],
      "confidence": 71.58333333333333
    },
    {
      "numbers": [
        18,
        20,
        22,
        23,
        26,
        37
      ],
      "confidence": 71.1925925925926
    },
    {
      "numbers": [
        4,
        12,
        26,
        35,
        40,
        43
      ],
      "confidence": 71.11111111111111
    },
    {
      "numbers": [
        5,
        6,
        26,
        37,
        40,
        43
      ],
      "confidence": 71.01759259259259
    },
    {
      "numbers": [
        4,
        7,
        20,
        22,
        23,
        37
      ],
      "confidence": 71.01759259259259
    },
    {
      "numbers": [
        4,
        23,
        25,
        31,
        40,
        43
      ],
      "confidence": 71.01759259259259
    },
    {
      "numbers": [
        7,
        18,
        23,
        35,
        37,
        40
      ],
      "confidence": 71.01759259259259
    },
    {
      "numbers": [
        18,
        22,
        23,
        26,
        40,
        43
      ],
      "confidence": 71.01759259259259
    },
    {
      "numbers": [
        6,
        18,
        23,
        25,
        40,
        43
      ],
      "confidence": 70.97685185185185
    },
    {
      "numbers": [
        7,
        20,
        23,
        25,
        37,
        40
      ],
      "confidence": 70.88333333333333
    },
    {
      "numbers": [
        4,
        22,
        23,
        35,
        37,
        40
      ],
      "confidence": 70.45185185185184
    },
    {
      "numbers": [
        4,
        13,
        23,
        31,
        37,
        40
      ],
      "confidence": 70.27685185185186
    },
    {
      "numbers": [
        4,
        22,
        25,
        31,
        35,
        43
      ],
      "confidence": 70.27685185185186
    },
    {
      "numbers": [
        4,
        13,
        17,
        20,
        25,
        37
      ],
      "confidence": 70.27685185185186
    },
    {
      "numbers": [
        6,
        7,
        18,
        20,
        23,
        43
      ],
      "confidence": 70.27685185185186
    },
    {
      "numbers": [
        4,
        5,
        20,
        23,
        26,
        43
      ],
      "confidence": 70.27685185185186
    },
    {
      "numbers": [
        4,
        5,
        23,
        37,
        38,
        43
      ],
      "confidence": 70.27685185185186
    },
    {
      "numbers": [
        4,
        7,
        18,
        20,
        25,
        37
      ],
      "confidence": 70.2426819378546
    },
    {
      "numbers": [
        6,
        18,
        20,
        23,
        31,
        43
      ],
      "confidence": 70.23611111111111
    },
    {
      "numbers": [
        7,
        18,
        25,
        35,
        37,
        40
      ],
      "confidence": 70.14259259259259
    },
    {
      "numbers": [
        12,
        13,
        26,
        33,
        37,
        43
      ],
      "confidence": 70.14259259259259
    },
    {
      "numbers": [
        4,
        7,
        25,
        26,
        37,
        38
      ],
      "confidence": 69.57685185185184
    },
    {
      "numbers": [
        12,
        18,
        23,
        25,
        35,
        37
      ],
      "confidence": 69.57685185185184
    },
    {
      "numbers": [
        6,
        7,
        13,
        20,
        35,
        43
      ],
      "confidence": 69.53611111111113
    },
    {
      "numbers": [
        6,
        7,
        25,
        26,
        37,
        40
      ],
      "confidence": 69.44259259259259
    },
    {
      "numbers": [
        7,
        20,
        26,
        33,
        37,
        40
      ],