{
  "latest_round": 1084,
  "next_round": 1085,
  "hot_cold": {
    "hot": [
      [
        6,
        12
      ],
      [
        22,
        11
      ],
      [
        32,
        11
      ],
      [
        45,
        11
      ],
      [
        3,
        10
      ],
      [
        35,
        10
      ],
      [
        7,
        9
      ],
      [
        14,
        9
      ],
      [
        23,
        9
      ],
      [
        33,
        9
      ]
    ],
    "cold": [
      [
        39,
        2
      ],
      [
        25,
        3
      ],
      [
        15,
        4
      ],
      [
        29,
        4
      ],
      [
        42,
        4
      ],
      [
        43,
        4
      ],
      [
        44,
        4
      ],
      [
        1,
        5
      ],
      [
        2,
        5
      ],
      [
        4,
        5
      ]
    ],
    "overdue": [
      [
        39,
        5.157692307692308
      ],
      [
        5,
        4.318446601941748
      ],
      [
        25,
        3.192999053926206
      ],
      [
        19,
        2.148356807511737
      ],
      [
        2,
        1.7227443609022557
      ]
    ]
  },
  "engine_predictions": {
    "advancedpattern": [
      8,
      12,
      13,
      29,
      33,
      42
    ],
    "gap": [
      1,
      7,
      13,
      19,
      25,
      31
    ],
    "graph": [
      3,
      17,
      18,
      27,
      37,
      40
    ],
    "lstm": [
      8,
      13,
      23,
      24,
      38,
      42
    ],
    "ml": [
      4,
      9,
      13,
      32,
      33,
      41
    ],
    "numerology": [
      17,
      22,
      23,
      24,
      25,
      31
    ],
    "pattern": [
      3,
      11,
      13,
      23,
      33,
      43
    ],
    "sequencecorrelation": [
      21,
      27,
      34,
      36,
      40,
      43
    ],
    "statistical": [
      5,
      19,
      25,
      35,
      39,
      45
    ],
    "timeseries": [
      4,
      5,
      8,
      24,
      25,
      39
    ]
  },
  "predicted_sets": [
    {
      "numbers": [
        8,
        13,
        24,
        25,
        33,
        42
      ],
      "confidence": 72.45833333333334
    },
    {
      "numbers": [
        13,
        23,
        24,
        25,
        40,
        42
      ],
      "confidence": 71.09166666666667
    },
    {
      "numbers": [
        3,
        8,
        13,
        24,
        25,
        40
      ],
      "confidence": 71.09166666666667
    },
    {
      "numbers": [
        8,
        13,
        19,
        27,
        40,
        42
      ],
      "confidence": 70.66666666666667
    },
    {
      "numbers": [
        3,
        8,
        13,
        25,
        27,
        42
      ],
      "confidence": 70.42500000000001
    },
    {
      "numbers": [
        3,
        13,
        24,
        25,
        39,
        40
      ],
      "confidence": 70.42500000000001
    },
    {
      "numbers": [
        4,
        8,
        13,
        23,
        25,
        33
      ],
      "confidence": 70.2084373094819
    },
    {
      "numbers": [
        8,
        13,
        27,
        29,
        31,
        42
      ],
      "confidence": 70.0
    },
    {
      "numbers": [
        4,
        17,
        25,
        33,
        40,
        42
      ],
      "confidence": 70.0
    },
    {
      "numbers": [
        4,
        13,
        25,
        29,
        39,
        42
      ],
      "confidence": 69.79166666666667
    },
    {
      "numbers": [
        8,
        13,
        17,
        19,
        33,
        42
      ],
      "confidence": 69.75833333333334
    },
    {
      "numbers": [
        4,
        12,
        13,
        23,
        25,
        39
      ],
      "confidence": 69.75833333333334
    },
    {
      "numbers": [
        8,
        19,
        24,
        33,
        42,
        43
      ],
      "confidence": 69.125
    },
    {
      "numbers": [
        5,
        8,
        17,
        25,
        40,
        43
      ],
      "confidence": 69.125
    },
    {
      "numbers": [
        8,
        17,
        24,
        25,
        39,
        45
      ],
      "confidence": 69.125
    },
    {
      "numbers": [
        8,
        12,
        13,
        27,
        39,
        42
      ],
      "confidence": 69.125
    },
    {
      "numbers": [
        3,
        8,
        13,
        19,
        27,
        42
      ],
      "confidence": 69.09166666666667
    },
    {
      "numbers": [
        8,
        12,
        13,
        24,
        27,
        43
      ],
      "confidence": 69.09166666666667
    },
    {
      "numbers": [
        3,
        13,
        24,
        31,
        39,
        40
      ],
      "confidence": 69.09166666666667
    },
    {
      "numbers": [
        3,
        13,
        17,
        24,
        40,
        43
      ],
      "confidence": 68.91666666666667
    },
    {
      "numbers": [
        8,
        12,
        13,
        27,
        29,
        40
      ],
      "confidence": 68.63333333333333
    },
    {
      "numbers": [
        5,
        8,
        19,
        31,
        33,
        42
      ],
      "confidence": 68.63333333333333
    },
    {
      "numbers": [
        4,
        8,
        19,
        24,
        33,
        45
      ],
      "confidence": 68.45833333333334
    },
    {
      "numbers": [
        8,
        12,
        13,
        17,
        27,
        39
      ],
      "confidence": 68.42500000000001
    },
    {
      "numbers": [
        12,
        13,
        25,
        29,
        40,
        42
      ],
      "confidence": 68.42500000000001
    },
    {
      "numbers": [
        8,
        12,
        13,
        17,
        39,
        42
      ],
      "confidence": 68.42500000000001
    },
    {
      "numbers": [
        3,
        8,
        13,
        29,
        31,
        40
      ],
      "confidence": 68.42500000000001
    },
    {
      "numbers": [
        8,
        19,
        23,
        25,
        42,
        45
      ],
      "confidence": 68.42500000000001
    },
    {
      "numbers": [
        12,
        19,
        24,
        25,
        33,
        42
      ],
      "confidence": 68.42500000000001
    },
    {
      "numbers": [
        5,
        8,
        24,
        25,
        27,
        31
      ],
      "confidence": 68.39166666666668
    },
    {
      "numbers": [
        8,
        12,
        23,
        24,
        33,
        43
      ],
      "confidence": 68.25
    },
    {
      "numbers": [
        4,
        8,
        12,
        13,
        33,
        42
      ],
      "confidence": 68.21666666666667
    },
    {
      "numbers": [
        12,
        13,
        24,
        33,
        40,
        43
      ],
      "confidence": 68.21666666666667
    },
    {
      "numbers": [
        3,
        8,
        13,
        23,
        42,
        45
      ],
      "confidence": 68.21666666666667
    },
    {
      "numbers": [
        8,
        12,
        24,
        31,
        39,
        45
      ],
      "confidence": 68.0
    },
    {
      "numbers": [
        5,
        8,
        23,
        29,
        31,
        42
      ],
      "confidence": 67.96666666666667
    },
    {
      "numbers": [
        3,
        8,
        17,
        19,
        31,
        42
      ],
      "confidence": 67.96666666666667
    },
    {
      "numbers": [
        4,
        8,
        23,
        39,
        42,
        45
      ],
      "confidence": 67.96666666666667
    },
    {
      "numbers": [
        4,
        25,
        29,
        31,
        33,
        40
      ],
      "confidence": 67.93333333333334
    },
    {
      "numbers": [
        13,
        19,
        24,
        31,
        40,
        45
      ],