{
  "latest_round": 691,
  "next_round": 692,
  "hot_cold": {
    "hot": [
      [
        7,
        11
      ],
      [
        15,
        11
      ],
      [
        38,
        11
      ],
      [
        17,
        10
      ],
      [
        27,
        10
      ],
      [
        5,
        9
      ],
      [
        24,
        9
      ],
      [
        40,
        9
      ],
      [
        43,
        9
      ],
      [
        44,
        9
      ]
    ],
    "cold": [
      [
        22,
        2
      ],
      [
        30,
        2
      ],
      [
        2,
        3
      ],
      [
        18,
        4
      ],
      [
        20,
        4
      ],
      [
        32,
        4
      ],
      [
        34,
        4
      ],
      [
        35,
        4
      ],
      [
        1,
        5
      ],
      [
        9,
        5
      ]
    ],
    "overdue": [
      [
        16,
        4.3950995405819295
      ],
      [
        2,
        3.2625189681335356
      ],
      [
        31,
        2.3815201192250375
      ],
      [
        18,
        2.2961832061068703
      ],
      [
        37,
        1.9394387001477105
      ],
      [
        14,
        1.7777777777777777
      ],
      [
        9,
        1.7708333333333335
      ],
      [
        26,
        1.7117384843982169
      ],
      [
        41,
        1.6666666666666665
      ],
      [
        3,
        1.5903614457831325
      ]
    ]
  },
  "engine_predictions": {
    "advancedpattern": [
      15,
      27,
      33,
      35,
      43,
      45
    ],
    "gap": [
      1,
      7,
      13,
      19,
      25,
      31
    ],
    "graph": [
      20,
      27,
      31,
      34,
      39,
      40
    ],
    "lstm": [
      7,
      15,
      25,
      35,
      38,
      43
    ],
    "ml": [
      11,
      17,
      19,
      26,
      31,
      33
    ],
    "numerology": [
      13,
      17,
      22,
      23,
      25,
      31
    ],
    "pattern": [
      5,
      13,
      15,
      25,
      35,
      45
    ],
    "sequencecorrelation": [
      15,
      20,
      26,
      27,
      34,
      40
    ],
    "statistical": [
      2,
      4,
      9,
      14,
      18,
      31
    ],
    "timeseries": [
      1,
      6,
      12,
      16,
      20,
      28
    ]
  },
  "predicted_sets": [
    {
      "numbers": [
        6,
        15,
        20,
        27,
        31,
        43
      ],
      "confidence": 72.0
    },
    {
      "numbers": [
        6,
        15,
        19,
        20,
        27,
        31
      ],
      "confidence": 71.3
    },
    {
      "numbers": [
        7,
        20,
        25,
        26,
        27,
        31
      ],
      "confidence": 71.09166666666667
    },
    {
      "numbers": [
        15,
        19,
        20,
        25,
        31,
        34
      ],
      "confidence": 71.05833333333334
    },
    {
      "numbers": [
        1,
        15,
        25,
        31,
        34,
        40
      ],
      "confidence": 70.21666666666667
    },
    {
      "numbers": [
        6,
        18,
        20,
        27,
        31,
        43
      ],
      "confidence": 70.0
    },
    {
      "numbers": [
        6,
        15,
        19,
        31,
        40,
        43
      ],
      "confidence": 69.96666666666667
    },
    {
      "numbers": [
        15,
        18,
        27,
        31,
        33,
        34
      ],
      "confidence": 69.93333333333334
    },
    {
      "numbers": [
        1,
        18,
        25,
        26,
        27,
        31
      ],
      "confidence": 69.75833333333334
    },
    {
      "numbers": [
        6,
        17,
        25,
        27,
        31,
        34
      ],
      "confidence": 69.75833333333334
    },
    {
      "numbers": [
        6,
        15,
        20,
        31,
        33,
        35
      ],
      "confidence": 69.725
    },
    {
      "numbers": [
        6,
        15,
        26,
        31,
        35,
        43
      ],
      "confidence": 69.58333333333334
    },
    {
      "numbers": [
        15,
        18,
        19,
        20,
        31,
        33
      ],
      "confidence": 69.23333333333333
    },
    {
      "numbers": [
        1,
        15,
        19,
        25,
        26,
        34
      ],
      "confidence": 69.09166666666667
    },
    {
      "numbers": [
        7,
        13,
        15,
        20,
        34,
        45
      ],
      "confidence": 69.09166666666667
    },
    {
      "numbers": [
        7,
        15,
        20,
        26,
        27,
        34
      ],
      "confidence": 69.09166666666667
    },
    {
      "numbers": [
        1,
        15,
        18,
        19,
        26,
        31
      ],
      "confidence": 69.09166666666667
    },
    {
      "numbers": [
        6,
        15,
        19,
        31,
        40,
        45
      ],
      "confidence": 69.09166666666667
    },
    {
      "numbers": [
        13,
        18,
        25,
        31,
        33,
        40
      ],
      "confidence": 69.05833333333334
    },
    {
      "numbers": [
        1,
        17,
        20,
        27,
        31,
        34
      ],
      "confidence": 68.88333333333333
    },
    {
      "numbers": [
        11,
        15,
        20,
        26,
        31,
        45
      ],
      "confidence": 68.88333333333333
    },
    {
      "numbers": [
        7,
        15,
        19,
        20,
        25,
        40
      ],
      "confidence": 68.88333333333333
    },
    {
      "numbers": [
        1,
        6,
        20,
        27,
        33,
        45
      ],
      "confidence": 68.66666666666666
    },
    {
      "numbers": [
        1,
        19,
        26,
        27,
        34,
        43
      ],
      "confidence": 68.66666666666666
    },
    {
      "numbers": [
        6,
        19,
        25,
        27,
        33,
        34
      ],
      "confidence": 68.63333333333333
    },
    {
      "numbers": [
        1,
        20,
        26,
        33,
        35,
        43
      ],
      "confidence": 68.45833333333334
    },
    {
      "numbers": [
        6,
        17,
        20,
        25,
        34,
        45
      ],
      "confidence": 68.45833333333334
    },
    {
      "numbers": [
        6,
        13,
        20,
        27,
        35,
        40
      ],
      "confidence": 68.42500000000001
    },
    {
      "numbers": [
        6,
        7,
        13,
        31,
        34,
        43
      ],
      "confidence": 68.42500000000001
    },
    {
      "numbers": [
        7,
        18,
        20,
        25,
        27,
        43
      ],
      "confidence": 68.42500000000001
    },
    {
      "numbers": [
        1,
        15,
        18,
        27,
        34,
        35
      ],
      "confidence": 68.42500000000001
    },
    {
      "numbers": [
        1,
        7,
        15,
        26,
        27,
        34
      ],
      "confidence": 68.42500000000001
    },
    {
      "numbers": [
        7,
        17,
        20,
        25,
        26,
        33
      ],
      "confidence": 68.42500000000001
    },
    {
      "numbers": [
        7,
        17,
        18,
        20,
        31,
        43
      ],
      "confidence": 68.42500000000001
    },
    {
      "numbers": [
        7,
        17,
        26,
        31,
        34,
        40
      ],
      "confidence": 68.42500000000001
    },
    {
      "numbers": [
        1,
        15,
        18,
        26,
        27,
        35
      ],
      "confidence": 68.42500000000001
    },
    {
      "numbers": [
        6,
        15,
        25,
        26,
        27,
        33
      ],
      "confidence": 68.21666666666667
    },
    {
      "numbers": [
        13,
        17,
        20,
        25,
        40,
        43
      ],