{
  "latest_round": 849,
  "next_round": 850,
  "hot_cold": {
    "hot": [
      [
        12,
        12
      ],
      [
        13,
        12
      ],
      [
        43,
        11
      ],
      [
        18,
        10
      ],
      [
        30,
        10
      ],
      [
        33,
        10
      ],
      [
        38,
        10
      ],
      [
        45,
        10
      ],
      [
        11,
        9
      ],
      [
        14,
        9
      ]
    ],
    "cold": [
      [
        20,
        2
      ],
      [
        22,
        2
      ],
      [
        23,
        2
      ],
      [
        27,
        2
      ],
      [
        7,
        3
      ],
      [
        37,
        3
      ],
      [
        41,
        3
      ],
      [
        2,
        4
      ],
      [
        4,
        4
      ],
      [
        6,
        4
      ]
    ],
    "overdue": [
      [
        23,
        4.801980198019802
      ],
      [
        27,
        4.0879120879120885
      ],
      [
        20,
        4.07356608478803
      ],
      [
        24,
        3.137637028014616
      ],
      [
        44,
        2.908200734394125
      ],
      [
        37,
        2.658624849215923
      ],
      [
        31,
        2.5
      ],
      [
        10,
        1.9976019184652278
      ],
      [
        6,
        1.9390243902439026
      ],
      [
        35,
        1.8933823529411764
      ]
    ]
  },
  "engine_predictions": {
    "advancedpattern": [
      5,
      13,
      17,
      29,
      34,
      39
    ],
    "gap": [
      1,
      7,
      13,
      19,
      25,
      31
    ],
    "graph": [
      8,
      12,
      14,
      34,
      37,
      40
    ],
    "lstm": [
      5,
      16,
      29,
      30,
      33,
      39
    ],
    "ml": [
      1,
      13,
      17,
      29,
      36,
      39
    ],
    "numerology": [
      17,
      22,
      23,
      24,
      25,
      31
    ],
    "pattern": [
      1,
      11,
      13,
      21,
      31,
      41
    ],
    "sequencecorrelation": [
      5,
      26,
      27,
      36,
      39,
      44
    ],
    "statistical": [
      10,
      24,
      27,
      31,
      35,
      44
    ],
    "timeseries": [
      4,
      11,
      14,
      27,
      30,
      33
    ]
  },
  "predicted_sets": [
    {
      "numbers": [
        5,
        13,
        17,
        30,
        39,
        44
      ],
      "confidence": 72.0
    },
    {
      "numbers": [
        1,
        13,
        14,
        27,
        30,
        39
      ],
      "confidence": 71.3
    },
    {
      "numbers": [
        5,
        11,
        13,
        24,
        30,
        39
      ],
      "confidence": 70.63333333333333
    },
    {
      "numbers": [
        5,
        11,
        13,
        36,
        39,
        44
      ],
      "confidence": 70.63333333333333
    },
    {
      "numbers": [
        1,
        13,
        29,
        30,
        31,
        34
      ],
      "confidence": 70.42500000000001
    },
    {
      "numbers": [
        1,
        5,
        14,
        30,
        31,
        39
      ],
      "confidence": 70.42500000000001
    },
    {
      "numbers": [
        5,
        13,
        16,
        17,
        29,
        44
      ],
      "confidence": 69.96666666666667
    },
    {
      "numbers": [
        5,
        17,
        24,
        29,
        31,
        34
      ],
      "confidence": 69.75833333333334
    },
    {
      "numbers": [
        1,
        13,
        26,
        29,
        30,
        31
      ],
      "confidence": 69.75833333333334
    },
    {
      "numbers": [
        1,
        24,
        27,
        31,
        39,
        44
      ],
      "confidence": 69.55
    },
    {
      "numbers": [
        13,
        14,
        17,
        27,
        39,
        44
      ],
      "confidence": 69.55
    },
    {
      "numbers": [
        11,
        13,
        24,
        30,
        36,
        39
      ],
      "confidence": 69.26666666666668
    },
    {
      "numbers": [
        5,
        16,
        27,
        31,
        36,
        44
      ],
      "confidence": 69.125
    },
    {
      "numbers": [
        5,
        17,
        19,
        24,
        31,
        44
      ],
      "confidence": 69.125
    },
    {
      "numbers": [
        5,
        14,
        25,
        29,
        31,
        36
      ],
      "confidence": 69.09166666666667
    },
    {
      "numbers": [
        5,
        14,
        27,
        33,
        34,
        39
      ],
      "confidence": 69.09166666666667
    },
    {
      "numbers": [
        1,
        13,
        26,
        34,
        36,
        39
      ],
      "confidence": 69.09166666666667
    },
    {
      "numbers": [
        5,
        13,
        16,
        17,
        29,
        36
      ],
      "confidence": 69.09166666666667
    },
    {
      "numbers": [
        1,
        5,
        17,
        27,
        30,
        36
      ],
      "confidence": 69.09166666666667
    },
    {
      "numbers": [
        1,
        5,
        14,
        24,
        30,
        39
      ],
      "confidence": 69.09166666666667
    },
    {
      "numbers": [
        13,
        26,
        27,
        29,
        31,
        36
      ],
      "confidence": 69.05833333333334
    },
    {
      "numbers": [
        5,
        24,
        30,
        31,
        34,
        39
      ],
      "confidence": 69.05833333333334
    },
    {
      "numbers": [
        13,
        14,
        16,
        17,
        27,
        39
      ],
      "confidence": 69.05833333333334
    },
    {
      "numbers": [
        1,
        17,
        26,
        27,
        31,
        44
      ],
      "confidence": 68.91666666666667
    },
    {
      "numbers": [
        1,
        13,
        24,
        29,
        34,
        44
      ],
      "confidence": 68.91666666666667
    },
    {
      "numbers": [
        5,
        11,
        13,
        16,
        27,
        34
      ],
      "confidence": 68.89062286718872
    },
    {
      "numbers": [
        5,
        13,
        24,
        31,
        33,
        34
      ],
      "confidence": 68.88333333333333
    },
    {
      "numbers": [
        1,
        5,
        16,
        17,
        33,
        44
      ],
      "confidence": 68.63333333333333
    },
    {
      "numbers": [
        13,
        16,
        17,
        25,
        29,
        44
      ],
      "confidence": 68.6
    },
    {
      "numbers": [
        11,
        13,
        14,
        17,
        29,
        30
      ],
      "confidence": 68.56666666666666
    },
    {
      "numbers": [
        1,
        13,
        16,
        29,
        30,
        33
      ],
      "confidence": 68.42500000000001
    },
    {
      "numbers": [
        1,
        14,
        26,
        29,
        33,
        39
      ],
      "confidence": 68.42500000000001
    },
    {
      "numbers": [
        5,
        13,
        14,
        19,
        27,
        34
      ],
      "confidence": 68.42500000000001
    },
    {
      "numbers": [
        1,
        5,
        29,
        34,
        36,
        44
      ],
      "confidence": 68.42500000000001
    },
    {
      "numbers": [
        5,
        13,
        16,
        29,
        34,
        36
      ],
      "confidence": 68.42500000000001
    },
    {
      "numbers": [
        5,
        13,
        16,
        26,
        30,
        39
      ],
      "confidence": 68.42500000000001
    },
    {
      "numbers": [
        17,
        24,
        27,
        31,
        33,
        36
      ],
      "confidence": 68.39166666666668
    },
    {
      "numbers": [
        1,
        29,
        30,
        31,
        34,
        36
      ],