{
  "latest_round": 944,
  "next_round": 945,
  "hot_cold": {
    "hot": [
      [
        38,
        11
      ],
      [
        16,
        10
      ],
      [
        22,
        10
      ],
      [
        3,
        9
      ],
      [
        18,
        9
      ],
      [
        21,
        9
      ],
      [
        36,
        9
      ],
      [
        39,
        9
      ],
      [
        44,
        9
      ],
      [
        2,
        8
      ]
    ],
    "cold": [
      [
        9,
        2
      ],
      [
        30,
        3
      ],
      [
        37,
        4
      ],
      [
        40,
        4
      ],
      [
        1,
        5
      ],
      [
        17,
        5
      ],
      [
        19,
        5
      ],
      [
        25,
        5
      ],
      [
        26,
        5
      ],
      [
        29,
        5
      ]
    ],
    "overdue": [
      [
        26,
        3.2560175054704596
      ],
      [
        5,
        3.24916573971079
      ],
      [
        34,
        3.004362050163577
      ],
      [
        21,
        1.870689655172414
      ],
      [
        37,
        1.6369495166487646
      ],
      [
        6,
        1.5294117647058825
      ],
      [
        9,
        1.5210355987055015
      ]
    ]
  },
  "engine_predictions": {
    "advancedpattern": [
      2,
      13,
      16,
      19,
      32,
      33
    ],
    "gap": [
      1,
      7,
      13,
      19,
      25,
      31
    ],
    "graph": [
      3,
      8,
      12,
      33,
      34,
      39
    ],
    "lstm": [
      4,
      10,
      12,
      13,
      16,
      45
    ],
    "ml": [
      5,
      9,
      21,
      25,
      29,
      33
    ],
    "numerology": [
      17,
      22,
      23,
      24,
      25,
      31
    ],
    "pattern": [
      3,
      11,
      13,
      23,
      33,
      43
    ],
    "sequencecorrelation": [
      13,
      21,
      27,
      31,
      34,
      39
    ],
    "statistical": [
      5,
      6,
      23,
      26,
      34,
      38
    ],
    "timeseries": [
      4,
      10,
      11,
      20,
      29,
      34
    ]
  },
  "predicted_sets": [
    {
      "numbers": [
        10,
        13,
        25,
        31,
        33,
        34
      ],
      "confidence": 72.42500000000001
    },
    {
      "numbers": [
        2,
        13,
        21,
        25,
        34,
        39
      ],
      "confidence": 70.63333333333333
    },
    {
      "numbers": [
        2,
        13,
        16,
        29,
        31,
        34
      ],
      "confidence": 70.63333333333333
    },
    {
      "numbers": [
        12,
        13,
        16,
        29,
        31,
        34
      ],
      "confidence": 70.6
    },
    {
      "numbers": [
        2,
        5,
        13,
        25,
        31,
        34
      ],
      "confidence": 70.42500000000001
    },
    {
      "numbers": [
        2,
        13,
        25,
        33,
        34,
        43
      ],
      "confidence": 70.25
    },
    {
      "numbers": [
        2,
        13,
        19,
        23,
        33,
        34
      ],
      "confidence": 70.21666666666667
    },
    {
      "numbers": [
        4,
        10,
        13,
        21,
        33,
        34
      ],
      "confidence": 70.21666666666667
    },
    {
      "numbers": [
        2,
        13,
        16,
        23,
        33,
        34
      ],
      "confidence": 70.21666666666667
    },
    {
      "numbers": [
        2,
        13,
        29,
        31,
        34,
        43
      ],
      "confidence": 69.79166666666667
    },
    {
      "numbers": [
        10,
        13,
        16,
        32,
        33,
        34
      ],
      "confidence": 69.725
    },
    {
      "numbers": [
        4,
        12,
        13,
        16,
        33,
        34
      ],
      "confidence": 69.51666666666667
    },
    {
      "numbers": [
        3,
        10,
        19,
        21,
        25,
        34
      ],
      "confidence": 69.3
    },
    {
      "numbers": [
        4,
        12,
        19,
        23,
        31,
        33
      ],
      "confidence": 69.09166666666667
    },
    {
      "numbers": [
        3,
        4,
        12,
        25,
        31,
        34
      ],
      "confidence": 69.09166666666667
    },
    {
      "numbers": [
        10,
        11,
        25,
        29,
        31,
        34
      ],
      "confidence": 69.09166666666667
    },
    {
      "numbers": [
        4,
        16,
        19,
        23,
        31,
        33
      ],
      "confidence": 69.09166666666667
    },
    {
      "numbers": [
        16,
        19,
        25,
        33,
        34,
        39
      ],
      "confidence": 69.05833333333334
    },
    {
      "numbers": [
        16,
        23,
        31,
        32,
        33,
        34
      ],
      "confidence": 69.05833333333334
    },
    {
      "numbers": [
        12,
        25,
        31,
        32,
        33,
        34
      ],
      "confidence": 69.05833333333334
    },
    {
      "numbers": [
        13,
        16,
        25,
        32,
        33,
        39
      ],
      "confidence": 69.05833333333334
    },
    {
      "numbers": [
        12,
        13,
        16,
        19,
        23,
        31
      ],
      "confidence": 69.05833333333334
    },
    {
      "numbers": [
        3,
        5,
        13,
        31,
        32,
        34
      ],
      "confidence": 69.05833333333334
    },
    {
      "numbers": [
        4,
        19,
        25,
        29,
        33,
        34
      ],
      "confidence": 68.88333333333333
    },
    {
      "numbers": [
        3,
        10,
        13,
        29,
        34,
        39
      ],
      "confidence": 68.88333333333333
    },
    {
      "numbers": [
        12,
        13,
        16,
        21,
        31,
        33
      ],
      "confidence": 68.85
    },
    {
      "numbers": [
        4,
        16,
        25,
        29,
        33,
        43
      ],
      "confidence": 68.45833333333334
    },
    {
      "numbers": [
        5,
        10,
        11,
        25,
        34,
        43
      ],
      "confidence": 68.45833333333334
    },
    {
      "numbers": [
        10,
        12,
        16,
        25,
        33,
        43
      ],
      "confidence": 68.45833333333334
    },
    {
      "numbers": [
        5,
        10,
        16,
        21,
        23,
        33
      ],
      "confidence": 68.42500000000001
    },
    {
      "numbers": [
        2,
        5,
        16,
        23,
        31,
        33
      ],
      "confidence": 68.42500000000001
    },
    {
      "numbers": [
        4,
        16,
        21,
        25,
        34,
        39
      ],
      "confidence": 68.42500000000001
    },
    {
      "numbers": [
        12,
        13,
        16,
        21,
        23,
        39
      ],
      "confidence": 68.39166666666668
    },
    {
      "numbers": [
        2,
        29,
        31,
        33,
        34,
        39
      ],
      "confidence": 68.39166666666668
    },
    {
      "numbers": [
        2,
        21,
        31,
        33,
        34,
        39
      ],
      "confidence": 68.39166666666668
    },
    {
      "numbers": [
        4,
        10,
        12,
        19,
        33,
        34
      ],
      "confidence": 68.39166666666668
    },
    {
      "numbers": [
        4,
        11,
        19,
        25,
        31,
        34
      ],
      "confidence": 68.21666666666667
    },
    {
      "numbers": [
        4,
        13,
        16,
        23,
        29,
        39
      ],
      "confidence": 68.21666666666667
    },
    {
      "numbers": [
        4,
        19,
        23,
        25,
        34,
        39
      ],