{
  "latest_round": 662,
  "next_round": 663,
  "hot_cold": {
    "hot": [
      [
        16,
        12
      ],
      [
        7,
        11
      ],
      [
        21,
        10
      ],
      [
        31,
        10
      ],
      [
        39,
        10
      ],
      [
        40,
        10
      ],
      [
        15,
        9
      ],
      [
        19,
        9
      ],
      [
        44,
        9
      ],
      [
        11,
        8
      ]
    ],
    "cold": [
      [
        10,
        3
      ],
      [
        29,
        3
      ],
      [
        34,
        3
      ],
      [
        14,
        4
      ],
      [
        30,
        4
      ],
      [
        35,
        4
      ],
      [
        36,
        4
      ],
      [
        1,
        5
      ],
      [
        17,
        5
      ],
      [
        20,
        5
      ]
    ],
    "overdue": [
      [
        34,
        3.8476190476190473
      ],
      [
        35,
        2.9356913183279745
      ],
      [
        17,
        2.636220472440945
      ],
      [
        1,
        2.5741324921135647
      ],
      [
        45,
        2.220820189274448
      ],
      [
        24,
        1.985981308411215
      ],
      [
        30,
        1.7962674961119751
      ],
      [
        22,
        1.5738993710691822
      ]
    ]
  },
  "engine_predictions": {
    "advancedpattern": [
      5,
      9,
      11,
      15,
      20,
      37
    ],
    "gap": [
      1,
      7,
      13,
      19,
      25,
      31
    ],
    "graph": [
      7,
      14,
      20,
      27,
      37,
      40
    ],
    "lstm": [
      7,
      9,
      19,
      27,
      38,
      39
    ],
    "ml": [
      14,
      18,
      20,
      32,
      37,
      38
    ],
    "numerology": [
      17,
      22,
      23,
      24,
      25,
      31
    ],
    "pattern": [
      5,
      13,
      15,
      25,
      35,
      45
    ],
    "sequencecorrelation": [
      11,
      20,
      27,
      34,
      38,
      45
    ],
    "statistical": [
      17,
      22,
      24,
      26,
      41,
      45
    ],
    "timeseries": [
      24,
      26,
      31,
      36,
      40,
      43
    ]
  },
  "predicted_sets": [
    {
      "numbers": [
        9,
        11,
        20,
        24,
        37,
        45
      ],
      "confidence": 71.33333333333334
    },
    {
      "numbers": [
        7,
        9,
        20,
        26,
        31,
        38
      ],
      "confidence": 70.63333333333333
    },
    {
      "numbers": [
        7,
        11,
        20,
        24,
        27,
        45
      ],
      "confidence": 70.42500000000001
    },
    {
      "numbers": [
        7,
        20,
        24,
        26,
        27,
        38
      ],
      "confidence": 70.42500000000001
    },
    {
      "numbers": [
        7,
        20,
        22,
        25,
        37,
        45
      ],
      "confidence": 70.25
    },
    {
      "numbers": [
        7,
        13,
        24,
        26,
        40,
        45
      ],
      "confidence": 70.0
    },
    {
      "numbers": [
        7,
        19,
        24,
        25,
        38,
        40
      ],
      "confidence": 69.96666666666667
    },
    {
      "numbers": [
        7,
        13,
        19,
        20,
        22,
        31
      ],
      "confidence": 69.96666666666667
    },
    {
      "numbers": [
        7,
        11,
        24,
        37,
        40,
        45
      ],
      "confidence": 69.79166666666667
    },
    {
      "numbers": [
        5,
        19,
        24,
        37,
        38,
        45
      ],
      "confidence": 69.79166666666667
    },
    {
      "numbers": [
        9,
        19,
        20,
        24,
        37,
        38
      ],
      "confidence": 69.75833333333334
    },
    {
      "numbers": [
        5,
        13,
        20,
        24,
        27,
        45
      ],
      "confidence": 69.75833333333334
    },
    {
      "numbers": [
        7,
        9,
        15,
        20,
        24,
        37
      ],
      "confidence": 69.75833333333334
    },
    {
      "numbers": [
        7,
        13,
        17,
        20,
        24,
        38
      ],
      "confidence": 69.75833333333334
    },
    {
      "numbers": [
        7,
        11,
        14,
        20,
        25,
        37
      ],
      "confidence": 69.75833333333334
    },
    {
      "numbers": [
        15,
        20,
        24,
        27,
        37,
        38
      ],
      "confidence": 69.725
    },
    {
      "numbers": [
        7,
        9,
        22,
        26,
        38,
        45
      ],
      "confidence": 69.3
    },
    {
      "numbers": [
        9,
        17,
        20,
        22,
        26,
        45
      ],
      "confidence": 69.3
    },
    {
      "numbers": [
        5,
        13,
        22,
        24,
        31,
        38
      ],
      "confidence": 69.3
    },
    {
      "numbers": [
        5,
        11,
        22,
        37,
        38,
        45
      ],
      "confidence": 69.125
    },
    {
      "numbers": [
        11,
        13,
        20,
        26,
        31,
        45
      ],
      "confidence": 69.09166666666667
    },
    {
      "numbers": [
        9,
        11,
        19,
        20,
        38,
        45
      ],
      "confidence": 69.09166666666667
    },
    {
      "numbers": [
        9,
        22,
        24,
        25,
        38,
        45
      ],
      "confidence": 69.09166666666667
    },
    {
      "numbers": [
        9,
        19,
        20,
        22,
        31,
        38
      ],
      "confidence": 69.09166666666667
    },
    {
      "numbers": [
        11,
        20,
        25,
        26,
        31,
        38
      ],
      "confidence": 69.05833333333334
    },
    {
      "numbers": [
        5,
        9,
        17,
        22,
        24,
        38
      ],
      "confidence": 68.63333333333333
    },
    {
      "numbers": [
        5,
        11,
        14,
        19,
        27,
        38
      ],
      "confidence": 68.63333333333333
    },
    {
      "numbers": [
        9,
        15,
        22,
        31,
        38,
        40
      ],
      "confidence": 68.63333333333333
    },
    {
      "numbers": [
        5,
        22,
        24,
        37,
        38,
        40
      ],
      "confidence": 68.6
    },
    {
      "numbers": [
        13,
        19,
        22,
        27,
        31,
        38
      ],
      "confidence": 68.6
    },
    {
      "numbers": [
        11,
        19,
        20,
        22,
        26,
        37
      ],
      "confidence": 68.6
    },
    {
      "numbers": [
        9,
        14,
        15,
        22,
        37,
        45
      ],
      "confidence": 68.45833333333334
    },
    {
      "numbers": [
        9,
        11,
        15,
        24,
        40,
        45
      ],
      "confidence": 68.45833333333334
    },
    {
      "numbers": [
        9,
        11,
        14,
        20,
        25,
        40
      ],
      "confidence": 68.42500000000001
    },
    {
      "numbers": [
        5,
        11,
        20,
        24,
        26,
        40
      ],
      "confidence": 68.42500000000001
    },
    {
      "numbers": [
        9,
        19,
        22,
        27,
        31,
        38
      ],
      "confidence": 68.42500000000001
    },
    {
      "numbers": [
        7,
        9,
        13,
        14,
        27,
        38
      ],
      "confidence": 68.42500000000001
    },
    {
      "numbers": [
        7,
        11,
        15,
        24,
        31,
        40
      ],
      "confidence": 68.42500000000001
    },
    {
      "numbers": [
        5,
        9,
        14,
        24,
        31,
        38
      ],