{
  "latest_round": 323,
  "next_round": 324,
  "hot_cold": {
    "hot": [
      [
        45,
        13
      ],
      [
        18,
        11
      ],
      [
        38,
        11
      ],
      [
        15,
        10
      ],
      [
        37,
        10
      ],
      [
        41,
        10
      ],
      [
        1,
        9
      ],
      [
        10,
        9
      ],
      [
        17,
        9
      ],
      [
        19,
        9
      ]
    ],
    "cold": [
      [
        44,
        1
      ],
      [
        22,
        2
      ],
      [
        26,
        3
      ],
      [
        16,
        4
      ],
      [
        24,
        4
      ],
      [
        29,
        4
      ],
      [
        40,
        4
      ],
      [
        9,
        5
      ],
      [
        23,
        5
      ],
      [
        25,
        5
      ]
    ],
    "overdue": [
      [
        44,
        4.9601449275362315
      ],
      [
        40,
        4.040404040404041
      ],
      [
        37,
        2.7361563517915313
      ],
      [
        7,
        2.63265306122449
      ],
      [
        26,
        2.5503355704697985
      ],
      [
        30,
        2.1390728476821192
      ],
      [
        4,
        1.8675496688741722
      ],
      [
        24,
        1.5686274509803921
      ]
    ]
  },
  "engine_predictions": {
    "advancedpattern": [
      10,
      14,
      15,
      32,
      36,
      42
    ],
    "gap": [
      1,
      7,
      13,
      19,
      25,
      31
    ],
    "graph": [
      3,
      17,
      19,
      34,
      37,
      45
    ],
    "lstm": [
      10,
      18,
      19,
      32,
      34,
      45
    ],
    "ml": [
      2,
      11,
      23,
      27,
      36,
      45
    ],
    "numerology": [
      17,
      22,
      23,
      24,
      25,
      31
    ],
    "pattern": [
      5,
      15,
      25,
      31,
      35,
      45
    ],
    "sequencecorrelation": [
      3,
      6,
      12,
      16,
      18,
      40
    ],
    "statistical": [
      4,
      7,
      26,
      30,
      37,
      40
    ],
    "timeseries": [
      11,
      19,
      22,
      26,
      34,
      44
    ]
  },
  "predicted_sets": [
    {
      "numbers": [
        17,
        19,
        26,
        31,
        32,
        45
      ],
      "confidence": 70.63333333333333
    },
    {
      "numbers": [
        10,
        19,
        25,
        32,
        36,
        45
      ],
      "confidence": 70.45833333333334
    },
    {
      "numbers": [
        10,
        18,
        25,
        31,
        34,
        45
      ],
      "confidence": 70.45833333333334
    },
    {
      "numbers": [
        10,
        14,
        19,
        31,
        32,
        45
      ],
      "confidence": 69.96666666666667
    },
    {
      "numbers": [
        11,
        17,
        19,
        34,
        40,
        45
      ],
      "confidence": 69.93333333333334
    },
    {
      "numbers": [
        18,
        19,
        23,
        25,
        32,
        45
      ],
      "confidence": 69.75833333333334
    },
    {
      "numbers": [
        14,
        19,
        25,
        31,
        32,
        45
      ],
      "confidence": 69.75833333333334
    },
    {
      "numbers": [
        7,
        10,
        19,
        31,
        40,
        45
      ],
      "confidence": 69.75833333333334
    },
    {
      "numbers": [
        10,
        17,
        23,
        31,
        42,
        45
      ],
      "confidence": 69.33333333333334
    },
    {
      "numbers": [
        7,
        10,
        19,
        23,
        34,
        36
      ],
      "confidence": 69.3
    },
    {
      "numbers": [
        10,
        18,
        19,
        23,
        25,
        36
      ],
      "confidence": 69.3
    },
    {
      "numbers": [
        14,
        17,
        19,
        23,
        36,
        45
      ],
      "confidence": 69.3
    },
    {
      "numbers": [
        3,
        18,
        19,
        25,
        32,
        36
      ],
      "confidence": 69.3
    },
    {
      "numbers": [
        3,
        10,
        11,
        25,
        36,
        45
      ],
      "confidence": 69.125
    },
    {
      "numbers": [
        7,
        11,
        31,
        32,
        34,
        45
      ],
      "confidence": 69.09166666666667
    },
    {
      "numbers": [
        3,
        15,
        19,
        32,
        40,
        45
      ],
      "confidence": 69.09166666666667
    },
    {
      "numbers": [
        7,
        19,
        31,
        32,
        40,
        45
      ],
      "confidence": 68.85845454407337
    },
    {
      "numbers": [
        10,
        18,
        23,
        25,
        34,
        42
      ],
      "confidence": 68.66666666666666
    },
    {
      "numbers": [
        10,
        17,
        18,
        19,
        31,
        42
      ],
      "confidence": 68.63333333333333
    },
    {
      "numbers": [
        7,
        11,
        25,
        32,
        34,
        36
      ],
      "confidence": 68.63333333333333
    },
    {
      "numbers": [
        10,
        15,
        17,
        23,
        31,
        34
      ],
      "confidence": 68.63333333333333
    },
    {
      "numbers": [
        7,
        15,
        18,
        19,
        26,
        32
      ],
      "confidence": 68.63333333333333
    },
    {
      "numbers": [
        7,
        10,
        11,
        19,
        32,
        34
      ],
      "confidence": 68.6
    },
    {
      "numbers": [
        14,
        18,
        19,
        36,
        37,
        45
      ],
      "confidence": 68.6
    },
    {
      "numbers": [
        11,
        19,
        25,
        32,
        36,
        40
      ],
      "confidence": 68.6
    },
    {
      "numbers": [
        18,
        19,
        25,
        34,
        36,
        40
      ],
      "confidence": 68.49178787740672
    },
    {
      "numbers": [
        10,
        17,
        19,
        25,
        40,
        42
      ],
      "confidence": 68.45833333333334
    },
    {
      "numbers": [
        10,
        14,
        19,
        25,
        34,
        36
      ],
      "confidence": 68.42500000000001
    },
    {
      "numbers": [
        3,
        7,
        10,
        25,
        32,
        45
      ],
      "confidence": 68.42500000000001
    },
    {
      "numbers": [
        10,
        19,
        23,
        25,
        26,
        36
      ],
      "confidence": 68.42500000000001
    },
    {
      "numbers": [
        7,
        10,
        23,
        25,
        36,
        45
      ],
      "confidence": 68.42500000000001
    },
    {
      "numbers": [
        10,
        11,
        14,
        19,
        25,
        31
      ],
      "confidence": 68.42500000000001
    },
    {
      "numbers": [
        7,
        17,
        19,
        25,
        32,
        40
      ],
      "confidence": 68.42500000000001
    },
    {
      "numbers": [
        7,
        10,
        31,
        34,
        40,
        45
      ],
      "confidence": 68.39166666666668
    },
    {
      "numbers": [
        15,
        17,
        18,
        19,
        40,
        45
      ],
      "confidence": 68.39166666666668
    },
    {
      "numbers": [
        10,
        17,
        18,
        26,
        42,
        45
      ],
      "confidence": 67.96666666666667
    },
    {
      "numbers": [
        3,
        7,
        11,
        19,
        36,
        42
      ],
      "confidence": 67.96666666666667
    },
    {
      "numbers": [
        3,
        14,
        17,
        19,
        31,
        42
      ],
      "confidence": 67.96666666666667
    },
    {
      "numbers": [
        3,
        17,
        18,
        40,
        42,
        45
      ],