{
  "latest_round": 1183,
  "next_round": 1184,
  "hot_cold": {
    "hot": [
      [
        7,
        11
      ],
      [
        3,
        10
      ],
      [
        27,
        10
      ],
      [
        9,
        9
      ],
      [
        12,
        9
      ],
      [
        15,
        9
      ],
      [
        21,
        9
      ],
      [
        37,
        9
      ],
      [
        38,
        9
      ],
      [
        6,
        8
      ]
    ],
    "cold": [
      [
        1,
        4
      ],
      [
        14,
        4
      ],
      [
        22,
        4
      ],
      [
        23,
        4
      ],
      [
        41,
        4
      ],
      [
        43,
        4
      ],
      [
        2,
        5
      ],
      [
        4,
        5
      ],
      [
        5,
        5
      ],
      [
        10,
        5
      ]
    ],
    "overdue": [
      [
        45,
        2.6071118820468344
      ],
      [
        2,
        2.5605536332179932
      ],
      [
        22,
        2.503916449086162
      ],
      [
        29,
        2.130472103004292
      ],
      [
        34,
        2.0025817555938037
      ],
      [
        26,
        1.88993981083405
      ],
      [
        38,
        1.8089887640449438
      ]
    ]
  },
  "engine_predictions": {
    "advancedpattern": [
      4,
      15,
      17,
      23,
      27,
      36
    ],
    "gap": [
      1,
      7,
      13,
      19,
      25,
      31
    ],
    "graph": [
      6,
      12,
      13,
      14,
      33,
      34
    ],
    "lstm": [
      3,
      6,
      8,
      15,
      27,
      41
    ],
    "ml": [
      3,
      24,
      28,
      34,
      37,
      44
    ],
    "numerology": [
      17,
      22,
      23,
      24,
      25,
      31
    ],
    "pattern": [
      3,
      11,
      13,
      23,
      33,
      43
    ],
    "sequencecorrelation": [
      4,
      6,
      11,
      31,
      40,
      44
    ],
    "statistical": [
      22,
      29,
      34,
      38,
      39,
      45
    ],
    "timeseries": [
      3,
      7,
      39,
      42,
      43,
      45
    ]
  },
  "predicted_sets": [
    {
      "numbers": [
        6,
        15,
        17,
        23,
        31,
        44
      ],
      "confidence": 70.0
    },
    {
      "numbers": [
        3,
        6,
        11,
        17,
        34,
        45
      ],
      "confidence": 69.96666666666667
    },
    {
      "numbers": [
        6,
        15,
        23,
        27,
        31,
        34
      ],
      "confidence": 69.96666666666667
    },
    {
      "numbers": [
        3,
        6,
        15,
        22,
        31,
        39
      ],
      "confidence": 69.96666666666667
    },
    {
      "numbers": [
        6,
        13,
        17,
        23,
        31,
        44
      ],
      "confidence": 69.79166666666667
    },
    {
      "numbers": [
        6,
        15,
        17,
        24,
        31,
        43
      ],
      "confidence": 69.33333333333334
    },
    {
      "numbers": [
        6,
        22,
        23,
        27,
        31,
        45
      ],
      "confidence": 69.3
    },
    {
      "numbers": [
        4,
        6,
        13,
        22,
        31,
        39
      ],
      "confidence": 69.3
    },
    {
      "numbers": [
        3,
        6,
        15,
        17,
        34,
        44
      ],
      "confidence": 69.09166666666667
    },
    {
      "numbers": [
        6,
        13,
        15,
        23,
        34,
        39
      ],
      "confidence": 69.09166666666667
    },
    {
      "numbers": [
        6,
        13,
        15,
        23,
        34,
        45
      ],
      "confidence": 68.91666666666667
    },
    {
      "numbers": [
        3,
        15,
        27,
        34,
        36,
        39
      ],
      "confidence": 68.63333333333333
    },
    {
      "numbers": [
        3,
        15,
        17,
        31,
        36,
        44
      ],
      "confidence": 68.63333333333333
    },
    {
      "numbers": [
        6,
        15,
        17,
        23,
        24,
        39
      ],
      "confidence": 68.63333333333333
    },
    {
      "numbers": [
        3,
        4,
        22,
        27,
        39,
        45
      ],
      "confidence": 68.63333333333333
    },
    {
      "numbers": [
        7,
        11,
        13,
        25,
        34,
        44
      ],
      "confidence": 68.45833333333334
    },
    {
      "numbers": [
        3,
        15,
        22,
        24,
        39,
        44
      ],
      "confidence": 68.45833333333334
    },
    {
      "numbers": [
        3,
        4,
        6,
        24,
        39,
        45
      ],
      "confidence": 68.42500000000001
    },
    {
      "numbers": [
        3,
        7,
        11,
        23,
        34,
        36
      ],
      "confidence": 68.42500000000001
    },
    {
      "numbers": [
        3,
        7,
        13,
        31,
        34,
        36
      ],
      "confidence": 68.39166666666668
    },
    {
      "numbers": [
        6,
        15,
        24,
        31,
        34,
        45
      ],
      "confidence": 68.25
    },
    {
      "numbers": [
        3,
        11,
        22,
        24,
        34,
        44
      ],
      "confidence": 68.25
    },
    {
      "numbers": [
        4,
        13,
        22,
        31,
        34,
        44
      ],
      "confidence": 68.25
    },
    {
      "numbers": [
        7,
        11,
        22,
        39,
        43,
        44
      ],
      "confidence": 68.0
    },
    {
      "numbers": [
        15,
        17,
        22,
        31,
        39,
        44
      ],
      "confidence": 67.96666666666667
    },
    {
      "numbers": [
        3,
        7,
        24,
        36,
        39,
        45
      ],
      "confidence": 67.96666666666667
    },
    {
      "numbers": [
        4,
        13,
        17,
        22,
        25,
        39
      ],
      "confidence": 67.96666666666667
    },
    {
      "numbers": [
        6,
        11,
        15,
        17,
        34,
        39
      ],
      "confidence": 67.93333333333334
    },
    {
      "numbers": [
        3,
        4,
        7,
        31,
        36,
        45
      ],
      "confidence": 67.93333333333334
    },
    {
      "numbers": [
        6,
        15,
        22,
        24,
        39,
        45
      ],
      "confidence": 67.79166666666666
    },
    {
      "numbers": [
        6,
        17,
        24,
        25,
        39,
        44
      ],
      "confidence": 67.79166666666666
    },
    {
      "numbers": [
        6,
        7,
        17,
        22,
        39,
        44
      ],
      "confidence": 67.79166666666666
    },
    {
      "numbers": [
        3,
        15,
        17,
        24,
        36,
        44
      ],
      "confidence": 67.79166666666666
    },
    {
      "numbers": [
        6,
        7,
        17,
        31,
        39,
        44
      ],
      "confidence": 67.75833333333334
    },
    {
      "numbers": [
        4,
        6,
        13,
        22,
        27,
        43
      ],
      "confidence": 67.75833333333334
    },
    {
      "numbers": [
        6,
        7,
        24,
        25,
        31,
        45
      ],
      "confidence": 67.75833333333334
    },
    {
      "numbers": [
        6,
        23,
        25,
        31,
        34,
        36
      ],
      "confidence": 67.725
    },
    {
      "numbers": [
        11,
        13,
        22,
        23,
        27,
        34
      ],
      "confidence": 67.725
    },
    {
      "numbers": [
        13,
        15,
        22,
        23,
        34,
        39
      ],
      "confidence": 67.725
    },
    {
      "numbers": [
        4,
        15,
        27,
        31,
        34,
        45
      ],