{
  "latest_round": 1007,
  "next_round": 1008,
  "hot_cold": {
    "hot": [
      [
        2,
        11
      ],
      [
        37,
        11
      ],
      [
        1,
        10
      ],
      [
        13,
        10
      ],
      [
        16,
        10
      ],
      [
        24,
        10
      ],
      [
        18,
        9
      ],
      [
        21,
        9
      ],
      [
        29,
        9
      ],
      [
        42,
        9
      ]
    ],
    "cold": [
      [
        5,
        2
      ],
      [
        19,
        3
      ],
      [
        40,
        3
      ],
      [
        22,
        4
      ],
      [
        30,
        4
      ],
      [
        32,
        4
      ],
      [
        12,
        5
      ],
      [
        26,
        5
      ],
      [
        27,
        5
      ],
      [
        28,
        5
      ]
    ],
    "overdue": [
      [
        40,
        5.4958677685950414
      ],
      [
        34,
        3.4002047082906857
      ],
      [
        5,
        3.359375
      ],
      [
        23,
        2.434077079107505
      ],
      [
        41,
        2.358087487283825
      ],
      [
        36,
        2.304791029561672
      ],
      [
        31,
        2.1700404858299596
      ],
      [
        26,
        1.9929006085192698
      ]
    ]
  },
  "engine_predictions": {
    "advancedpattern": [
      8,
      11,
      16,
      19,
      21,
      25
    ],
    "gap": [
      1,
      7,
      13,
      19,
      25,
      31
    ],
    "graph": [
      3,
      8,
      18,
      20,
      34,
      40
    ],
    "lstm": [
      8,
      11,
      16,
      17,
      18,
      37
    ],
    "ml": [
      8,
      10,
      15,
      20,
      34,
      45
    ],
    "numerology": [
      17,
      22,
      23,
      24,
      25,
      31
    ],
    "pattern": [
      3,
      11,
      13,
      23,
      33,
      43
    ],
    "sequencecorrelation": [
      4,
      21,
      27,
      34,
      37,
      40
    ],
    "statistical": [
      23,
      26,
      31,
      34,
      36,
      41
    ],
    "timeseries": [
      14,
      20,
      26,
      31,
      42,
      45
    ]
  },
  "predicted_sets": [
    {
      "numbers": [
        8,
        11,
        23,
        25,
        31,
        34
      ],
      "confidence": 72.42500000000001
    },
    {
      "numbers": [
        8,
        11,
        19,
        23,
        25,
        34
      ],
      "confidence": 71.96666666666667
    },
    {
      "numbers": [
        8,
        19,
        23,
        25,
        26,
        34
      ],
      "confidence": 71.3
    },
    {
      "numbers": [
        8,
        11,
        16,
        25,
        34,
        45
      ],
      "confidence": 71.125
    },
    {
      "numbers": [
        8,
        18,
        25,
        31,
        34,
        37
      ],
      "confidence": 71.09166666666667
    },
    {
      "numbers": [
        8,
        11,
        17,
        26,
        31,
        34
      ],
      "confidence": 71.09166666666667
    },
    {
      "numbers": [
        3,
        8,
        11,
        16,
        34,
        45
      ],
      "confidence": 70.63333333333333
    },
    {
      "numbers": [
        8,
        11,
        16,
        18,
        23,
        34
      ],
      "confidence": 70.42500000000001
    },
    {
      "numbers": [
        3,
        8,
        20,
        21,
        23,
        34
      ],
      "confidence": 70.42500000000001
    },
    {
      "numbers": [
        8,
        11,
        15,
        25,
        31,
        34
      ],
      "confidence": 70.21666666666667
    },
    {
      "numbers": [
        8,
        13,
        20,
        26,
        37,
        45
      ],
      "confidence": 70.0
    },
    {
      "numbers": [
        8,
        19,
        25,
        26,
        27,
        34
      ],
      "confidence": 69.96666666666667
    },
    {
      "numbers": [
        8,
        11,
        16,
        27,
        34,
        40
      ],
      "confidence": 69.96666666666667
    },
    {
      "numbers": [
        8,
        11,
        19,
        27,
        34,
        40
      ],
      "confidence": 69.96666666666667
    },
    {
      "numbers": [
        3,
        17,
        19,
        20,
        25,
        34
      ],
      "confidence": 69.96666666666667
    },
    {
      "numbers": [
        18,
        20,
        23,
        25,
        31,
        37
      ],
      "confidence": 69.93333333333334
    },
    {
      "numbers": [
        8,
        13,
        18,
        26,
        34,
        45
      ],
      "confidence": 69.79166666666667
    },
    {
      "numbers": [
        3,
        16,
        26,
        31,
        34,
        45
      ],
      "confidence": 69.79166666666667
    },
    {
      "numbers": [
        8,
        11,
        21,
        25,
        27,
        34
      ],
      "confidence": 69.75833333333334
    },
    {
      "numbers": [
        8,
        13,
        16,
        23,
        34,
        37
      ],
      "confidence": 69.75833333333334
    },
    {
      "numbers": [
        8,
        16,
        20,
        21,
        31,
        37
      ],
      "confidence": 69.75833333333334
    },
    {
      "numbers": [
        8,
        17,
        19,
        31,
        34,
        37
      ],
      "confidence": 69.725
    },
    {
      "numbers": [
        8,
        11,
        13,
        20,
        23,
        31
      ],
      "confidence": 69.61453439412333
    },
    {
      "numbers": [
        8,
        20,
        21,
        23,
        31,
        40
      ],
      "confidence": 69.55
    },
    {
      "numbers": [
        3,
        8,
        21,
        23,
        31,
        34
      ],
      "confidence": 69.51666666666667
    },
    {
      "numbers": [
        8,
        11,
        16,
        20,
        21,
        31
      ],
      "confidence": 69.44786772745667
    },
    {
      "numbers": [
        3,
        19,
        26,
        34,
        40,
        45
      ],
      "confidence": 69.33333333333334
    },
    {
      "numbers": [
        3,
        19,
        21,
        26,
        34,
        45
      ],
      "confidence": 69.33333333333334
    },
    {
      "numbers": [
        8,
        13,
        19,
        21,
        27,
        34
      ],
      "confidence": 69.3
    },
    {
      "numbers": [
        8,
        16,
        19,
        21,
        23,
        40
      ],
      "confidence": 69.3
    },
    {
      "numbers": [
        11,
        19,
        25,
        34,
        37,
        40
      ],
      "confidence": 69.26666666666668
    },
    {
      "numbers": [
        3,
        8,
        21,
        34,
        37,
        40
      ],
      "confidence": 69.26666666666668
    },
    {
      "numbers": [
        8,
        11,
        13,
        19,
        21,
        34
      ],
      "confidence": 69.15620106079001
    },
    {
      "numbers": [
        8,
        15,
        20,
        27,
        31,
        45
      ],
      "confidence": 69.125
    },
    {
      "numbers": [
        8,
        18,
        20,
        21,
        27,
        34
      ],
      "confidence": 69.09166666666667
    },
    {
      "numbers": [
        3,
        8,
        13,
        26,
        34,
        37
      ],
      "confidence": 69.09166666666667
    },
    {
      "numbers": [
        8,
        13,
        20,
        21,
        23,
        45
      ],
      "confidence": 69.09166666666667
    },
    {
      "numbers": [
        18,
        19,
        23,
        25,
        34,
        45
      ],
      "confidence": 69.09166666666667
    },
    {
      "numbers": [
        3,
        20,
        21,
        23,
        26,
        34
      ],