{
  "latest_round": 225,
  "next_round": 226,
  "hot_cold": {
    "hot": [
      [
        20,
        14
      ],
      [
        14,
        12
      ],
      [
        37,
        11
      ],
      [
        1,
        10
      ],
      [
        2,
        10
      ],
      [
        18,
        10
      ],
      [
        3,
        9
      ],
      [
        5,
        9
      ],
      [
        11,
        9
      ],
      [
        19,
        9
      ]
    ],
    "cold": [
      [
        9,
        1
      ],
      [
        28,
        2
      ],
      [
        22,
        3
      ],
      [
        41,
        3
      ],
      [
        42,
        3
      ],
      [
        6,
        4
      ],
      [
        10,
        4
      ],
      [
        23,
        4
      ],
      [
        38,
        4
      ],
      [
        13,
        5
      ]
    ],
    "overdue": [
      [
        9,
        4.677966101694915
      ],
      [
        6,
        3.4946236559139785
      ],
      [
        45,
        3.0625
      ],
      [
        32,
        2.107317073170732
      ],
      [
        10,
        2.0095693779904304
      ],
      [
        23,
        1.7942583732057418
      ],
      [
        25,
        1.7641509433962264
      ],
      [
        41,
        1.6310679611650485
      ],
      [
        22,
        1.598984771573604
      ],
      [
        12,
        1.5757575757575757
      ]
    ]
  },
  "engine_predictions": {
    "advancedpattern": [
      5,
      11,
      19,
      27,
      31,
      36
    ],
    "gap": [
      1,
      7,
      13,
      19,
      25,
      31
    ],
    "graph": [
      2,
      3,
      20,
      33,
      35,
      37
    ],
    "lstm": [
      5,
      11,
      19,
      20,
      26,
      27
    ],
    "ml": [
      5,
      11,
      19,
      34,
      41,
      42
    ],
    "numerology": [
      16,
      17,
      22,
      23,
      24,
      25
    ],
    "pattern": [
      3,
      13,
      23,
      33,
      35,
      43
    ],
    "sequencecorrelation": [
      3,
      14,
      25,
      30,
      40,
      42
    ],
    "statistical": [
      10,
      12,
      25,
      32,
      41,
      45
    ],
    "timeseries": [
      9,
      12,
      17,
      25,
      33,
      35
    ]
  },
  "predicted_sets": [
    {
      "numbers": [
        3,
        11,
        19,
        25,
        36,
        42
      ],
      "confidence": 72.0
    },
    {
      "numbers": [
        3,
        11,
        19,
        20,
        25,
        36
      ],
      "confidence": 71.3
    },
    {
      "numbers": [
        3,
        20,
        25,
        27,
        31,
        42
      ],
      "confidence": 70.66666666666667
    },
    {
      "numbers": [
        3,
        12,
        17,
        20,
        25,
        31
      ],
      "confidence": 69.96666666666667
    },
    {
      "numbers": [
        11,
        13,
        19,
        20,
        25,
        36
      ],
      "confidence": 69.93333333333334
    },
    {
      "numbers": [
        11,
        12,
        19,
        20,
        23,
        25
      ],
      "confidence": 69.9
    },
    {
      "numbers": [
        3,
        5,
        17,
        20,
        25,
        42
      ],
      "confidence": 69.75833333333334
    },
    {
      "numbers": [
        5,
        17,
        19,
        20,
        25,
        34
      ],
      "confidence": 69.75833333333334
    },
    {
      "numbers": [
        19,
        20,
        25,
        33,
        35,
        36
      ],
      "confidence": 69.725
    },
    {
      "numbers": [
        5,
        12,
        19,
        23,
        25,
        42
      ],
      "confidence": 69.55
    },
    {
      "numbers": [
        12,
        19,
        23,
        25,
        31,
        40
      ],
      "confidence": 69.26666666666668
    },
    {
      "numbers": [
        11,
        19,
        25,
        27,
        36,
        40
      ],
      "confidence": 69.26666666666668
    },
    {
      "numbers": [
        11,
        12,
        19,
        23,
        35,
        42
      ],
      "confidence": 69.09166666666667
    },
    {
      "numbers": [
        5,
        12,
        20,
        23,
        25,
        41
      ],
      "confidence": 69.09166666666667
    },
    {
      "numbers": [
        5,
        19,
        23,
        25,
        36,
        40
      ],
      "confidence": 69.09166666666667
    },
    {
      "numbers": [
        12,
        17,
        19,
        25,
        36,
        42
      ],
      "confidence": 69.09166666666667
    },
    {
      "numbers": [
        5,
        17,
        20,
        25,
        33,
        36
      ],
      "confidence": 69.09166666666667
    },
    {
      "numbers": [
        5,
        12,
        25,
        31,
        33,
        36
      ],
      "confidence": 69.09166666666667
    },
    {
      "numbers": [
        3,
        12,
        20,
        25,
        33,
        36
      ],
      "confidence": 69.09166666666667
    },
    {
      "numbers": [
        3,
        12,
        25,
        27,
        33,
        36
      ],
      "confidence": 69.09166666666667
    },
    {
      "numbers": [
        11,
        20,
        25,
        36,
        37,
        42
      ],
      "confidence": 68.63333333333333
    },
    {
      "numbers": [
        3,
        25,
        27,
        34,
        36,
        42
      ],
      "confidence": 68.63333333333333
    },
    {
      "numbers": [
        5,
        11,
        19,
        34,
        37,
        42
      ],
      "confidence": 68.63333333333333
    },
    {
      "numbers": [
        13,
        20,
        25,
        31,
        34,
        42
      ],
      "confidence": 68.63333333333333
    },
    {
      "numbers": [
        5,
        17,
        19,
        20,
        33,
        36
      ],
      "confidence": 68.6
    },
    {
      "numbers": [
        5,
        13,
        19,
        20,
        41,
        42
      ],
      "confidence": 68.6
    },
    {
      "numbers": [
        3,
        13,
        25,
        34,
        36,
        42
      ],
      "confidence": 68.45833333333334
    },
    {
      "numbers": [
        3,
        11,
        19,
        20,
        36,
        41
      ],
      "confidence": 68.42500000000001
    },
    {
      "numbers": [
        5,
        19,
        20,
        23,
        35,
        36
      ],
      "confidence": 68.42500000000001
    },
    {
      "numbers": [
        17,
        19,
        25,
        35,
        36,
        40
      ],
      "confidence": 68.39166666666668
    },
    {
      "numbers": [
        13,
        19,
        25,
        35,
        36,
        40
      ],
      "confidence": 68.39166666666668
    },
    {
      "numbers": [
        3,
        11,
        19,
        20,
        35,
        40
      ],
      "confidence": 68.39166666666668
    },
    {
      "numbers": [
        5,
        11,
        12,
        19,
        34,
        35
      ],
      "confidence": 68.39166666666668
    },
    {
      "numbers": [
        3,
        12,
        13,
        25,
        33,
        36
      ],
      "confidence": 68.21666666666667
    },
    {
      "numbers": [
        3,
        12,
        19,
        20,
        23,
        33
      ],
      "confidence": 68.21666666666667
    },
    {
      "numbers": [
        3,
        11,
        27,
        34,
        36,
        42
      ],
      "confidence": 68.0
    },
    {
      "numbers": [
        5,
        12,
        19,
        23,
        36,
        40
      ],
      "confidence": 67.96666666666667
    },
    {
      "numbers": [
        3,
        5,
        19,
        20,
        34,
        37
      ],