{
  "latest_round": 244,
  "next_round": 245,
  "hot_cold": {
    "hot": [
      [
        20,
        12
      ],
      [
        11,
        11
      ],
      [
        37,
        11
      ],
      [
        44,
        11
      ],
      [
        5,
        10
      ],
      [
        2,
        9
      ],
      [
        3,
        9
      ],
      [
        4,
        9
      ],
      [
        14,
        9
      ],
      [
        19,
        9
      ]
    ],
    "cold": [
      [
        9,
        2
      ],
      [
        23,
        2
      ],
      [
        30,
        3
      ],
      [
        6,
        4
      ],
      [
        8,
        4
      ],
      [
        18,
        4
      ],
      [
        29,
        4
      ],
      [
        32,
        4
      ],
      [
        38,
        4
      ],
      [
        42,
        4
      ]
    ],
    "overdue": [
      [
        3,
        3.735576923076923
      ],
      [
        18,
        3.6206896551724137
      ],
      [
        7,
        3.440758293838863
      ],
      [
        30,
        2.7272727272727275
      ],
      [
        33,
        2.1397379912663754
      ],
      [
        14,
        1.9823008849557522
      ],
      [
        5,
        1.9282296650717703
      ],
      [
        29,
        1.7729257641921399
      ],
      [
        45,
        1.7214611872146117
      ],
      [
        23,
        1.7105263157894735
      ]
    ]
  },
  "engine_predictions": {
    "advancedpattern": [
      2,
      13,
      16,
      25,
      36,
      37
    ],
    "gap": [
      1,
      7,
      13,
      19,
      25,
      31
    ],
    "graph": [
      2,
      3,
      4,
      25,
      37,
      40
    ],
    "lstm": [
      2,
      4,
      16,
      19,
      28,
      37
    ],
    "ml": [
      2,
      13,
      26,
      37,
      39,
      42
    ],
    "numerology": [
      16,
      17,
      22,
      23,
      25,
      31
    ],
    "pattern": [
      5,
      15,
      25,
      33,
      35,
      45
    ],
    "sequencecorrelation": [
      2,
      11,
      19,
      21,
      27,
      39
    ],
    "statistical": [
      3,
      5,
      7,
      14,
      18,
      33
    ],
    "timeseries": [
      5,
      8,
      22,
      23,
      26,
      31
    ]
  },
  "predicted_sets": [
    {
      "numbers": [
        2,
        13,
        16,
        25,
        37,
        42
      ],
      "confidence": 73.125
    },
    {
      "numbers": [
        2,
        5,
        13,
        25,
        37,
        42
      ],
      "confidence": 72.25
    },
    {
      "numbers": [
        2,
        11,
        19,
        22,
        25,
        37
      ],
      "confidence": 71.75833333333334
    },
    {
      "numbers": [
        2,
        13,
        16,
        19,
        23,
        37
      ],
      "confidence": 71.75833333333334
    },
    {
      "numbers": [
        3,
        4,
        16,
        19,
        25,
        37
      ],
      "confidence": 71.59214572660946
    },
    {
      "numbers": [
        2,
        4,
        16,
        19,
        33,
        37
      ],
      "confidence": 71.26666666666667
    },
    {
      "numbers": [
        2,
        23,
        25,
        36,
        37,
        39
      ],
      "confidence": 71.26666666666667
    },
    {
      "numbers": [
        16,
        19,
        22,
        23,
        25,
        37
      ],
      "confidence": 71.26666666666667
    },
    {
      "numbers": [
        13,
        19,
        22,
        25,
        26,
        37
      ],
      "confidence": 71.26666666666667
    },
    {
      "numbers": [
        2,
        3,
        4,
        25,
        31,
        37
      ],
      "confidence": 71.2254790599428
    },
    {
      "numbers": [
        2,
        13,
        22,
        25,
        31,
        36
      ],
      "confidence": 71.09166666666667
    },
    {
      "numbers": [
        2,
        7,
        11,
        25,
        26,
        37
      ],
      "confidence": 71.09166666666667
    },
    {
      "numbers": [
        2,
        13,
        16,
        31,
        33,
        37
      ],
      "confidence": 71.05833333333334
    },
    {
      "numbers": [
        2,
        16,
        19,
        31,
        37,
        39
      ],
      "confidence": 71.05833333333334
    },
    {
      "numbers": [
        4,
        19,
        25,
        26,
        37,
        39
      ],
      "confidence": 70.42500000000001
    },
    {
      "numbers": [
        2,
        4,
        19,
        26,
        37,
        39
      ],
      "confidence": 70.42500000000001
    },
    {
      "numbers": [
        2,
        16,
        19,
        23,
        31,
        33
      ],
      "confidence": 70.42500000000001
    },
    {
      "numbers": [
        2,
        5,
        25,
        26,
        33,
        39
      ],
      "confidence": 70.39166666666667
    },
    {
      "numbers": [
        2,
        4,
        22,
        25,
        31,
        33
      ],
      "confidence": 70.39166666666667
    },
    {
      "numbers": [
        2,
        19,
        22,
        23,
        25,
        39
      ],
      "confidence": 70.21666666666667
    },
    {
      "numbers": [
        2,
        5,
        7,
        25,
        36,
        37
      ],
      "confidence": 70.18333333333334
    },
    {
      "numbers": [
        2,
        3,
        13,
        22,
        25,
        37
      ],
      "confidence": 70.1754790599428
    },
    {
      "numbers": [
        4,
        5,
        13,
        26,
        37,
        39
      ],
      "confidence": 69.96666666666667
    },
    {
      "numbers": [
        2,
        13,
        16,
        19,
        25,
        26
      ],
      "confidence": 69.8504790599428
    },
    {
      "numbers": [
        2,
        11,
        19,
        26,
        37,
        42
      ],
      "confidence": 69.79166666666667
    },
    {
      "numbers": [
        3,
        13,
        22,
        25,
        36,
        37
      ],
      "confidence": 69.75833333333334
    },
    {
      "numbers": [
        2,
        16,
        33,
        37,
        39,
        42
      ],
      "confidence": 69.75833333333334
    },
    {
      "numbers": [
        4,
        16,
        23,
        25,
        36,
        37
      ],
      "confidence": 69.75833333333334
    },
    {
      "numbers": [
        4,
        16,
        22,
        25,
        36,
        37
      ],
      "confidence": 69.75833333333334
    },
    {
      "numbers": [
        2,
        7,
        26,
        31,
        37,
        39
      ],
      "confidence": 69.725
    },
    {
      "numbers": [
        2,
        19,
        31,
        36,
        37,
        39
      ],
      "confidence": 69.725
    },
    {
      "numbers": [
        2,
        25,
        26,
        36,
        37,
        42
      ],
      "confidence": 69.55
    },
    {
      "numbers": [
        2,
        7,
        16,
        19,
        37,
        42
      ],
      "confidence": 69.55
    },
    {
      "numbers": [
        2,
        19,
        22,
        26,
        37,
        39
      ],
      "confidence": 69.55
    },
    {
      "numbers": [
        4,
        5,
        16,
        21,
        37,
        39
      ],
      "confidence": 69.3
    },
    {
      "numbers": [
        4,
        16,
        19,
        22,
        37,
        42
      ],
      "confidence": 69.125
    },
    {
      "numbers": [
        3,
        13,
        16,
        19,
        37,
        42
      ],
      "confidence": 69.09166666666667
    },
    {
      "numbers": [
        3,
        7,
        16,
        25,
        26,
        39
      ],
      "confidence": 69.09166666666667
    },
    {
      "numbers": [
        4,
        13,
        19,
        23,
        25,
        36
      ],