{
  "latest_round": 731,
  "next_round": 732,
  "hot_cold": {
    "hot": [
      [
        33,
        14
      ],
      [
        11,
        11
      ],
      [
        1,
        10
      ],
      [
        7,
        10
      ],
      [
        28,
        10
      ],
      [
        2,
        9
      ],
      [
        10,
        9
      ],
      [
        15,
        9
      ],
      [
        30,
        9
      ],
      [
        34,
        9
      ]
    ],
    "cold": [
      [
        9,
        1
      ],
      [
        26,
        3
      ],
      [
        31,
        3
      ],
      [
        32,
        3
      ],
      [
        40,
        3
      ],
      [
        5,
        4
      ],
      [
        14,
        4
      ],
      [
        22,
        4
      ],
      [
        27,
        4
      ],
      [
        42,
        4
      ]
    ],
    "overdue": [
      [
        38,
        3.9244186046511627
      ],
      [
        40,
        2.6942496493688637
      ],
      [
        24,
        2.6628895184135977
      ],
      [
        5,
        2.6309696092619395
      ],
      [
        27,
        2.4719101123595504
      ],
      [
        9,
        2.105932203389831
      ],
      [
        16,
        1.8513323983169707
      ],
      [
        32,
        1.5251396648044693
      ]
    ]
  },
  "engine_predictions": {
    "advancedpattern": [
      2,
      7,
      13,
      25,
      42,
      45
    ],
    "gap": [
      1,
      7,
      13,
      19,
      25,
      31
    ],
    "graph": [
      1,
      17,
      20,
      25,
      34,
      40
    ],
    "lstm": [
      2,
      7,
      10,
      21,
      30,
      45
    ],
    "ml": [
      2,
      3,
      13,
      20,
      23,
      25
    ],
    "numerology": [
      13,
      17,
      22,
      23,
      25,
      31
    ],
    "pattern": [
      5,
      13,
      15,
      25,
      35,
      45
    ],
    "sequencecorrelation": [
      10,
      15,
      25,
      26,
      27,
      34
    ],
    "statistical": [
      5,
      16,
      24,
      27,
      33,
      40
    ],
    "timeseries": [
      9,
      16,
      20,
      21,
      35,
      38
    ]
  },
  "predicted_sets": [
    {
      "numbers": [
        2,
        7,
        13,
        25,
        40,
        45
      ],
      "confidence": 74.45833333333334
    },
    {
      "numbers": [
        2,
        13,
        16,
        20,
        25,
        31
      ],
      "confidence": 73.96666666666667
    },
    {
      "numbers": [
        2,
        13,
        25,
        27,
        34,
        45
      ],
      "confidence": 73.79166666666666
    },
    {
      "numbers": [
        2,
        13,
        25,
        34,
        40,
        45
      ],
      "confidence": 73.79166666666666
    },
    {
      "numbers": [
        2,
        13,
        16,
        25,
        27,
        40
      ],
      "confidence": 73.3
    },
    {
      "numbers": [
        10,
        13,
        17,
        25,
        34,
        45
      ],
      "confidence": 73.125
    },
    {
      "numbers": [
        2,
        13,
        16,
        25,
        27,
        45
      ],
      "confidence": 73.09166666666667
    },
    {
      "numbers": [
        2,
        5,
        13,
        20,
        25,
        45
      ],
      "confidence": 72.88333333333333
    },
    {
      "numbers": [
        7,
        16,
        20,
        25,
        31,
        45
      ],
      "confidence": 72.45833333333334
    },
    {
      "numbers": [
        2,
        13,
        15,
        16,
        25,
        40
      ],
      "confidence": 72.42500000000001
    },
    {
      "numbers": [
        5,
        10,
        13,
        25,
        34,
        45
      ],
      "confidence": 72.25
    },
    {
      "numbers": [
        2,
        10,
        13,
        15,
        25,
        45
      ],
      "confidence": 72.21666666666667
    },
    {
      "numbers": [
        7,
        13,
        17,
        20,
        25,
        40
      ],
      "confidence": 72.21666666666667
    },
    {
      "numbers": [
        7,
        20,
        21,
        25,
        34,
        42
      ],
      "confidence": 72.0
    },
    {
      "numbers": [
        10,
        13,
        21,
        25,
        27,
        40
      ],
      "confidence": 71.75833333333334
    },
    {
      "numbers": [
        10,
        13,
        20,
        25,
        42,
        45
      ],
      "confidence": 71.55
    },
    {
      "numbers": [
        2,
        7,
        13,
        23,
        25,
        42
      ],
      "confidence": 71.55
    },
    {
      "numbers": [
        7,
        10,
        13,
        17,
        25,
        40
      ],
      "confidence": 71.55
    },
    {
      "numbers": [
        7,
        20,
        21,
        25,
        35,
        42
      ],
      "confidence": 71.125
    },
    {
      "numbers": [
        1,
        2,
        25,
        27,
        40,
        45
      ],
      "confidence": 71.09166666666667
    },
    {
      "numbers": [
        1,
        16,
        20,
        25,
        27,
        45
      ],
      "confidence": 71.09166666666667
    },
    {
      "numbers": [
        1,
        2,
        13,
        23,
        25,
        40
      ],
      "confidence": 71.08714586055285
    },
    {
      "numbers": [
        10,
        13,
        15,
        17,
        25,
        40
      ],
      "confidence": 70.88333333333333
    },
    {
      "numbers": [
        2,
        13,
        15,
        27,
        34,
        45
      ],
      "confidence": 70.45833333333334
    },
    {
      "numbers": [
        1,
        7,
        16,
        25,
        27,
        34
      ],
      "confidence": 70.42500000000001
    },
    {
      "numbers": [
        1,
        10,
        16,
        20,
        25,
        45
      ],
      "confidence": 70.21666666666667
    },
    {
      "numbers": [
        7,
        10,
        16,
        17,
        25,
        45
      ],
      "confidence": 70.21666666666667
    },
    {
      "numbers": [
        5,
        7,
        17,
        20,
        25,
        34
      ],
      "confidence": 70.21666666666667
    },
    {
      "numbers": [
        5,
        10,
        13,
        23,
        25,
        42
      ],
      "confidence": 70.21666666666667
    },
    {
      "numbers": [
        2,
        7,
        20,
        25,
        27,
        42
      ],
      "confidence": 70.21666666666667
    },
    {
      "numbers": [
        13,
        15,
        16,
        25,
        35,
        40
      ],
      "confidence": 70.18333333333334
    },
    {
      "numbers": [
        2,
        7,
        16,
        20,
        21,
        45
      ],
      "confidence": 69.96666666666667
    },
    {
      "numbers": [
        7,
        13,
        16,
        20,
        34,
        35
      ],
      "confidence": 69.93333333333334
    },
    {
      "numbers": [
        1,
        7,
        25,
        35,
        40,
        42
      ],
      "confidence": 69.75833333333334
    },
    {
      "numbers": [
        2,
        13,
        16,
        17,
        35,
        45
      ],
      "confidence": 69.75833333333334
    },
    {
      "numbers": [
        7,
        21,
        25,
        31,
        40,
        42
      ],
      "confidence": 69.75833333333334
    },
    {
      "numbers": [
        2,
        25,
        27,
        31,
        34,
        35
      ],
      "confidence": 69.725
    },
    {
      "numbers": [
        7,
        13,
        16,
        17,
        20,
        45
      ],
      "confidence": 69.725
    },
    {
      "numbers": [
        2,
        10,
        21,
        23,
        25,
        31
      ],