{
  "latest_round": 1195,
  "next_round": 1196,
  "hot_cold": {
    "hot": [
      [
        3,
        11
      ],
      [
        27,
        11
      ],
      [
        9,
        10
      ],
      [
        37,
        10
      ],
      [
        6,
        9
      ],
      [
        7,
        9
      ],
      [
        13,
        9
      ],
      [
        16,
        9
      ],
      [
        39,
        9
      ],
      [
        8,
        8
      ]
    ],
    "cold": [
      [
        1,
        4
      ],
      [
        2,
        4
      ],
      [
        10,
        4
      ],
      [
        14,
        4
      ],
      [
        34,
        4
      ],
      [
        41,
        4
      ],
      [
        43,
        4
      ],
      [
        44,
        4
      ],
      [
        4,
        5
      ],
      [
        5,
        5
      ]
    ],
    "overdue": [
      [
        42,
        2.557544757033248
      ],
      [
        30,
        2.431740614334471
      ],
      [
        43,
        2.346850733390854
      ],
      [
        18,
        2.1982758620689657
      ],
      [
        44,
        2.1488451668092385
      ],
      [
        21,
        1.7847457627118644
      ],
      [
        14,
        1.5661016949152542
      ]
    ]
  },
  "engine_predictions": {
    "advancedpattern": [
      3,
      15,
      27,
      33,
      34,
      36
    ],
    "gap": [
      1,
      7,
      13,
      19,
      25,
      31
    ],
    "graph": [
      12,
      13,
      20,
      24,
      27,
      33
    ],
    "lstm": [
      3,
      15,
      16,
      19,
      33,
      37
    ],
    "ml": [
      11,
      15,
      16,
      19,
      34,
      41
    ],
    "numerology": [
      13,
      16,
      17,
      22,
      23,
      25
    ],
    "pattern": [
      3,
      11,
      13,
      23,
      33,
      43
    ],
    "sequencecorrelation": [
      16,
      19,
      31,
      35,
      40,
      44
    ],
    "statistical": [
      14,
      18,
      30,
      42,
      43,
      44
    ],
    "timeseries": [
      14,
      17,
      18,
      19,
      29,
      43
    ]
  },
  "predicted_sets": [
    {
      "numbers": [
        3,
        16,
        19,
        27,
        33,
        44
      ],
      "confidence": 72.45833333333334
    },
    {
      "numbers": [
        3,
        16,
        19,
        25,
        34,
        43
      ],
      "confidence": 71.79166666666666
    },
    {
      "numbers": [
        13,
        16,
        17,
        19,
        25,
        34
      ],
      "confidence": 71.26666666666667
    },
    {
      "numbers": [
        3,
        15,
        16,
        17,
        19,
        44
      ],
      "confidence": 71.26666666666667
    },
    {
      "numbers": [
        13,
        15,
        16,
        19,
        23,
        44
      ],
      "confidence": 71.05833333333334
    },
    {
      "numbers": [
        13,
        15,
        19,
        27,
        36,
        44
      ],
      "confidence": 70.63333333333333
    },
    {
      "numbers": [
        13,
        16,
        18,
        19,
        27,
        40
      ],
      "confidence": 70.6
    },
    {
      "numbers": [
        13,
        15,
        16,
        19,
        31,
        40
      ],
      "confidence": 70.56666666666666
    },
    {
      "numbers": [
        3,
        15,
        16,
        19,
        27,
        36
      ],
      "confidence": 70.42500000000001
    },
    {
      "numbers": [
        14,
        16,
        17,
        19,
        33,
        44
      ],
      "confidence": 70.39166666666667
    },
    {
      "numbers": [
        3,
        14,
        16,
        18,
        19,
        40
      ],
      "confidence": 69.93333333333334
    },
    {
      "numbers": [
        14,
        15,
        19,
        27,
        33,
        40
      ],
      "confidence": 69.93333333333334
    },
    {
      "numbers": [
        15,
        16,
        17,
        31,
        33,
        44
      ],
      "confidence": 69.93333333333334
    },
    {
      "numbers": [
        11,
        16,
        27,
        33,
        34,
        43
      ],
      "confidence": 69.75833333333334
    },
    {
      "numbers": [
        3,
        15,
        19,
        33,
        34,
        36
      ],
      "confidence": 69.725
    },
    {
      "numbers": [
        13,
        14,
        15,
        19,
        27,
        34
      ],
      "confidence": 69.725
    },
    {
      "numbers": [
        3,
        11,
        16,
        23,
        33,
        44
      ],
      "confidence": 69.58333333333334
    },
    {
      "numbers": [
        3,
        15,
        16,
        17,
        19,
        34
      ],
      "confidence": 69.57872497464193
    },
    {
      "numbers": [
        3,
        16,
        17,
        33,
        34,
        43
      ],
      "confidence": 69.55
    },
    {
      "numbers": [
        3,
        15,
        16,
        18,
        25,
        33
      ],
      "confidence": 69.55
    },
    {
      "numbers": [
        14,
        15,
        19,
        25,
        33,
        44
      ],
      "confidence": 69.55
    },
    {
      "numbers": [
        15,
        16,
        18,
        31,
        34,
        43
      ],
      "confidence": 69.26666666666668
    },
    {
      "numbers": [
        3,
        16,
        18,
        27,
        33,
        40
      ],
      "confidence": 69.09166666666667
    },
    {
      "numbers": [
        3,
        16,
        19,
        27,
        36,
        40
      ],
      "confidence": 69.09166666666667
    },
    {
      "numbers": [
        3,
        17,
        19,
        34,
        36,
        43
      ],
      "confidence": 69.09166666666667
    },
    {
      "numbers": [
        3,
        11,
        16,
        18,
        27,
        43
      ],
      "confidence": 69.09166666666667
    },
    {
      "numbers": [
        13,
        14,
        15,
        19,
        25,
        40
      ],
      "confidence": 69.05833333333334
    },
    {
      "numbers": [
        13,
        18,
        19,
        33,
        36,
        41
      ],
      "confidence": 69.05833333333334
    },
    {
      "numbers": [
        13,
        14,
        15,
        19,
        36,
        44
      ],
      "confidence": 69.05833333333334
    },
    {
      "numbers": [
        15,
        16,
        18,
        25,
        33,
        34
      ],
      "confidence": 69.05833333333334
    },
    {
      "numbers": [
        11,
        14,
        15,
        19,
        33,
        34
      ],
      "confidence": 69.025
    },
    {
      "numbers": [
        3,
        11,
        13,
        16,
        23,
        44
      ],
      "confidence": 68.88333333333333
    },
    {
      "numbers": [
        3,
        13,
        16,
        18,
        19,
        34
      ],
      "confidence": 68.8703916413086
    },
    {
      "numbers": [
        3,
        14,
        15,
        19,
        43,
        44
      ],
      "confidence": 68.85
    },
    {
      "numbers": [
        13,
        14,
        15,
        19,
        25,
        44
      ],
      "confidence": 68.85
    },
    {
      "numbers": [
        3,
        13,
        14,
        16,
        18,
        43
      ],
      "confidence": 68.66205830797526
    },
    {
      "numbers": [
        3,
        16,
        18,
        27,
        36,
        44
      ],
      "confidence": 68.45833333333334
    },
    {
      "numbers": [
        3,
        16,
        23,
        27,
        31,
        34
      ],
      "confidence": 68.42500000000001
    },
    {
      "numbers": [
        11,
        18,
        19,
        27,
        31,
        44
      ],