{
  "latest_round": 858,
  "next_round": 859,
  "hot_cold": {
    "hot": [
      [
        43,
        12
      ],
      [
        13,
        11
      ],
      [
        33,
        11
      ],
      [
        38,
        11
      ],
      [
        39,
        11
      ],
      [
        16,
        10
      ],
      [
        28,
        10
      ],
      [
        30,
        10
      ],
      [
        11,
        9
      ],
      [
        12,
        9
      ]
    ],
    "cold": [
      [
        37,
        1
      ],
      [
        23,
        2
      ],
      [
        4,
        3
      ],
      [
        7,
        3
      ],
      [
        20,
        3
      ],
      [
        22,
        3
      ],
      [
        27,
        3
      ],
      [
        32,
        3
      ],
      [
        41,
        3
      ],
      [
        3,
        4
      ]
    ],
    "overdue": [
      [
        37,
        3.9179734620024127
      ],
      [
        3,
        2.5364077669902914
      ],
      [
        4,
        2.4693140794223827
      ],
      [
        21,
        1.9797859690844233
      ],
      [
        7,
        1.8991596638655461
      ],
      [
        45,
        1.7266187050359711
      ],
      [
        12,
        1.6110444177671068
      ]
    ]
  },
  "engine_predictions": {
    "advancedpattern": [
      13,
      32,
      34,
      38,
      39,
      43
    ],
    "gap": [
      1,
      7,
      13,
      19,
      25,
      31
    ],
    "graph": [
      8,
      13,
      14,
      30,
      34,
      37
    ],
    "lstm": [
      10,
      28,
      38,
      39,
      43,
      44
    ],
    "ml": [
      2,
      9,
      10,
      12,
      13,
      30
    ],
    "numerology": [
      17,
      23,
      24,
      25,
      26,
      31
    ],
    "pattern": [
      3,
      11,
      13,
      23,
      33,
      43
    ],
    "sequencecorrelation": [
      11,
      13,
      14,
      27,
      31,
      36
    ],
    "statistical": [
      3,
      4,
      12,
      14,
      37,
      45
    ],
    "timeseries": [
      4,
      5,
      7,
      17,
      37,
      45
    ]
  },
  "predicted_sets": [
    {
      "numbers": [
        4,
        13,
        25,
        31,
        37,
        38
      ],
      "confidence": 71.3
    },
    {
      "numbers": [
        4,
        13,
        30,
        31,
        37,
        39
      ],
      "confidence": 71.3
    },
    {
      "numbers": [
        9,
        13,
        14,
        30,
        37,
        43
      ],
      "confidence": 71.125
    },
    {
      "numbers": [
        13,
        14,
        25,
        30,
        31,
        38
      ],
      "confidence": 70.6
    },
    {
      "numbers": [
        4,
        13,
        30,
        38,
        39,
        43
      ],
      "confidence": 70.45833333333334
    },
    {
      "numbers": [
        7,
        13,
        14,
        25,
        31,
        34
      ],
      "confidence": 70.42500000000001
    },
    {
      "numbers": [
        12,
        13,
        25,
        31,
        34,
        43
      ],
      "confidence": 70.42500000000001
    },
    {
      "numbers": [
        3,
        13,
        14,
        37,
        38,
        43
      ],
      "confidence": 70.21666666666667
    },
    {
      "numbers": [
        12,
        13,
        23,
        37,
        38,
        45
      ],
      "confidence": 69.75833333333334
    },
    {
      "numbers": [
        13,
        14,
        17,
        30,
        37,
        39
      ],
      "confidence": 69.725
    },
    {
      "numbers": [
        4,
        11,
        13,
        14,
        39,
        43
      ],
      "confidence": 69.55
    },
    {
      "numbers": [
        9,
        13,
        25,
        31,
        32,
        34
      ],
      "confidence": 69.3
    },
    {
      "numbers": [
        13,
        17,
        25,
        31,
        32,
        38
      ],
      "confidence": 69.26666666666668
    },
    {
      "numbers": [
        11,
        13,
        30,
        34,
        39,
        43
      ],
      "confidence": 69.20796098223208
    },
    {
      "numbers": [
        9,
        12,
        13,
        17,
        38,
        43
      ],
      "confidence": 69.09166666666667
    },
    {
      "numbers": [
        3,
        12,
        13,
        17,
        30,
        38
      ],
      "confidence": 69.09166666666667
    },
    {
      "numbers": [
        4,
        12,
        13,
        23,
        38,
        39
      ],
      "confidence": 69.09166666666667
    },
    {
      "numbers": [
        13,
        17,
        25,
        32,
        34,
        43
      ],
      "confidence": 69.09166666666667
    },
    {
      "numbers": [
        13,
        14,
        30,
        32,
        34,
        37
      ],
      "confidence": 69.05833333333334
    },
    {
      "numbers": [
        13,
        14,
        23,
        38,
        39,
        43
      ],
      "confidence": 68.99962764889874
    },
    {
      "numbers": [
        9,
        13,
        14,
        25,
        34,
        45
      ],
      "confidence": 68.91666666666667
    },
    {
      "numbers": [
        12,
        14,
        17,
        30,
        31,
        45
      ],
      "confidence": 68.63333333333333
    },
    {
      "numbers": [
        7,
        14,
        25,
        30,
        31,
        39
      ],
      "confidence": 68.63333333333333
    },
    {
      "numbers": [
        7,
        14,
        17,
        30,
        31,
        45
      ],
      "confidence": 68.45833333333334
    },
    {
      "numbers": [
        4,
        9,
        13,
        25,
        38,
        39
      ],
      "confidence": 68.42500000000001
    },
    {
      "numbers": [
        3,
        7,
        12,
        13,
        34,
        39
      ],
      "confidence": 68.39166666666668
    },
    {
      "numbers": [
        9,
        12,
        13,
        31,
        38,
        39
      ],
      "confidence": 68.39166666666668
    },
    {
      "numbers": [
        13,
        14,
        25,
        30,
        43,
        45
      ],
      "confidence": 68.29962764889873
    },
    {
      "numbers": [
        7,
        9,
        13,
        14,
        30,
        32
      ],
      "confidence": 68.27759967687076
    },
    {
      "numbers": [
        3,
        11,
        14,
        30,
        38,
        39
      ],
      "confidence": 67.96666666666667
    },
    {
      "numbers": [
        3,
        14,
        17,
        30,
        38,
        39
      ],
      "confidence": 67.96666666666667
    },
    {
      "numbers": [
        9,
        12,
        23,
        30,
        31,
        37
      ],
      "confidence": 67.96666666666667
    },
    {
      "numbers": [
        4,
        12,
        25,
        30,
        31,
        38
      ],
      "confidence": 67.96666666666667
    },
    {
      "numbers": [
        3,
        4,
        12,
        30,
        38,
        43
      ],
      "confidence": 67.79166666666666
    },
    {
      "numbers": [
        4,
        12,
        30,
        34,
        43,
        45
      ],
      "confidence": 67.79166666666666
    },
    {
      "numbers": [
        9,
        14,
        23,
        31,
        32,
        43
      ],
      "confidence": 67.79166666666666
    },
    {
      "numbers": [
        12,
        14,
        23,
        30,
        38,
        43
      ],
      "confidence": 67.75833333333334
    },
    {
      "numbers": [
        4,
        7,
        14,
        23,
        31,
        39
      ],
      "confidence": 67.75833333333334
    },
    {
      "numbers": [
        4,
        9,
        13,
        14,
        32,
        38
      ],