{
  "latest_round": 123,
  "next_round": 124,
  "hot_cold": {
    "hot": [
      [
        17,
        13
      ],
      [
        1,
        12
      ],
      [
        34,
        12
      ],
      [
        24,
        10
      ],
      [
        3,
        9
      ],
      [
        6,
        9
      ],
      [
        22,
        9
      ],
      [
        29,
        9
      ],
      [
        33,
        9
      ],
      [
        36,
        9
      ]
    ],
    "cold": [
      [
        39,
        1
      ],
      [
        19,
        3
      ],
      [
        21,
        3
      ],
      [
        38,
        3
      ],
      [
        8,
        4
      ],
      [
        9,
        4
      ],
      [
        13,
        4
      ],
      [
        16,
        4
      ],
      [
        12,
        5
      ],
      [
        15,
        5
      ]
    ],
    "overdue": [
      [
        39,
        6.166666666666667
      ],
      [
        35,
        3.7500000000000004
      ],
      [
        15,
        3.0927835051546393
      ],
      [
        27,
        2.8
      ],
      [
        8,
        2.4123711340206184
      ],
      [
        24,
        2.1881188118811883
      ],
      [
        23,
        1.908256880733945
      ],
      [
        20,
        1.8777777777777778
      ],
      [
        33,
        1.7857142857142858
      ],
      [
        29,
        1.5855855855855856
      ]
    ]
  },
  "engine_predictions": {
    "advancedpattern": [
      1,
      7,
      17,
      18,
      28,
      30
    ],
    "gap": [
      1,
      7,
      13,
      19,
      25,
      31
    ],
    "graph": [
      3,
      17,
      33,
      36,
      37,
      40
    ],
    "lstm": [
      4,
      10,
      11,
      17,
      28,
      30
    ],
    "ml": [
      7,
      17,
      18,
      20,
      30,
      45
    ],
    "numerology": [
      17,
      22,
      23,
      24,
      25,
      26
    ],
    "pattern": [
      3,
      13,
      23,
      33,
      37,
      43
    ],
    "sequencecorrelation": [
      6,
      7,
      25,
      26,
      33,
      44
    ],
    "statistical": [
      8,
      15,
      24,
      27,
      33,
      35
    ],
    "timeseries": [
      4,
      8,
      11,
      26,
      33,
      44
    ]
  },
  "predicted_sets": [
    {
      "numbers": [
        7,
        17,
        18,
        30,
        33,
        44
      ],
      "confidence": 73.125
    },
    {
      "numbers": [
        7,
        17,
        25,
        28,
        33,
        44
      ],
      "confidence": 73.125
    },
    {
      "numbers": [
        7,
        17,
        28,
        30,
        33,
        45
      ],
      "confidence": 72.45833333333334
    },
    {
      "numbers": [
        3,
        17,
        25,
        26,
        33,
        44
      ],
      "confidence": 72.45833333333334
    },
    {
      "numbers": [
        1,
        17,
        24,
        25,
        28,
        33
      ],
      "confidence": 71.96666666666667
    },
    {
      "numbers": [
        11,
        17,
        18,
        25,
        30,
        33
      ],
      "confidence": 71.93333333333334
    },
    {
      "numbers": [
        6,
        17,
        26,
        30,
        33,
        44
      ],
      "confidence": 71.79166666666666
    },
    {
      "numbers": [
        4,
        7,
        17,
        24,
        30,
        33
      ],
      "confidence": 71.55
    },
    {
      "numbers": [
        1,
        7,
        13,
        26,
        30,
        33
      ],
      "confidence": 71.09166666666667
    },
    {
      "numbers": [
        1,
        6,
        17,
        25,
        26,
        33
      ],
      "confidence": 71.09166666666667
    },
    {
      "numbers": [
        11,
        17,
        24,
        30,
        33,
        44
      ],
      "confidence": 71.09166666666667
    },
    {
      "numbers": [
        4,
        17,
        23,
        30,
        33,
        44
      ],
      "confidence": 70.91666666666666
    },
    {
      "numbers": [
        6,
        7,
        17,
        30,
        33,
        37
      ],
      "confidence": 70.88333333333333
    },
    {
      "numbers": [
        1,
        17,
        18,
        25,
        30,
        44
      ],
      "confidence": 70.63333333333333
    },
    {
      "numbers": [
        1,
        7,
        26,
        28,
        33,
        45
      ],
      "confidence": 70.63333333333333
    },
    {
      "numbers": [
        1,
        7,
        18,
        23,
        26,
        33
      ],
      "confidence": 70.42500000000001
    },
    {
      "numbers": [
        1,
        3,
        7,
        30,
        33,
        44
      ],
      "confidence": 70.42500000000001
    },
    {
      "numbers": [
        3,
        7,
        17,
        25,
        28,
        44
      ],
      "confidence": 70.42500000000001
    },
    {
      "numbers": [
        7,
        11,
        18,
        23,
        26,
        33
      ],
      "confidence": 70.42500000000001
    },
    {
      "numbers": [
        6,
        17,
        28,
        30,
        33,
        37
      ],
      "confidence": 70.42500000000001
    },
    {
      "numbers": [
        4,
        7,
        17,
        25,
        26,
        44
      ],
      "confidence": 70.21666666666667
    },
    {
      "numbers": [
        7,
        18,
        26,
        33,
        44,
        45
      ],
      "confidence": 70.04207382013576
    },
    {
      "numbers": [
        1,
        18,
        30,
        33,
        37,
        45
      ],
      "confidence": 70.0
    },
    {
      "numbers": [
        7,
        11,
        25,
        28,
        30,
        44
      ],
      "confidence": 69.96666666666667
    },
    {
      "numbers": [
        3,
        17,
        18,
        26,
        30,
        45
      ],
      "confidence": 69.96666666666667
    },
    {
      "numbers": [
        6,
        8,
        11,
        17,
        33,
        45
      ],
      "confidence": 69.96666666666667
    },
    {
      "numbers": [
        6,
        8,
        13,
        17,
        33,
        44
      ],
      "confidence": 69.75833333333334
    },
    {
      "numbers": [
        1,
        13,
        26,
        28,
        30,
        33
      ],
      "confidence": 69.75833333333334
    },
    {
      "numbers": [
        1,
        7,
        17,
        30,
        44,
        45
      ],
      "confidence": 69.75833333333334
    },
    {
      "numbers": [
        1,
        7,
        17,
        18,
        26,
        45
      ],
      "confidence": 69.75833333333334
    },
    {
      "numbers": [
        6,
        7,
        17,
        25,
        28,
        44
      ],
      "confidence": 69.75833333333334
    },
    {
      "numbers": [
        1,
        7,
        28,
        30,
        33,
        37
      ],
      "confidence": 69.725
    },
    {
      "numbers": [
        17,
        23,
        26,
        28,
        33,
        45
      ],
      "confidence": 69.63374048680242
    },
    {
      "numbers": [
        4,
        7,
        11,
        17,
        26,
        44
      ],
      "confidence": 69.55
    },
    {
      "numbers": [
        7,
        18,
        23,
        30,
        33,
        37
      ],
      "confidence": 69.55
    },
    {
      "numbers": [
        1,
        7,
        23,
        25,
        30,
        44
      ],
      "confidence": 69.26666666666668
    },
    {
      "numbers": [
        1,
        8,
        11,
        17,
        30,
        44
      ],
      "confidence": 69.09166666666667
    },
    {
      "numbers": [
        8,
        17,
        18,
        26,
        30,
        45
      ],
      "confidence": 69.09166666666667
    },
    {
      "numbers": [
        1,
        8,
        17,
        25,
        30,
        45
      ],