{
  "latest_round": 501,
  "next_round": 502,
  "hot_cold": {
    "hot": [
      [
        4,
        13
      ],
      [
        8,
        12
      ],
      [
        13,
        11
      ],
      [
        27,
        11
      ],
      [
        40,
        11
      ],
      [
        20,
        10
      ],
      [
        23,
        10
      ],
      [
        37,
        10
      ],
      [
        10,
        9
      ],
      [
        22,
        8
      ]
    ],
    "cold": [
      [
        21,
        2
      ],
      [
        5,
        3
      ],
      [
        6,
        3
      ],
      [
        7,
        3
      ],
      [
        9,
        3
      ],
      [
        11,
        3
      ],
      [
        19,
        3
      ],
      [
        16,
        4
      ],
      [
        28,
        4
      ],
      [
        2,
        5
      ]
    ],
    "overdue": [
      [
        11,
        5.0649350649350655
      ],
      [
        6,
        3.6761487964989055
      ],
      [
        18,
        3.465065502183406
      ],
      [
        21,
        3.3530655391120505
      ],
      [
        9,
        2.7953586497890295
      ],
      [
        45,
        2.5572033898305087
      ],
      [
        16,
        2.419624217118998
      ],
      [
        28,
        2.0459518599562365
      ],
      [
        25,
        1.9628865979381442
      ],
      [
        38,
        1.5326315789473683
      ]
    ]
  },
  "engine_predictions": {
    "advancedpattern": [
      1,
      4,
      10,
      17,
      31,
      42
    ],
    "gap": [
      1,
      7,
      13,
      19,
      25,
      31
    ],
    "graph": [
      3,
      17,
      20,
      27,
      34,
      40
    ],
    "lstm": [
      4,
      13,
      20,
      24,
      27,
      34
    ],
    "ml": [
      1,
      4,
      10,
      13,
      24,
      42
    ],
    "numerology": [
      17,
      22,
      23,
      24,
      25,
      31
    ],
    "pattern": [
      5,
      11,
      15,
      25,
      35,
      45
    ],
    "sequencecorrelation": [
      1,
      4,
      13,
      24,
      27,
      37
    ],
    "statistical": [
      9,
      16,
      18,
      25,
      28,
      45
    ],
    "timeseries": [
      2,
      15,
      16,
      22,
      25,
      28
    ]
  },
  "predicted_sets": [
    {
      "numbers": [
        1,
        4,
        17,
        25,
        31,
        42
      ],
      "confidence": 73.125
    },
    {
      "numbers": [
        1,
        16,
        24,
        25,
        27,
        42
      ],
      "confidence": 72.63333333333333
    },
    {
      "numbers": [
        1,
        4,
        16,
        25,
        37,
        42
      ],
      "confidence": 72.0
    },
    {
      "numbers": [
        10,
        13,
        17,
        22,
        25,
        31
      ],
      "confidence": 71.96666666666667
    },
    {
      "numbers": [
        1,
        4,
        17,
        25,
        35,
        42
      ],
      "confidence": 71.79166666666666
    },
    {
      "numbers": [
        4,
        17,
        25,
        31,
        42,
        45
      ],
      "confidence": 71.79166666666666
    },
    {
      "numbers": [
        4,
        13,
        17,
        25,
        35,
        42
      ],
      "confidence": 71.79166666666666
    },
    {
      "numbers": [
        4,
        13,
        16,
        17,
        25,
        45
      ],
      "confidence": 71.75833333333334
    },
    {
      "numbers": [
        4,
        17,
        20,
        25,
        27,
        31
      ],
      "confidence": 71.75833333333334
    },
    {
      "numbers": [
        4,
        16,
        17,
        24,
        25,
        42
      ],
      "confidence": 71.75833333333334
    },
    {
      "numbers": [
        16,
        20,
        24,
        25,
        31,
        42
      ],
      "confidence": 71.3
    },
    {
      "numbers": [
        1,
        13,
        16,
        20,
        25,
        37
      ],
      "confidence": 71.3
    },
    {
      "numbers": [
        1,
        13,
        15,
        16,
        24,
        42
      ],
      "confidence": 71.3
    },
    {
      "numbers": [
        1,
        13,
        24,
        27,
        37,
        42
      ],
      "confidence": 71.125
    },
    {
      "numbers": [
        4,
        13,
        16,
        25,
        35,
        42
      ],
      "confidence": 71.125
    },
    {
      "numbers": [
        1,
        24,
        25,
        27,
        35,
        42
      ],
      "confidence": 71.09166666666667
    },
    {
      "numbers": [
        10,
        15,
        17,
        24,
        25,
        31
      ],
      "confidence": 71.09166666666667
    },
    {
      "numbers": [
        1,
        17,
        20,
        25,
        27,
        42
      ],
      "confidence": 71.09166666666667
    },
    {
      "numbers": [
        1,
        4,
        17,
        24,
        28,
        45
      ],
      "confidence": 71.09166666666667
    },
    {
      "numbers": [
        1,
        15,
        17,
        24,
        25,
        28
      ],
      "confidence": 71.05833333333334
    },
    {
      "numbers": [
        1,
        4,
        13,
        25,
        34,
        35
      ],
      "confidence": 70.88333333333333
    },
    {
      "numbers": [
        4,
        13,
        17,
        20,
        24,
        25
      ],
      "confidence": 70.74361515343897
    },
    {
      "numbers": [
        1,
        13,
        16,
        17,
        22,
        45
      ],
      "confidence": 70.63333333333333
    },
    {
      "numbers": [
        10,
        17,
        25,
        31,
        34,
        45
      ],
      "confidence": 70.45833333333334
    },
    {
      "numbers": [
        4,
        16,
        22,
        25,
        27,
        45
      ],
      "confidence": 70.42500000000001
    },
    {
      "numbers": [
        4,
        17,
        20,
        25,
        28,
        34
      ],
      "confidence": 70.42500000000001
    },
    {
      "numbers": [
        4,
        25,
        27,
        31,
        37,
        42
      ],
      "confidence": 70.42500000000001
    },
    {
      "numbers": [
        10,
        13,
        15,
        17,
        25,
        34
      ],
      "confidence": 70.42500000000001
    },
    {
      "numbers": [
        4,
        16,
        17,
        20,
        24,
        31
      ],
      "confidence": 70.42500000000001
    },
    {
      "numbers": [
        1,
        4,
        16,
        20,
        24,
        45
      ],
      "confidence": 70.42500000000001
    },
    {
      "numbers": [
        1,
        13,
        16,
        20,
        25,
        35
      ],
      "confidence": 70.42500000000001
    },
    {
      "numbers": [
        1,
        22,
        24,
        25,
        27,
        37
      ],
      "confidence": 70.39166666666667
    },
    {
      "numbers": [
        4,
        13,
        24,
        31,
        35,
        45
      ],
      "confidence": 70.25
    },
    {
      "numbers": [
        1,
        4,
        25,
        28,
        34,
        45
      ],
      "confidence": 70.21666666666667
    },
    {
      "numbers": [
        4,
        10,
        13,
        20,
        25,
        34
      ],
      "confidence": 70.06861515343897
    },
    {
      "numbers": [
        5,
        13,
        17,
        28,
        31,
        42
      ],
      "confidence": 70.0
    },
    {
      "numbers": [
        4,
        13,
        17,
        31,
        37,
        42
      ],
      "confidence": 69.75833333333334
    },
    {
      "numbers": [
        4,
        10,
        24,
        31,
        42,
        45
      ],