{
  "latest_round": 88,
  "next_round": 89,
  "hot_cold": {
    "hot": [
      [
        15,
        13
      ],
      [
        2,
        10
      ],
      [
        3,
        10
      ],
      [
        10,
        10
      ],
      [
        17,
        9
      ],
      [
        25,
        9
      ],
      [
        36,
        9
      ],
      [
        7,
        8
      ],
      [
        16,
        8
      ],
      [
        18,
        8
      ]
    ],
    "cold": [
      [
        9,
        1
      ],
      [
        28,
        1
      ],
      [
        42,
        3
      ],
      [
        11,
        4
      ],
      [
        22,
        4
      ],
      [
        34,
        4
      ],
      [
        41,
        4
      ],
      [
        1,
        5
      ],
      [
        4,
        5
      ],
      [
        5,
        5
      ]
    ],
    "overdue": [
      [
        38,
        3.888888888888889
      ],
      [
        21,
        3.4838709677419355
      ],
      [
        40,
        3.452054794520548
      ],
      [
        35,
        1.8333333333333335
      ],
      [
        44,
        1.8059701492537314
      ],
      [
        25,
        1.7435897435897436
      ],
      [
        18,
        1.7333333333333334
      ],
      [
        9,
        1.7246376811594202
      ],
      [
        26,
        1.5135135135135136
      ]
    ]
  },
  "engine_predictions": {
    "advancedpattern": [
      1,
      17,
      20,
      24,
      30,
      41
    ],
    "gap": [
      2,
      8,
      14,
      20,
      26,
      32
    ],
    "graph": [
      2,
      17,
      25,
      26,
      37,
      40
    ],
    "lstm": [
      12,
      17,
      23,
      30,
      34,
      41
    ],
    "numerology": [
      16,
      17,
      22,
      23,
      25,
      26
    ],
    "pattern": [
      3,
      13,
      23,
      33,
      37,
      43
    ],
    "sequencecorrelation": [
      4,
      7,
      17,
      25,
      37,
      41
    ],
    "statistical": [
      3,
      18,
      25,
      26,
      38,
      40
    ],
    "timeseries": [
      3,
      18,
      25,
      27,
      32,
      42
    ]
  },
  "predicted_sets": [
    {
      "numbers": [
        3,
        17,
        25,
        30,
        32,
        41
      ],
      "confidence": 74.81481481481481
    },
    {
      "numbers": [
        3,
        17,
        20,
        26,
        37,
        41
      ],
      "confidence": 73.93981481481481
    },
    {
      "numbers": [
        2,
        23,
        25,
        26,
        40,
        41
      ],
      "confidence": 73.37407407407407
    },
    {
      "numbers": [
        17,
        23,
        25,
        26,
        37,
        42
      ],
      "confidence": 73.26894228080519
    },
    {
      "numbers": [
        17,
        24,
        25,
        26,
        32,
        43
      ],
      "confidence": 72.63333333333333
    },
    {
      "numbers": [
        17,
        20,
        23,
        25,
        30,
        41
      ],
      "confidence": 72.53981481481482
    },
    {
      "numbers": [
        1,
        17,
        24,
        25,
        26,
        41
      ],
      "confidence": 72.49907407407409
    },
    {
      "numbers": [
        2,
        20,
        25,
        26,
        40,
        41
      ],
      "confidence": 72.45833333333333
    },
    {
      "numbers": [
        3,
        17,
        18,
        30,
        37,
        41
      ],
      "confidence": 72.45833333333333
    },
    {
      "numbers": [
        2,
        3,
        17,
        23,
        26,
        37
      ],
      "confidence": 72.36481481481482
    },
    {
      "numbers": [
        2,
        17,
        23,
        24,
        25,
        30
      ],
      "confidence": 71.93333333333334
    },
    {
      "numbers": [
        2,
        17,
        23,
        26,
        30,
        32
      ],
      "confidence": 71.75833333333333
    },
    {
      "numbers": [
        3,
        18,
        20,
        23,
        25,
        37
      ],
      "confidence": 71.75833333333333
    },
    {
      "numbers": [
        3,
        17,
        20,
        26,
        32,
        42
      ],
      "confidence": 71.7175925925926
    },
    {
      "numbers": [
        2,
        17,
        26,
        37,
        41,
        42
      ],
      "confidence": 71.58333333333333
    },
    {
      "numbers": [
        2,
        7,
        17,
        26,
        37,
        41
      ],
      "confidence": 71.58333333333333
    },
    {
      "numbers": [
        2,
        20,
        23,
        24,
        25,
        37
      ],
      "confidence": 71.15185185185184
    },
    {
      "numbers": [
        1,
        12,
        17,
        18,
        25,
        40
      ],
      "confidence": 71.15185185185184
    },
    {
      "numbers": [
        17,
        18,
        25,
        30,
        37,
        43
      ],
      "confidence": 71.04672005858296
    },
    {
      "numbers": [
        3,
        17,
        20,
        37,
        41,
        42
      ],
      "confidence": 71.01759259259259
    },
    {
      "numbers": [
        2,
        23,
        25,
        30,
        32,
        41
      ],
      "confidence": 71.01759259259259
    },
    {
      "numbers": [
        2,
        18,
        20,
        25,
        32,
        41
      ],
      "confidence": 70.97685185185185
    },
    {
      "numbers": [
        7,
        17,
        25,
        26,
        27,
        32
      ],
      "confidence": 70.88333333333333
    },
    {
      "numbers": [
        1,
        12,
        23,
        25,
        26,
        30
      ],
      "confidence": 70.45185185185184
    },
    {
      "numbers": [
        2,
        17,
        20,
        24,
        25,
        30
      ],
      "confidence": 70.3175925925926
    },
    {
      "numbers": [
        2,
        17,
        18,
        23,
        26,
        27
      ],
      "confidence": 70.3175925925926
    },
    {
      "numbers": [
        7,
        17,
        23,
        24,
        25,
        42
      ],
      "confidence": 70.27685185185186
    },
    {
      "numbers": [
        1,
        20,
        23,
        25,
        30,
        37
      ],
      "confidence": 70.27685185185186
    },
    {
      "numbers": [
        2,
        3,
        25,
        37,
        40,
        42
      ],
      "confidence": 70.27685185185186
    },
    {
      "numbers": [
        3,
        17,
        24,
        30,
        32,
        37
      ],
      "confidence": 70.27685185185186
    },
    {
      "numbers": [
        2,
        3,
        20,
        26,
        30,
        41
      ],
      "confidence": 70.27685185185186
    },
    {
      "numbers": [
        3,
        7,
        25,
        30,
        40,
        41
      ],
      "confidence": 70.27685185185186
    },
    {
      "numbers": [
        3,
        12,
        25,
        40,
        41,
        43
      ],
      "confidence": 70.23611111111111
    },
    {
      "numbers": [
        12,
        24,
        25,
        30,
        37,
        41
      ],
      "confidence": 70.19949783636075
    },
    {
      "numbers": [
        20,
        23,
        25,
        26,
        30,
        40
      ],
      "confidence": 70.18333333333332
    },
    {
      "numbers": [
        2,
        23,
        25,
        37,
        40,
        42
      ],
      "confidence": 70.0652385771015
    },
    {
      "numbers": [
        1,
        17,
        18,
        20,
        23,
        25
      ],
      "confidence": 70.03990187676479
    },
    {
      "numbers": [
        2,
        3,
        24,
        26,
        30,
        37
      ],
      "confidence": 69.71111111111111
    },
    {
      "numbers": [
        17,
        18,
        25,
        32,
        37,
        42
      ],