{
  "latest_round": 52,
  "next_round": 53,
  "hot_cold": {
    "hot": [
      [
        37,
        13
      ],
      [
        40,
        12
      ],
      [
        26,
        11
      ],
      [
        7,
        10
      ],
      [
        2,
        9
      ],
      [
        4,
        9
      ],
      [
        6,
        9
      ],
      [
        16,
        9
      ],
      [
        17,
        9
      ],
      [
        18,
        9
      ]
    ],
    "cold": [
      [
        24,
        2
      ],
      [
        22,
        3
      ],
      [
        28,
        3
      ],
      [
        29,
        3
      ],
      [
        34,
        3
      ],
      [
        45,
        3
      ],
      [
        5,
        4
      ],
      [
        12,
        4
      ],
      [
        41,
        4
      ],
      [
        1,
        5
      ]
    ],
    "overdue": [
      [
        5,
        9.857142857142856
      ],
      [
        42,
        3.9375
      ],
      [
        28,
        3.5555555555555554
      ],
      [
        43,
        3.5
      ],
      [
        9,
        3.375
      ],
      [
        24,
        3.272727272727273
      ],
      [
        25,
        2.8421052631578947
      ],
      [
        35,
        2.074074074074074
      ],
      [
        41,
        2.0357142857142856
      ],
      [
        34,
        1.6666666666666667
      ]
    ]
  },
  "engine_predictions": {
    "advancedpattern": [
      2,
      4,
      15,
      16,
      20,
      26
    ],
    "gap": [
      2,
      8,
      14,
      20,
      26,
      32
    ],
    "graph": [
      7,
      23,
      25,
      26,
      37,
      40
    ],
    "lstm": [
      2,
      15,
      16,
      26,
      38,
      44
    ],
    "numerology": [
      13,
      17,
      22,
      23,
      25,
      31
    ],
    "pattern": [
      3,
      13,
      23,
      33,
      37,
      43
    ],
    "sequencecorrelation": [
      2,
      3,
      11,
      16,
      25,
      26
    ],
    "statistical": [
      9,
      25,
      35,
      37,
      42,
      43
    ],
    "timeseries": [
      5,
      21,
      28,
      35,
      38,
      43
    ]
  },
  "predicted_sets": [
    {
      "numbers": [
        2,
        16,
        25,
        26,
        37,
        43
      ],
      "confidence": 75.4212962962963
    },
    {
      "numbers": [
        2,
        25,
        26,
        31,
        35,
        43
      ],
      "confidence": 72.49907407407409
    },
    {
      "numbers": [
        2,
        7,
        13,
        25,
        26,
        43
      ],
      "confidence": 72.49907407407409
    },
    {
      "numbers": [
        2,
        16,
        17,
        25,
        37,
        43
      ],
      "confidence": 72.45833333333333
    },
    {
      "numbers": [
        2,
        7,
        20,
        26,
        37,
        43
      ],
      "confidence": 72.45833333333333
    },
    {
      "numbers": [
        2,
        20,
        25,
        37,
        43,
        44
      ],
      "confidence": 72.06676327047913
    },
    {
      "numbers": [
        2,
        23,
        26,
        31,
        37,
        38
      ],
      "confidence": 71.93333333333334
    },
    {
      "numbers": [
        2,
        9,
        17,
        25,
        26,
        37
      ],
      "confidence": 71.75833333333333
    },
    {
      "numbers": [
        4,
        13,
        23,
        25,
        26,
        37
      ],
      "confidence": 71.75833333333333
    },
    {
      "numbers": [
        2,
        13,
        16,
        20,
        25,
        43
      ],
      "confidence": 71.75833333333333
    },
    {
      "numbers": [
        2,
        15,
        16,
        25,
        37,
        44
      ],
      "confidence": 71.7175925925926
    },
    {
      "numbers": [
        2,
        9,
        15,
        26,
        35,
        43
      ],
      "confidence": 71.7175925925926
    },
    {
      "numbers": [
        2,
        9,
        16,
        26,
        31,
        43
      ],
      "confidence": 71.7175925925926
    },
    {
      "numbers": [
        2,
        15,
        17,
        26,
        35,
        43
      ],
      "confidence": 71.7175925925926
    },
    {
      "numbers": [
        16,
        23,
        25,
        26,
        31,
        43
      ],
      "confidence": 71.62407407407407
    },
    {
      "numbers": [
        2,
        7,
        15,
        25,
        26,
        37
      ],
      "confidence": 71.62407407407407
    },
    {
      "numbers": [
        2,
        13,
        16,
        17,
        26,
        38
      ],
      "confidence": 71.01759259259259
    },
    {
      "numbers": [
        7,
        13,
        20,
        25,
        26,
        37
      ],
      "confidence": 71.01759259259259
    },
    {
      "numbers": [
        2,
        7,
        20,
        23,
        25,
        37
      ],
      "confidence": 71.01759259259259
    },
    {
      "numbers": [
        2,
        9,
        17,
        23,
        26,
        37
      ],
      "confidence": 71.01759259259259
    },
    {
      "numbers": [
        7,
        20,
        26,
        35,
        37,
        43
      ],
      "confidence": 70.97685185185185
    },
    {
      "numbers": [
        2,
        13,
        16,
        17,
        26,
        43
      ],
      "confidence": 70.88333333333333
    },
    {
      "numbers": [
        2,
        23,
        25,
        35,
        38,
        43
      ],
      "confidence": 70.88333333333333
    },
    {
      "numbers": [
        2,
        16,
        17,
        26,
        35,
        37
      ],
      "confidence": 70.88333333333333
    },
    {
      "numbers": [
        13,
        16,
        20,
        25,
        37,
        38
      ],
      "confidence": 70.45185185185184
    },
    {
      "numbers": [
        13,
        20,
        26,
        35,
        37,
        38
      ],
      "confidence": 70.45185185185184
    },
    {
      "numbers": [
        3,
        7,
        20,
        25,
        26,
        44
      ],
      "confidence": 70.41111111111111
    },
    {
      "numbers": [
        2,
        15,
        16,
        31,
        38,
        43
      ],
      "confidence": 70.41111111111111
    },
    {
      "numbers": [
        2,
        7,
        15,
        16,
        37,
        43
      ],
      "confidence": 70.27685185185186
    },
    {
      "numbers": [
        3,
        13,
        20,
        25,
        26,
        31
      ],
      "confidence": 70.27685185185186
    },
    {
      "numbers": [
        7,
        15,
        23,
        26,
        37,
        38
      ],
      "confidence": 70.27685185185186
    },
    {
      "numbers": [
        9,
        15,
        16,
        20,
        26,
        43
      ],
      "confidence": 70.27685185185186
    },
    {
      "numbers": [
        7,
        20,
        25,
        26,
        35,
        38
      ],
      "confidence": 70.27685185185186
    },
    {
      "numbers": [
        2,
        7,
        16,
        35,
        37,
        43
      ],
      "confidence": 70.27685185185186
    },
    {
      "numbers": [
        2,
        3,
        20,
        35,
        37,
        43
      ],
      "confidence": 70.27685185185186
    },
    {
      "numbers": [
        4,
        13,
        17,
        25,
        26,
        37
      ],
      "confidence": 70.27685185185186
    },
    {
      "numbers": [
        2,
        13,
        25,
        35,
        38,
        44
      ],
      "confidence": 70.23611111111111
    },
    {
      "numbers": [
        7,
        16,
        20,
        25,
        35,
        43
      ],
      "confidence": 70.23611111111111
    },
    {
      "numbers": [
        9,
        13,
        20,
        26,
        35,
        43
      ],