{
  "latest_round": 383,
  "next_round": 384,
  "hot_cold": {
    "hot": [
      [
        5,
        14
      ],
      [
        14,
        12
      ],
      [
        29,
        12
      ],
      [
        1,
        11
      ],
      [
        45,
        11
      ],
      [
        24,
        10
      ],
      [
        8,
        9
      ],
      [
        15,
        9
      ],
      [
        16,
        9
      ],
      [
        34,
        9
      ]
    ],
    "cold": [
      [
        7,
        2
      ],
      [
        41,
        2
      ],
      [
        4,
        3
      ],
      [
        6,
        3
      ],
      [
        9,
        3
      ],
      [
        23,
        3
      ],
      [
        28,
        3
      ],
      [
        33,
        3
      ],
      [
        38,
        3
      ],
      [
        12,
        4
      ]
    ],
    "overdue": [
      [
        23,
        2.562674094707521
      ],
      [
        3,
        2.5454545454545454
      ],
      [
        38,
        2.2857142857142856
      ],
      [
        36,
        2.216666666666667
      ],
      [
        32,
        1.9287671232876713
      ],
      [
        30,
        1.8543956043956045
      ],
      [
        18,
        1.71875
      ],
      [
        14,
        1.7038043478260871
      ],
      [
        44,
        1.6972222222222222
      ],
      [
        41,
        1.5769230769230769
      ]
    ]
  },
  "engine_predictions": {
    "advancedpattern": [
      4,
      15,
      28,
      33,
      37,
      40
    ],
    "gap": [
      1,
      7,
      13,
      19,
      25,
      31
    ],
    "graph": [
      1,
      3,
      14,
      19,
      37,
      42
    ],
    "lstm": [
      1,
      10,
      15,
      22,
      37,
      40
    ],
    "ml": [
      4,
      28,
      33,
      37,
      41,
      42
    ],
    "numerology": [
      17,
      22,
      23,
      24,
      25,
      31
    ],
    "pattern": [
      5,
      11,
      15,
      25,
      35,
      45
    ],
    "sequencecorrelation": [
      1,
      13,
      16,
      19,
      24,
      37
    ],
    "statistical": [
      3,
      14,
      18,
      30,
      36,
      44
    ],
    "timeseries": [
      7,
      11,
      25,
      32,
      36,
      45
    ]
  },
  "predicted_sets": [
    {
      "numbers": [
        1,
        13,
        24,
        25,
        37,
        40
      ],
      "confidence": 71.96666666666667
    },
    {
      "numbers": [
        1,
        11,
        14,
        25,
        37,
        42
      ],
      "confidence": 71.79166666666666
    },
    {
      "numbers": [
        1,
        3,
        15,
        28,
        37,
        40
      ],
      "confidence": 71.3
    },
    {
      "numbers": [
        1,
        13,
        15,
        22,
        24,
        37
      ],
      "confidence": 71.3
    },
    {
      "numbers": [
        1,
        14,
        15,
        28,
        33,
        37
      ],
      "confidence": 71.3
    },
    {
      "numbers": [
        1,
        3,
        4,
        25,
        36,
        37
      ],
      "confidence": 71.26666666666667
    },
    {
      "numbers": [
        4,
        15,
        28,
        37,
        40,
        42
      ],
      "confidence": 70.66666666666667
    },
    {
      "numbers": [
        1,
        4,
        13,
        25,
        36,
        42
      ],
      "confidence": 70.66666666666667
    },
    {
      "numbers": [
        4,
        19,
        28,
        31,
        37,
        42
      ],
      "confidence": 70.66666666666667
    },
    {
      "numbers": [
        1,
        3,
        15,
        36,
        37,
        40
      ],
      "confidence": 70.6
    },
    {
      "numbers": [
        1,
        4,
        15,
        37,
        40,
        45
      ],
      "confidence": 70.42500000000001
    },
    {
      "numbers": [
        1,
        4,
        19,
        22,
        33,
        45
      ],
      "confidence": 70.0
    },
    {
      "numbers": [
        4,
        13,
        15,
        37,
        40,
        42
      ],
      "confidence": 69.96666666666667
    },
    {
      "numbers": [
        4,
        11,
        13,
        19,
        22,
        37
      ],
      "confidence": 69.96666666666667
    },
    {
      "numbers": [
        7,
        15,
        28,
        36,
        37,
        42
      ],
      "confidence": 69.79166666666667
    },
    {
      "numbers": [
        4,
        7,
        15,
        28,
        37,
        42
      ],
      "confidence": 69.79166666666667
    },
    {
      "numbers": [
        14,
        15,
        19,
        22,
        37,
        45
      ],
      "confidence": 69.75833333333334
    },
    {
      "numbers": [
        4,
        15,
        19,
        24,
        33,
        37
      ],
      "confidence": 69.75833333333334
    },
    {
      "numbers": [
        4,
        14,
        22,
        25,
        36,
        37
      ],
      "confidence": 69.75833333333334
    },
    {
      "numbers": [
        4,
        11,
        14,
        25,
        37,
        40
      ],
      "confidence": 69.75833333333334
    },
    {
      "numbers": [
        1,
        7,
        14,
        36,
        37,
        42
      ],
      "confidence": 69.75833333333334
    },
    {
      "numbers": [
        1,
        15,
        25,
        28,
        40,
        45
      ],
      "confidence": 69.58333333333334
    },
    {
      "numbers": [
        4,
        14,
        25,
        28,
        37,
        45
      ],
      "confidence": 69.58333333333334
    },
    {
      "numbers": [
        14,
        15,
        25,
        28,
        37,
        45
      ],
      "confidence": 69.55
    },
    {
      "numbers": [
        1,
        3,
        19,
        24,
        28,
        45
      ],
      "confidence": 69.3
    },
    {
      "numbers": [
        13,
        15,
        22,
        24,
        37,
        40
      ],
      "confidence": 69.26666666666668
    },
    {
      "numbers": [
        13,
        19,
        22,
        24,
        36,
        37
      ],
      "confidence": 69.26666666666668
    },
    {
      "numbers": [
        1,
        22,
        24,
        25,
        28,
        36
      ],
      "confidence": 69.26666666666668
    },
    {
      "numbers": [
        4,
        13,
        14,
        22,
        37,
        45
      ],
      "confidence": 69.125
    },
    {
      "numbers": [
        1,
        15,
        24,
        28,
        36,
        45
      ],
      "confidence": 69.125
    },
    {
      "numbers": [
        1,
        3,
        14,
        24,
        25,
        42
      ],
      "confidence": 69.09166666666667
    },
    {
      "numbers": [
        1,
        11,
        25,
        28,
        36,
        40
      ],
      "confidence": 69.09166666666667
    },
    {
      "numbers": [
        4,
        19,
        24,
        28,
        31,
        37
      ],
      "confidence": 69.09166666666667
    },
    {
      "numbers": [
        4,
        11,
        19,
        22,
        31,
        37
      ],
      "confidence": 69.09166666666667
    },
    {
      "numbers": [
        4,
        7,
        19,
        33,
        37,
        42
      ],
      "confidence": 69.09166666666667
    },
    {
      "numbers": [
        1,
        4,
        13,
        33,
        37,
        40
      ],
      "confidence": 69.05833333333334
    },
    {
      "numbers": [
        1,
        11,
        19,
        24,
        25,
        28
      ],
      "confidence": 69.05833333333334
    },
    {
      "numbers": [
        1,
        4,
        24,
        28,
        37,
        40
      ],
      "confidence": 69.05833333333334
    },
    {
      "numbers": [
        1,
        11,
        15,
        24,
        25,
        40
      ],