{
  "latest_round": 811,
  "next_round": 812,
  "hot_cold": {
    "hot": [
      [
        12,
        15
      ],
      [
        21,
        13
      ],
      [
        6,
        12
      ],
      [
        10,
        12
      ],
      [
        34,
        11
      ],
      [
        19,
        10
      ],
      [
        31,
        10
      ],
      [
        15,
        9
      ],
      [
        18,
        9
      ],
      [
        41,
        9
      ]
    ],
    "cold": [
      [
        4,
        2
      ],
      [
        44,
        2
      ],
      [
        20,
        3
      ],
      [
        22,
        3
      ],
      [
        33,
        3
      ],
      [
        40,
        3
      ],
      [
        9,
        4
      ],
      [
        25,
        4
      ],
      [
        27,
        4
      ],
      [
        29,
        4
      ]
    ],
    "overdue": [
      [
        27,
        3.255400254129606
      ],
      [
        16,
        3.030612244897959
      ],
      [
        33,
        2.759493670886076
      ],
      [
        7,
        2.388250319284802
      ],
      [
        29,
        2.3059418457648544
      ],
      [
        2,
        1.7420986093552466
      ],
      [
        4,
        1.5436156763590392
      ]
    ]
  },
  "engine_predictions": {
    "advancedpattern": [
      8,
      11,
      19,
      21,
      36,
      45
    ],
    "gap": [
      1,
      7,
      13,
      19,
      25,
      31
    ],
    "graph": [
      1,
      14,
      17,
      18,
      34,
      37
    ],
    "lstm": [
      10,
      11,
      13,
      21,
      31,
      43
    ],
    "ml": [
      4,
      12,
      21,
      28,
      34,
      45
    ],
    "numerology": [
      17,
      22,
      23,
      24,
      25,
      31
    ],
    "pattern": [
      1,
      11,
      15,
      21,
      31,
      41
    ],
    "sequencecorrelation": [
      4,
      10,
      18,
      34,
      40,
      45
    ],
    "statistical": [
      2,
      7,
      16,
      27,
      29,
      33
    ],
    "timeseries": [
      2,
      13,
      14,
      26,
      29,
      32
    ]
  },
  "predicted_sets": [
    {
      "numbers": [
        7,
        10,
        19,
        21,
        34,
        45
      ],
      "confidence": 70.66666666666667
    },
    {
      "numbers": [
        2,
        4,
        17,
        21,
        31,
        45
      ],
      "confidence": 70.45833333333334
    },
    {
      "numbers": [
        2,
        11,
        17,
        21,
        34,
        45
      ],
      "confidence": 70.45833333333334
    },
    {
      "numbers": [
        2,
        13,
        21,
        29,
        31,
        34
      ],
      "confidence": 70.42500000000001
    },
    {
      "numbers": [
        8,
        11,
        19,
        21,
        34,
        45
      ],
      "confidence": 69.79166666666667
    },
    {
      "numbers": [
        2,
        4,
        18,
        21,
        34,
        45
      ],
      "confidence": 69.79166666666667
    },
    {
      "numbers": [
        4,
        18,
        19,
        21,
        36,
        45
      ],
      "confidence": 69.33333333333334
    },
    {
      "numbers": [
        10,
        17,
        21,
        25,
        29,
        34
      ],
      "confidence": 69.3
    },
    {
      "numbers": [
        2,
        14,
        19,
        29,
        31,
        45
      ],
      "confidence": 69.125
    },
    {
      "numbers": [
        4,
        10,
        18,
        31,
        34,
        45
      ],
      "confidence": 69.09166666666667
    },
    {
      "numbers": [
        4,
        7,
        29,
        31,
        34,
        45
      ],
      "confidence": 69.09166666666667
    },
    {
      "numbers": [
        13,
        17,
        21,
        31,
        34,
        36
      ],
      "confidence": 69.05833333333334
    },
    {
      "numbers": [
        8,
        11,
        21,
        31,
        36,
        45
      ],
      "confidence": 68.91666666666667
    },
    {
      "numbers": [
        2,
        11,
        18,
        25,
        31,
        45
      ],
      "confidence": 68.91666666666667
    },
    {
      "numbers": [
        10,
        11,
        14,
        25,
        31,
        45
      ],
      "confidence": 68.91666666666667
    },
    {
      "numbers": [
        2,
        19,
        21,
        29,
        31,
        34
      ],
      "confidence": 68.88333333333333
    },
    {
      "numbers": [
        4,
        11,
        13,
        18,
        29,
        31
      ],
      "confidence": 68.84502521694174
    },
    {
      "numbers": [
        10,
        13,
        14,
        29,
        31,
        36
      ],
      "confidence": 68.63333333333333
    },
    {
      "numbers": [
        8,
        13,
        14,
        21,
        27,
        45
      ],
      "confidence": 68.63333333333333
    },
    {
      "numbers": [
        10,
        19,
        25,
        31,
        34,
        36
      ],
      "confidence": 68.63333333333333
    },
    {
      "numbers": [
        1,
        8,
        10,
        19,
        34,
        45
      ],
      "confidence": 68.63333333333333
    },
    {
      "numbers": [
        10,
        13,
        17,
        19,
        21,
        36
      ],
      "confidence": 68.63333333333333
    },
    {
      "numbers": [
        7,
        8,
        10,
        31,
        34,
        45
      ],
      "confidence": 68.6
    },
    {
      "numbers": [
        2,
        11,
        25,
        27,
        34,
        45
      ],
      "confidence": 68.45833333333334
    },
    {
      "numbers": [
        4,
        7,
        18,
        21,
        25,
        45
      ],
      "confidence": 68.42500000000001
    },
    {
      "numbers": [
        2,
        7,
        10,
        17,
        31,
        45
      ],
      "confidence": 68.42500000000001
    },
    {
      "numbers": [
        4,
        17,
        19,
        25,
        31,
        34
      ],
      "confidence": 68.42500000000001
    },
    {
      "numbers": [
        2,
        21,
        25,
        31,
        34,
        36
      ],
      "confidence": 68.39166666666668
    },
    {
      "numbers": [
        1,
        4,
        11,
        31,
        36,
        45
      ],
      "confidence": 68.21666666666667
    },
    {
      "numbers": [
        11,
        14,
        18,
        31,
        34,
        45
      ],
      "confidence": 68.18333333333334
    },
    {
      "numbers": [
        1,
        7,
        21,
        31,
        34,
        36
      ],
      "confidence": 68.18333333333334
    },
    {
      "numbers": [
        7,
        8,
        11,
        29,
        36,
        45
      ],
      "confidence": 68.0
    },
    {
      "numbers": [
        1,
        8,
        13,
        14,
        36,
        45
      ],
      "confidence": 67.96666666666667
    },
    {
      "numbers": [
        14,
        19,
        21,
        27,
        36,
        45
      ],
      "confidence": 67.96666666666667
    },
    {
      "numbers": [
        1,
        17,
        25,
        29,
        34,
        36
      ],
      "confidence": 67.96666666666667
    },
    {
      "numbers": [
        4,
        10,
        11,
        19,
        36,
        45
      ],
      "confidence": 67.96666666666667
    },
    {
      "numbers": [
        2,
        8,
        25,
        29,
        31,
        34
      ],
      "confidence": 67.93333333333334
    },
    {
      "numbers": [
        2,
        4,
        10,
        31,
        36,
        45
      ],
      "confidence": 67.93333333333334
    },
    {
      "numbers": [
        7,
        8,
        14,
        27,
        31,
        45
      ],