{
  "latest_round": 37,
  "next_round": 38,
  "hot_cold": {
    "hot": [
      [
        37,
        12
      ],
      [
        40,
        12
      ],
      [
        25,
        9
      ],
      [
        42,
        8
      ],
      [
        4,
        7
      ],
      [
        7,
        7
      ],
      [
        9,
        7
      ],
      [
        26,
        7
      ],
      [
        2,
        6
      ],
      [
        6,
        6
      ]
    ],
    "cold": [
      [
        15,
        1
      ],
      [
        22,
        1
      ],
      [
        45,
        1
      ],
      [
        24,
        2
      ],
      [
        10,
        3
      ],
      [
        11,
        3
      ],
      [
        12,
        3
      ],
      [
        28,
        3
      ],
      [
        29,
        3
      ],
      [
        34,
        3
      ]
    ],
    "overdue": [
      [
        16,
        7.333333333333333
      ],
      [
        38,
        6.0
      ],
      [
        12,
        4.571428571428571
      ],
      [
        31,
        3.5555555555555554
      ],
      [
        5,
        3.4285714285714284
      ],
      [
        18,
        2.727272727272727
      ],
      [
        20,
        2.1
      ],
      [
        24,
        1.9090909090909092
      ],
      [
        39,
        1.9047619047619047
      ],
      [
        17,
        1.6666666666666665
      ]
    ]
  },
  "engine_predictions": {
    "advancedpattern": [
      7,
      27,
      30,
      35,
      37,
      40
    ],
    "gap": [
      2,
      8,
      14,
      20,
      26,
      32
    ],
    "graph": [
      9,
      25,
      26,
      37,
      40,
      42
    ],
    "lstm": [
      7,
      23,
      26,
      35,
      37,
      40
    ],
    "numerology": [
      13,
      17,
      22,
      23,
      25,
      31
    ],
    "pattern": [
      10,
      20,
      30,
      32,
      40,
      42
    ],
    "sequencecorrelation": [
      1,
      9,
      23,
      26,
      37,
      40
    ],
    "statistical": [
      5,
      17,
      18,
      20,
      31,
      39
    ],
    "timeseries": [
      5,
      15,
      18,
      20,
      22,
      24
    ]
  },
  "predicted_sets": [
    {
      "numbers": [
        5,
        18,
        20,
        23,
        26,
        37
      ],
      "confidence": 73.37407407407407
    },
    {
      "numbers": [
        7,
        18,
        26,
        37,
        40,
        42
      ],
      "confidence": 73.19907407407408
    },
    {
      "numbers": [
        7,
        18,
        25,
        26,
        40,
        42
      ],
      "confidence": 72.5925925925926
    },
    {
      "numbers": [
        7,
        23,
        26,
        35,
        37,
        40
      ],
      "confidence": 72.53981481481482
    },
    {
      "numbers": [
        7,
        18,
        20,
        23,
        40,
        42
      ],
      "confidence": 72.45833333333333
    },
    {
      "numbers": [
        20,
        23,
        25,
        26,
        27,
        40
      ],
      "confidence": 71.79907407407407
    },
    {
      "numbers": [
        9,
        20,
        31,
        35,
        37,
        40
      ],
      "confidence": 71.79907407407407
    },
    {
      "numbers": [
        5,
        9,
        20,
        23,
        31,
        40
      ],
      "confidence": 71.75833333333333
    },
    {
      "numbers": [
        5,
        7,
        20,
        26,
        35,
        40
      ],
      "confidence": 71.62407407407407
    },
    {
      "numbers": [
        7,
        9,
        20,
        25,
        37,
        40
      ],
      "confidence": 71.62407407407407
    },
    {
      "numbers": [
        9,
        22,
        23,
        26,
        30,
        37
      ],
      "confidence": 71.1925925925926
    },
    {
      "numbers": [
        9,
        22,
        26,
        27,
        37,
        40
      ],
      "confidence": 71.05833333333334
    },
    {
      "numbers": [
        7,
        25,
        26,
        30,
        40,
        42
      ],
      "confidence": 71.01759259259259
    },
    {
      "numbers": [
        5,
        9,
        18,
        25,
        26,
        40
      ],
      "confidence": 71.01759259259259
    },
    {
      "numbers": [
        7,
        18,
        26,
        33,
        37,
        40
      ],
      "confidence": 71.01759259259259
    },
    {
      "numbers": [
        5,
        20,
        31,
        35,
        37,
        40
      ],
      "confidence": 70.92407407407407
    },
    {
      "numbers": [
        7,
        18,
        26,
        27,
        37,
        40
      ],
      "confidence": 70.88333333333333
    },
    {
      "numbers": [
        5,
        20,
        23,
        26,
        33,
        40
      ],
      "confidence": 70.88333333333333
    },
    {
      "numbers": [
        9,
        17,
        20,
        23,
        25,
        42
      ],
      "confidence": 70.41111111111111
    },
    {
      "numbers": [
        17,
        23,
        26,
        27,
        31,
        40
      ],
      "confidence": 70.3175925925926
    },
    {
      "numbers": [
        9,
        22,
        25,
        26,
        30,
        40
      ],
      "confidence": 70.3175925925926
    },
    {
      "numbers": [
        5,
        18,
        23,
        25,
        32,
        40
      ],
      "confidence": 70.27685185185186
    },
    {
      "numbers": [
        7,
        22,
        23,
        35,
        40,
        42
      ],
      "confidence": 70.27685185185186
    },
    {
      "numbers": [
        17,
        20,
        26,
        27,
        32,
        40
      ],
      "confidence": 70.18333333333332
    },
    {
      "numbers": [
        17,
        18,
        26,
        27,
        37,
        40
      ],
      "confidence": 70.18333333333332
    },
    {
      "numbers": [
        20,
        25,
        26,
        30,
        35,
        37
      ],
      "confidence": 69.91448839241735
    },
    {
      "numbers": [
        9,
        20,
        31,
        33,
        37,
        42
      ],
      "confidence": 69.67037037037036
    },
    {
      "numbers": [
        9,
        18,
        26,
        30,
        33,
        37
      ],
      "confidence": 69.67037037037036
    },
    {
      "numbers": [
        5,
        18,
        26,
        30,
        39,
        42
      ],
      "confidence": 69.62962962962963
    },
    {
      "numbers": [
        9,
        22,
        26,
        30,
        32,
        37
      ],
      "confidence": 69.57685185185184
    },
    {
      "numbers": [
        18,
        20,
        26,
        30,
        33,
        37
      ],
      "confidence": 69.57685185185184
    },
    {
      "numbers": [
        9,
        25,
        26,
        27,
        30,
        40
      ],
      "confidence": 69.57685185185184
    },
    {
      "numbers": [
        5,
        7,
        26,
        30,
        39,
        40
      ],
      "confidence": 69.57685185185184
    },
    {
      "numbers": [
        7,
        9,
        17,
        23,
        26,
        42
      ],
      "confidence": 69.53611111111113
    },
    {
      "numbers": [
        7,
        17,
        20,
        26,
        31,
        39
      ],
      "confidence": 69.53611111111113
    },
    {
      "numbers": [
        9,
        17,
        30,
        31,
        35,
        40
      ],
      "confidence": 69.53611111111113
    },
    {
      "numbers": [
        7,
        17,
        22,
        23,
        26,
        31
      ],
      "confidence": 69.53611111111113
    },
    {
      "numbers": [
        7,
        9,
        18,
        23,
        30,
        37
      ],
      "confidence": 69.53611111111113
    },
    {
      "numbers": [
        5,
        7,
        20,
        25,
        26,
        39
      ],