{
  "latest_round": 1041,
  "next_round": 1042,
  "hot_cold": {
    "hot": [
      [
        12,
        11
      ],
      [
        18,
        11
      ],
      [
        29,
        11
      ],
      [
        45,
        11
      ],
      [
        11,
        10
      ],
      [
        14,
        10
      ],
      [
        35,
        10
      ],
      [
        15,
        9
      ],
      [
        6,
        8
      ],
      [
        9,
        8
      ]
    ],
    "cold": [
      [
        43,
        1
      ],
      [
        10,
        2
      ],
      [
        28,
        2
      ],
      [
        21,
        3
      ],
      [
        23,
        3
      ],
      [
        40,
        3
      ],
      [
        4,
        4
      ],
      [
        30,
        4
      ],
      [
        2,
        5
      ],
      [
        19,
        5
      ]
    ],
    "overdue": [
      [
        43,
        5.599593495934959
      ],
      [
        28,
        3.134479271991911
      ],
      [
        21,
        3.1013779527559056
      ],
      [
        4,
        3.0277227722772277
      ],
      [
        23,
        2.905511811023622
      ],
      [
        10,
        2.448140900195695
      ],
      [
        25,
        2.064516129032258
      ],
      [
        13,
        1.8625730994152045
      ]
    ]
  },
  "engine_predictions": {
    "advancedpattern": [
      6,
      7,
      9,
      11,
      17,
      18
    ],
    "gap": [
      1,
      7,
      13,
      19,
      25,
      31
    ],
    "graph": [
      5,
      14,
      17,
      21,
      34,
      45
    ],
    "lstm": [
      2,
      6,
      7,
      9,
      16,
      36
    ],
    "ml": [
      3,
      6,
      16,
      32,
      39,
      42
    ],
    "numerology": [
      17,
      22,
      23,
      24,
      25,
      31
    ],
    "pattern": [
      3,
      11,
      13,
      23,
      33,
      43
    ],
    "sequencecorrelation": [
      3,
      10,
      14,
      16,
      18,
      39
    ],
    "statistical": [
      4,
      12,
      13,
      21,
      23,
      25
    ],
    "timeseries": [
      12,
      23,
      34,
      36,
      40,
      43
    ]
  },
  "predicted_sets": [
    {
      "numbers": [
        6,
        7,
        11,
        25,
        34,
        43
      ],
      "confidence": 70.0
    },
    {
      "numbers": [
        6,
        17,
        21,
        25,
        34,
        43
      ],
      "confidence": 70.0
    },
    {
      "numbers": [
        3,
        6,
        17,
        25,
        34,
        39
      ],
      "confidence": 69.96666666666667
    },
    {
      "numbers": [
        6,
        7,
        14,
        21,
        23,
        39
      ],
      "confidence": 69.96666666666667
    },
    {
      "numbers": [
        6,
        9,
        17,
        18,
        23,
        34
      ],
      "confidence": 69.84468049289593
    },
    {
      "numbers": [
        7,
        13,
        18,
        23,
        25,
        34
      ],
      "confidence": 69.75833333333334
    },
    {
      "numbers": [
        6,
        16,
        21,
        23,
        25,
        34
      ],
      "confidence": 69.75833333333334
    },
    {
      "numbers": [
        3,
        6,
        16,
        23,
        25,
        39
      ],
      "confidence": 69.55
    },
    {
      "numbers": [
        7,
        9,
        13,
        25,
        34,
        36
      ],
      "confidence": 69.3
    },
    {
      "numbers": [
        9,
        18,
        21,
        23,
        25,
        34
      ],
      "confidence": 69.3
    },
    {
      "numbers": [
        7,
        17,
        18,
        23,
        31,
        36
      ],
      "confidence": 69.09166666666667
    },
    {
      "numbers": [
        6,
        14,
        16,
        18,
        23,
        39
      ],
      "confidence": 69.09166666666667
    },
    {
      "numbers": [
        7,
        9,
        12,
        16,
        23,
        43
      ],
      "confidence": 69.09166666666667
    },
    {
      "numbers": [
        6,
        7,
        16,
        25,
        34,
        39
      ],
      "confidence": 69.09166666666667
    },
    {
      "numbers": [
        7,
        17,
        18,
        21,
        23,
        36
      ],
      "confidence": 69.09166666666667
    },
    {
      "numbers": [
        7,
        13,
        14,
        18,
        23,
        39
      ],
      "confidence": 69.09166666666667
    },
    {
      "numbers": [
        3,
        16,
        18,
        23,
        34,
        43
      ],
      "confidence": 68.91666666666667
    },
    {
      "numbers": [
        6,
        7,
        14,
        16,
        23,
        39
      ],
      "confidence": 68.6363471595626
    },
    {
      "numbers": [
        6,
        7,
        18,
        25,
        31,
        33
      ],
      "confidence": 68.63333333333333
    },
    {
      "numbers": [
        3,
        17,
        21,
        34,
        36,
        39
      ],
      "confidence": 68.63333333333333
    },
    {
      "numbers": [
        9,
        11,
        12,
        23,
        34,
        43
      ],
      "confidence": 68.45833333333334
    },
    {
      "numbers": [
        7,
        11,
        12,
        14,
        23,
        43
      ],
      "confidence": 68.42500000000001
    },
    {
      "numbers": [
        7,
        16,
        21,
        25,
        31,
        34
      ],
      "confidence": 68.42500000000001
    },
    {
      "numbers": [
        6,
        7,
        13,
        14,
        39,
        43
      ],
      "confidence": 68.42500000000001
    },
    {
      "numbers": [
        6,
        11,
        18,
        21,
        23,
        39
      ],
      "confidence": 68.42500000000001
    },
    {
      "numbers": [
        6,
        7,
        12,
        17,
        31,
        43
      ],
      "confidence": 68.42500000000001
    },
    {
      "numbers": [
        12,
        14,
        23,
        25,
        39,
        43
      ],
      "confidence": 68.42500000000001
    },
    {
      "numbers": [
        6,
        7,
        11,
        16,
        34,
        43
      ],
      "confidence": 68.42500000000001
    },
    {
      "numbers": [
        6,
        18,
        21,
        23,
        31,
        43
      ],
      "confidence": 68.25
    },
    {
      "numbers": [
        6,
        9,
        11,
        12,
        25,
        43
      ],
      "confidence": 68.0113471595626
    },
    {
      "numbers": [
        9,
        11,
        14,
        16,
        25,
        33
      ],
      "confidence": 67.96666666666667
    },
    {
      "numbers": [
        12,
        13,
        17,
        21,
        34,
        36
      ],
      "confidence": 67.93333333333334
    },
    {
      "numbers": [
        14,
        18,
        21,
        23,
        36,
        39
      ],
      "confidence": 67.93333333333334
    },
    {
      "numbers": [
        9,
        12,
        18,
        25,
        39,
        43
      ],
      "confidence": 67.79166666666666
    },
    {
      "numbers": [
        6,
        11,
        25,
        34,
        36,
        39
      ],
      "confidence": 67.75833333333334
    },
    {
      "numbers": [
        3,
        11,
        18,
        25,
        31,
        36
      ],
      "confidence": 67.75833333333334
    },
    {
      "numbers": [
        3,
        7,
        9,
        18,
        34,
        43
      ],
      "confidence": 67.75833333333334
    },
    {
      "numbers": [
        3,
        11,
        14,
        21,
        25,
        36
      ],
      "confidence": 67.75833333333334
    },
    {
      "numbers": [
        11,
        14,
        23,
        25,
        31,
        36
      ],