{
  "latest_round": 1142,
  "next_round": 1143,
  "hot_cold": {
    "hot": [
      [
        30,
        12
      ],
      [
        13,
        11
      ],
      [
        19,
        11
      ],
      [
        33,
        11
      ],
      [
        34,
        11
      ],
      [
        40,
        11
      ],
      [
        6,
        10
      ],
      [
        7,
        10
      ],
      [
        12,
        9
      ],
      [
        14,
        9
      ]
    ],
    "cold": [
      [
        18,
        0
      ],
      [
        23,
        2
      ],
      [
        27,
        2
      ],
      [
        39,
        2
      ],
      [
        2,
        3
      ],
      [
        25,
        3
      ],
      [
        4,
        4
      ],
      [
        5,
        4
      ],
      [
        8,
        4
      ],
      [
        32,
        4
      ]
    ],
    "overdue": [
      [
        18,
        7.6492537313432845
      ],
      [
        39,
        4.698181818181818
      ],
      [
        43,
        4.428571428571429
      ],
      [
        36,
        3.384476534296029
      ],
      [
        23,
        3.271992818671454
      ],
      [
        32,
        2.477211796246649
      ],
      [
        17,
        1.8339285714285716
      ],
      [
        27,
        1.550531914893617
      ]
    ]
  },
  "engine_predictions": {
    "advancedpattern": [
      2,
      8,
      28,
      30,
      37,
      41
    ],
    "gap": [
      1,
      7,
      13,
      19,
      25,
      31
    ],
    "graph": [
      12,
      15,
      18,
      21,
      34,
      40
    ],
    "lstm": [
      7,
      12,
      21,
      29,
      30,
      37
    ],
    "ml": [
      6,
      22,
      28,
      33,
      37,
      41
    ],
    "numerology": [
      13,
      16,
      17,
      22,
      23,
      25
    ],
    "pattern": [
      3,
      11,
      13,
      23,
      33,
      43
    ],
    "sequencecorrelation": [
      12,
      26,
      27,
      33,
      34,
      40
    ],
    "statistical": [
      13,
      17,
      23,
      32,
      33,
      36
    ],
    "timeseries": [
      13,
      18,
      24,
      25,
      27,
      33
    ]
  },
  "predicted_sets": [
    {
      "numbers": [
        2,
        13,
        28,
        33,
        37,
        41
      ],
      "confidence": 71.125
    },
    {
      "numbers": [
        12,
        25,
        27,
        30,
        33,
        41
      ],
      "confidence": 70.63333333333333
    },
    {
      "numbers": [
        8,
        12,
        13,
        21,
        33,
        34
      ],
      "confidence": 70.42500000000001
    },
    {
      "numbers": [
        7,
        13,
        21,
        30,
        33,
        34
      ],
      "confidence": 70.42500000000001
    },
    {
      "numbers": [
        13,
        22,
        23,
        25,
        30,
        33
      ],
      "confidence": 70.18333333333334
    },
    {
      "numbers": [
        12,
        13,
        18,
        25,
        30,
        34
      ],
      "confidence": 69.93333333333334
    },
    {
      "numbers": [
        8,
        13,
        25,
        28,
        37,
        41
      ],
      "confidence": 69.79166666666667
    },
    {
      "numbers": [
        13,
        19,
        28,
        30,
        33,
        37
      ],
      "confidence": 69.725
    },
    {
      "numbers": [
        13,
        18,
        19,
        22,
        33,
        37
      ],
      "confidence": 69.725
    },
    {
      "numbers": [
        7,
        13,
        33,
        34,
        37,
        40
      ],
      "confidence": 69.51666666666667
    },
    {
      "numbers": [
        7,
        8,
        25,
        30,
        33,
        41
      ],
      "confidence": 69.3
    },
    {
      "numbers": [
        2,
        8,
        25,
        33,
        37,
        41
      ],
      "confidence": 69.3
    },
    {
      "numbers": [
        7,
        13,
        18,
        27,
        34,
        41
      ],
      "confidence": 69.125
    },
    {
      "numbers": [
        8,
        13,
        23,
        30,
        34,
        41
      ],
      "confidence": 69.125
    },
    {
      "numbers": [
        7,
        8,
        13,
        30,
        37,
        41
      ],
      "confidence": 69.125
    },
    {
      "numbers": [
        7,
        12,
        21,
        22,
        33,
        41
      ],
      "confidence": 68.91666666666667
    },
    {
      "numbers": [
        7,
        12,
        27,
        28,
        33,
        37
      ],
      "confidence": 68.88333333333333
    },
    {
      "numbers": [
        13,
        18,
        28,
        30,
        33,
        34
      ],
      "confidence": 68.85
    },
    {
      "numbers": [
        2,
        19,
        25,
        28,
        33,
        34
      ],
      "confidence": 68.63333333333333
    },
    {
      "numbers": [
        2,
        8,
        13,
        27,
        37,
        41
      ],
      "confidence": 68.45833333333334
    },
    {
      "numbers": [
        7,
        12,
        18,
        30,
        37,
        41
      ],
      "confidence": 68.45833333333334
    },
    {
      "numbers": [
        2,
        7,
        13,
        28,
        30,
        37
      ],
      "confidence": 68.42500000000001
    },
    {
      "numbers": [
        8,
        17,
        22,
        33,
        34,
        37
      ],
      "confidence": 68.42500000000001
    },
    {
      "numbers": [
        2,
        8,
        13,
        33,
        34,
        40
      ],
      "confidence": 68.39166666666668
    },
    {
      "numbers": [
        13,
        17,
        25,
        28,
        30,
        40
      ],
      "confidence": 68.39166666666668
    },
    {
      "numbers": [
        7,
        12,
        13,
        21,
        23,
        30
      ],
      "confidence": 68.25231173794172
    },
    {
      "numbers": [
        8,
        13,
        23,
        30,
        37,
        40
      ],
      "confidence": 68.21666666666667
    },
    {
      "numbers": [
        7,
        18,
        28,
        30,
        33,
        37
      ],
      "confidence": 68.21666666666667
    },
    {
      "numbers": [
        2,
        7,
        23,
        25,
        34,
        41
      ],
      "confidence": 67.96666666666667
    },
    {
      "numbers": [
        2,
        8,
        13,
        34,
        40,
        41
      ],
      "confidence": 67.96666666666667
    },
    {
      "numbers": [
        17,
        19,
        22,
        28,
        33,
        34
      ],
      "confidence": 67.93333333333334
    },
    {
      "numbers": [
        2,
        8,
        21,
        30,
        33,
        37
      ],
      "confidence": 67.93333333333334
    },
    {
      "numbers": [
        13,
        17,
        18,
        19,
        30,
        41
      ],
      "confidence": 67.93333333333334
    },
    {
      "numbers": [
        2,
        8,
        33,
        34,
        37,
        41
      ],
      "confidence": 67.93333333333334
    },
    {
      "numbers": [
        7,
        12,
        27,
        28,
        34,
        41
      ],
      "confidence": 67.79166666666666
    },
    {
      "numbers": [
        2,
        8,
        17,
        22,
        33,
        41
      ],
      "confidence": 67.79166666666666
    },
    {
      "numbers": [
        2,
        13,
        21,
        22,
        28,
        40
      ],
      "confidence": 67.75833333333334
    },
    {
      "numbers": [
        2,
        13,
        17,
        19,
        28,
        37
      ],
      "confidence": 67.75833333333334
    },
    {
      "numbers": [
        12,
        18,
        22,
        34,
        37,
        41
      ],