{
  "latest_round": 122,
  "next_round": 123,
  "hot_cold": {
    "hot": [
      [
        1,
        12
      ],
      [
        17,
        12
      ],
      [
        34,
        12
      ],
      [
        3,
        10
      ],
      [
        24,
        10
      ],
      [
        6,
        9
      ],
      [
        22,
        9
      ],
      [
        29,
        9
      ],
      [
        32,
        9
      ],
      [
        33,
        9
      ]
    ],
    "cold": [
      [
        39,
        1
      ],
      [
        19,
        3
      ],
      [
        21,
        3
      ],
      [
        38,
        3
      ],
      [
        8,
        4
      ],
      [
        9,
        4
      ],
      [
        13,
        4
      ],
      [
        16,
        4
      ],
      [
        15,
        5
      ],
      [
        25,
        5
      ]
    ],
    "overdue": [
      [
        39,
        6.0
      ],
      [
        35,
        3.5714285714285716
      ],
      [
        15,
        2.938144329896907
      ],
      [
        27,
        2.6599999999999997
      ],
      [
        8,
        2.2783505154639174
      ],
      [
        7,
        2.09
      ],
      [
        24,
        2.0594059405940595
      ],
      [
        18,
        1.8131868131868132
      ],
      [
        23,
        1.761467889908257
      ],
      [
        20,
        1.7333333333333332
      ]
    ]
  },
  "engine_predictions": {
    "advancedpattern": [
      1,
      11,
      14,
      17,
      36,
      40
    ],
    "gap": [
      1,
      7,
      13,
      19,
      25,
      31
    ],
    "graph": [
      3,
      17,
      33,
      36,
      37,
      40
    ],
    "lstm": [
      4,
      10,
      11,
      17,
      28,
      36
    ],
    "ml": [
      11,
      13,
      32,
      36,
      40,
      44
    ],
    "numerology": [
      17,
      22,
      23,
      24,
      25,
      26
    ],
    "pattern": [
      3,
      13,
      23,
      33,
      37,
      43
    ],
    "sequencecorrelation": [
      17,
      26,
      27,
      35,
      37,
      40
    ],
    "statistical": [
      7,
      8,
      15,
      24,
      27,
      33
    ],
    "timeseries": [
      4,
      7,
      8,
      9,
      28,
      33
    ]
  },
  "predicted_sets": [
    {
      "numbers": [
        4,
        11,
        17,
        25,
        36,
        40
      ],
      "confidence": 72.63333333333333
    },
    {
      "numbers": [
        8,
        11,
        17,
        23,
        36,
        40
      ],
      "confidence": 72.63333333333333
    },
    {
      "numbers": [
        1,
        17,
        23,
        36,
        40,
        44
      ],
      "confidence": 72.0
    },
    {
      "numbers": [
        1,
        11,
        17,
        26,
        33,
        40
      ],
      "confidence": 71.75833333333334
    },
    {
      "numbers": [
        8,
        11,
        17,
        23,
        33,
        36
      ],
      "confidence": 71.75833333333334
    },
    {
      "numbers": [
        3,
        7,
        17,
        28,
        36,
        40
      ],
      "confidence": 71.75833333333334
    },
    {
      "numbers": [
        8,
        17,
        26,
        33,
        37,
        40
      ],
      "confidence": 71.75833333333334
    },
    {
      "numbers": [
        8,
        11,
        23,
        36,
        37,
        40
      ],
      "confidence": 71.3
    },
    {
      "numbers": [
        11,
        13,
        28,
        36,
        37,
        40
      ],
      "confidence": 71.26666666666667
    },
    {
      "numbers": [
        1,
        13,
        17,
        24,
        36,
        37
      ],
      "confidence": 71.09166666666667
    },
    {
      "numbers": [
        3,
        17,
        24,
        28,
        33,
        36
      ],
      "confidence": 71.09166666666667
    },
    {
      "numbers": [
        4,
        7,
        13,
        17,
        28,
        40
      ],
      "confidence": 71.09166666666667
    },
    {
      "numbers": [
        3,
        8,
        17,
        27,
        36,
        40
      ],
      "confidence": 71.09166666666667
    },
    {
      "numbers": [
        3,
        8,
        11,
        17,
        33,
        40
      ],
      "confidence": 71.05833333333334
    },
    {
      "numbers": [
        8,
        17,
        27,
        33,
        36,
        37
      ],
      "confidence": 70.88333333333333
    },
    {
      "numbers": [
        8,
        17,
        23,
        33,
        36,
        37
      ],
      "confidence": 70.88333333333333
    },
    {
      "numbers": [
        1,
        3,
        17,
        25,
        28,
        36
      ],
      "confidence": 70.63333333333333
    },
    {
      "numbers": [
        7,
        11,
        23,
        26,
        33,
        40
      ],
      "confidence": 70.42500000000001
    },
    {
      "numbers": [
        7,
        11,
        13,
        33,
        36,
        44
      ],
      "confidence": 70.42500000000001
    },
    {
      "numbers": [
        7,
        11,
        23,
        24,
        33,
        36
      ],
      "confidence": 70.42500000000001
    },
    {
      "numbers": [
        1,
        17,
        24,
        28,
        36,
        37
      ],
      "confidence": 70.42500000000001
    },
    {
      "numbers": [
        4,
        8,
        17,
        26,
        37,
        40
      ],
      "confidence": 70.42500000000001
    },
    {
      "numbers": [
        11,
        23,
        24,
        33,
        36,
        40
      ],
      "confidence": 70.39166666666667
    },
    {
      "numbers": [
        1,
        7,
        26,
        33,
        36,
        40
      ],
      "confidence": 70.39166666666667
    },
    {
      "numbers": [
        11,
        23,
        25,
        33,
        36,
        40
      ],
      "confidence": 70.39166666666667
    },
    {
      "numbers": [
        7,
        8,
        11,
        17,
        26,
        36
      ],
      "confidence": 70.10718809709823
    },
    {
      "numbers": [
        7,
        8,
        24,
        25,
        33,
        40
      ],
      "confidence": 69.93333333333334
    },
    {
      "numbers": [
        3,
        24,
        25,
        36,
        37,
        40
      ],
      "confidence": 69.93333333333334
    },
    {
      "numbers": [
        1,
        11,
        23,
        36,
        40,
        44
      ],
      "confidence": 69.79166666666667
    },
    {
      "numbers": [
        11,
        17,
        24,
        26,
        33,
        44
      ],
      "confidence": 69.75833333333334
    },
    {
      "numbers": [
        8,
        11,
        13,
        24,
        33,
        37
      ],
      "confidence": 69.75833333333334
    },
    {
      "numbers": [
        4,
        17,
        23,
        27,
        28,
        40
      ],
      "confidence": 69.75833333333334
    },
    {
      "numbers": [
        4,
        16,
        17,
        24,
        33,
        40
      ],
      "confidence": 69.75833333333334
    },
    {
      "numbers": [
        8,
        13,
        16,
        17,
        33,
        40
      ],
      "confidence": 69.725
    },
    {
      "numbers": [
        4,
        7,
        8,
        13,
        33,
        40
      ],
      "confidence": 69.61552143043158
    },
    {
      "numbers": [
        4,
        13,
        17,
        23,
        40,
        44
      ],
      "confidence": 69.58333333333334
    },
    {
      "numbers": [
        1,
        17,
        24,
        33,
        37,
        44
      ],
      "confidence": 69.58333333333334
    },
    {
      "numbers": [
        4,
        7,
        17,
        26,
        27,
        40
      ],