{
  "latest_round": 1204,
  "next_round": 1205,
  "hot_cold": {
    "hot": [
      [
        16,
        11
      ],
      [
        3,
        10
      ],
      [
        7,
        10
      ],
      [
        27,
        10
      ],
      [
        39,
        10
      ],
      [
        12,
        9
      ],
      [
        24,
        9
      ],
      [
        28,
        9
      ],
      [
        37,
        9
      ],
      [
        6,
        8
      ]
    ],
    "cold": [
      [
        10,
        3
      ],
      [
        22,
        3
      ],
      [
        2,
        4
      ],
      [
        14,
        4
      ],
      [
        34,
        4
      ],
      [
        43,
        4
      ],
      [
        44,
        4
      ],
      [
        1,
        5
      ],
      [
        4,
        5
      ],
      [
        11,
        5
      ]
    ],
    "overdue": [
      [
        42,
        3.7084398976982094
      ],
      [
        14,
        2.847457627118644
      ],
      [
        17,
        2.6658163265306123
      ],
      [
        22,
        1.8927659574468085
      ],
      [
        11,
        1.7727272727272727
      ],
      [
        10,
        1.5717884130982367
      ],
      [
        19,
        1.5159663865546218
      ]
    ]
  },
  "engine_predictions": {
    "advancedpattern": [
      8,
      16,
      28,
      30,
      31,
      44
    ],
    "gap": [
      1,
      7,
      13,
      19,
      25,
      31
    ],
    "graph": [
      13,
      20,
      24,
      27,
      33,
      40
    ],
    "lstm": [
      16,
      28,
      30,
      31,
      33,
      35
    ],
    "ml": [
      3,
      7,
      9,
      24,
      38,
      40
    ],
    "numerology": [
      13,
      16,
      17,
      22,
      23,
      25
    ],
    "pattern": [
      3,
      11,
      13,
      23,
      33,
      43
    ],
    "sequencecorrelation": [
      16,
      26,
      33,
      34,
      40,
      44
    ],
    "statistical": [
      11,
      14,
      15,
      17,
      19,
      42
    ],
    "timeseries": [
      1,
      14,
      15,
      17,
      26,
      33
    ]
  },
  "predicted_sets": [
    {
      "numbers": [
        8,
        16,
        30,
        31,
        33,
        44
      ],
      "confidence": 71.33333333333334
    },
    {
      "numbers": [
        1,
        7,
        16,
        30,
        33,
        44
      ],
      "confidence": 71.33333333333334
    },
    {
      "numbers": [
        13,
        16,
        17,
        24,
        28,
        40
      ],
      "confidence": 70.6
    },
    {
      "numbers": [
        7,
        14,
        16,
        19,
        31,
        33
      ],
      "confidence": 70.6
    },
    {
      "numbers": [
        8,
        16,
        17,
        28,
        31,
        33
      ],
      "confidence": 70.42500000000001
    },
    {
      "numbers": [
        3,
        13,
        16,
        31,
        40,
        44
      ],
      "confidence": 70.42500000000001
    },
    {
      "numbers": [
        1,
        16,
        17,
        26,
        28,
        33
      ],
      "confidence": 70.42500000000001
    },
    {
      "numbers": [
        1,
        16,
        30,
        31,
        33,
        40
      ],
      "confidence": 70.21666666666667
    },
    {
      "numbers": [
        3,
        16,
        17,
        19,
        31,
        44
      ],
      "confidence": 69.96666666666667
    },
    {
      "numbers": [
        8,
        13,
        16,
        17,
        19,
        40
      ],
      "confidence": 69.93333333333334
    },
    {
      "numbers": [
        16,
        17,
        19,
        31,
        40,
        44
      ],
      "confidence": 69.93333333333334
    },
    {
      "numbers": [
        7,
        16,
        17,
        28,
        31,
        40
      ],
      "confidence": 69.75833333333334
    },
    {
      "numbers": [
        1,
        13,
        16,
        19,
        30,
        40
      ],
      "confidence": 69.75833333333334
    },
    {
      "numbers": [
        8,
        17,
        30,
        31,
        33,
        40
      ],
      "confidence": 69.75833333333334
    },
    {
      "numbers": [
        11,
        16,
        23,
        30,
        33,
        44
      ],
      "confidence": 69.75833333333334
    },
    {
      "numbers": [
        3,
        13,
        15,
        28,
        33,
        40
      ],
      "confidence": 69.55
    },
    {
      "numbers": [
        1,
        3,
        16,
        24,
        31,
        33
      ],
      "confidence": 69.55
    },
    {
      "numbers": [
        11,
        13,
        16,
        26,
        30,
        33
      ],
      "confidence": 69.51666666666667
    },
    {
      "numbers": [
        13,
        15,
        16,
        24,
        26,
        33
      ],
      "confidence": 69.51666666666667
    },
    {
      "numbers": [
        11,
        16,
        23,
        31,
        33,
        40
      ],
      "confidence": 69.51666666666667
    },
    {
      "numbers": [
        1,
        7,
        26,
        30,
        33,
        44
      ],
      "confidence": 69.3
    },
    {
      "numbers": [
        1,
        14,
        19,
        28,
        30,
        33
      ],
      "confidence": 69.3
    },
    {
      "numbers": [
        1,
        16,
        19,
        30,
        31,
        44
      ],
      "confidence": 69.125
    },
    {
      "numbers": [
        1,
        3,
        15,
        30,
        33,
        44
      ],
      "confidence": 69.125
    },
    {
      "numbers": [
        3,
        7,
        16,
        19,
        28,
        33
      ],
      "confidence": 69.07214882633764
    },
    {
      "numbers": [
        1,
        8,
        13,
        19,
        33,
        40
      ],
      "confidence": 69.05833333333334
    },
    {
      "numbers": [
        3,
        8,
        15,
        16,
        33,
        40
      ],
      "confidence": 69.05833333333334
    },
    {
      "numbers": [
        13,
        14,
        15,
        16,
        24,
        40
      ],
      "confidence": 69.05833333333334
    },
    {
      "numbers": [
        3,
        7,
        16,
        17,
        31,
        40
      ],
      "confidence": 69.05833333333334
    },
    {
      "numbers": [
        11,
        13,
        16,
        24,
        30,
        31
      ],
      "confidence": 69.05833333333334
    },
    {
      "numbers": [
        13,
        16,
        24,
        26,
        31,
        44
      ],
      "confidence": 68.88333333333333
    },
    {
      "numbers": [
        1,
        7,
        16,
        28,
        30,
        44
      ],
      "confidence": 68.63333333333333
    },
    {
      "numbers": [
        3,
        19,
        26,
        28,
        31,
        40
      ],
      "confidence": 68.63333333333333
    },
    {
      "numbers": [
        15,
        16,
        17,
        23,
        30,
        44
      ],
      "confidence": 68.6
    },
    {
      "numbers": [
        3,
        11,
        14,
        16,
        28,
        33
      ],
      "confidence": 68.57214882633764
    },
    {
      "numbers": [
        8,
        14,
        15,
        30,
        33,
        44
      ],
      "confidence": 68.45833333333334
    },
    {
      "numbers": [
        1,
        17,
        19,
        28,
        31,
        44
      ],
      "confidence": 68.45833333333334
    },
    {
      "numbers": [
        3,
        7,
        17,
        28,
        31,
        44
      ],
      "confidence": 68.45833333333334
    },
    {
      "numbers": [
        3,
        16,
        26,
        28,
        30,
        31
      ],
      "confidence": 68.42500000000001
    },
    {
      "numbers": [
        1,
        13,
        14,
        17,
        26,
        44
      ],