{
  "latest_round": 1174,
  "next_round": 1175,
  "hot_cold": {
    "hot": [
      [
        7,
        10
      ],
      [
        27,
        10
      ],
      [
        28,
        10
      ],
      [
        37,
        10
      ],
      [
        38,
        10
      ],
      [
        9,
        9
      ],
      [
        15,
        9
      ],
      [
        6,
        8
      ],
      [
        11,
        8
      ],
      [
        12,
        8
      ]
    ],
    "cold": [
      [
        43,
        2
      ],
      [
        23,
        3
      ],
      [
        41,
        3
      ],
      [
        4,
        4
      ],
      [
        18,
        4
      ],
      [
        22,
        4
      ],
      [
        32,
        4
      ],
      [
        1,
        5
      ],
      [
        36,
        5
      ],
      [
        44,
        5
      ]
    ],
    "overdue": [
      [
        4,
        2.6550218340611353
      ],
      [
        19,
        2.6223958333333335
      ],
      [
        10,
        2.535528596187175
      ],
      [
        41,
        2.1894005212858385
      ],
      [
        32,
        1.8823529411764706
      ],
      [
        43,
        1.5192307692307692
      ]
    ]
  },
  "engine_predictions": {
    "advancedpattern": [
      8,
      11,
      14,
      17,
      36,
      39
    ],
    "gap": [
      1,
      7,
      13,
      19,
      25,
      31
    ],
    "graph": [
      11,
      12,
      14,
      27,
      34,
      45
    ],
    "lstm": [
      7,
      11,
      17,
      24,
      39,
      42
    ],
    "ml": [
      1,
      5,
      10,
      11,
      13,
      42
    ],
    "numerology": [
      17,
      22,
      23,
      24,
      25,
      31
    ],
    "pattern": [
      3,
      11,
      13,
      23,
      33,
      43
    ],
    "sequencecorrelation": [
      4,
      18,
      24,
      34,
      40,
      43
    ],
    "statistical": [
      4,
      10,
      19,
      27,
      32,
      41
    ],
    "timeseries": [
      22,
      23,
      29,
      32,
      43,
      45
    ]
  },
  "predicted_sets": [
    {
      "numbers": [
        8,
        11,
        17,
        24,
        39,
        43
      ],
      "confidence": 71.33333333333334
    },
    {
      "numbers": [
        10,
        11,
        23,
        24,
        39,
        43
      ],
      "confidence": 71.125
    },
    {
      "numbers": [
        4,
        11,
        17,
        23,
        32,
        43
      ],
      "confidence": 71.125
    },
    {
      "numbers": [
        10,
        11,
        17,
        22,
        23,
        39
      ],
      "confidence": 70.63333333333333
    },
    {
      "numbers": [
        7,
        11,
        23,
        24,
        36,
        43
      ],
      "confidence": 70.45833333333334
    },
    {
      "numbers": [
        8,
        11,
        14,
        23,
        32,
        45
      ],
      "confidence": 70.0
    },
    {
      "numbers": [
        8,
        11,
        22,
        23,
        39,
        45
      ],
      "confidence": 70.0
    },
    {
      "numbers": [
        8,
        10,
        11,
        17,
        23,
        42
      ],
      "confidence": 69.96666666666667
    },
    {
      "numbers": [
        11,
        14,
        17,
        23,
        32,
        39
      ],
      "confidence": 69.93333333333334
    },
    {
      "numbers": [
        4,
        11,
        23,
        36,
        39,
        43
      ],
      "confidence": 69.79166666666667
    },
    {
      "numbers": [
        8,
        11,
        17,
        23,
        32,
        42
      ],
      "confidence": 69.79166666666667
    },
    {
      "numbers": [
        8,
        13,
        17,
        24,
        32,
        45
      ],
      "confidence": 69.33333333333334
    },
    {
      "numbers": [
        7,
        11,
        19,
        32,
        36,
        43
      ],
      "confidence": 69.3
    },
    {
      "numbers": [
        11,
        17,
        22,
        27,
        36,
        43
      ],
      "confidence": 69.09166666666667
    },
    {
      "numbers": [
        4,
        11,
        22,
        23,
        42,
        45
      ],
      "confidence": 69.09166666666667
    },
    {
      "numbers": [
        10,
        11,
        14,
        31,
        32,
        43
      ],
      "confidence": 69.09166666666667
    },
    {
      "numbers": [
        11,
        14,
        19,
        22,
        39,
        43
      ],
      "confidence": 69.09166666666667
    },
    {
      "numbers": [
        4,
        7,
        11,
        24,
        32,
        39
      ],
      "confidence": 69.09166666666667
    },
    {
      "numbers": [
        11,
        13,
        14,
        27,
        31,
        42
      ],
      "confidence": 69.09166666666667
    },
    {
      "numbers": [
        10,
        11,
        19,
        31,
        42,
        43
      ],
      "confidence": 69.09166666666667
    },
    {
      "numbers": [
        11,
        14,
        17,
        22,
        23,
        42
      ],
      "confidence": 69.05833333333334
    },
    {
      "numbers": [
        4,
        11,
        17,
        24,
        27,
        42
      ],
      "confidence": 68.88333333333333
    },
    {
      "numbers": [
        11,
        14,
        24,
        32,
        42,
        43
      ],
      "confidence": 68.88333333333333
    },
    {
      "numbers": [
        11,
        23,
        24,
        32,
        39,
        42
      ],
      "confidence": 68.87972638231572
    },
    {
      "numbers": [
        4,
        10,
        17,
        31,
        43,
        45
      ],
      "confidence": 68.63333333333333
    },
    {
      "numbers": [
        10,
        11,
        14,
        17,
        32,
        36
      ],
      "confidence": 68.6
    },
    {
      "numbers": [
        4,
        17,
        24,
        32,
        36,
        43
      ],
      "confidence": 68.45833333333334
    },
    {
      "numbers": [
        7,
        13,
        19,
        24,
        36,
        43
      ],
      "confidence": 68.45833333333334
    },
    {
      "numbers": [
        10,
        14,
        23,
        24,
        31,
        42
      ],
      "confidence": 68.45833333333334
    },
    {
      "numbers": [
        8,
        11,
        22,
        23,
        27,
        32
      ],
      "confidence": 68.42500000000001
    },
    {
      "numbers": [
        8,
        10,
        11,
        17,
        32,
        42
      ],
      "confidence": 68.42500000000001
    },
    {
      "numbers": [
        7,
        10,
        13,
        22,
        24,
        31
      ],
      "confidence": 68.3654589206462
    },
    {
      "numbers": [
        4,
        11,
        14,
        24,
        27,
        32
      ],
      "confidence": 68.21666666666667
    },
    {
      "numbers": [
        8,
        14,
        22,
        31,
        43,
        45
      ],
      "confidence": 68.0
    },
    {
      "numbers": [
        8,
        10,
        13,
        27,
        31,
        42
      ],
      "confidence": 68.0
    },
    {
      "numbers": [
        8,
        10,
        19,
        24,
        32,
        45
      ],
      "confidence": 68.0
    },
    {
      "numbers": [
        4,
        8,
        17,
        19,
        22,
        43
      ],
      "confidence": 67.96666666666667
    },
    {
      "numbers": [
        8,
        10,
        13,
        24,
        27,
        45
      ],
      "confidence": 67.96666666666667
    },
    {
      "numbers": [
        10,
        23,
        24,
        27,
        32,
        39
      ],
      "confidence": 67.93333333333334
    },
    {
      "numbers": [
        7,
        13,
        14,
        27,
        32,
        45
      ],