{
  "latest_round": 543,
  "next_round": 544,
  "hot_cold": {
    "hot": [
      [
        23,
        11
      ],
      [
        5,
        10
      ],
      [
        12,
        10
      ],
      [
        13,
        10
      ],
      [
        26,
        10
      ],
      [
        27,
        10
      ],
      [
        32,
        10
      ],
      [
        34,
        10
      ],
      [
        43,
        10
      ],
      [
        29,
        9
      ]
    ],
    "cold": [
      [
        2,
        2
      ],
      [
        21,
        2
      ],
      [
        16,
        3
      ],
      [
        19,
        3
      ],
      [
        25,
        3
      ],
      [
        45,
        3
      ],
      [
        10,
        4
      ],
      [
        28,
        4
      ],
      [
        3,
        5
      ],
      [
        9,
        5
      ]
    ],
    "overdue": [
      [
        2,
        3.5009823182711197
      ],
      [
        4,
        2.9571984435797662
      ],
      [
        40,
        2.5332068311195446
      ],
      [
        20,
        2.3654223968565815
      ],
      [
        25,
        2.0247148288973382
      ],
      [
        1,
        1.8923076923076922
      ],
      [
        27,
        1.8636363636363635
      ],
      [
        35,
        1.567251461988304
      ]
    ]
  },
  "engine_predictions": {
    "advancedpattern": [
      13,
      18,
      26,
      31,
      34,
      44
    ],
    "gap": [
      1,
      7,
      13,
      19,
      25,
      31
    ],
    "graph": [
      18,
      20,
      26,
      34,
      37,
      40
    ],
    "lstm": [
      13,
      18,
      26,
      31,
      32,
      34
    ],
    "ml": [
      14,
      18,
      26,
      33,
      34,
      38
    ],
    "numerology": [
      17,
      22,
      23,
      24,
      25,
      31
    ],
    "pattern": [
      3,
      13,
      23,
      33,
      35,
      43
    ],
    "sequencecorrelation": [
      1,
      5,
      8,
      20,
      31,
      42
    ],
    "statistical": [
      1,
      4,
      20,
      27,
      29,
      40
    ],
    "timeseries": [
      14,
      16,
      17,
      21,
      37,
      39
    ]
  },
  "predicted_sets": [
    {
      "numbers": [
        1,
        13,
        18,
        26,
        31,
        37
      ],
      "confidence": 73.09166666666667
    },
    {
      "numbers": [
        1,
        13,
        18,
        26,
        34,
        44
      ],
      "confidence": 72.45833333333334
    },
    {
      "numbers": [
        4,
        18,
        20,
        26,
        31,
        37
      ],
      "confidence": 71.96666666666667
    },
    {
      "numbers": [
        4,
        13,
        20,
        26,
        31,
        37
      ],
      "confidence": 71.96666666666667
    },
    {
      "numbers": [
        13,
        18,
        25,
        26,
        34,
        40
      ],
      "confidence": 71.93333333333334
    },
    {
      "numbers": [
        18,
        25,
        26,
        29,
        31,
        34
      ],
      "confidence": 71.93333333333334
    },
    {
      "numbers": [
        13,
        17,
        26,
        31,
        34,
        38
      ],
      "confidence": 71.93333333333334
    },
    {
      "numbers": [
        1,
        13,
        18,
        20,
        26,
        40
      ],
      "confidence": 71.75833333333334
    },
    {
      "numbers": [
        1,
        20,
        26,
        33,
        34,
        37
      ],
      "confidence": 71.3
    },
    {
      "numbers": [
        1,
        17,
        20,
        23,
        26,
        34
      ],
      "confidence": 71.3
    },
    {
      "numbers": [
        1,
        13,
        17,
        18,
        34,
        40
      ],
      "confidence": 71.26666666666667
    },
    {
      "numbers": [
        13,
        20,
        26,
        29,
        31,
        37
      ],
      "confidence": 71.26666666666667
    },
    {
      "numbers": [
        1,
        18,
        20,
        23,
        31,
        44
      ],
      "confidence": 71.125
    },
    {
      "numbers": [
        1,
        13,
        18,
        31,
        40,
        44
      ],
      "confidence": 71.09166666666667
    },
    {
      "numbers": [
        13,
        23,
        26,
        31,
        34,
        38
      ],
      "confidence": 71.05833333333334
    },
    {
      "numbers": [
        1,
        13,
        14,
        20,
        31,
        34
      ],
      "confidence": 70.85
    },
    {
      "numbers": [
        1,
        14,
        18,
        26,
        33,
        37
      ],
      "confidence": 70.63333333333333
    },
    {
      "numbers": [
        1,
        18,
        26,
        27,
        29,
        31
      ],
      "confidence": 70.42500000000001
    },
    {
      "numbers": [
        1,
        17,
        20,
        29,
        31,
        34
      ],
      "confidence": 70.42500000000001
    },
    {
      "numbers": [
        13,
        17,
        18,
        20,
        26,
        37
      ],
      "confidence": 70.39166666666667
    },
    {
      "numbers": [
        13,
        20,
        26,
        27,
        31,
        37
      ],
      "confidence": 70.39166666666667
    },
    {
      "numbers": [
        13,
        14,
        17,
        23,
        26,
        31
      ],
      "confidence": 70.39166666666667
    },
    {
      "numbers": [
        14,
        25,
        26,
        31,
        34,
        40
      ],
      "confidence": 70.2630480211999
    },
    {
      "numbers": [
        1,
        13,
        26,
        29,
        40,
        44
      ],
      "confidence": 70.0
    },
    {
      "numbers": [
        17,
        18,
        20,
        29,
        31,
        44
      ],
      "confidence": 69.96666666666667
    },
    {
      "numbers": [
        8,
        14,
        26,
        31,
        37,
        40
      ],
      "confidence": 69.96666666666667
    },
    {
      "numbers": [
        4,
        13,
        26,
        31,
        38,
        44
      ],
      "confidence": 69.79166666666667
    },
    {
      "numbers": [
        1,
        13,
        18,
        20,
        27,
        37
      ],
      "confidence": 69.75833333333334
    },
    {
      "numbers": [
        17,
        20,
        26,
        31,
        33,
        37
      ],
      "confidence": 69.725
    },
    {
      "numbers": [
        8,
        13,
        18,
        20,
        34,
        37
      ],
      "confidence": 69.725
    },
    {
      "numbers": [
        18,
        26,
        27,
        31,
        34,
        37
      ],
      "confidence": 69.42971468786656
    },
    {
      "numbers": [
        13,
        17,
        20,
        25,
        34,
        38
      ],
      "confidence": 69.26666666666668
    },
    {
      "numbers": [
        4,
        8,
        13,
        25,
        26,
        34
      ],
      "confidence": 69.09166666666667
    },
    {
      "numbers": [
        8,
        13,
        23,
        26,
        29,
        34
      ],
      "confidence": 69.09166666666667
    },
    {
      "numbers": [
        1,
        14,
        17,
        26,
        29,
        34
      ],
      "confidence": 69.09166666666667
    },
    {
      "numbers": [
        17,
        18,
        23,
        31,
        33,
        40
      ],
      "confidence": 69.05833333333334
    },
    {
      "numbers": [
        8,
        13,
        31,
        34,
        38,
        40
      ],
      "confidence": 69.05833333333334
    },
    {
      "numbers": [
        13,
        18,
        26,
        27,
        37,
        40
      ],
      "confidence": 69.05833333333334
    },
    {
      "numbers": [
        18,
        23,
        26,
        27,
        31,
        38
      ],