{
  "latest_round": 1019,
  "next_round": 1020,
  "hot_cold": {
    "hot": [
      [
        18,
        10
      ],
      [
        37,
        10
      ],
      [
        44,
        10
      ],
      [
        11,
        9
      ],
      [
        13,
        9
      ],
      [
        16,
        9
      ],
      [
        17,
        9
      ],
      [
        21,
        9
      ],
      [
        23,
        9
      ],
      [
        26,
        9
      ]
    ],
    "cold": [
      [
        5,
        2
      ],
      [
        40,
        2
      ],
      [
        19,
        3
      ],
      [
        32,
        3
      ],
      [
        43,
        3
      ],
      [
        10,
        4
      ],
      [
        28,
        4
      ],
      [
        38,
        4
      ],
      [
        6,
        5
      ],
      [
        30,
        5
      ]
    ],
    "overdue": [
      [
        2,
        2.583081570996979
      ],
      [
        10,
        2.484
      ],
      [
        43,
        2.357723577235772
      ],
      [
        6,
        2.2796352583586628
      ],
      [
        32,
        2.1513026052104207
      ],
      [
        7,
        1.9939577039274925
      ],
      [
        24,
        1.89
      ],
      [
        8,
        1.5975975975975976
      ],
      [
        16,
        1.5776892430278884
      ]
    ]
  },
  "engine_predictions": {
    "advancedpattern": [
      1,
      4,
      13,
      17,
      34,
      39
    ],
    "gap": [
      1,
      7,
      13,
      19,
      25,
      31
    ],
    "graph": [
      12,
      17,
      18,
      21,
      34,
      43
    ],
    "lstm": [
      3,
      12,
      18,
      26,
      34,
      37
    ],
    "ml": [
      1,
      5,
      13,
      16,
      20,
      34
    ],
    "numerology": [
      17,
      22,
      23,
      24,
      25,
      31
    ],
    "pattern": [
      3,
      11,
      13,
      23,
      33,
      43
    ],
    "sequencecorrelation": [
      17,
      18,
      24,
      42,
      43,
      44
    ],
    "statistical": [
      2,
      6,
      8,
      10,
      16,
      24
    ],
    "timeseries": [
      8,
      9,
      20,
      26,
      32,
      38
    ]
  },
  "predicted_sets": [
    {
      "numbers": [
        1,
        13,
        17,
        26,
        34,
        43
      ],
      "confidence": 72.45833333333334
    },
    {
      "numbers": [
        1,
        12,
        17,
        18,
        24,
        43
      ],
      "confidence": 71.3
    },
    {
      "numbers": [
        1,
        17,
        18,
        20,
        24,
        34
      ],
      "confidence": 71.09166666666667
    },
    {
      "numbers": [
        17,
        18,
        24,
        25,
        34,
        43
      ],
      "confidence": 71.09166666666667
    },
    {
      "numbers": [
        1,
        13,
        17,
        24,
        26,
        43
      ],
      "confidence": 71.09166666666667
    },
    {
      "numbers": [
        12,
        13,
        17,
        26,
        31,
        34
      ],
      "confidence": 70.6
    },
    {
      "numbers": [
        8,
        13,
        16,
        17,
        20,
        34
      ],
      "confidence": 70.6
    },
    {
      "numbers": [
        1,
        12,
        13,
        17,
        34,
        39
      ],
      "confidence": 70.6
    },
    {
      "numbers": [
        1,
        12,
        17,
        24,
        26,
        34
      ],
      "confidence": 70.42500000000001
    },
    {
      "numbers": [
        8,
        13,
        16,
        17,
        24,
        43
      ],
      "confidence": 70.42500000000001
    },
    {
      "numbers": [
        5,
        12,
        13,
        17,
        34,
        43
      ],
      "confidence": 70.42500000000001
    },
    {
      "numbers": [
        13,
        16,
        17,
        18,
        26,
        34
      ],
      "confidence": 70.39166666666667
    },
    {
      "numbers": [
        1,
        4,
        17,
        24,
        34,
        43
      ],
      "confidence": 70.25
    },
    {
      "numbers": [
        12,
        13,
        17,
        23,
        34,
        43
      ],
      "confidence": 70.21666666666667
    },
    {
      "numbers": [
        3,
        13,
        16,
        17,
        24,
        34
      ],
      "confidence": 70.05637464874593
    },
    {
      "numbers": [
        1,
        16,
        24,
        34,
        39,
        43
      ],
      "confidence": 69.79166666666667
    },
    {
      "numbers": [
        1,
        12,
        16,
        26,
        34,
        43
      ],
      "confidence": 69.79166666666667
    },
    {
      "numbers": [
        8,
        13,
        17,
        18,
        25,
        31
      ],
      "confidence": 69.75833333333334
    },
    {
      "numbers": [
        1,
        13,
        18,
        24,
        25,
        31
      ],
      "confidence": 69.75833333333334
    },
    {
      "numbers": [
        1,
        17,
        24,
        25,
        34,
        39
      ],
      "confidence": 69.75833333333334
    },
    {
      "numbers": [
        8,
        13,
        20,
        24,
        25,
        34
      ],
      "confidence": 69.75833333333334
    },
    {
      "numbers": [
        8,
        12,
        13,
        20,
        34,
        43
      ],
      "confidence": 69.75833333333334
    },
    {
      "numbers": [
        13,
        17,
        20,
        24,
        25,
        43
      ],
      "confidence": 69.725
    },
    {
      "numbers": [
        11,
        13,
        17,
        20,
        24,
        34
      ],
      "confidence": 69.725
    },
    {
      "numbers": [
        1,
        4,
        8,
        17,
        34,
        43
      ],
      "confidence": 69.59804131541262
    },
    {
      "numbers": [
        1,
        3,
        12,
        24,
        34,
        43
      ],
      "confidence": 69.58333333333334
    },
    {
      "numbers": [
        4,
        13,
        17,
        18,
        24,
        43
      ],
      "confidence": 69.55
    },
    {
      "numbers": [
        5,
        12,
        17,
        23,
        31,
        34
      ],
      "confidence": 69.3
    },
    {
      "numbers": [
        5,
        13,
        20,
        26,
        31,
        34
      ],
      "confidence": 69.3
    },
    {
      "numbers": [
        1,
        13,
        20,
        24,
        25,
        26
      ],
      "confidence": 69.26666666666668
    },
    {
      "numbers": [
        8,
        12,
        23,
        31,
        34,
        43
      ],
      "confidence": 69.125
    },
    {
      "numbers": [
        11,
        18,
        24,
        25,
        34,
        43
      ],
      "confidence": 69.09166666666667
    },
    {
      "numbers": [
        11,
        12,
        18,
        24,
        34,
        43
      ],
      "confidence": 69.09166666666667
    },
    {
      "numbers": [
        8,
        13,
        24,
        25,
        26,
        43
      ],
      "confidence": 69.09166666666667
    },
    {
      "numbers": [
        3,
        11,
        16,
        17,
        34,
        43
      ],
      "confidence": 69.09166666666667
    },
    {
      "numbers": [
        1,
        13,
        18,
        24,
        31,
        39
      ],
      "confidence": 69.09166666666667
    },
    {
      "numbers": [
        13,
        16,
        17,
        24,
        26,
        43
      ],
      "confidence": 68.85
    },
    {
      "numbers": [
        1,
        12,
        13,
        17,
        18,
        43
      ],
      "confidence": 68.73137464874594
    },
    {
      "numbers": [
        5,
        12,
        18,
        26,
        31,
        43
      ],