{
  "latest_round": 38,
  "next_round": 39,
  "hot_cold": {
    "hot": [
      [
        37,
        13
      ],
      [
        40,
        12
      ],
      [
        25,
        9
      ],
      [
        42,
        8
      ],
      [
        4,
        7
      ],
      [
        7,
        7
      ],
      [
        9,
        7
      ],
      [
        17,
        7
      ],
      [
        26,
        7
      ],
      [
        30,
        7
      ]
    ],
    "cold": [
      [
        15,
        1
      ],
      [
        45,
        1
      ],
      [
        22,
        2
      ],
      [
        24,
        2
      ],
      [
        10,
        3
      ],
      [
        11,
        3
      ],
      [
        12,
        3
      ],
      [
        28,
        3
      ],
      [
        29,
        3
      ],
      [
        34,
        3
      ]
    ],
    "overdue": [
      [
        38,
        6.333333333333333
      ],
      [
        12,
        4.857142857142857
      ],
      [
        5,
        3.8571428571428568
      ],
      [
        31,
        3.7777777777777777
      ],
      [
        18,
        3.1818181818181817
      ],
      [
        20,
        2.4
      ],
      [
        39,
        2.142857142857143
      ],
      [
        24,
        2.0
      ],
      [
        21,
        1.6956521739130435
      ],
      [
        6,
        1.6666666666666665
      ]
    ]
  },
  "engine_predictions": {
    "advancedpattern": [
      7,
      17,
      30,
      33,
      37,
      43
    ],
    "gap": [
      2,
      8,
      14,
      20,
      26,
      32
    ],
    "graph": [
      9,
      25,
      26,
      37,
      40,
      42
    ],
    "lstm": [
      7,
      26,
      30,
      35,
      37,
      40
    ],
    "numerology": [
      16,
      17,
      22,
      23,
      25,
      31
    ],
    "pattern": [
      10,
      20,
      30,
      32,
      40,
      42
    ],
    "sequencecorrelation": [
      2,
      13,
      33,
      35,
      37,
      40
    ],
    "statistical": [
      5,
      6,
      18,
      20,
      25,
      39
    ],
    "timeseries": [
      5,
      15,
      20,
      22,
      24,
      45
    ]
  },
  "predicted_sets": [
    {
      "numbers": [
        2,
        17,
        20,
        25,
        26,
        37
      ],
      "confidence": 71.75833333333333
    },
    {
      "numbers": [
        7,
        20,
        26,
        32,
        37,
        40
      ],
      "confidence": 71.62407407407407
    },
    {
      "numbers": [
        2,
        20,
        26,
        35,
        40,
        43
      ],
      "confidence": 70.97685185185185
    },
    {
      "numbers": [
        6,
        20,
        30,
        33,
        37,
        40
      ],
      "confidence": 70.88333333333333
    },
    {
      "numbers": [
        5,
        16,
        22,
        37,
        40,
        43
      ],
      "confidence": 70.37037037037038
    },
    {
      "numbers": [
        2,
        5,
        17,
        26,
        40,
        43
      ],
      "confidence": 70.37037037037038
    },
    {
      "numbers": [
        5,
        17,
        22,
        26,
        40,
        43
      ],
      "confidence": 70.37037037037038
    },
    {
      "numbers": [
        6,
        7,
        20,
        25,
        32,
        37
      ],
      "confidence": 70.27685185185186
    },
    {
      "numbers": [
        5,
        17,
        22,
        26,
        30,
        40
      ],
      "confidence": 70.27685185185186
    },
    {
      "numbers": [
        6,
        20,
        22,
        30,
        33,
        37
      ],
      "confidence": 70.27685185185186
    },
    {
      "numbers": [
        7,
        18,
        20,
        25,
        37,
        43
      ],
      "confidence": 70.23611111111111
    },
    {
      "numbers": [
        6,
        7,
        20,
        25,
        26,
        37
      ],
      "confidence": 70.14259259259259
    },
    {
      "numbers": [
        9,
        20,
        26,
        30,
        40,
        43
      ],
      "confidence": 70.10185185185185
    },
    {
      "numbers": [
        16,
        20,
        22,
        25,
        33,
        40
      ],
      "confidence": 69.57685185185184
    },
    {
      "numbers": [
        2,
        7,
        22,
        25,
        26,
        40
      ],
      "confidence": 69.57685185185184
    },
    {
      "numbers": [
        16,
        25,
        26,
        30,
        32,
        37
      ],
      "confidence": 69.57685185185184
    },
    {
      "numbers": [
        5,
        18,
        20,
        32,
        37,
        42
      ],
      "confidence": 69.53611111111113
    },
    {
      "numbers": [
        5,
        6,
        18,
        26,
        37,
        40
      ],
      "confidence": 69.53611111111113
    },
    {
      "numbers": [
        6,
        7,
        18,
        25,
        37,
        40
      ],
      "confidence": 69.53611111111113
    },
    {
      "numbers": [
        7,
        17,
        26,
        30,
        33,
        42
      ],
      "confidence": 69.49537037037038
    },
    {
      "numbers": [
        7,
        16,
        25,
        35,
        37,
        40
      ],
      "confidence": 69.40185185185184
    },
    {
      "numbers": [
        7,
        16,
        20,
        25,
        35,
        40
      ],
      "confidence": 69.40185185185184
    },
    {
      "numbers": [
        2,
        9,
        20,
        22,
        25,
        40
      ],
      "confidence": 69.40185185185184
    },
    {
      "numbers": [
        2,
        16,
        17,
        30,
        37,
        40
      ],
      "confidence": 69.40185185185184
    },
    {
      "numbers": [
        5,
        6,
        20,
        30,
        33,
        40
      ],
      "confidence": 69.40185185185184
    },
    {
      "numbers": [
        5,
        16,
        17,
        20,
        26,
        37
      ],
      "confidence": 69.40185185185184
    },
    {
      "numbers": [
        7,
        16,
        17,
        25,
        37,
        40
      ],
      "confidence": 69.40185185185184
    },
    {
      "numbers": [
        6,
        7,
        20,
        25,
        35,
        40
      ],
      "confidence": 69.40185185185184
    },
    {
      "numbers": [
        6,
        18,
        30,
        37,
        40,
        43
      ],
      "confidence": 68.92883353752649
    },
    {
      "numbers": [
        5,
        16,
        17,
        20,
        32,
        40
      ],
      "confidence": 68.83611111111111
    },
    {
      "numbers": [
        5,
        9,
        20,
        32,
        33,
        40
      ],
      "confidence": 68.83611111111111
    },
    {
      "numbers": [
        5,
        6,
        22,
        26,
        30,
        37
      ],
      "confidence": 68.83611111111111
    },
    {
      "numbers": [
        5,
        16,
        22,
        30,
        33,
        40
      ],
      "confidence": 68.79537037037038
    },
    {
      "numbers": [
        9,
        17,
        30,
        32,
        33,
        40
      ],
      "confidence": 68.79537037037038
    },
    {
      "numbers": [
        7,
        16,
        22,
        25,
        35,
        40
      ],
      "confidence": 68.79537037037038
    },
    {
      "numbers": [
        16,
        17,
        20,
        30,
        33,
        42
      ],
      "confidence": 68.79537037037038
    },
    {
      "numbers": [
        9,
        16,
        20,
        25,
        26,
        32
      ],
      "confidence": 68.79537037037038
    },
    {
      "numbers": [
        2,
        9,
        20,
        25,
        33,
        43
      ],
      "confidence": 68.75462962962963
    },
    {
      "numbers": [
        2,
        9,
        17,
        30,
        37,
        43
      ],