{
  "latest_round": 243,
  "next_round": 244,
  "hot_cold": {
    "hot": [
      [
        20,
        13
      ],
      [
        44,
        12
      ],
      [
        11,
        11
      ],
      [
        5,
        10
      ],
      [
        37,
        10
      ],
      [
        2,
        9
      ],
      [
        3,
        9
      ],
      [
        4,
        9
      ],
      [
        14,
        9
      ],
      [
        19,
        9
      ]
    ],
    "cold": [
      [
        9,
        2
      ],
      [
        23,
        3
      ],
      [
        30,
        3
      ],
      [
        38,
        3
      ],
      [
        6,
        4
      ],
      [
        8,
        4
      ],
      [
        18,
        4
      ],
      [
        29,
        4
      ],
      [
        32,
        4
      ],
      [
        42,
        4
      ]
    ],
    "overdue": [
      [
        3,
        3.5576923076923075
      ],
      [
        18,
        3.4482758620689657
      ],
      [
        7,
        3.28436018957346
      ],
      [
        30,
        2.590909090909091
      ],
      [
        36,
        2.5342465753424657
      ],
      [
        25,
        2.323008849557522
      ],
      [
        33,
        1.9868995633187774
      ],
      [
        14,
        1.8407079646017699
      ],
      [
        5,
        1.7799043062200957
      ],
      [
        29,
        1.646288209606987
      ]
    ]
  },
  "engine_predictions": {
    "advancedpattern": [
      2,
      4,
      17,
      19,
      28,
      42
    ],
    "gap": [
      1,
      7,
      13,
      19,
      25,
      31
    ],
    "graph": [
      2,
      3,
      4,
      25,
      34,
      37
    ],
    "lstm": [
      2,
      4,
      19,
      21,
      24,
      28
    ],
    "ml": [
      2,
      6,
      19,
      24,
      30,
      42
    ],
    "numerology": [
      13,
      16,
      17,
      22,
      23,
      25
    ],
    "pattern": [
      5,
      15,
      25,
      33,
      35,
      45
    ],
    "sequencecorrelation": [
      4,
      13,
      14,
      19,
      25,
      30
    ],
    "statistical": [
      3,
      5,
      7,
      18,
      25,
      36
    ],
    "timeseries": [
      5,
      13,
      22,
      26,
      33,
      36
    ]
  },
  "predicted_sets": [
    {
      "numbers": [
        4,
        19,
        25,
        28,
        30,
        42
      ],
      "confidence": 73.3
    },
    {
      "numbers": [
        2,
        17,
        19,
        25,
        33,
        42
      ],
      "confidence": 73.125
    },
    {
      "numbers": [
        4,
        13,
        19,
        25,
        26,
        33
      ],
      "confidence": 73.09166666666667
    },
    {
      "numbers": [
        3,
        19,
        25,
        28,
        36,
        42
      ],
      "confidence": 72.66666666666666
    },
    {
      "numbers": [
        2,
        4,
        13,
        19,
        30,
        37
      ],
      "confidence": 72.63333333333333
    },
    {
      "numbers": [
        2,
        3,
        19,
        24,
        25,
        33
      ],
      "confidence": 72.42500000000001
    },
    {
      "numbers": [
        4,
        17,
        25,
        28,
        33,
        42
      ],
      "confidence": 72.0
    },
    {
      "numbers": [
        3,
        17,
        19,
        25,
        28,
        42
      ],
      "confidence": 71.96666666666667
    },
    {
      "numbers": [
        4,
        13,
        17,
        22,
        25,
        33
      ],
      "confidence": 71.75833333333334
    },
    {
      "numbers": [
        4,
        17,
        19,
        22,
        25,
        37
      ],
      "confidence": 71.75833333333334
    },
    {
      "numbers": [
        2,
        17,
        19,
        24,
        25,
        37
      ],
      "confidence": 71.75833333333334
    },
    {
      "numbers": [
        2,
        17,
        19,
        25,
        36,
        37
      ],
      "confidence": 71.75833333333334
    },
    {
      "numbers": [
        2,
        7,
        19,
        21,
        25,
        42
      ],
      "confidence": 71.75833333333334
    },
    {
      "numbers": [
        2,
        5,
        17,
        19,
        30,
        33
      ],
      "confidence": 71.3
    },
    {
      "numbers": [
        4,
        13,
        22,
        25,
        26,
        28
      ],
      "confidence": 71.26666666666667
    },
    {
      "numbers": [
        2,
        13,
        21,
        25,
        30,
        42
      ],
      "confidence": 71.09166666666667
    },
    {
      "numbers": [
        4,
        13,
        17,
        19,
        24,
        36
      ],
      "confidence": 71.09166666666667
    },
    {
      "numbers": [
        5,
        7,
        19,
        25,
        26,
        42
      ],
      "confidence": 71.09166666666667
    },
    {
      "numbers": [
        2,
        13,
        17,
        24,
        25,
        37
      ],
      "confidence": 71.09166666666667
    },
    {
      "numbers": [
        2,
        4,
        24,
        25,
        30,
        33
      ],
      "confidence": 71.05833333333334
    },
    {
      "numbers": [
        5,
        17,
        19,
        25,
        28,
        30
      ],
      "confidence": 71.05833333333334
    },
    {
      "numbers": [
        4,
        17,
        19,
        24,
        25,
        37
      ],
      "confidence": 70.88333333333333
    },
    {
      "numbers": [
        4,
        12,
        13,
        19,
        25,
        28
      ],
      "confidence": 70.79265589426456
    },
    {
      "numbers": [
        2,
        3,
        19,
        28,
        30,
        36
      ],
      "confidence": 70.63333333333333
    },
    {
      "numbers": [
        2,
        17,
        21,
        25,
        30,
        33
      ],
      "confidence": 70.63333333333333
    },
    {
      "numbers": [
        12,
        13,
        19,
        25,
        28,
        30
      ],
      "confidence": 70.56666666666666
    },
    {
      "numbers": [
        2,
        5,
        17,
        19,
        24,
        36
      ],
      "confidence": 70.49265589426454
    },
    {
      "numbers": [
        2,
        4,
        13,
        17,
        30,
        36
      ],
      "confidence": 69.99265589426454
    },
    {
      "numbers": [
        2,
        5,
        19,
        21,
        30,
        37
      ],
      "confidence": 69.96666666666667
    },
    {
      "numbers": [
        5,
        7,
        19,
        28,
        30,
        33
      ],
      "confidence": 69.96666666666667
    },
    {
      "numbers": [
        5,
        17,
        19,
        22,
        28,
        36
      ],
      "confidence": 69.96666666666667
    },
    {
      "numbers": [
        2,
        21,
        25,
        28,
        33,
        36
      ],
      "confidence": 69.93333333333334
    },
    {
      "numbers": [
        4,
        7,
        19,
        28,
        37,
        42
      ],
      "confidence": 69.79166666666667
    },
    {
      "numbers": [
        4,
        7,
        17,
        19,
        30,
        33
      ],
      "confidence": 69.75833333333334
    },
    {
      "numbers": [
        4,
        17,
        25,
        28,
        33,
        37
      ],
      "confidence": 69.75833333333334
    },
    {
      "numbers": [
        2,
        21,
        25,
        28,
        33,
        42
      ],
      "confidence": 69.75833333333334
    },
    {
      "numbers": [
        4,
        5,
        13,
        17,
        33,
        42
      ],
      "confidence": 69.75833333333334
    },
    {
      "numbers": [
        2,
        17,
        21,
        24,
        25,
        42
      ],