{
  "latest_round": 1190,
  "next_round": 1191,
  "hot_cold": {
    "hot": [
      [
        27,
        11
      ],
      [
        37,
        11
      ],
      [
        3,
        10
      ],
      [
        7,
        10
      ],
      [
        8,
        9
      ],
      [
        9,
        9
      ],
      [
        6,
        8
      ],
      [
        11,
        8
      ],
      [
        12,
        8
      ],
      [
        13,
        8
      ]
    ],
    "cold": [
      [
        1,
        3
      ],
      [
        10,
        4
      ],
      [
        14,
        4
      ],
      [
        33,
        4
      ],
      [
        34,
        4
      ],
      [
        41,
        4
      ],
      [
        43,
        4
      ],
      [
        4,
        5
      ],
      [
        5,
        5
      ],
      [
        20,
        5
      ]
    ],
    "overdue": [
      [
        34,
        3.080895008605852
      ],
      [
        39,
        2.195540308747856
      ],
      [
        42,
        1.918158567774936
      ],
      [
        30,
        1.7918088737201365
      ],
      [
        43,
        1.6566005176876617
      ],
      [
        11,
        1.6442553191489362
      ]
    ]
  },
  "engine_predictions": {
    "advancedpattern": [
      7,
      9,
      19,
      23,
      26,
      45
    ],
    "gap": [
      1,
      7,
      13,
      19,
      25,
      31
    ],
    "graph": [
      1,
      6,
      12,
      27,
      33,
      34
    ],
    "lstm": [
      9,
      13,
      19,
      23,
      29,
      37
    ],
    "ml": [
      7,
      19,
      27,
      30,
      32,
      35
    ],
    "numerology": [
      17,
      22,
      23,
      24,
      25,
      31
    ],
    "pattern": [
      3,
      11,
      13,
      23,
      33,
      43
    ],
    "sequencecorrelation": [
      3,
      13,
      14,
      19,
      34,
      36
    ],
    "statistical": [
      11,
      30,
      34,
      39,
      42,
      43
    ],
    "timeseries": [
      14,
      20,
      28,
      41,
      42,
      43
    ]
  },
  "predicted_sets": [
    {
      "numbers": [
        7,
        19,
        23,
        25,
        34,
        42
      ],
      "confidence": 72.66666666666666
    },
    {
      "numbers": [
        3,
        7,
        19,
        23,
        34,
        42
      ],
      "confidence": 71.79166666666666
    },
    {
      "numbers": [
        7,
        19,
        23,
        26,
        34,
        45
      ],
      "confidence": 71.33333333333334
    },
    {
      "numbers": [
        1,
        19,
        27,
        34,
        42,
        43
      ],
      "confidence": 71.33333333333334
    },
    {
      "numbers": [
        7,
        19,
        23,
        30,
        33,
        42
      ],
      "confidence": 71.125
    },
    {
      "numbers": [
        1,
        7,
        13,
        19,
        26,
        42
      ],
      "confidence": 70.63333333333333
    },
    {
      "numbers": [
        13,
        19,
        27,
        30,
        31,
        34
      ],
      "confidence": 70.6
    },
    {
      "numbers": [
        1,
        14,
        19,
        23,
        26,
        42
      ],
      "confidence": 69.96666666666667
    },
    {
      "numbers": [
        7,
        19,
        25,
        26,
        30,
        34
      ],
      "confidence": 69.96666666666667
    },
    {
      "numbers": [
        7,
        13,
        14,
        30,
        34,
        42
      ],
      "confidence": 69.79166666666667
    },
    {
      "numbers": [
        13,
        14,
        19,
        30,
        33,
        42
      ],
      "confidence": 69.75833333333334
    },
    {
      "numbers": [
        7,
        9,
        19,
        31,
        34,
        42
      ],
      "confidence": 69.75833333333334
    },
    {
      "numbers": [
        7,
        9,
        14,
        23,
        34,
        43
      ],
      "confidence": 69.58333333333334
    },
    {
      "numbers": [
        9,
        14,
        19,
        30,
        34,
        43
      ],
      "confidence": 69.58333333333334
    },
    {
      "numbers": [
        9,
        13,
        14,
        19,
        30,
        34
      ],
      "confidence": 69.55
    },
    {
      "numbers": [
        9,
        14,
        19,
        23,
        30,
        43
      ],
      "confidence": 69.55
    },
    {
      "numbers": [
        7,
        9,
        14,
        19,
        23,
        34
      ],
      "confidence": 69.50282811615978
    },
    {
      "numbers": [
        7,
        9,
        25,
        30,
        34,
        43
      ],
      "confidence": 69.3
    },
    {
      "numbers": [
        7,
        9,
        13,
        14,
        25,
        42
      ],
      "confidence": 69.3
    },
    {
      "numbers": [
        7,
        13,
        30,
        33,
        34,
        45
      ],
      "confidence": 69.125
    },
    {
      "numbers": [
        7,
        14,
        19,
        26,
        30,
        34
      ],
      "confidence": 69.09166666666667
    },
    {
      "numbers": [
        7,
        13,
        23,
        30,
        42,
        45
      ],
      "confidence": 69.09166666666667
    },
    {
      "numbers": [
        1,
        7,
        23,
        27,
        34,
        42
      ],
      "confidence": 69.09166666666667
    },
    {
      "numbers": [
        13,
        19,
        20,
        26,
        31,
        43
      ],
      "confidence": 69.09166666666667
    },
    {
      "numbers": [
        7,
        9,
        14,
        19,
        42,
        43
      ],
      "confidence": 69.05833333333334
    },
    {
      "numbers": [
        13,
        14,
        19,
        26,
        30,
        43
      ],
      "confidence": 69.05833333333334
    },
    {
      "numbers": [
        7,
        13,
        14,
        23,
        26,
        43
      ],
      "confidence": 68.88333333333333
    },
    {
      "numbers": [
        7,
        13,
        14,
        23,
        30,
        33
      ],
      "confidence": 68.88333333333333
    },
    {
      "numbers": [
        9,
        14,
        27,
        30,
        31,
        43
      ],
      "confidence": 68.66666666666666
    },
    {
      "numbers": [
        1,
        7,
        25,
        33,
        34,
        42
      ],
      "confidence": 68.63333333333333
    },
    {
      "numbers": [
        1,
        7,
        23,
        26,
        30,
        34
      ],
      "confidence": 68.6
    },
    {
      "numbers": [
        3,
        14,
        19,
        30,
        33,
        45
      ],
      "confidence": 68.45833333333334
    },
    {
      "numbers": [
        7,
        20,
        23,
        26,
        31,
        43
      ],
      "confidence": 68.45833333333334
    },
    {
      "numbers": [
        7,
        9,
        14,
        23,
        30,
        33
      ],
      "confidence": 68.42500000000001
    },
    {
      "numbers": [
        3,
        14,
        19,
        26,
        27,
        43
      ],
      "confidence": 68.42500000000001
    },
    {
      "numbers": [
        1,
        7,
        30,
        31,
        34,
        43
      ],
      "confidence": 68.42500000000001
    },
    {
      "numbers": [
        3,
        9,
        14,
        23,
        34,
        42
      ],
      "confidence": 68.25
    },
    {
      "numbers": [
        3,
        14,
        19,
        25,
        33,
        34
      ],
      "confidence": 68.21666666666667
    },
    {
      "numbers": [
        7,
        20,
        25,
        26,
        31,
        43
      ],
      "confidence": 68.0
    },
    {
      "numbers": [
        13,
        20,
        25,
        27,
        31,
        34
      ],