{
  "latest_round": 739,
  "next_round": 740,
  "hot_cold": {
    "hot": [
      [
        33,
        16
      ],
      [
        11,
        12
      ],
      [
        2,
        11
      ],
      [
        4,
        9
      ],
      [
        10,
        9
      ],
      [
        34,
        9
      ],
      [
        1,
        8
      ],
      [
        7,
        8
      ],
      [
        21,
        8
      ],
      [
        28,
        8
      ]
    ],
    "cold": [
      [
        9,
        1
      ],
      [
        40,
        2
      ],
      [
        12,
        3
      ],
      [
        26,
        3
      ],
      [
        31,
        3
      ],
      [
        14,
        4
      ],
      [
        22,
        4
      ],
      [
        42,
        4
      ],
      [
        5,
        5
      ],
      [
        17,
        5
      ]
    ],
    "overdue": [
      [
        9,
        2.9081920903954805
      ],
      [
        20,
        2.617354196301565
      ],
      [
        39,
        2.3333333333333335
      ],
      [
        12,
        2.233050847457627
      ],
      [
        1,
        1.9636363636363636
      ],
      [
        44,
        1.797486033519553
      ],
      [
        8,
        1.7190542420027817
      ],
      [
        19,
        1.6077348066298343
      ],
      [
        31,
        1.6077348066298343
      ]
    ]
  },
  "engine_predictions": {
    "advancedpattern": [
      7,
      22,
      29,
      33,
      34,
      35
    ],
    "gap": [
      1,
      7,
      13,
      19,
      25,
      31
    ],
    "graph": [
      8,
      20,
      25,
      33,
      34,
      40
    ],
    "lstm": [
      2,
      13,
      18,
      27,
      33,
      41
    ],
    "ml": [
      7,
      22,
      33,
      34,
      36,
      43
    ],
    "numerology": [
      17,
      22,
      23,
      24,
      25,
      31
    ],
    "pattern": [
      5,
      13,
      15,
      25,
      35,
      45
    ],
    "sequencecorrelation": [
      1,
      7,
      20,
      26,
      41,
      44
    ],
    "statistical": [
      1,
      12,
      19,
      20,
      39,
      44
    ],
    "timeseries": [
      9,
      12,
      19,
      20,
      27,
      32
    ]
  },
  "predicted_sets": [
    {
      "numbers": [
        7,
        20,
        22,
        33,
        34,
        41
      ],
      "confidence": 73.33333333333334
    },
    {
      "numbers": [
        1,
        19,
        20,
        22,
        25,
        33
      ],
      "confidence": 73.3
    },
    {
      "numbers": [
        1,
        20,
        25,
        33,
        34,
        41
      ],
      "confidence": 72.45833333333334
    },
    {
      "numbers": [
        7,
        13,
        19,
        20,
        25,
        36
      ],
      "confidence": 71.96666666666667
    },
    {
      "numbers": [
        7,
        13,
        20,
        22,
        25,
        35
      ],
      "confidence": 71.75833333333334
    },
    {
      "numbers": [
        1,
        19,
        22,
        33,
        34,
        45
      ],
      "confidence": 71.33333333333334
    },
    {
      "numbers": [
        7,
        19,
        20,
        22,
        36,
        41
      ],
      "confidence": 71.33333333333334
    },
    {
      "numbers": [
        1,
        20,
        25,
        27,
        33,
        36
      ],
      "confidence": 71.3
    },
    {
      "numbers": [
        7,
        19,
        22,
        25,
        34,
        36
      ],
      "confidence": 71.3
    },
    {
      "numbers": [
        7,
        13,
        22,
        33,
        34,
        35
      ],
      "confidence": 71.09166666666667
    },
    {
      "numbers": [
        1,
        7,
        20,
        22,
        27,
        34
      ],
      "confidence": 71.09166666666667
    },
    {
      "numbers": [
        7,
        19,
        22,
        25,
        34,
        35
      ],
      "confidence": 71.09166666666667
    },
    {
      "numbers": [
        13,
        20,
        25,
        33,
        34,
        44
      ],
      "confidence": 70.8008035678154
    },
    {
      "numbers": [
        17,
        20,
        25,
        33,
        34,
        41
      ],
      "confidence": 70.71747023448205
    },
    {
      "numbers": [
        7,
        12,
        25,
        34,
        36,
        41
      ],
      "confidence": 70.66666666666667
    },
    {
      "numbers": [
        13,
        17,
        19,
        20,
        25,
        34
      ],
      "confidence": 70.6
    },
    {
      "numbers": [
        7,
        12,
        13,
        22,
        34,
        41
      ],
      "confidence": 70.45833333333334
    },
    {
      "numbers": [
        1,
        20,
        22,
        34,
        35,
        44
      ],
      "confidence": 70.45833333333334
    },
    {
      "numbers": [
        1,
        7,
        22,
        25,
        27,
        34
      ],
      "confidence": 70.39166666666667
    },
    {
      "numbers": [
        7,
        13,
        19,
        20,
        33,
        36
      ],
      "confidence": 70.39166666666667
    },
    {
      "numbers": [
        13,
        20,
        25,
        33,
        34,
        43
      ],
      "confidence": 70.21666666666667
    },
    {
      "numbers": [
        7,
        19,
        33,
        34,
        36,
        41
      ],
      "confidence": 70.0508035678154
    },
    {
      "numbers": [
        20,
        22,
        25,
        27,
        31,
        43
      ],
      "confidence": 69.96666666666667
    },
    {
      "numbers": [
        7,
        12,
        29,
        33,
        34,
        35
      ],
      "confidence": 69.96666666666667
    },
    {
      "numbers": [
        13,
        19,
        20,
        22,
        27,
        44
      ],
      "confidence": 69.93333333333334
    },
    {
      "numbers": [
        1,
        20,
        22,
        31,
        34,
        43
      ],
      "confidence": 69.79166666666667
    },
    {
      "numbers": [
        13,
        20,
        22,
        29,
        33,
        41
      ],
      "confidence": 69.75833333333334
    },
    {
      "numbers": [
        1,
        25,
        29,
        33,
        34,
        44
      ],
      "confidence": 69.75833333333334
    },
    {
      "numbers": [
        7,
        20,
        25,
        31,
        35,
        36
      ],
      "confidence": 69.75833333333334
    },
    {
      "numbers": [
        1,
        19,
        20,
        34,
        35,
        41
      ],
      "confidence": 69.75833333333334
    },
    {
      "numbers": [
        1,
        12,
        13,
        25,
        34,
        35
      ],
      "confidence": 69.75833333333334
    },
    {
      "numbers": [
        7,
        20,
        22,
        25,
        43,
        45
      ],
      "confidence": 69.75833333333334
    },
    {
      "numbers": [
        7,
        12,
        20,
        34,
        35,
        44
      ],
      "confidence": 69.75833333333334
    },
    {
      "numbers": [
        7,
        22,
        25,
        34,
        36,
        44
      ],
      "confidence": 69.75833333333334
    },
    {
      "numbers": [
        1,
        13,
        22,
        29,
        33,
        34
      ],
      "confidence": 69.75833333333334
    },
    {
      "numbers": [
        7,
        12,
        22,
        31,
        33,
        35
      ],
      "confidence": 69.75833333333334
    },
    {
      "numbers": [
        13,
        19,
        20,
        33,
        35,
        44
      ],
      "confidence": 69.725
    },
    {
      "numbers": [
        7,
        13,
        17,
        19,
        20,
        34
      ],
      "confidence": 69.725
    },
    {
      "numbers": [
        7,
        22,
        25,
        27,
        33,
        36
      ],