{
  "latest_round": 841,
  "next_round": 842,
  "hot_cold": {
    "hot": [
      [
        12,
        12
      ],
      [
        38,
        12
      ],
      [
        10,
        11
      ],
      [
        13,
        11
      ],
      [
        43,
        11
      ],
      [
        18,
        10
      ],
      [
        11,
        9
      ],
      [
        14,
        9
      ],
      [
        21,
        9
      ],
      [
        25,
        9
      ]
    ],
    "cold": [
      [
        20,
        2
      ],
      [
        27,
        2
      ],
      [
        8,
        3
      ],
      [
        22,
        3
      ],
      [
        23,
        3
      ],
      [
        37,
        3
      ],
      [
        41,
        3
      ],
      [
        4,
        4
      ],
      [
        7,
        4
      ],
      [
        44,
        4
      ]
    ],
    "overdue": [
      [
        23,
        3.8415841584158414
      ],
      [
        32,
        3.807692307692308
      ],
      [
        27,
        2.8766788766788767
      ],
      [
        20,
        2.8665835411471323
      ],
      [
        34,
        2.7083333333333335
      ],
      [
        22,
        2.2899628252788107
      ],
      [
        15,
        2.2075702075702073
      ],
      [
        21,
        2.138517618469016
      ],
      [
        24,
        2.0462850182704018
      ],
      [
        44,
        1.850673194614443
      ]
    ]
  },
  "engine_predictions": {
    "advancedpattern": [
      5,
      11,
      14,
      30,
      33,
      38
    ],
    "gap": [
      1,
      7,
      13,
      19,
      25,
      31
    ],
    "graph": [
      12,
      26,
      27,
      33,
      34,
      37
    ],
    "lstm": [
      9,
      11,
      14,
      28,
      33,
      38
    ],
    "ml": [
      5,
      11,
      19,
      25,
      28,
      29
    ],
    "numerology": [
      17,
      22,
      23,
      24,
      25,
      31
    ],
    "pattern": [
      1,
      11,
      13,
      21,
      31,
      41
    ],
    "sequencecorrelation": [
      13,
      14,
      27,
      29,
      33,
      45
    ],
    "statistical": [
      15,
      18,
      21,
      24,
      27,
      34
    ],
    "timeseries": [
      8,
      18,
      20,
      24,
      27,
      40
    ]
  },
  "predicted_sets": [
    {
      "numbers": [
        11,
        18,
        24,
        27,
        33,
        45
      ],
      "confidence": 71.3
    },
    {
      "numbers": [
        5,
        11,
        14,
        28,
        29,
        33
      ],
      "confidence": 70.63333333333333
    },
    {
      "numbers": [
        5,
        14,
        24,
        27,
        29,
        33
      ],
      "confidence": 70.42500000000001
    },
    {
      "numbers": [
        11,
        18,
        25,
        29,
        33,
        34
      ],
      "confidence": 69.93333333333334
    },
    {
      "numbers": [
        11,
        24,
        27,
        30,
        33,
        45
      ],
      "confidence": 69.87163323422081
    },
    {
      "numbers": [
        5,
        18,
        27,
        31,
        33,
        38
      ],
      "confidence": 69.75833333333334
    },
    {
      "numbers": [
        5,
        11,
        14,
        21,
        27,
        38
      ],
      "confidence": 69.75833333333334
    },
    {
      "numbers": [
        5,
        11,
        24,
        27,
        30,
        31
      ],
      "confidence": 69.75833333333334
    },
    {
      "numbers": [
        5,
        13,
        14,
        27,
        30,
        33
      ],
      "confidence": 69.75833333333334
    },
    {
      "numbers": [
        1,
        13,
        27,
        28,
        33,
        34
      ],
      "confidence": 69.75833333333334
    },
    {
      "numbers": [
        5,
        11,
        14,
        27,
        28,
        34
      ],
      "confidence": 69.75833333333334
    },
    {
      "numbers": [
        9,
        13,
        14,
        27,
        33,
        38
      ],
      "confidence": 69.75833333333334
    },
    {
      "numbers": [
        1,
        13,
        14,
        27,
        28,
        31
      ],
      "confidence": 69.75833333333334
    },
    {
      "numbers": [
        11,
        14,
        24,
        28,
        33,
        45
      ],
      "confidence": 69.75833333333334
    },
    {
      "numbers": [
        5,
        11,
        14,
        21,
        28,
        33
      ],
      "confidence": 69.75833333333334
    },
    {
      "numbers": [
        9,
        11,
        24,
        31,
        33,
        38
      ],
      "confidence": 69.75833333333334
    },
    {
      "numbers": [
        5,
        11,
        14,
        31,
        33,
        38
      ],
      "confidence": 69.725
    },
    {
      "numbers": [
        11,
        13,
        27,
        31,
        34,
        38
      ],
      "confidence": 69.725
    },
    {
      "numbers": [
        13,
        24,
        27,
        30,
        31,
        33
      ],
      "confidence": 69.725
    },
    {
      "numbers": [
        11,
        19,
        24,
        31,
        33,
        38
      ],
      "confidence": 69.725
    },
    {
      "numbers": [
        1,
        24,
        27,
        31,
        33,
        38
      ],
      "confidence": 69.725
    },
    {
      "numbers": [
        5,
        11,
        14,
        30,
        33,
        45
      ],
      "confidence": 69.125
    },
    {
      "numbers": [
        1,
        11,
        18,
        27,
        34,
        45
      ],
      "confidence": 69.125
    },
    {
      "numbers": [
        9,
        13,
        24,
        31,
        33,
        38
      ],
      "confidence": 69.09166666666667
    },
    {
      "numbers": [
        1,
        13,
        14,
        18,
        27,
        38
      ],
      "confidence": 69.09166666666667
    },
    {
      "numbers": [
        5,
        14,
        27,
        28,
        31,
        34
      ],
      "confidence": 69.09166666666667
    },
    {
      "numbers": [
        5,
        13,
        14,
        18,
        27,
        38
      ],
      "confidence": 69.09166666666667
    },
    {
      "numbers": [
        9,
        14,
        27,
        33,
        34,
        38
      ],
      "confidence": 69.09166666666667
    },
    {
      "numbers": [
        5,
        18,
        24,
        31,
        33,
        38
      ],
      "confidence": 69.09166666666667
    },
    {
      "numbers": [
        9,
        11,
        13,
        14,
        30,
        33
      ],
      "confidence": 69.09166666666667
    },
    {
      "numbers": [
        1,
        21,
        24,
        27,
        28,
        33
      ],
      "confidence": 69.05833333333334
    },
    {
      "numbers": [
        14,
        19,
        24,
        27,
        28,
        31
      ],
      "confidence": 69.05833333333334
    },
    {
      "numbers": [
        13,
        14,
        19,
        25,
        27,
        34
      ],
      "confidence": 69.05833333333334
    },
    {
      "numbers": [
        11,
        14,
        18,
        29,
        33,
        34
      ],
      "confidence": 69.05833333333334
    },
    {
      "numbers": [
        9,
        11,
        14,
        24,
        29,
        33
      ],
      "confidence": 68.88333333333333
    },
    {
      "numbers": [
        1,
        11,
        13,
        18,
        27,
        38
      ],
      "confidence": 68.88333333333333
    },
    {
      "numbers": [
        1,
        14,
        24,
        28,
        31,
        33
      ],
      "confidence": 68.88333333333333
    },
    {
      "numbers": [
        9,
        13,
        14,
        27,
        33,
        34
      ],