{
  "latest_round": 626,
  "next_round": 627,
  "hot_cold": {
    "hot": [
      [
        8,
        14
      ],
      [
        2,
        12
      ],
      [
        14,
        12
      ],
      [
        39,
        11
      ],
      [
        5,
        10
      ],
      [
        7,
        10
      ],
      [
        38,
        10
      ],
      [
        6,
        9
      ],
      [
        13,
        9
      ],
      [
        27,
        9
      ]
    ],
    "cold": [
      [
        3,
        3
      ],
      [
        15,
        3
      ],
      [
        26,
        3
      ],
      [
        29,
        3
      ],
      [
        31,
        3
      ],
      [
        1,
        4
      ],
      [
        11,
        4
      ],
      [
        32,
        4
      ],
      [
        4,
        5
      ],
      [
        9,
        5
      ]
    ],
    "overdue": [
      [
        31,
        3.3862876254180603
      ],
      [
        29,
        3.385642737896494
      ],
      [
        38,
        2.367003367003367
      ],
      [
        37,
        2.3114754098360657
      ],
      [
        36,
        2.0182724252491693
      ],
      [
        22,
        1.8060200668896322
      ],
      [
        44,
        1.5695364238410596
      ]
    ]
  },
  "engine_predictions": {
    "advancedpattern": [
      13,
      14,
      26,
      33,
      40,
      43
    ],
    "gap": [
      1,
      7,
      13,
      19,
      25,
      31
    ],
    "graph": [
      8,
      14,
      20,
      27,
      34,
      40
    ],
    "lstm": [
      6,
      7,
      13,
      16,
      26,
      39
    ],
    "ml": [
      10,
      20,
      21,
      26,
      33,
      39
    ],
    "numerology": [
      13,
      17,
      22,
      23,
      25,
      31
    ],
    "pattern": [
      5,
      13,
      15,
      25,
      35,
      45
    ],
    "sequencecorrelation": [
      1,
      8,
      20,
      26,
      27,
      40
    ],
    "statistical": [
      8,
      29,
      31,
      36,
      38,
      44
    ],
    "timeseries": [
      4,
      8,
      11,
      16,
      25,
      36
    ]
  },
  "predicted_sets": [
    {
      "numbers": [
        8,
        13,
        14,
        26,
        31,
        40
      ],
      "confidence": 73.3
    },
    {
      "numbers": [
        8,
        13,
        25,
        26,
        40,
        43
      ],
      "confidence": 73.125
    },
    {
      "numbers": [
        8,
        13,
        14,
        25,
        27,
        40
      ],
      "confidence": 72.63333333333333
    },
    {
      "numbers": [
        8,
        13,
        20,
        26,
        39,
        40
      ],
      "confidence": 72.42500000000001
    },
    {
      "numbers": [
        8,
        11,
        13,
        26,
        39,
        40
      ],
      "confidence": 71.96666666666667
    },
    {
      "numbers": [
        8,
        13,
        25,
        36,
        40,
        43
      ],
      "confidence": 71.79166666666666
    },
    {
      "numbers": [
        7,
        13,
        25,
        26,
        36,
        40
      ],
      "confidence": 71.75833333333334
    },
    {
      "numbers": [
        7,
        13,
        16,
        25,
        26,
        40
      ],
      "confidence": 71.75833333333334
    },
    {
      "numbers": [
        8,
        13,
        14,
        20,
        25,
        45
      ],
      "confidence": 71.09166666666667
    },
    {
      "numbers": [
        8,
        13,
        16,
        20,
        25,
        43
      ],
      "confidence": 71.09166666666667
    },
    {
      "numbers": [
        8,
        11,
        13,
        26,
        36,
        40
      ],
      "confidence": 71.09166666666667
    },
    {
      "numbers": [
        8,
        14,
        26,
        31,
        33,
        39
      ],
      "confidence": 70.63333333333333
    },
    {
      "numbers": [
        8,
        11,
        13,
        14,
        26,
        45
      ],
      "confidence": 70.63333333333333
    },
    {
      "numbers": [
        1,
        8,
        14,
        25,
        33,
        40
      ],
      "confidence": 70.63333333333333
    },
    {
      "numbers": [
        8,
        13,
        14,
        20,
        36,
        45
      ],
      "confidence": 70.63333333333333
    },
    {
      "numbers": [
        7,
        8,
        25,
        31,
        39,
        40
      ],
      "confidence": 70.6
    },
    {
      "numbers": [
        8,
        11,
        25,
        26,
        31,
        43
      ],
      "confidence": 70.45833333333334
    },
    {
      "numbers": [
        7,
        11,
        13,
        20,
        26,
        31
      ],
      "confidence": 70.42500000000001
    },
    {
      "numbers": [
        1,
        8,
        20,
        25,
        31,
        33
      ],
      "confidence": 70.42500000000001
    },
    {
      "numbers": [
        13,
        20,
        26,
        27,
        31,
        43
      ],
      "confidence": 70.42500000000001
    },
    {
      "numbers": [
        8,
        20,
        26,
        33,
        39,
        40
      ],
      "confidence": 70.42500000000001
    },
    {
      "numbers": [
        7,
        8,
        13,
        16,
        26,
        45
      ],
      "confidence": 70.42500000000001
    },
    {
      "numbers": [
        13,
        14,
        26,
        31,
        33,
        40
      ],
      "confidence": 70.39166666666667
    },
    {
      "numbers": [
        1,
        13,
        16,
        25,
        26,
        27
      ],
      "confidence": 70.39166666666667
    },
    {
      "numbers": [
        7,
        14,
        26,
        31,
        40,
        43
      ],
      "confidence": 70.0
    },
    {
      "numbers": [
        8,
        11,
        26,
        39,
        40,
        43
      ],
      "confidence": 70.0
    },
    {
      "numbers": [
        8,
        20,
        21,
        26,
        40,
        43
      ],
      "confidence": 69.79166666666667
    },
    {
      "numbers": [
        7,
        13,
        21,
        26,
        40,
        43
      ],
      "confidence": 69.79166666666667
    },
    {
      "numbers": [
        8,
        14,
        26,
        27,
        31,
        36
      ],
      "confidence": 69.75833333333334
    },
    {
      "numbers": [
        13,
        14,
        26,
        27,
        31,
        36
      ],
      "confidence": 69.725
    },
    {
      "numbers": [
        1,
        7,
        8,
        26,
        31,
        40
      ],
      "confidence": 69.725
    },
    {
      "numbers": [
        5,
        8,
        13,
        26,
        36,
        43
      ],
      "confidence": 69.58333333333334
    },
    {
      "numbers": [
        1,
        13,
        16,
        26,
        36,
        40
      ],
      "confidence": 69.55
    },
    {
      "numbers": [
        8,
        13,
        14,
        16,
        26,
        43
      ],
      "confidence": 69.55
    },
    {
      "numbers": [
        1,
        14,
        26,
        33,
        39,
        40
      ],
      "confidence": 69.3
    },
    {
      "numbers": [
        8,
        11,
        13,
        16,
        27,
        31
      ],
      "confidence": 69.16447824555155
    },
    {
      "numbers": [
        13,
        14,
        27,
        36,
        39,
        40
      ],
      "confidence": 69.14884991754303
    },
    {
      "numbers": [
        1,
        20,
        25,
        31,
        36,
        43
      ],
      "confidence": 69.125
    },
    {
      "numbers": [
        7,
        13,
        20,
        27,
        36,
        45
      ],
      "confidence": 69.125
    },
    {
      "numbers": [
        8,
        13,
        21,
        27,
        36,
        43
      ],