{
  "latest_round": 101,
  "next_round": 102,
  "hot_cold": {
    "hot": [
      [
        3,
        12
      ],
      [
        15,
        11
      ],
      [
        29,
        11
      ],
      [
        36,
        11
      ],
      [
        17,
        10
      ],
      [
        24,
        10
      ],
      [
        1,
        9
      ],
      [
        2,
        8
      ],
      [
        8,
        8
      ],
      [
        10,
        8
      ]
    ],
    "cold": [
      [
        9,
        2
      ],
      [
        28,
        2
      ],
      [
        11,
        3
      ],
      [
        13,
        3
      ],
      [
        19,
        4
      ],
      [
        4,
        5
      ],
      [
        18,
        5
      ],
      [
        21,
        5
      ],
      [
        22,
        5
      ],
      [
        30,
        5
      ]
    ],
    "overdue": [
      [
        25,
        4.5769230769230775
      ],
      [
        18,
        4.550000000000001
      ],
      [
        2,
        2.848101265822785
      ],
      [
        39,
        2.5
      ],
      [
        19,
        2.25
      ],
      [
        13,
        1.9277108433734937
      ],
      [
        26,
        1.8823529411764706
      ],
      [
        30,
        1.8571428571428572
      ],
      [
        4,
        1.7999999999999998
      ],
      [
        12,
        1.726027397260274
      ]
    ]
  },
  "engine_predictions": {
    "advancedpattern": [
      1,
      3,
      6,
      17,
      32,
      35
    ],
    "gap": [
      2,
      8,
      14,
      20,
      26,
      32
    ],
    "graph": [
      2,
      3,
      17,
      26,
      37,
      40
    ],
    "lstm": [
      1,
      3,
      6,
      17,
      32,
      37
    ],
    "numerology": [
      17,
      22,
      23,
      24,
      25,
      26
    ],
    "pattern": [
      3,
      13,
      23,
      33,
      37,
      43
    ],
    "sequencecorrelation": [
      6,
      23,
      31,
      35,
      37,
      38
    ],
    "statistical": [
      2,
      12,
      18,
      25,
      26,
      40
    ],
    "timeseries": [
      5,
      6,
      12,
      13,
      18,
      30
    ]
  },
  "predicted_sets": [
    {
      "numbers": [
        2,
        3,
        17,
        26,
        31,
        35
      ],
      "confidence": 72.63333333333333
    },
    {
      "numbers": [
        1,
        3,
        17,
        26,
        32,
        45
      ],
      "confidence": 72.5925925925926
    },
    {
      "numbers": [
        1,
        6,
        17,
        26,
        32,
        40
      ],
      "confidence": 72.49907407407409
    },
    {
      "numbers": [
        3,
        6,
        17,
        26,
        32,
        33
      ],
      "confidence": 72.36481481481482
    },
    {
      "numbers": [
        2,
        3,
        17,
        23,
        37,
        40
      ],
      "confidence": 72.36481481481482
    },
    {
      "numbers": [
        2,
        17,
        26,
        32,
        37,
        43
      ],
      "confidence": 72.32407407407408
    },
    {
      "numbers": [
        1,
        3,
        6,
        26,
        32,
        37
      ],
      "confidence": 71.95997942445169
    },
    {
      "numbers": [
        6,
        12,
        17,
        23,
        25,
        40
      ],
      "confidence": 71.89259259259259
    },
    {
      "numbers": [
        6,
        18,
        23,
        31,
        32,
        37
      ],
      "confidence": 71.89259259259259
    },
    {
      "numbers": [
        3,
        6,
        18,
        24,
        35,
        37
      ],
      "confidence": 71.89259259259259
    },
    {
      "numbers": [
        3,
        17,
        24,
        26,
        32,
        45
      ],
      "confidence": 71.85185185185185
    },
    {
      "numbers": [
        2,
        3,
        6,
        25,
        35,
        37
      ],
      "confidence": 71.79907407407407
    },
    {
      "numbers": [
        2,
        3,
        6,
        26,
        35,
        40
      ],
      "confidence": 71.79907407407407
    },
    {
      "numbers": [
        6,
        17,
        18,
        23,
        25,
        26
      ],
      "confidence": 71.79907407407407
    },
    {
      "numbers": [
        2,
        13,
        17,
        23,
        26,
        40
      ],
      "confidence": 71.75833333333333
    },
    {
      "numbers": [
        3,
        6,
        17,
        25,
        32,
        33
      ],
      "confidence": 71.75833333333333
    },
    {
      "numbers": [
        2,
        3,
        17,
        26,
        33,
        35
      ],
      "confidence": 71.75833333333333
    },
    {
      "numbers": [
        6,
        17,
        26,
        33,
        37,
        40
      ],
      "confidence": 71.62407407407407
    },
    {
      "numbers": [
        6,
        13,
        17,
        26,
        31,
        37
      ],
      "confidence": 71.62407407407407
    },
    {
      "numbers": [
        3,
        6,
        17,
        32,
        33,
        40
      ],
      "confidence": 71.05833333333334
    },
    {
      "numbers": [
        3,
        13,
        17,
        18,
        25,
        32
      ],
      "confidence": 71.01759259259259
    },
    {
      "numbers": [
        1,
        3,
        18,
        23,
        37,
        40
      ],
      "confidence": 71.01759259259259
    },
    {
      "numbers": [
        2,
        6,
        23,
        35,
        37,
        43
      ],
      "confidence": 71.01759259259259
    },
    {
      "numbers": [
        1,
        6,
        13,
        17,
        32,
        37
      ],
      "confidence": 70.97849794297022
    },
    {
      "numbers": [
        3,
        6,
        23,
        24,
        26,
        32
      ],
      "confidence": 70.92407407407407
    },
    {
      "numbers": [
        6,
        25,
        26,
        32,
        35,
        37
      ],
      "confidence": 70.92407407407407
    },
    {
      "numbers": [
        6,
        13,
        23,
        26,
        37,
        45
      ],
      "confidence": 70.8425925925926
    },
    {
      "numbers": [
        2,
        3,
        13,
        23,
        26,
        37
      ],
      "confidence": 70.54423868371094
    },
    {
      "numbers": [
        6,
        17,
        18,
        32,
        33,
        35
      ],
      "confidence": 70.45185185185184
    },
    {
      "numbers": [
        1,
        23,
        24,
        25,
        26,
        37
      ],
      "confidence": 70.45185185185184
    },
    {
      "numbers": [
        2,
        6,
        25,
        31,
        37,
        43
      ],
      "confidence": 70.41111111111111
    },
    {
      "numbers": [
        3,
        12,
        24,
        25,
        37,
        40
      ],
      "confidence": 70.41111111111111
    },
    {
      "numbers": [
        3,
        6,
        12,
        17,
        31,
        45
      ],
      "confidence": 70.41111111111111
    },
    {
      "numbers": [
        1,
        3,
        12,
        32,
        37,
        40
      ],
      "confidence": 70.3175925925926
    },
    {
      "numbers": [
        2,
        6,
        26,
        37,
        43,
        45
      ],
      "confidence": 70.27685185185186
    },
    {
      "numbers": [
        1,
        2,
        26,
        32,
        37,
        45
      ],
      "confidence": 70.27685185185186
    },
    {
      "numbers": [
        6,
        12,
        13,
        23,
        26,
        35
      ],
      "confidence": 70.14259259259259
    },
    {
      "numbers": [
        6,
        23,
        24,
        26,
        37,
        43
      ],
      "confidence": 70.14259259259259
    },
    {
      "numbers": [
        6,
        17,
        23,
        24,
        26,
        43
      ],