{
  "latest_round": 762,
  "next_round": 763,
  "hot_cold": {
    "hot": [
      [
        2,
        12
      ],
      [
        41,
        11
      ],
      [
        21,
        10
      ],
      [
        33,
        10
      ],
      [
        7,
        9
      ],
      [
        10,
        9
      ],
      [
        19,
        9
      ],
      [
        27,
        9
      ],
      [
        43,
        9
      ],
      [
        4,
        8
      ]
    ],
    "cold": [
      [
        25,
        2
      ],
      [
        38,
        2
      ],
      [
        39,
        3
      ],
      [
        26,
        4
      ],
      [
        29,
        4
      ],
      [
        31,
        4
      ],
      [
        5,
        5
      ],
      [
        6,
        5
      ],
      [
        9,
        5
      ],
      [
        20,
        5
      ]
    ],
    "overdue": [
      [
        25,
        4.209876543209877
      ],
      [
        38,
        3.0455172413793106
      ],
      [
        35,
        2.9667128987517337
      ],
      [
        34,
        2.0526315789473686
      ],
      [
        23,
        1.8498659517426275
      ],
      [
        15,
        1.6451612903225807
      ],
      [
        32,
        1.6327077747989276
      ],
      [
        20,
        1.598360655737705
      ]
    ]
  },
  "engine_predictions": {
    "advancedpattern": [
      1,
      3,
      12,
      21,
      26,
      41
    ],
    "gap": [
      1,
      7,
      13,
      19,
      25,
      31
    ],
    "graph": [
      1,
      4,
      20,
      27,
      34,
      40
    ],
    "lstm": [
      7,
      11,
      12,
      24,
      42,
      43
    ],
    "ml": [
      3,
      9,
      12,
      31,
      42,
      44
    ],
    "numerology": [
      17,
      22,
      23,
      24,
      25,
      31
    ],
    "pattern": [
      3,
      13,
      15,
      23,
      33,
      43
    ],
    "sequencecorrelation": [
      3,
      17,
      20,
      26,
      35,
      40
    ],
    "statistical": [
      2,
      15,
      23,
      34,
      35,
      38
    ],
    "timeseries": [
      14,
      15,
      17,
      25,
      28,
      38
    ]
  },
  "predicted_sets": [
    {
      "numbers": [
        3,
        12,
        15,
        24,
        26,
        31
      ],
      "confidence": 70.63333333333333
    },
    {
      "numbers": [
        3,
        12,
        24,
        25,
        31,
        40
      ],
      "confidence": 70.63333333333333
    },
    {
      "numbers": [
        1,
        3,
        20,
        25,
        31,
        42
      ],
      "confidence": 70.45833333333334
    },
    {
      "numbers": [
        3,
        12,
        20,
        23,
        25,
        31
      ],
      "confidence": 70.42500000000001
    },
    {
      "numbers": [
        3,
        12,
        17,
        26,
        34,
        41
      ],
      "confidence": 70.0
    },
    {
      "numbers": [
        1,
        12,
        24,
        25,
        40,
        43
      ],
      "confidence": 70.0
    },
    {
      "numbers": [
        3,
        15,
        17,
        20,
        24,
        42
      ],
      "confidence": 69.96666666666667
    },
    {
      "numbers": [
        1,
        3,
        12,
        24,
        35,
        40
      ],
      "confidence": 69.96666666666667
    },
    {
      "numbers": [
        3,
        12,
        26,
        31,
        34,
        43
      ],
      "confidence": 69.79166666666667
    },
    {
      "numbers": [
        1,
        3,
        12,
        25,
        34,
        41
      ],
      "confidence": 69.79166666666667
    },
    {
      "numbers": [
        1,
        3,
        20,
        23,
        34,
        42
      ],
      "confidence": 69.79166666666667
    },
    {
      "numbers": [
        1,
        3,
        15,
        26,
        31,
        40
      ],
      "confidence": 69.75833333333334
    },
    {
      "numbers": [
        1,
        3,
        15,
        23,
        24,
        40
      ],
      "confidence": 69.59016757748279
    },
    {
      "numbers": [
        3,
        12,
        17,
        21,
        24,
        40
      ],
      "confidence": 69.3
    },
    {
      "numbers": [
        3,
        12,
        23,
        34,
        40,
        41
      ],
      "confidence": 69.125
    },
    {
      "numbers": [
        1,
        12,
        17,
        24,
        31,
        35
      ],
      "confidence": 69.09166666666667
    },
    {
      "numbers": [
        3,
        15,
        17,
        20,
        26,
        43
      ],
      "confidence": 69.09166666666667
    },
    {
      "numbers": [
        1,
        20,
        23,
        25,
        26,
        31
      ],
      "confidence": 69.09166666666667
    },
    {
      "numbers": [
        1,
        12,
        17,
        25,
        42,
        43
      ],
      "confidence": 69.09166666666667
    },
    {
      "numbers": [
        1,
        17,
        24,
        25,
        26,
        31
      ],
      "confidence": 69.09166666666667
    },
    {
      "numbers": [
        3,
        7,
        15,
        25,
        26,
        34
      ],
      "confidence": 69.09166666666667
    },
    {
      "numbers": [
        3,
        12,
        31,
        34,
        40,
        42
      ],
      "confidence": 69.09166666666667
    },
    {
      "numbers": [
        3,
        7,
        12,
        15,
        26,
        43
      ],
      "confidence": 68.9235009108161
    },
    {
      "numbers": [
        1,
        3,
        12,
        26,
        31,
        41
      ],
      "confidence": 68.91666666666667
    },
    {
      "numbers": [
        3,
        12,
        15,
        24,
        25,
        42
      ],
      "confidence": 68.88333333333333
    },
    {
      "numbers": [
        12,
        20,
        23,
        25,
        34,
        41
      ],
      "confidence": 68.63333333333333
    },
    {
      "numbers": [
        7,
        12,
        13,
        15,
        31,
        40
      ],
      "confidence": 68.6
    },
    {
      "numbers": [
        3,
        13,
        25,
        40,
        41,
        42
      ],
      "confidence": 68.45833333333334
    },
    {
      "numbers": [
        1,
        3,
        17,
        21,
        26,
        40
      ],
      "confidence": 68.42500000000001
    },
    {
      "numbers": [
        1,
        12,
        23,
        25,
        26,
        41
      ],
      "confidence": 68.42500000000001
    },
    {
      "numbers": [
        3,
        13,
        17,
        20,
        24,
        35
      ],
      "confidence": 68.42500000000001
    },
    {
      "numbers": [
        1,
        15,
        24,
        25,
        26,
        43
      ],
      "confidence": 68.42500000000001
    },
    {
      "numbers": [
        3,
        12,
        20,
        21,
        25,
        40
      ],
      "confidence": 68.42500000000001
    },
    {
      "numbers": [
        3,
        12,
        13,
        21,
        25,
        40
      ],
      "confidence": 68.42500000000001
    },
    {
      "numbers": [
        3,
        23,
        31,
        34,
        35,
        40
      ],
      "confidence": 68.39166666666668
    },
    {
      "numbers": [
        1,
        12,
        20,
        25,
        40,
        42
      ],
      "confidence": 68.25
    },
    {
      "numbers": [
        3,
        15,
        24,
        26,
        34,
        43
      ],
      "confidence": 68.25
    },
    {
      "numbers": [
        3,
        20,
        23,
        24,
        31,
        41
      ],
      "confidence": 68.25
    },
    {
      "numbers": [
        1,
        12,
        15,
        26,
        35,
        42
      ],