{
  "latest_round": 998,
  "next_round": 999,
  "hot_cold": {
    "hot": [
      [
        2,
        11
      ],
      [
        24,
        11
      ],
      [
        21,
        10
      ],
      [
        37,
        10
      ],
      [
        1,
        9
      ],
      [
        4,
        9
      ],
      [
        13,
        9
      ],
      [
        9,
        8
      ],
      [
        16,
        8
      ],
      [
        23,
        8
      ]
    ],
    "cold": [
      [
        19,
        1
      ],
      [
        5,
        2
      ],
      [
        8,
        2
      ],
      [
        32,
        3
      ],
      [
        38,
        4
      ],
      [
        27,
        5
      ],
      [
        30,
        5
      ],
      [
        34,
        5
      ],
      [
        43,
        5
      ],
      [
        45,
        5
      ]
    ],
    "overdue": [
      [
        19,
        4.776041666666667
      ],
      [
        40,
        4.194214876033057
      ],
      [
        22,
        2.4398340248962653
      ],
      [
        43,
        2.240663900414938
      ],
      [
        9,
        2.24
      ],
      [
        5,
        2.15
      ],
      [
        34,
        2.0092118730808597
      ],
      [
        10,
        1.6690355329949238
      ],
      [
        28,
        1.5265901981230448
      ]
    ]
  },
  "engine_predictions": {
    "advancedpattern": [
      13,
      17,
      18,
      20,
      42,
      45
    ],
    "gap": [
      1,
      7,
      13,
      19,
      25,
      31
    ],
    "graph": [
      8,
      10,
      11,
      18,
      20,
      40
    ],
    "lstm": [
      4,
      13,
      18,
      24,
      42,
      44
    ],
    "ml": [
      8,
      9,
      15,
      18,
      31,
      35
    ],
    "numerology": [
      17,
      22,
      23,
      24,
      25,
      31
    ],
    "pattern": [
      3,
      11,
      13,
      23,
      33,
      43
    ],
    "sequencecorrelation": [
      18,
      21,
      26,
      27,
      33,
      34
    ],
    "statistical": [
      2,
      9,
      10,
      21,
      22,
      43
    ],
    "timeseries": [
      5,
      19,
      21,
      23,
      26,
      27
    ]
  },
  "predicted_sets": [
    {
      "numbers": [
        9,
        13,
        18,
        27,
        31,
        42
      ],
      "confidence": 72.0
    },
    {
      "numbers": [
        10,
        13,
        18,
        27,
        31,
        42
      ],
      "confidence": 72.0
    },
    {
      "numbers": [
        9,
        18,
        23,
        26,
        31,
        42
      ],
      "confidence": 71.33333333333334
    },
    {
      "numbers": [
        10,
        13,
        18,
        24,
        31,
        43
      ],
      "confidence": 71.125
    },
    {
      "numbers": [
        10,
        17,
        18,
        26,
        31,
        42
      ],
      "confidence": 70.66666666666667
    },
    {
      "numbers": [
        17,
        18,
        19,
        23,
        31,
        42
      ],
      "confidence": 70.63333333333333
    },
    {
      "numbers": [
        9,
        18,
        20,
        23,
        27,
        31
      ],
      "confidence": 70.63333333333333
    },
    {
      "numbers": [
        9,
        18,
        21,
        27,
        31,
        42
      ],
      "confidence": 70.45833333333334
    },
    {
      "numbers": [
        18,
        21,
        23,
        25,
        31,
        42
      ],
      "confidence": 70.42500000000001
    },
    {
      "numbers": [
        10,
        13,
        18,
        23,
        25,
        42
      ],
      "confidence": 70.42500000000001
    },
    {
      "numbers": [
        10,
        13,
        18,
        20,
        26,
        31
      ],
      "confidence": 70.42500000000001
    },
    {
      "numbers": [
        17,
        18,
        21,
        23,
        31,
        42
      ],
      "confidence": 70.42500000000001
    },
    {
      "numbers": [
        9,
        10,
        13,
        27,
        31,
        42
      ],
      "confidence": 70.0
    },
    {
      "numbers": [
        10,
        18,
        19,
        23,
        33,
        42
      ],
      "confidence": 69.79166666666667
    },
    {
      "numbers": [
        10,
        18,
        20,
        27,
        31,
        42
      ],
      "confidence": 69.79166666666667
    },
    {
      "numbers": [
        13,
        18,
        24,
        26,
        33,
        42
      ],
      "confidence": 69.75833333333334
    },
    {
      "numbers": [
        13,
        18,
        20,
        26,
        33,
        42
      ],
      "confidence": 69.75833333333334
    },
    {
      "numbers": [
        8,
        18,
        23,
        26,
        27,
        31
      ],
      "confidence": 69.75833333333334
    },
    {
      "numbers": [
        18,
        20,
        22,
        23,
        31,
        43
      ],
      "confidence": 69.75833333333334
    },
    {
      "numbers": [
        18,
        21,
        24,
        25,
        31,
        43
      ],
      "confidence": 69.75833333333334
    },
    {
      "numbers": [
        9,
        13,
        17,
        18,
        24,
        26
      ],
      "confidence": 69.74734405725656
    },
    {
      "numbers": [
        10,
        13,
        18,
        23,
        25,
        27
      ],
      "confidence": 69.725
    },
    {
      "numbers": [
        13,
        18,
        19,
        31,
        33,
        42
      ],
      "confidence": 69.725
    },
    {
      "numbers": [
        8,
        13,
        18,
        24,
        33,
        42
      ],
      "confidence": 69.58333333333334
    },
    {
      "numbers": [
        13,
        18,
        20,
        22,
        26,
        45
      ],
      "confidence": 69.26666666666668
    },
    {
      "numbers": [
        9,
        18,
        20,
        22,
        23,
        33
      ],
      "confidence": 69.09166666666667
    },
    {
      "numbers": [
        13,
        18,
        20,
        25,
        42,
        43
      ],
      "confidence": 69.05833333333334
    },
    {
      "numbers": [
        13,
        18,
        19,
        22,
        24,
        43
      ],
      "confidence": 69.05833333333334
    },
    {
      "numbers": [
        9,
        10,
        13,
        18,
        21,
        33
      ],
      "confidence": 68.73901072392323
    },
    {
      "numbers": [
        8,
        19,
        20,
        21,
        33,
        42
      ],
      "confidence": 68.66666666666666
    },
    {
      "numbers": [
        9,
        13,
        20,
        31,
        42,
        45
      ],
      "confidence": 68.63333333333333
    },
    {
      "numbers": [
        9,
        10,
        13,
        17,
        24,
        42
      ],
      "confidence": 68.63333333333333
    },
    {
      "numbers": [
        8,
        13,
        21,
        22,
        25,
        27
      ],
      "confidence": 68.6
    },
    {
      "numbers": [
        13,
        21,
        25,
        26,
        27,
        42
      ],
      "confidence": 68.6
    },
    {
      "numbers": [
        18,
        19,
        20,
        23,
        26,
        45
      ],
      "confidence": 68.6
    },
    {
      "numbers": [
        8,
        17,
        21,
        24,
        31,
        43
      ],
      "confidence": 68.45833333333334
    },
    {
      "numbers": [
        18,
        21,
        22,
        25,
        33,
        45
      ],
      "confidence": 68.42500000000001
    },
    {
      "numbers": [
        8,
        18,
        19,
        20,
        25,
        43
      ],
      "confidence": 68.42500000000001
    },
    {
      "numbers": [
        9,
        13,
        20,
        21,
        22,
        43
      ],