{
  "latest_round": 505,
  "next_round": 506,
  "hot_cold": {
    "hot": [
      [
        4,
        12
      ],
      [
        40,
        12
      ],
      [
        8,
        11
      ],
      [
        22,
        11
      ],
      [
        27,
        11
      ],
      [
        13,
        10
      ],
      [
        20,
        10
      ],
      [
        23,
        10
      ],
      [
        37,
        10
      ],
      [
        1,
        8
      ]
    ],
    "cold": [
      [
        19,
        2
      ],
      [
        21,
        2
      ],
      [
        9,
        3
      ],
      [
        11,
        3
      ],
      [
        5,
        4
      ],
      [
        7,
        4
      ],
      [
        16,
        4
      ],
      [
        33,
        4
      ],
      [
        42,
        4
      ],
      [
        2,
        5
      ]
    ],
    "overdue": [
      [
        11,
        5.627705627705628
      ],
      [
        18,
        4.067685589519651
      ],
      [
        21,
        3.86892177589852
      ],
      [
        9,
        3.242616033755274
      ],
      [
        45,
        3.1588983050847457
      ],
      [
        16,
        2.9290187891440502
      ],
      [
        2,
        1.9875776397515528
      ],
      [
        37,
        1.951219512195122
      ],
      [
        8,
        1.5164609053497942
      ]
    ]
  },
  "engine_predictions": {
    "advancedpattern": [
      7,
      20,
      22,
      25,
      26,
      40
    ],
    "gap": [
      1,
      7,
      13,
      19,
      25,
      31
    ],
    "graph": [
      3,
      20,
      27,
      34,
      37,
      40
    ],
    "lstm": [
      4,
      6,
      20,
      22,
      34,
      40
    ],
    "ml": [
      1,
      4,
      5,
      13,
      22,
      35
    ],
    "numerology": [
      17,
      22,
      23,
      24,
      25,
      31
    ],
    "pattern": [
      5,
      11,
      15,
      25,
      35,
      45
    ],
    "sequencecorrelation": [
      10,
      14,
      20,
      26,
      27,
      37
    ],
    "statistical": [
      2,
      8,
      9,
      18,
      37,
      45
    ],
    "timeseries": [
      2,
      11,
      21,
      29,
      39,
      41
    ]
  },
  "predicted_sets": [
    {
      "numbers": [
        7,
        20,
        22,
        25,
        26,
        34
      ],
      "confidence": 71.3
    },
    {
      "numbers": [
        1,
        20,
        22,
        25,
        34,
        40
      ],
      "confidence": 71.09166666666667
    },
    {
      "numbers": [
        11,
        20,
        22,
        25,
        37,
        45
      ],
      "confidence": 71.09166666666667
    },
    {
      "numbers": [
        4,
        20,
        22,
        25,
        40,
        45
      ],
      "confidence": 70.91666666666666
    },
    {
      "numbers": [
        2,
        4,
        20,
        25,
        26,
        37
      ],
      "confidence": 70.63333333333333
    },
    {
      "numbers": [
        11,
        13,
        20,
        22,
        25,
        40
      ],
      "confidence": 70.39166666666667
    },
    {
      "numbers": [
        1,
        20,
        22,
        26,
        27,
        45
      ],
      "confidence": 69.96666666666667
    },
    {
      "numbers": [
        1,
        7,
        13,
        20,
        22,
        45
      ],
      "confidence": 69.96666666666667
    },
    {
      "numbers": [
        7,
        20,
        22,
        27,
        31,
        45
      ],
      "confidence": 69.79166666666667
    },
    {
      "numbers": [
        4,
        13,
        22,
        25,
        35,
        37
      ],
      "confidence": 69.75833333333334
    },
    {
      "numbers": [
        5,
        13,
        20,
        25,
        34,
        37
      ],
      "confidence": 69.75833333333334
    },
    {
      "numbers": [
        4,
        20,
        25,
        27,
        37,
        40
      ],
      "confidence": 69.55
    },
    {
      "numbers": [
        2,
        20,
        22,
        25,
        26,
        45
      ],
      "confidence": 69.55
    },
    {
      "numbers": [
        18,
        20,
        22,
        25,
        40,
        45
      ],
      "confidence": 69.38568744043941
    },
    {
      "numbers": [
        5,
        13,
        22,
        26,
        40,
        45
      ],
      "confidence": 69.125
    },
    {
      "numbers": [
        7,
        18,
        22,
        37,
        40,
        45
      ],
      "confidence": 69.125
    },
    {
      "numbers": [
        2,
        17,
        20,
        22,
        31,
        45
      ],
      "confidence": 69.125
    },
    {
      "numbers": [
        5,
        18,
        22,
        25,
        27,
        40
      ],
      "confidence": 69.09166666666667
    },
    {
      "numbers": [
        7,
        20,
        22,
        27,
        31,
        35
      ],
      "confidence": 69.09166666666667
    },
    {
      "numbers": [
        4,
        20,
        25,
        27,
        31,
        35
      ],
      "confidence": 69.09166666666667
    },
    {
      "numbers": [
        2,
        5,
        11,
        25,
        37,
        40
      ],
      "confidence": 69.09166666666667
    },
    {
      "numbers": [
        1,
        13,
        17,
        20,
        22,
        37
      ],
      "confidence": 69.09166666666667
    },
    {
      "numbers": [
        4,
        7,
        20,
        22,
        27,
        31
      ],
      "confidence": 69.09166666666667
    },
    {
      "numbers": [
        4,
        22,
        25,
        26,
        34,
        37
      ],
      "confidence": 69.05833333333334
    },
    {
      "numbers": [
        20,
        22,
        26,
        27,
        31,
        40
      ],
      "confidence": 69.05833333333334
    },
    {
      "numbers": [
        1,
        22,
        25,
        34,
        35,
        40
      ],
      "confidence": 69.05833333333334
    },
    {
      "numbers": [
        1,
        2,
        20,
        22,
        31,
        37
      ],
      "confidence": 68.88333333333333
    },
    {
      "numbers": [
        4,
        20,
        25,
        31,
        35,
        40
      ],
      "confidence": 68.88333333333333
    },
    {
      "numbers": [
        11,
        13,
        18,
        22,
        37,
        40
      ],
      "confidence": 68.6
    },
    {
      "numbers": [
        1,
        22,
        27,
        34,
        35,
        40
      ],
      "confidence": 68.6
    },
    {
      "numbers": [
        11,
        20,
        22,
        34,
        40,
        45
      ],
      "confidence": 68.59402077377275
    },
    {
      "numbers": [
        1,
        7,
        20,
        27,
        34,
        45
      ],
      "confidence": 68.45833333333334
    },
    {
      "numbers": [
        2,
        18,
        22,
        31,
        40,
        45
      ],
      "confidence": 68.45833333333334
    },
    {
      "numbers": [
        1,
        11,
        13,
        22,
        34,
        40
      ],
      "confidence": 68.42500000000001
    },
    {
      "numbers": [
        5,
        17,
        20,
        22,
        34,
        35
      ],
      "confidence": 68.42500000000001
    },
    {
      "numbers": [
        2,
        7,
        20,
        26,
        31,
        40
      ],
      "confidence": 68.42500000000001
    },
    {
      "numbers": [
        2,
        13,
        25,
        27,
        35,
        40
      ],
      "confidence": 68.42500000000001
    },
    {
      "numbers": [
        5,
        7,
        11,
        25,
        34,
        40
      ],
      "confidence": 68.42500000000001
    },
    {
      "numbers": [
        1,
        22,
        31,
        35,
        37,
        40
      ],