{
  "latest_round": 99,
  "next_round": 100,
  "hot_cold": {
    "hot": [
      [
        3,
        12
      ],
      [
        15,
        12
      ],
      [
        29,
        11
      ],
      [
        36,
        11
      ],
      [
        2,
        10
      ],
      [
        24,
        10
      ],
      [
        10,
        9
      ],
      [
        17,
        9
      ],
      [
        44,
        9
      ],
      [
        8,
        8
      ]
    ],
    "cold": [
      [
        9,
        2
      ],
      [
        28,
        2
      ],
      [
        11,
        3
      ],
      [
        13,
        3
      ],
      [
        19,
        4
      ],
      [
        42,
        4
      ],
      [
        45,
        4
      ],
      [
        4,
        5
      ],
      [
        18,
        5
      ],
      [
        21,
        5
      ]
    ],
    "overdue": [
      [
        25,
        4.141025641025641
      ],
      [
        18,
        4.116666666666667
      ],
      [
        2,
        2.4683544303797467
      ],
      [
        39,
        2.1666666666666665
      ],
      [
        19,
        2.0
      ],
      [
        13,
        1.686746987951807
      ],
      [
        30,
        1.5714285714285714
      ],
      [
        26,
        1.5058823529411764
      ],
      [
        4,
        1.5
      ]
    ]
  },
  "engine_predictions": {
    "advancedpattern": [
      3,
      10,
      16,
      27,
      29,
      37
    ],
    "gap": [
      2,
      8,
      14,
      20,
      26,
      32
    ],
    "graph": [
      2,
      3,
      17,
      33,
      37,
      40
    ],
    "lstm": [
      1,
      3,
      6,
      24,
      29,
      36
    ],
    "numerology": [
      17,
      22,
      23,
      24,
      25,
      26
    ],
    "pattern": [
      3,
      13,
      23,
      33,
      37,
      43
    ],
    "sequencecorrelation": [
      6,
      16,
      25,
      36,
      37,
      40
    ],
    "statistical": [
      2,
      18,
      19,
      25,
      26,
      39
    ],
    "timeseries": [
      12,
      13,
      18,
      24,
      35,
      42
    ]
  },
  "predicted_sets": [
    {
      "numbers": [
        3,
        18,
        25,
        26,
        29,
        37
      ],
      "confidence": 72.63333333333333
    },
    {
      "numbers": [
        2,
        3,
        18,
        24,
        33,
        37
      ],
      "confidence": 71.75833333333333
    },
    {
      "numbers": [
        3,
        18,
        23,
        24,
        25,
        37
      ],
      "confidence": 71.75833333333333
    },
    {
      "numbers": [
        2,
        3,
        26,
        33,
        37,
        40
      ],
      "confidence": 71.05833333333334
    },
    {
      "numbers": [
        3,
        16,
        17,
        25,
        37,
        40
      ],
      "confidence": 71.01759259259259
    },
    {
      "numbers": [
        2,
        3,
        6,
        25,
        35,
        37
      ],
      "confidence": 70.3175925925926
    },
    {
      "numbers": [
        3,
        10,
        23,
        24,
        25,
        37
      ],
      "confidence": 70.3175925925926
    },
    {
      "numbers": [
        2,
        16,
        24,
        29,
        36,
        37
      ],
      "confidence": 70.27685185185186
    },
    {
      "numbers": [
        3,
        10,
        18,
        24,
        37,
        40
      ],
      "confidence": 70.27685185185186
    },
    {
      "numbers": [
        3,
        13,
        29,
        36,
        37,
        40
      ],
      "confidence": 70.27685185185186
    },
    {
      "numbers": [
        2,
        3,
        6,
        24,
        33,
        37
      ],
      "confidence": 69.75017260677708
    },
    {
      "numbers": [
        3,
        18,
        24,
        27,
        29,
        40
      ],
      "confidence": 69.67037037037036
    },
    {
      "numbers": [
        1,
        6,
        13,
        24,
        25,
        37
      ],
      "confidence": 69.60295038455486
    },
    {
      "numbers": [
        13,
        24,
        26,
        29,
        36,
        37
      ],
      "confidence": 69.57685185185184
    },
    {
      "numbers": [
        3,
        18,
        23,
        35,
        36,
        37
      ],
      "confidence": 69.53611111111113
    },
    {
      "numbers": [
        6,
        17,
        18,
        24,
        37,
        40
      ],
      "confidence": 69.53611111111113
    },
    {
      "numbers": [
        1,
        16,
        24,
        35,
        37,
        40
      ],
      "confidence": 68.92962962962963
    },
    {
      "numbers": [
        2,
        16,
        18,
        25,
        27,
        40
      ],
      "confidence": 68.92962962962963
    },
    {
      "numbers": [
        18,
        24,
        25,
        27,
        29,
        37
      ],
      "confidence": 68.83611111111111
    },
    {
      "numbers": [
        13,
        24,
        25,
        26,
        29,
        33
      ],
      "confidence": 68.83611111111111
    },
    {
      "numbers": [
        3,
        6,
        13,
        35,
        37,
        40
      ],
      "confidence": 68.83611111111111
    },
    {
      "numbers": [
        1,
        3,
        16,
        25,
        33,
        40
      ],
      "confidence": 68.79537037037038
    },
    {
      "numbers": [
        10,
        13,
        24,
        25,
        35,
        37
      ],
      "confidence": 68.79537037037038
    },
    {
      "numbers": [
        1,
        6,
        17,
        24,
        33,
        37
      ],
      "confidence": 68.79537037037038
    },
    {
      "numbers": [
        10,
        17,
        26,
        29,
        33,
        37
      ],
      "confidence": 68.79537037037038
    },
    {
      "numbers": [
        3,
        16,
        17,
        23,
        29,
        40
      ],
      "confidence": 68.79537037037038
    },
    {
      "numbers": [
        2,
        16,
        25,
        33,
        36,
        40
      ],
      "confidence": 68.79537037037038
    },
    {
      "numbers": [
        2,
        3,
        13,
        24,
        29,
        35
      ],
      "confidence": 68.72795038455487
    },
    {
      "numbers": [
        3,
        25,
        26,
        29,
        33,
        36
      ],
      "confidence": 68.70185185185184
    },
    {
      "numbers": [
        6,
        17,
        18,
        26,
        37,
        40
      ],
      "confidence": 68.66111111111111
    },
    {
      "numbers": [
        3,
        16,
        23,
        26,
        29,
        40
      ],
      "confidence": 68.66111111111111
    },
    {
      "numbers": [
        6,
        10,
        16,
        25,
        26,
        37
      ],
      "confidence": 68.66111111111111
    },
    {
      "numbers": [
        13,
        25,
        26,
        33,
        36,
        37
      ],
      "confidence": 68.46944870105315
    },
    {
      "numbers": [
        3,
        10,
        24,
        26,
        27,
        29
      ],
      "confidence": 68.27037037037037
    },
    {
      "numbers": [
        1,
        3,
        24,
        27,
        29,
        40
      ],
      "confidence": 68.22962962962964
    },
    {
      "numbers": [
        2,
        24,
        27,
        33,
        36,
        40
      ],
      "confidence": 68.22962962962964
    },
    {
      "numbers": [
        16,
        18,
        23,
        25,
        29,
        40
      ],
      "confidence": 68.22962962962964
    },
    {
      "numbers": [
        10,
        18,
        23,
        29,
        35,
        37
      ],
      "confidence": 68.18888888888888
    },
    {
      "numbers": [
        2,
        16,
        24,
        27,
        33,
        35
      ],