{
  "latest_round": 139,
  "next_round": 140,
  "hot_cold": {
    "hot": [
      [
        36,
        12
      ],
      [
        7,
        10
      ],
      [
        17,
        10
      ],
      [
        22,
        10
      ],
      [
        34,
        10
      ],
      [
        1,
        9
      ],
      [
        3,
        9
      ],
      [
        10,
        9
      ],
      [
        23,
        9
      ],
      [
        28,
        9
      ]
    ],
    "cold": [
      [
        13,
        1
      ],
      [
        39,
        3
      ],
      [
        2,
        4
      ],
      [
        12,
        4
      ],
      [
        16,
        4
      ],
      [
        18,
        4
      ],
      [
        19,
        4
      ],
      [
        21,
        4
      ],
      [
        38,
        4
      ],
      [
        8,
        5
      ]
    ],
    "overdue": [
      [
        44,
        3.4953271028037385
      ],
      [
        1,
        2.6036036036036037
      ],
      [
        40,
        2.496
      ],
      [
        33,
        2.3709677419354835
      ],
      [
        13,
        1.8803418803418803
      ],
      [
        29,
        1.7142857142857142
      ],
      [
        32,
        1.6320000000000001
      ],
      [
        5,
        1.6
      ]
    ]
  },
  "engine_predictions": {
    "advancedpattern": [
      9,
      11,
      15,
      20,
      28,
      43
    ],
    "gap": [
      2,
      8,
      14,
      20,
      26,
      32
    ],
    "graph": [
      7,
      17,
      25,
      33,
      37,
      40
    ],
    "lstm": [
      7,
      11,
      15,
      20,
      28,
      39
    ],
    "ml": [
      13,
      15,
      17,
      18,
      23,
      28
    ],
    "numerology": [
      16,
      17,
      23,
      24,
      25,
      26
    ],
    "pattern": [
      3,
      13,
      23,
      33,
      37,
      43
    ],
    "sequencecorrelation": [
      16,
      18,
      23,
      25,
      28,
      37
    ],
    "statistical": [
      1,
      29,
      32,
      33,
      40,
      44
    ],
    "timeseries": [
      13,
      18,
      19,
      23,
      39,
      40
    ]
  },
  "predicted_sets": [
    {
      "numbers": [
        15,
        17,
        23,
        28,
        32,
        40
      ],
      "confidence": 71.93333333333334
    },
    {
      "numbers": [
        15,
        17,
        20,
        23,
        28,
        37
      ],
      "confidence": 71.725
    },
    {
      "numbers": [
        7,
        18,
        23,
        25,
        26,
        40
      ],
      "confidence": 71.3
    },
    {
      "numbers": [
        9,
        17,
        18,
        23,
        25,
        40
      ],
      "confidence": 71.3
    },
    {
      "numbers": [
        7,
        16,
        20,
        23,
        28,
        39
      ],
      "confidence": 71.3
    },
    {
      "numbers": [
        16,
        17,
        20,
        23,
        28,
        32
      ],
      "confidence": 71.26666666666667
    },
    {
      "numbers": [
        7,
        20,
        23,
        25,
        28,
        43
      ],
      "confidence": 71.09166666666667
    },
    {
      "numbers": [
        9,
        15,
        20,
        28,
        37,
        43
      ],
      "confidence": 70.66666666666667
    },
    {
      "numbers": [
        9,
        16,
        17,
        23,
        28,
        32
      ],
      "confidence": 70.63333333333333
    },
    {
      "numbers": [
        15,
        18,
        23,
        32,
        37,
        39
      ],
      "confidence": 70.6
    },
    {
      "numbers": [
        13,
        15,
        17,
        20,
        28,
        32
      ],
      "confidence": 70.6
    },
    {
      "numbers": [
        15,
        17,
        25,
        28,
        40,
        43
      ],
      "confidence": 70.42500000000001
    },
    {
      "numbers": [
        9,
        18,
        23,
        26,
        28,
        40
      ],
      "confidence": 70.42500000000001
    },
    {
      "numbers": [
        15,
        17,
        18,
        28,
        33,
        40
      ],
      "confidence": 70.39166666666667
    },
    {
      "numbers": [
        7,
        13,
        15,
        23,
        26,
        28
      ],
      "confidence": 70.39166666666667
    },
    {
      "numbers": [
        7,
        9,
        11,
        18,
        23,
        40
      ],
      "confidence": 69.96666666666667
    },
    {
      "numbers": [
        11,
        13,
        15,
        20,
        28,
        32
      ],
      "confidence": 69.93333333333334
    },
    {
      "numbers": [
        15,
        20,
        28,
        33,
        37,
        39
      ],
      "confidence": 69.89195218345986
    },
    {
      "numbers": [
        15,
        18,
        20,
        28,
        32,
        43
      ],
      "confidence": 69.75833333333334
    },
    {
      "numbers": [
        9,
        16,
        23,
        25,
        28,
        43
      ],
      "confidence": 69.75833333333334
    },
    {
      "numbers": [
        7,
        15,
        25,
        28,
        32,
        33
      ],
      "confidence": 69.75833333333334
    },
    {
      "numbers": [
        9,
        17,
        20,
        23,
        32,
        40
      ],
      "confidence": 69.75833333333334
    },
    {
      "numbers": [
        9,
        11,
        18,
        20,
        23,
        28
      ],
      "confidence": 69.725
    },
    {
      "numbers": [
        11,
        16,
        17,
        20,
        23,
        40
      ],
      "confidence": 69.725
    },
    {
      "numbers": [
        13,
        18,
        20,
        28,
        32,
        37
      ],
      "confidence": 69.725
    },
    {
      "numbers": [
        13,
        17,
        18,
        25,
        33,
        40
      ],
      "confidence": 69.725
    },
    {
      "numbers": [
        15,
        25,
        28,
        32,
        33,
        37
      ],
      "confidence": 69.725
    },
    {
      "numbers": [
        7,
        17,
        18,
        20,
        23,
        26
      ],
      "confidence": 69.725
    },
    {
      "numbers": [
        9,
        20,
        23,
        28,
        39,
        43
      ],
      "confidence": 69.58333333333334
    },
    {
      "numbers": [
        13,
        18,
        25,
        28,
        33,
        37
      ],
      "confidence": 69.51666666666667
    },
    {
      "numbers": [
        13,
        15,
        20,
        23,
        32,
        33
      ],
      "confidence": 69.51666666666667
    },
    {
      "numbers": [
        9,
        17,
        20,
        26,
        28,
        32
      ],
      "confidence": 69.3
    },
    {
      "numbers": [
        11,
        25,
        26,
        28,
        32,
        43
      ],
      "confidence": 69.3
    },
    {
      "numbers": [
        9,
        15,
        17,
        18,
        26,
        33
      ],
      "confidence": 69.3
    },
    {
      "numbers": [
        3,
        18,
        20,
        25,
        26,
        37
      ],
      "confidence": 69.3
    },
    {
      "numbers": [
        9,
        13,
        25,
        26,
        37,
        40
      ],
      "confidence": 69.3
    },
    {
      "numbers": [
        9,
        18,
        25,
        33,
        40,
        43
      ],
      "confidence": 69.125
    },
    {
      "numbers": [
        9,
        16,
        28,
        33,
        37,
        43
      ],
      "confidence": 69.125
    },
    {
      "numbers": [
        9,
        18,
        20,
        25,
        28,
        32
      ],
      "confidence": 69.09166666666667
    },
    {
      "numbers": [
        9,
        11,
        15,
        20,
        28,
        40
      ],