{
  "latest_round": 838,
  "next_round": 839,
  "hot_cold": {
    "hot": [
      [
        12,
        13
      ],
      [
        10,
        12
      ],
      [
        38,
        11
      ],
      [
        13,
        10
      ],
      [
        18,
        10
      ],
      [
        31,
        10
      ],
      [
        43,
        10
      ],
      [
        45,
        10
      ],
      [
        21,
        9
      ],
      [
        25,
        9
      ]
    ],
    "cold": [
      [
        20,
        2
      ],
      [
        4,
        3
      ],
      [
        22,
        3
      ],
      [
        23,
        3
      ],
      [
        27,
        3
      ],
      [
        37,
        3
      ],
      [
        8,
        4
      ],
      [
        41,
        4
      ],
      [
        44,
        4
      ],
      [
        7,
        5
      ]
    ],
    "overdue": [
      [
        23,
        3.4814356435643563
      ],
      [
        32,
        3.4615384615384617
      ],
      [
        27,
        2.4224664224664227
      ],
      [
        20,
        2.4139650872817957
      ],
      [
        34,
        2.230392156862745
      ],
      [
        22,
        1.962825278810409
      ],
      [
        15,
        1.7936507936507935
      ],
      [
        21,
        1.7375455650060754
      ],
      [
        24,
        1.6370280146163214
      ]
    ]
  },
  "engine_predictions": {
    "advancedpattern": [
      9,
      14,
      17,
      33,
      36,
      38
    ],
    "gap": [
      1,
      7,
      13,
      19,
      25,
      31
    ],
    "graph": [
      8,
      11,
      26,
      27,
      34,
      37
    ],
    "lstm": [
      9,
      14,
      28,
      33,
      38,
      45
    ],
    "ml": [
      2,
      8,
      25,
      33,
      34,
      38
    ],
    "numerology": [
      17,
      22,
      23,
      24,
      25,
      31
    ],
    "pattern": [
      1,
      11,
      15,
      21,
      31,
      41
    ],
    "sequencecorrelation": [
      8,
      10,
      11,
      18,
      27,
      33
    ],
    "statistical": [
      15,
      21,
      24,
      27,
      29,
      34
    ],
    "timeseries": [
      4,
      5,
      20,
      24,
      31,
      44
    ]
  },
  "predicted_sets": [
    {
      "numbers": [
        9,
        14,
        27,
        31,
        33,
        38
      ],
      "confidence": 71.3
    },
    {
      "numbers": [
        8,
        17,
        24,
        27,
        31,
        33
      ],
      "confidence": 71.09166666666667
    },
    {
      "numbers": [
        8,
        11,
        24,
        25,
        33,
        34
      ],
      "confidence": 71.09166666666667
    },
    {
      "numbers": [
        8,
        11,
        24,
        25,
        33,
        38
      ],
      "confidence": 71.09166666666667
    },
    {
      "numbers": [
        9,
        14,
        24,
        27,
        31,
        33
      ],
      "confidence": 70.42500000000001
    },
    {
      "numbers": [
        8,
        9,
        24,
        31,
        33,
        34
      ],
      "confidence": 70.39166666666667
    },
    {
      "numbers": [
        9,
        14,
        15,
        27,
        31,
        38
      ],
      "confidence": 69.96666666666667
    },
    {
      "numbers": [
        5,
        9,
        24,
        31,
        33,
        38
      ],
      "confidence": 69.93333333333334
    },
    {
      "numbers": [
        1,
        11,
        25,
        27,
        34,
        38
      ],
      "confidence": 69.75833333333334
    },
    {
      "numbers": [
        9,
        24,
        25,
        31,
        34,
        38
      ],
      "confidence": 69.725
    },
    {
      "numbers": [
        14,
        24,
        27,
        31,
        33,
        34
      ],
      "confidence": 69.51666666666667
    },
    {
      "numbers": [
        8,
        11,
        24,
        27,
        34,
        36
      ],
      "confidence": 69.09166666666667
    },
    {
      "numbers": [
        8,
        9,
        17,
        24,
        25,
        38
      ],
      "confidence": 69.09166666666667
    },
    {
      "numbers": [
        8,
        9,
        11,
        17,
        25,
        38
      ],
      "confidence": 69.09166666666667
    },
    {
      "numbers": [
        9,
        11,
        13,
        24,
        33,
        38
      ],
      "confidence": 69.09166666666667
    },
    {
      "numbers": [
        9,
        11,
        18,
        24,
        33,
        34
      ],
      "confidence": 69.09166666666667
    },
    {
      "numbers": [
        8,
        15,
        27,
        33,
        36,
        38
      ],
      "confidence": 69.09166666666667
    },
    {
      "numbers": [
        11,
        17,
        21,
        24,
        33,
        38
      ],
      "confidence": 69.05833333333334
    },
    {
      "numbers": [
        11,
        15,
        17,
        24,
        31,
        38
      ],
      "confidence": 69.05833333333334
    },
    {
      "numbers": [
        11,
        15,
        24,
        31,
        33,
        36
      ],
      "confidence": 69.05833333333334
    },
    {
      "numbers": [
        5,
        8,
        17,
        31,
        33,
        38
      ],
      "confidence": 69.05833333333334
    },
    {
      "numbers": [
        8,
        11,
        17,
        24,
        34,
        38
      ],
      "confidence": 68.88333333333333
    },
    {
      "numbers": [
        8,
        18,
        24,
        27,
        33,
        38
      ],
      "confidence": 68.88333333333333
    },
    {
      "numbers": [
        13,
        24,
        25,
        31,
        33,
        34
      ],
      "confidence": 68.85
    },
    {
      "numbers": [
        11,
        17,
        24,
        25,
        36,
        38
      ],
      "confidence": 68.6
    },
    {
      "numbers": [
        8,
        13,
        21,
        24,
        25,
        27
      ],
      "confidence": 68.6
    },
    {
      "numbers": [
        8,
        9,
        15,
        25,
        31,
        36
      ],
      "confidence": 68.42500000000001
    },
    {
      "numbers": [
        5,
        11,
        18,
        24,
        33,
        38
      ],
      "confidence": 68.42500000000001
    },
    {
      "numbers": [
        1,
        14,
        25,
        31,
        36,
        38
      ],
      "confidence": 68.42500000000001
    },
    {
      "numbers": [
        4,
        21,
        25,
        27,
        31,
        38
      ],
      "confidence": 68.39166666666668
    },
    {
      "numbers": [
        1,
        9,
        24,
        25,
        27,
        34
      ],
      "confidence": 68.39166666666668
    },
    {
      "numbers": [
        4,
        27,
        31,
        33,
        34,
        36
      ],
      "confidence": 68.39166666666668
    },
    {
      "numbers": [
        11,
        15,
        31,
        33,
        36,
        38
      ],
      "confidence": 68.35833333333333
    },
    {
      "numbers": [
        8,
        11,
        14,
        15,
        25,
        38
      ],
      "confidence": 68.21666666666667
    },
    {
      "numbers": [
        9,
        14,
        21,
        27,
        31,
        34
      ],
      "confidence": 68.21666666666667
    },
    {
      "numbers": [
        4,
        8,
        11,
        21,
        33,
        38
      ],
      "confidence": 68.21666666666667
    },
    {
      "numbers": [
        1,
        8,
        17,
        21,
        31,
        34
      ],
      "confidence": 68.21666666666667
    },
    {
      "numbers": [
        5,
        14,
        25,
        33,
        34,
        38
      ],