{
  "latest_round": 668,
  "next_round": 669,
  "hot_cold": {
    "hot": [
      [
        15,
        11
      ],
      [
        7,
        10
      ],
      [
        16,
        10
      ],
      [
        31,
        10
      ],
      [
        6,
        9
      ],
      [
        19,
        9
      ],
      [
        21,
        9
      ],
      [
        39,
        9
      ],
      [
        44,
        9
      ],
      [
        3,
        8
      ]
    ],
    "cold": [
      [
        10,
        3
      ],
      [
        29,
        3
      ],
      [
        30,
        3
      ],
      [
        34,
        3
      ],
      [
        35,
        4
      ],
      [
        1,
        5
      ],
      [
        8,
        5
      ],
      [
        14,
        5
      ],
      [
        22,
        5
      ],
      [
        25,
        5
      ]
    ],
    "overdue": [
      [
        34,
        4.809523809523809
      ],
      [
        35,
        3.7363344051446945
      ],
      [
        1,
        3.482649842271293
      ],
      [
        45,
        3.053627760252366
      ],
      [
        30,
        2.5147744945567654
      ],
      [
        22,
        2.300314465408805
      ],
      [
        13,
        2.289230769230769
      ],
      [
        26,
        2.0308641975308643
      ],
      [
        40,
        1.8277439024390243
      ],
      [
        21,
        1.7177914110429446
      ]
    ]
  },
  "engine_predictions": {
    "advancedpattern": [
      12,
      14,
      15,
      24,
      27,
      32
    ],
    "gap": [
      1,
      7,
      13,
      19,
      25,
      31
    ],
    "graph": [
      14,
      20,
      26,
      27,
      34,
      37
    ],
    "lstm": [
      5,
      6,
      11,
      15,
      17,
      27
    ],
    "ml": [
      8,
      15,
      28,
      32,
      40,
      43
    ],
    "numerology": [
      17,
      22,
      23,
      24,
      25,
      31
    ],
    "pattern": [
      5,
      13,
      15,
      25,
      35,
      45
    ],
    "sequencecorrelation": [
      8,
      17,
      32,
      37,
      40,
      43
    ],
    "statistical": [
      13,
      16,
      21,
      26,
      31,
      40
    ],
    "timeseries": [
      5,
      29,
      34,
      38,
      40,
      44
    ]
  },
  "predicted_sets": [
    {
      "numbers": [
        8,
        15,
        27,
        32,
        40,
        43
      ],
      "confidence": 72.0
    },
    {
      "numbers": [
        5,
        13,
        27,
        31,
        32,
        40
      ],
      "confidence": 71.96666666666667
    },
    {
      "numbers": [
        5,
        15,
        27,
        32,
        40,
        44
      ],
      "confidence": 71.125
    },
    {
      "numbers": [
        8,
        14,
        17,
        25,
        32,
        40
      ],
      "confidence": 70.63333333333333
    },
    {
      "numbers": [
        8,
        13,
        17,
        26,
        32,
        40
      ],
      "confidence": 70.63333333333333
    },
    {
      "numbers": [
        8,
        15,
        17,
        32,
        40,
        44
      ],
      "confidence": 70.63333333333333
    },
    {
      "numbers": [
        5,
        12,
        17,
        24,
        40,
        43
      ],
      "confidence": 70.0
    },
    {
      "numbers": [
        14,
        25,
        26,
        31,
        32,
        40
      ],
      "confidence": 69.93333333333334
    },
    {
      "numbers": [
        8,
        13,
        14,
        17,
        32,
        40
      ],
      "confidence": 69.93333333333334
    },
    {
      "numbers": [
        5,
        8,
        14,
        17,
        27,
        40
      ],
      "confidence": 69.75833333333334
    },
    {
      "numbers": [
        8,
        13,
        17,
        25,
        27,
        32
      ],
      "confidence": 69.75833333333334
    },
    {
      "numbers": [
        8,
        17,
        24,
        25,
        27,
        40
      ],
      "confidence": 69.75833333333334
    },
    {
      "numbers": [
        5,
        12,
        15,
        17,
        24,
        40
      ],
      "confidence": 69.75833333333334
    },
    {
      "numbers": [
        8,
        17,
        27,
        32,
        34,
        40
      ],
      "confidence": 69.75833333333334
    },
    {
      "numbers": [
        12,
        13,
        15,
        17,
        25,
        40
      ],
      "confidence": 69.725
    },
    {
      "numbers": [
        13,
        15,
        25,
        31,
        32,
        34
      ],
      "confidence": 69.725
    },
    {
      "numbers": [
        13,
        14,
        15,
        17,
        24,
        40
      ],
      "confidence": 69.725
    },
    {
      "numbers": [
        5,
        15,
        17,
        25,
        32,
        44
      ],
      "confidence": 69.58333333333334
    },
    {
      "numbers": [
        5,
        17,
        25,
        27,
        34,
        40
      ],
      "confidence": 69.55
    },
    {
      "numbers": [
        5,
        14,
        15,
        24,
        32,
        40
      ],
      "confidence": 69.55
    },
    {
      "numbers": [
        8,
        15,
        25,
        27,
        37,
        40
      ],
      "confidence": 69.55
    },
    {
      "numbers": [
        5,
        15,
        17,
        32,
        37,
        40
      ],
      "confidence": 69.51666666666667
    },
    {
      "numbers": [
        5,
        12,
        14,
        26,
        27,
        40
      ],
      "confidence": 69.3
    },
    {
      "numbers": [
        12,
        13,
        15,
        27,
        31,
        44
      ],
      "confidence": 69.3
    },
    {
      "numbers": [
        8,
        14,
        24,
        25,
        27,
        40
      ],
      "confidence": 69.09166666666667
    },
    {
      "numbers": [
        15,
        17,
        26,
        27,
        32,
        44
      ],
      "confidence": 69.09166666666667
    },
    {
      "numbers": [
        5,
        13,
        24,
        31,
        32,
        34
      ],
      "confidence": 69.09166666666667
    },
    {
      "numbers": [
        14,
        15,
        17,
        26,
        40,
        45
      ],
      "confidence": 69.09166666666667
    },
    {
      "numbers": [
        5,
        11,
        15,
        26,
        34,
        40
      ],
      "confidence": 69.09166666666667
    },
    {
      "numbers": [
        5,
        12,
        24,
        25,
        27,
        40
      ],
      "confidence": 69.09166666666667
    },
    {
      "numbers": [
        11,
        15,
        25,
        34,
        40,
        43
      ],
      "confidence": 69.09166666666667
    },
    {
      "numbers": [
        12,
        15,
        17,
        27,
        40,
        44
      ],
      "confidence": 69.09166666666667
    },
    {
      "numbers": [
        13,
        15,
        17,
        26,
        32,
        37
      ],
      "confidence": 69.05833333333334
    },
    {
      "numbers": [
        5,
        14,
        15,
        27,
        31,
        44
      ],
      "confidence": 68.91666666666667
    },
    {
      "numbers": [
        5,
        17,
        27,
        34,
        37,
        40
      ],
      "confidence": 68.88333333333333
    },
    {
      "numbers": [
        12,
        13,
        15,
        25,
        40,
        43
      ],
      "confidence": 68.88333333333333
    },
    {
      "numbers": [
        13,
        14,
        15,
        25,
        40,
        44
      ],
      "confidence": 68.88333333333333
    },
    {
      "numbers": [
        5,
        11,
        15,
        25,
        34,
        40
      ],
      "confidence": 68.88333333333333
    },
    {
      "numbers": [
        5,
        8,
        12,
        14,
        31,
        40
      ],