{
  "latest_round": 188,
  "next_round": 189,
  "hot_cold": {
    "hot": [
      [
        34,
        14
      ],
      [
        13,
        12
      ],
      [
        19,
        12
      ],
      [
        42,
        12
      ],
      [
        2,
        11
      ],
      [
        18,
        11
      ],
      [
        21,
        10
      ],
      [
        1,
        9
      ],
      [
        4,
        8
      ],
      [
        27,
        8
      ]
    ],
    "cold": [
      [
        7,
        2
      ],
      [
        23,
        2
      ],
      [
        14,
        3
      ],
      [
        22,
        3
      ],
      [
        32,
        3
      ],
      [
        38,
        3
      ],
      [
        44,
        3
      ],
      [
        6,
        4
      ],
      [
        17,
        4
      ],
      [
        37,
        4
      ]
    ],
    "overdue": [
      [
        7,
        4.276315789473684
      ],
      [
        44,
        3.2679738562091503
      ],
      [
        3,
        2.6582278481012658
      ],
      [
        36,
        2.427710843373494
      ],
      [
        35,
        2.2435897435897436
      ],
      [
        26,
        2.0769230769230766
      ],
      [
        41,
        2.0119760479041915
      ],
      [
        28,
        1.7567567567567566
      ],
      [
        37,
        1.6875
      ],
      [
        22,
        1.565217391304348
      ]
    ]
  },
  "engine_predictions": {
    "advancedpattern": [
      14,
      24,
      27,
      30,
      31,
      34
    ],
    "gap": [
      1,
      7,
      13,
      19,
      25,
      31
    ],
    "graph": [
      2,
      25,
      34,
      36,
      40,
      42
    ],
    "lstm": [
      1,
      2,
      19,
      29,
      34,
      40
    ],
    "ml": [
      1,
      21,
      30,
      34,
      38,
      45
    ],
    "numerology": [
      17,
      22,
      23,
      24,
      25,
      31
    ],
    "pattern": [
      3,
      13,
      23,
      33,
      35,
      43
    ],
    "sequencecorrelation": [
      3,
      14,
      30,
      31,
      40,
      42
    ],
    "statistical": [
      3,
      7,
      26,
      35,
      36,
      41
    ],
    "timeseries": [
      5,
      7,
      22,
      23,
      40,
      43
    ]
  },
  "predicted_sets": [
    {
      "numbers": [
        3,
        19,
        30,
        31,
        34,
        42
      ],
      "confidence": 72.0
    },
    {
      "numbers": [
        1,
        13,
        25,
        31,
        34,
        40
      ],
      "confidence": 71.75833333333334
    },
    {
      "numbers": [
        7,
        25,
        31,
        34,
        36,
        40
      ],
      "confidence": 71.70045223701688
    },
    {
      "numbers": [
        1,
        3,
        14,
        25,
        40,
        42
      ],
      "confidence": 71.33333333333334
    },
    {
      "numbers": [
        1,
        19,
        23,
        34,
        35,
        40
      ],
      "confidence": 71.3
    },
    {
      "numbers": [
        1,
        13,
        30,
        31,
        34,
        42
      ],
      "confidence": 71.125
    },
    {
      "numbers": [
        1,
        2,
        19,
        30,
        34,
        43
      ],
      "confidence": 70.66666666666667
    },
    {
      "numbers": [
        3,
        7,
        22,
        31,
        36,
        40
      ],
      "confidence": 70.6
    },
    {
      "numbers": [
        2,
        7,
        23,
        34,
        35,
        40
      ],
      "confidence": 70.6
    },
    {
      "numbers": [
        1,
        3,
        14,
        23,
        40,
        42
      ],
      "confidence": 70.45833333333334
    },
    {
      "numbers": [
        3,
        14,
        22,
        31,
        40,
        43
      ],
      "confidence": 70.45833333333334
    },
    {
      "numbers": [
        3,
        7,
        24,
        34,
        40,
        42
      ],
      "confidence": 70.42500000000001
    },
    {
      "numbers": [
        1,
        7,
        24,
        34,
        40,
        43
      ],
      "confidence": 70.42500000000001
    },
    {
      "numbers": [
        1,
        7,
        14,
        23,
        30,
        34
      ],
      "confidence": 70.42500000000001
    },
    {
      "numbers": [
        3,
        7,
        13,
        22,
        34,
        40
      ],
      "confidence": 70.42500000000001
    },
    {
      "numbers": [
        19,
        23,
        24,
        31,
        34,
        40
      ],
      "confidence": 70.39166666666667
    },
    {
      "numbers": [
        3,
        25,
        30,
        31,
        34,
        35
      ],
      "confidence": 70.39166666666667
    },
    {
      "numbers": [
        1,
        30,
        31,
        34,
        35,
        40
      ],
      "confidence": 70.18333333333334
    },
    {
      "numbers": [
        1,
        7,
        23,
        30,
        31,
        40
      ],
      "confidence": 70.18333333333334
    },
    {
      "numbers": [
        7,
        13,
        24,
        35,
        40,
        42
      ],
      "confidence": 70.0
    },
    {
      "numbers": [
        2,
        13,
        25,
        27,
        31,
        34
      ],
      "confidence": 69.96666666666667
    },
    {
      "numbers": [
        1,
        13,
        19,
        30,
        34,
        36
      ],
      "confidence": 69.96666666666667
    },
    {
      "numbers": [
        1,
        3,
        30,
        34,
        35,
        36
      ],
      "confidence": 69.93333333333334
    },
    {
      "numbers": [
        3,
        13,
        24,
        25,
        40,
        42
      ],
      "confidence": 69.79166666666667
    },
    {
      "numbers": [
        1,
        14,
        30,
        34,
        42,
        43
      ],
      "confidence": 69.79166666666667
    },
    {
      "numbers": [
        7,
        14,
        30,
        34,
        35,
        42
      ],
      "confidence": 69.79166666666667
    },
    {
      "numbers": [
        1,
        23,
        25,
        34,
        36,
        43
      ],
      "confidence": 69.75833333333334
    },
    {
      "numbers": [
        1,
        7,
        23,
        24,
        40,
        43
      ],
      "confidence": 69.75833333333334
    },
    {
      "numbers": [
        3,
        13,
        19,
        22,
        31,
        40
      ],
      "confidence": 69.75833333333334
    },
    {
      "numbers": [
        2,
        19,
        30,
        34,
        35,
        40
      ],
      "confidence": 69.75833333333334
    },
    {
      "numbers": [
        3,
        7,
        27,
        34,
        40,
        42
      ],
      "confidence": 69.75833333333334
    },
    {
      "numbers": [
        1,
        3,
        24,
        25,
        30,
        34
      ],
      "confidence": 69.725
    },
    {
      "numbers": [
        13,
        24,
        25,
        30,
        31,
        34
      ],
      "confidence": 69.725
    },
    {
      "numbers": [
        1,
        3,
        27,
        30,
        34,
        40
      ],
      "confidence": 69.725
    },
    {
      "numbers": [
        2,
        3,
        30,
        34,
        35,
        40
      ],
      "confidence": 69.725
    },
    {
      "numbers": [
        2,
        3,
        13,
        23,
        31,
        34
      ],
      "confidence": 69.55
    },
    {
      "numbers": [
        1,
        14,
        19,
        25,
        31,
        34
      ],
      "confidence": 69.55
    },
    {
      "numbers": [
        2,
        3,
        30,
        31,
        40,
        43
      ],
      "confidence": 69.55
    },
    {
      "numbers": [
        1,
        14,
        27,
        31,
        34,
        40
      ],