{
  "latest_round": 818,
  "next_round": 819,
  "hot_cold": {
    "hot": [
      [
        12,
        16
      ],
      [
        21,
        14
      ],
      [
        6,
        12
      ],
      [
        10,
        12
      ],
      [
        19,
        11
      ],
      [
        18,
        10
      ],
      [
        45,
        10
      ],
      [
        11,
        9
      ],
      [
        15,
        9
      ],
      [
        31,
        9
      ]
    ],
    "cold": [
      [
        4,
        2
      ],
      [
        20,
        2
      ],
      [
        22,
        2
      ],
      [
        44,
        2
      ],
      [
        33,
        3
      ],
      [
        40,
        3
      ],
      [
        7,
        4
      ],
      [
        8,
        4
      ],
      [
        9,
        4
      ],
      [
        27,
        4
      ]
    ],
    "overdue": [
      [
        33,
        3.725316455696203
      ],
      [
        7,
        3.371647509578544
      ],
      [
        4,
        2.5259165613147916
      ],
      [
        22,
        2.21656050955414
      ],
      [
        24,
        2.148055207026349
      ],
      [
        20,
        1.83206106870229
      ],
      [
        37,
        1.7142857142857142
      ]
    ]
  },
  "engine_predictions": {
    "advancedpattern": [
      14,
      15,
      25,
      28,
      29,
      30
    ],
    "gap": [
      1,
      7,
      13,
      19,
      25,
      31
    ],
    "graph": [
      1,
      14,
      15,
      18,
      19,
      34
    ],
    "lstm": [
      12,
      21,
      25,
      28,
      29,
      43
    ],
    "ml": [
      3,
      10,
      11,
      25,
      26,
      42
    ],
    "numerology": [
      17,
      22,
      23,
      24,
      25,
      31
    ],
    "pattern": [
      1,
      11,
      15,
      21,
      31,
      41
    ],
    "sequencecorrelation": [
      8,
      11,
      13,
      17,
      24,
      40
    ],
    "statistical": [
      4,
      7,
      10,
      22,
      24,
      33
    ],
    "timeseries": [
      1,
      4,
      20,
      22,
      23,
      44
    ]
  },
  "predicted_sets": [
    {
      "numbers": [
        10,
        15,
        22,
        24,
        25,
        31
      ],
      "confidence": 71.09166666666667
    },
    {
      "numbers": [
        1,
        17,
        19,
        24,
        25,
        28
      ],
      "confidence": 70.6
    },
    {
      "numbers": [
        1,
        15,
        19,
        22,
        24,
        31
      ],
      "confidence": 70.42500000000001
    },
    {
      "numbers": [
        1,
        14,
        15,
        25,
        28,
        31
      ],
      "confidence": 70.21666666666667
    },
    {
      "numbers": [
        10,
        14,
        25,
        28,
        31,
        43
      ],
      "confidence": 70.0
    },
    {
      "numbers": [
        1,
        14,
        17,
        25,
        30,
        31
      ],
      "confidence": 69.75833333333334
    },
    {
      "numbers": [
        4,
        17,
        24,
        25,
        29,
        31
      ],
      "confidence": 69.75833333333334
    },
    {
      "numbers": [
        1,
        14,
        24,
        25,
        28,
        29
      ],
      "confidence": 69.725
    },
    {
      "numbers": [
        1,
        15,
        19,
        22,
        25,
        30
      ],
      "confidence": 69.725
    },
    {
      "numbers": [
        4,
        11,
        24,
        25,
        29,
        31
      ],
      "confidence": 69.55
    },
    {
      "numbers": [
        1,
        15,
        19,
        24,
        30,
        31
      ],
      "confidence": 69.09166666666667
    },
    {
      "numbers": [
        10,
        13,
        22,
        25,
        30,
        31
      ],
      "confidence": 69.09166666666667
    },
    {
      "numbers": [
        10,
        21,
        22,
        23,
        25,
        31
      ],
      "confidence": 69.05833333333334
    },
    {
      "numbers": [
        4,
        15,
        21,
        22,
        25,
        29
      ],
      "confidence": 69.05833333333334
    },
    {
      "numbers": [
        1,
        11,
        19,
        22,
        24,
        25
      ],
      "confidence": 68.80340824786558
    },
    {
      "numbers": [
        1,
        7,
        19,
        22,
        25,
        30
      ],
      "confidence": 68.67840824786558
    },
    {
      "numbers": [
        1,
        10,
        15,
        17,
        28,
        43
      ],
      "confidence": 68.63333333333333
    },
    {
      "numbers": [
        4,
        11,
        25,
        28,
        30,
        43
      ],
      "confidence": 68.63333333333333
    },
    {
      "numbers": [
        1,
        4,
        15,
        19,
        28,
        43
      ],
      "confidence": 68.63333333333333
    },
    {
      "numbers": [
        1,
        15,
        19,
        24,
        28,
        30
      ],
      "confidence": 68.6
    },
    {
      "numbers": [
        7,
        13,
        24,
        25,
        28,
        30
      ],
      "confidence": 68.6
    },
    {
      "numbers": [
        1,
        17,
        24,
        30,
        31,
        43
      ],
      "confidence": 68.45833333333334
    },
    {
      "numbers": [
        10,
        14,
        17,
        25,
        30,
        31
      ],
      "confidence": 68.42500000000001
    },
    {
      "numbers": [
        1,
        10,
        14,
        25,
        30,
        43
      ],
      "confidence": 68.42500000000001
    },
    {
      "numbers": [
        7,
        13,
        17,
        22,
        24,
        31
      ],
      "confidence": 68.42500000000001
    },
    {
      "numbers": [
        1,
        23,
        24,
        28,
        29,
        31
      ],
      "confidence": 68.39166666666668
    },
    {
      "numbers": [
        11,
        13,
        15,
        22,
        28,
        31
      ],
      "confidence": 68.39166666666668
    },
    {
      "numbers": [
        7,
        14,
        22,
        24,
        25,
        30
      ],
      "confidence": 68.39166666666668
    },
    {
      "numbers": [
        13,
        15,
        22,
        25,
        28,
        29
      ],
      "confidence": 68.35833333333333
    },
    {
      "numbers": [
        13,
        15,
        22,
        24,
        25,
        30
      ],
      "confidence": 68.35833333333333
    },
    {
      "numbers": [
        1,
        4,
        11,
        28,
        31,
        43
      ],
      "confidence": 68.25
    },
    {
      "numbers": [
        4,
        11,
        19,
        24,
        25,
        29
      ],
      "confidence": 68.18333333333334
    },
    {
      "numbers": [
        10,
        17,
        23,
        28,
        29,
        31
      ],
      "confidence": 67.96666666666667
    },
    {
      "numbers": [
        4,
        17,
        19,
        22,
        30,
        31
      ],
      "confidence": 67.96666666666667
    },
    {
      "numbers": [
        4,
        11,
        15,
        28,
        29,
        43
      ],
      "confidence": 67.96666666666667
    },
    {
      "numbers": [
        7,
        10,
        15,
        22,
        28,
        29
      ],
      "confidence": 67.93333333333334
    },
    {
      "numbers": [
        1,
        13,
        22,
        28,
        29,
        30
      ],
      "confidence": 67.93333333333334
    },
    {
      "numbers": [
        11,
        15,
        17,
        24,
        28,
        29
      ],
      "confidence": 67.9
    },
    {
      "numbers": [
        10,
        11,
        15,
        19,
        22,
        28
      ],
      "confidence": 67.84507491453223
    },
    {
      "numbers": [
        10,
        11,
        13,
        15,
        24,
        31
      ],