{
  "latest_round": 1123,
  "next_round": 1124,
  "hot_cold": {
    "hot": [
      [
        13,
        11
      ],
      [
        30,
        11
      ],
      [
        7,
        10
      ],
      [
        16,
        10
      ],
      [
        38,
        10
      ],
      [
        40,
        10
      ],
      [
        44,
        10
      ],
      [
        6,
        9
      ],
      [
        21,
        9
      ],
      [
        3,
        8
      ]
    ],
    "cold": [
      [
        5,
        0
      ],
      [
        2,
        1
      ],
      [
        25,
        2
      ],
      [
        27,
        3
      ],
      [
        39,
        3
      ],
      [
        8,
        4
      ],
      [
        9,
        4
      ],
      [
        15,
        4
      ],
      [
        10,
        5
      ],
      [
        17,
        5
      ]
    ],
    "overdue": [
      [
        5,
        9.581553398058253
      ],
      [
        27,
        5.363804247460757
      ],
      [
        18,
        4.742537313432836
      ],
      [
        8,
        3.606255749770009
      ],
      [
        28,
        2.74487895716946
      ],
      [
        29,
        2.1384615384615384
      ],
      [
        37,
        2.073170731707317
      ],
      [
        39,
        2.0727272727272728
      ],
      [
        40,
        1.9963898916967509
      ],
      [
        43,
        1.7142857142857142
      ]
    ]
  },
  "engine_predictions": {
    "advancedpattern": [
      13,
      19,
      21,
      24,
      34,
      35
    ],
    "gap": [
      1,
      7,
      13,
      19,
      25,
      31
    ],
    "graph": [
      12,
      18,
      33,
      34,
      37,
      38
    ],
    "lstm": [
      13,
      19,
      21,
      31,
      34,
      38
    ],
    "ml": [
      1,
      14,
      21,
      30,
      33,
      35
    ],
    "numerology": [
      17,
      23,
      24,
      25,
      26,
      31
    ],
    "pattern": [
      3,
      11,
      13,
      23,
      33,
      43
    ],
    "sequencecorrelation": [
      1,
      21,
      27,
      34,
      37,
      45
    ],
    "statistical": [
      22,
      28,
      29,
      37,
      40,
      43
    ],
    "timeseries": [
      5,
      10,
      29,
      33,
      39,
      40
    ]
  },
  "predicted_sets": [
    {
      "numbers": [
        1,
        13,
        21,
        34,
        40,
        45
      ],
      "confidence": 71.125
    },
    {
      "numbers": [
        1,
        13,
        29,
        33,
        34,
        38
      ],
      "confidence": 71.09166666666667
    },
    {
      "numbers": [
        13,
        19,
        21,
        31,
        34,
        38
      ],
      "confidence": 71.05833333333334
    },
    {
      "numbers": [
        13,
        18,
        19,
        21,
        34,
        35
      ],
      "confidence": 70.6
    },
    {
      "numbers": [
        13,
        19,
        21,
        30,
        34,
        43
      ],
      "confidence": 70.42500000000001
    },
    {
      "numbers": [
        1,
        19,
        21,
        23,
        34,
        40
      ],
      "confidence": 70.42500000000001
    },
    {
      "numbers": [
        1,
        13,
        24,
        33,
        34,
        35
      ],
      "confidence": 70.21666666666667
    },
    {
      "numbers": [
        1,
        19,
        25,
        30,
        34,
        43
      ],
      "confidence": 70.0
    },
    {
      "numbers": [
        19,
        21,
        27,
        30,
        33,
        34
      ],
      "confidence": 69.93333333333334
    },
    {
      "numbers": [
        13,
        18,
        19,
        31,
        34,
        37
      ],
      "confidence": 69.9
    },
    {
      "numbers": [
        1,
        18,
        19,
        21,
        34,
        35
      ],
      "confidence": 69.75833333333334
    },
    {
      "numbers": [
        13,
        21,
        23,
        29,
        34,
        40
      ],
      "confidence": 69.725
    },
    {
      "numbers": [
        19,
        21,
        24,
        27,
        33,
        34
      ],
      "confidence": 69.725
    },
    {
      "numbers": [
        1,
        23,
        33,
        34,
        37,
        38
      ],
      "confidence": 69.725
    },
    {
      "numbers": [
        1,
        13,
        21,
        24,
        40,
        43
      ],
      "confidence": 69.58333333333334
    },
    {
      "numbers": [
        1,
        13,
        19,
        23,
        24,
        34
      ],
      "confidence": 69.55
    },
    {
      "numbers": [
        1,
        19,
        24,
        29,
        33,
        34
      ],
      "confidence": 69.55
    },
    {
      "numbers": [
        1,
        13,
        21,
        24,
        30,
        34
      ],
      "confidence": 69.55
    },
    {
      "numbers": [
        1,
        13,
        21,
        30,
        34,
        40
      ],
      "confidence": 69.55
    },
    {
      "numbers": [
        13,
        21,
        29,
        30,
        34,
        43
      ],
      "confidence": 69.40554933574883
    },
    {
      "numbers": [
        13,
        19,
        30,
        31,
        34,
        43
      ],
      "confidence": 69.40554933574883
    },
    {
      "numbers": [
        1,
        13,
        24,
        30,
        35,
        37
      ],
      "confidence": 69.3
    },
    {
      "numbers": [
        1,
        18,
        23,
        34,
        35,
        37
      ],
      "confidence": 69.3
    },
    {
      "numbers": [
        1,
        19,
        23,
        24,
        37,
        40
      ],
      "confidence": 69.3
    },
    {
      "numbers": [
        13,
        24,
        29,
        33,
        34,
        37
      ],
      "confidence": 69.16388266908216
    },
    {
      "numbers": [
        1,
        13,
        18,
        21,
        29,
        40
      ],
      "confidence": 69.09166666666667
    },
    {
      "numbers": [
        13,
        18,
        21,
        25,
        34,
        45
      ],
      "confidence": 69.09166666666667
    },
    {
      "numbers": [
        13,
        19,
        27,
        30,
        33,
        34
      ],
      "confidence": 69.05833333333334
    },
    {
      "numbers": [
        13,
        19,
        23,
        34,
        35,
        38
      ],
      "confidence": 69.05833333333334
    },
    {
      "numbers": [
        13,
        18,
        21,
        27,
        34,
        37
      ],
      "confidence": 69.05833333333334
    },
    {
      "numbers": [
        13,
        18,
        21,
        25,
        34,
        35
      ],
      "confidence": 69.05833333333334
    },
    {
      "numbers": [
        1,
        13,
        23,
        30,
        31,
        34
      ],
      "confidence": 68.88333333333333
    },
    {
      "numbers": [
        1,
        13,
        24,
        30,
        31,
        33
      ],
      "confidence": 68.88333333333333
    },
    {
      "numbers": [
        1,
        21,
        24,
        34,
        37,
        45
      ],
      "confidence": 68.88333333333333
    },
    {
      "numbers": [
        19,
        21,
        24,
        31,
        34,
        35
      ],
      "confidence": 68.85
    },
    {
      "numbers": [
        18,
        21,
        24,
        33,
        34,
        40
      ],
      "confidence": 68.70554933574883
    },
    {
      "numbers": [
        19,
        21,
        29,
        30,
        34,
        37
      ],
      "confidence": 68.70554933574883
    },
    {
      "numbers": [
        1,
        18,
        19,
        21,
        40,
        45
      ],
      "confidence": 68.45833333333334
    },
    {
      "numbers": [
        13,
        21,
        24,
        25,
        38,
        45
      ],