{
  "latest_round": 573,
  "next_round": 574,
  "hot_cold": {
    "hot": [
      [
        26,
        13
      ],
      [
        17,
        12
      ],
      [
        20,
        12
      ],
      [
        31,
        10
      ],
      [
        32,
        10
      ],
      [
        1,
        9
      ],
      [
        12,
        9
      ],
      [
        18,
        9
      ],
      [
        27,
        9
      ],
      [
        29,
        9
      ]
    ],
    "cold": [
      [
        2,
        2
      ],
      [
        9,
        2
      ],
      [
        30,
        2
      ],
      [
        8,
        3
      ],
      [
        22,
        3
      ],
      [
        16,
        4
      ],
      [
        19,
        4
      ],
      [
        28,
        4
      ],
      [
        36,
        4
      ],
      [
        38,
        4
      ]
    ],
    "overdue": [
      [
        9,
        4.369114877589454
      ],
      [
        8,
        3.663568773234201
      ],
      [
        22,
        3.2621722846441945
      ],
      [
        39,
        2.6788990825688073
      ],
      [
        36,
        2.5054945054945055
      ],
      [
        30,
        2.0942028985507246
      ],
      [
        28,
        1.871698113207547
      ],
      [
        42,
        1.5456171735241502
      ],
      [
        7,
        1.5054545454545454
      ]
    ]
  },
  "engine_predictions": {
    "advancedpattern": [
      2,
      4,
      20,
      34,
      35,
      43
    ],
    "gap": [
      1,
      7,
      13,
      19,
      25,
      31
    ],
    "graph": [
      4,
      20,
      26,
      34,
      37,
      40
    ],
    "lstm": [
      1,
      3,
      4,
      18,
      26,
      43
    ],
    "ml": [
      2,
      8,
      13,
      19,
      30,
      45
    ],
    "numerology": [
      13,
      17,
      22,
      23,
      25,
      31
    ],
    "pattern": [
      5,
      13,
      15,
      25,
      35,
      45
    ],
    "sequencecorrelation": [
      1,
      7,
      17,
      18,
      34,
      37
    ],
    "statistical": [
      7,
      8,
      22,
      30,
      36,
      39
    ],
    "timeseries": [
      10,
      19,
      25,
      26,
      28,
      30
    ]
  },
  "predicted_sets": [
    {
      "numbers": [
        1,
        13,
        25,
        30,
        34,
        35
      ],
      "confidence": 71.09166666666667
    },
    {
      "numbers": [
        7,
        8,
        19,
        25,
        31,
        34
      ],
      "confidence": 70.63333333333333
    },
    {
      "numbers": [
        1,
        13,
        17,
        26,
        34,
        35
      ],
      "confidence": 70.63333333333333
    },
    {
      "numbers": [
        1,
        17,
        18,
        19,
        25,
        34
      ],
      "confidence": 70.63333333333333
    },
    {
      "numbers": [
        1,
        8,
        13,
        30,
        34,
        37
      ],
      "confidence": 70.63333333333333
    },
    {
      "numbers": [
        7,
        13,
        20,
        26,
        31,
        34
      ],
      "confidence": 70.63333333333333
    },
    {
      "numbers": [
        1,
        13,
        26,
        34,
        37,
        43
      ],
      "confidence": 70.45833333333334
    },
    {
      "numbers": [
        7,
        13,
        20,
        25,
        34,
        37
      ],
      "confidence": 70.42500000000001
    },
    {
      "numbers": [
        4,
        7,
        19,
        25,
        26,
        35
      ],
      "confidence": 70.42500000000001
    },
    {
      "numbers": [
        1,
        2,
        13,
        25,
        34,
        35
      ],
      "confidence": 70.42500000000001
    },
    {
      "numbers": [
        2,
        8,
        13,
        26,
        37,
        45
      ],
      "confidence": 70.0
    },
    {
      "numbers": [
        2,
        13,
        19,
        20,
        26,
        35
      ],
      "confidence": 69.96666666666667
    },
    {
      "numbers": [
        1,
        7,
        20,
        22,
        26,
        34
      ],
      "confidence": 69.96666666666667
    },
    {
      "numbers": [
        8,
        13,
        22,
        26,
        30,
        37
      ],
      "confidence": 69.96666666666667
    },
    {
      "numbers": [
        4,
        13,
        19,
        20,
        22,
        45
      ],
      "confidence": 69.96666666666667
    },
    {
      "numbers": [
        2,
        13,
        18,
        30,
        31,
        34
      ],
      "confidence": 69.96666666666667
    },
    {
      "numbers": [
        13,
        17,
        20,
        25,
        26,
        31
      ],
      "confidence": 69.93333333333334
    },
    {
      "numbers": [
        2,
        4,
        25,
        26,
        30,
        43
      ],
      "confidence": 69.93333333333334
    },
    {
      "numbers": [
        2,
        4,
        20,
        25,
        34,
        43
      ],
      "confidence": 69.79166666666667
    },
    {
      "numbers": [
        1,
        4,
        19,
        30,
        35,
        45
      ],
      "confidence": 69.79166666666667
    },
    {
      "numbers": [
        1,
        2,
        13,
        30,
        31,
        45
      ],
      "confidence": 69.79166666666667
    },
    {
      "numbers": [
        4,
        13,
        18,
        22,
        25,
        35
      ],
      "confidence": 69.75833333333334
    },
    {
      "numbers": [
        1,
        4,
        17,
        25,
        26,
        35
      ],
      "confidence": 69.75833333333334
    },
    {
      "numbers": [
        4,
        13,
        26,
        31,
        34,
        35
      ],
      "confidence": 69.75833333333334
    },
    {
      "numbers": [
        4,
        7,
        13,
        22,
        26,
        34
      ],
      "confidence": 69.72926446313642
    },
    {
      "numbers": [
        4,
        13,
        18,
        25,
        35,
        43
      ],
      "confidence": 69.58333333333334
    },
    {
      "numbers": [
        4,
        18,
        25,
        26,
        34,
        45
      ],
      "confidence": 69.58333333333334
    },
    {
      "numbers": [
        1,
        2,
        20,
        26,
        37,
        45
      ],
      "confidence": 69.33333333333334
    },
    {
      "numbers": [
        2,
        17,
        19,
        26,
        30,
        43
      ],
      "confidence": 69.3
    },
    {
      "numbers": [
        2,
        4,
        18,
        19,
        30,
        43
      ],
      "confidence": 69.3
    },
    {
      "numbers": [
        1,
        2,
        20,
        26,
        34,
        37
      ],
      "confidence": 69.3
    },
    {
      "numbers": [
        4,
        22,
        26,
        30,
        37,
        43
      ],
      "confidence": 69.3
    },
    {
      "numbers": [
        2,
        13,
        19,
        20,
        37,
        45
      ],
      "confidence": 69.3
    },
    {
      "numbers": [
        4,
        7,
        8,
        19,
        35,
        43
      ],
      "confidence": 69.3
    },
    {
      "numbers": [
        1,
        22,
        26,
        30,
        37,
        43
      ],
      "confidence": 69.3
    },
    {
      "numbers": [
        13,
        17,
        18,
        20,
        25,
        31
      ],
      "confidence": 69.26666666666668
    },
    {
      "numbers": [
        4,
        19,
        25,
        34,
        43,
        45
      ],
      "confidence": 69.25932554516083
    },
    {
      "numbers": [
        8,
        13,
        19,
        22,
        35,
        45
      ],
      "confidence": 69.125
    },
    {
      "numbers": [
        1,
        2,
        19,
        30,
        35,
        45
      ],