{
  "latest_round": 144,
  "next_round": 145,
  "hot_cold": {
    "hot": [
      [
        17,
        11
      ],
      [
        28,
        11
      ],
      [
        36,
        11
      ],
      [
        7,
        10
      ],
      [
        34,
        10
      ],
      [
        42,
        10
      ],
      [
        3,
        9
      ],
      [
        4,
        9
      ],
      [
        10,
        9
      ],
      [
        22,
        9
      ]
    ],
    "cold": [
      [
        13,
        2
      ],
      [
        38,
        2
      ],
      [
        21,
        3
      ],
      [
        39,
        3
      ],
      [
        2,
        4
      ],
      [
        24,
        4
      ],
      [
        5,
        5
      ],
      [
        16,
        5
      ],
      [
        18,
        5
      ],
      [
        19,
        5
      ]
    ],
    "overdue": [
      [
        1,
        3.3693693693693696
      ],
      [
        33,
        3.217741935483871
      ],
      [
        32,
        2.3120000000000003
      ],
      [
        5,
        2.2666666666666666
      ],
      [
        38,
        1.8103448275862066
      ],
      [
        23,
        1.5789473684210527
      ],
      [
        24,
        1.568
      ]
    ]
  },
  "engine_predictions": {
    "advancedpattern": [
      4,
      15,
      17,
      26,
      36,
      37
    ],
    "gap": [
      2,
      8,
      14,
      20,
      26,
      32
    ],
    "graph": [
      3,
      7,
      17,
      26,
      33,
      37
    ],
    "lstm": [
      17,
      26,
      28,
      36,
      42,
      43
    ],
    "ml": [
      3,
      4,
      17,
      25,
      37,
      45
    ],
    "numerology": [
      16,
      17,
      23,
      24,
      25,
      26
    ],
    "pattern": [
      3,
      13,
      23,
      33,
      37,
      43
    ],
    "sequencecorrelation": [
      3,
      7,
      16,
      25,
      26,
      44
    ],
    "statistical": [
      1,
      5,
      7,
      23,
      32,
      33
    ],
    "timeseries": [
      2,
      23,
      25,
      28,
      38,
      39
    ]
  },
  "predicted_sets": [
    {
      "numbers": [
        4,
        17,
        25,
        26,
        37,
        43
      ],
      "confidence": 74.45833333333334
    },
    {
      "numbers": [
        7,
        17,
        25,
        26,
        37,
        42
      ],
      "confidence": 73.58333333333334
    },
    {
      "numbers": [
        2,
        17,
        26,
        28,
        33,
        37
      ],
      "confidence": 73.09166666666667
    },
    {
      "numbers": [
        4,
        17,
        26,
        32,
        33,
        37
      ],
      "confidence": 73.09166666666667
    },
    {
      "numbers": [
        1,
        17,
        25,
        26,
        28,
        37
      ],
      "confidence": 73.09166666666667
    },
    {
      "numbers": [
        4,
        17,
        25,
        26,
        37,
        45
      ],
      "confidence": 72.91666666666666
    },
    {
      "numbers": [
        7,
        17,
        26,
        28,
        33,
        45
      ],
      "confidence": 72.45833333333334
    },
    {
      "numbers": [
        2,
        3,
        17,
        26,
        39,
        43
      ],
      "confidence": 72.45833333333334
    },
    {
      "numbers": [
        17,
        23,
        26,
        28,
        32,
        33
      ],
      "confidence": 72.39166666666667
    },
    {
      "numbers": [
        3,
        25,
        26,
        36,
        37,
        43
      ],
      "confidence": 72.21666666666667
    },
    {
      "numbers": [
        7,
        17,
        25,
        26,
        32,
        36
      ],
      "confidence": 72.21666666666667
    },
    {
      "numbers": [
        2,
        7,
        17,
        25,
        26,
        32
      ],
      "confidence": 72.21666666666667
    },
    {
      "numbers": [
        3,
        23,
        25,
        26,
        33,
        42
      ],
      "confidence": 72.21666666666667
    },
    {
      "numbers": [
        4,
        23,
        26,
        28,
        32,
        37
      ],
      "confidence": 71.93333333333334
    },
    {
      "numbers": [
        4,
        16,
        23,
        26,
        28,
        37
      ],
      "confidence": 71.75833333333334
    },
    {
      "numbers": [
        16,
        17,
        26,
        28,
        37,
        43
      ],
      "confidence": 71.55
    },
    {
      "numbers": [
        7,
        16,
        17,
        23,
        26,
        39
      ],
      "confidence": 71.55
    },
    {
      "numbers": [
        4,
        23,
        26,
        28,
        37,
        39
      ],
      "confidence": 71.26666666666667
    },
    {
      "numbers": [
        4,
        25,
        26,
        28,
        37,
        39
      ],
      "confidence": 71.26666666666667
    },
    {
      "numbers": [
        4,
        23,
        26,
        37,
        39,
        43
      ],
      "confidence": 70.90984446035081
    },
    {
      "numbers": [
        3,
        4,
        7,
        26,
        36,
        37
      ],
      "confidence": 70.85
    },
    {
      "numbers": [
        1,
        23,
        26,
        37,
        39,
        42
      ],
      "confidence": 70.63333333333333
    },
    {
      "numbers": [
        7,
        17,
        25,
        36,
        42,
        43
      ],
      "confidence": 70.45833333333334
    },
    {
      "numbers": [
        1,
        25,
        26,
        36,
        37,
        42
      ],
      "confidence": 70.42500000000001
    },
    {
      "numbers": [
        3,
        4,
        25,
        28,
        37,
        43
      ],
      "confidence": 70.42500000000001
    },
    {
      "numbers": [
        2,
        26,
        28,
        32,
        37,
        43
      ],
      "confidence": 70.42500000000001
    },
    {
      "numbers": [
        3,
        15,
        17,
        23,
        28,
        36
      ],
      "confidence": 70.42500000000001
    },
    {
      "numbers": [
        1,
        15,
        23,
        25,
        26,
        32
      ],
      "confidence": 70.42500000000001
    },
    {
      "numbers": [
        2,
        15,
        23,
        25,
        26,
        28
      ],
      "confidence": 70.39166666666667
    },
    {
      "numbers": [
        4,
        7,
        17,
        28,
        37,
        43
      ],
      "confidence": 70.25
    },
    {
      "numbers": [
        7,
        17,
        26,
        28,
        36,
        39
      ],
      "confidence": 70.21666666666667
    },
    {
      "numbers": [
        1,
        16,
        25,
        32,
        33,
        37
      ],
      "confidence": 69.96666666666667
    },
    {
      "numbers": [
        3,
        4,
        7,
        25,
        36,
        42
      ],
      "confidence": 69.96666666666667
    },
    {
      "numbers": [
        7,
        15,
        16,
        26,
        32,
        43
      ],
      "confidence": 69.79166666666667
    },
    {
      "numbers": [
        2,
        4,
        17,
        25,
        36,
        45
      ],
      "confidence": 69.79166666666667
    },
    {
      "numbers": [
        3,
        15,
        17,
        28,
        32,
        33
      ],
      "confidence": 69.75833333333334
    },
    {
      "numbers": [
        2,
        15,
        16,
        23,
        25,
        37
      ],
      "confidence": 69.75833333333334
    },
    {
      "numbers": [
        2,
        7,
        23,
        26,
        43,
        45
      ],
      "confidence": 69.725
    },
    {
      "numbers": [
        2,
        16,
        17,
        26,
        39,
        42
      ],