{
  "latest_round": 1073,
  "next_round": 1074,
  "hot_cold": {
    "hot": [
      [
        32,
        14
      ],
      [
        35,
        13
      ],
      [
        6,
        12
      ],
      [
        22,
        12
      ],
      [
        45,
        10
      ],
      [
        3,
        9
      ],
      [
        7,
        9
      ],
      [
        12,
        9
      ],
      [
        19,
        9
      ],
      [
        20,
        9
      ]
    ],
    "cold": [
      [
        1,
        3
      ],
      [
        4,
        3
      ],
      [
        8,
        3
      ],
      [
        42,
        3
      ],
      [
        43,
        3
      ],
      [
        10,
        4
      ],
      [
        15,
        4
      ],
      [
        25,
        4
      ],
      [
        37,
        4
      ],
      [
        39,
        4
      ]
    ],
    "overdue": [
      [
        15,
        3.8537054860442734
      ],
      [
        39,
        3.5817307692307696
      ],
      [
        44,
        3.510125361620058
      ],
      [
        42,
        3.4086124401913875
      ],
      [
        17,
        3.040268456375839
      ],
      [
        5,
        2.833980582524272
      ],
      [
        12,
        2.680115273775216
      ],
      [
        29,
        2.5285171102661597
      ],
      [
        36,
        2.305635148042025
      ],
      [
        13,
        2.2748815165876777
      ]
    ]
  },
  "engine_predictions": {
    "advancedpattern": [
      6,
      18,
      28,
      30,
      32,
      38
    ],
    "gap": [
      1,
      7,
      13,
      19,
      25,
      31
    ],
    "graph": [
      3,
      17,
      18,
      27,
      37,
      38
    ],
    "lstm": [
      6,
      18,
      19,
      28,
      30,
      32
    ],
    "ml": [
      3,
      7,
      17,
      19,
      26,
      35
    ],
    "numerology": [
      17,
      22,
      23,
      24,
      25,
      31
    ],
    "pattern": [
      3,
      13,
      15,
      23,
      33,
      43
    ],
    "sequencecorrelation": [
      14,
      16,
      19,
      26,
      33,
      39
    ],
    "statistical": [
      12,
      13,
      17,
      29,
      36,
      45
    ],
    "timeseries": [
      8,
      13,
      19,
      24,
      25,
      40
    ]
  },
  "predicted_sets": [
    {
      "numbers": [
        3,
        18,
        19,
        30,
        32,
        45
      ],
      "confidence": 70.66666666666667
    },
    {
      "numbers": [
        13,
        17,
        19,
        26,
        30,
        45
      ],
      "confidence": 70.6
    },
    {
      "numbers": [
        7,
        17,
        18,
        19,
        26,
        33
      ],
      "confidence": 70.42500000000001
    },
    {
      "numbers": [
        3,
        13,
        19,
        25,
        28,
        30
      ],
      "confidence": 70.39166666666667
    },
    {
      "numbers": [
        3,
        7,
        19,
        24,
        32,
        38
      ],
      "confidence": 69.96666666666667
    },
    {
      "numbers": [
        6,
        18,
        19,
        24,
        30,
        33
      ],
      "confidence": 69.96666666666667
    },
    {
      "numbers": [
        3,
        17,
        19,
        24,
        27,
        38
      ],
      "confidence": 69.75833333333334
    },
    {
      "numbers": [
        3,
        6,
        19,
        25,
        28,
        33
      ],
      "confidence": 69.75833333333334
    },
    {
      "numbers": [
        6,
        13,
        19,
        23,
        31,
        32
      ],
      "confidence": 69.75833333333334
    },
    {
      "numbers": [
        6,
        17,
        19,
        25,
        28,
        35
      ],
      "confidence": 69.75833333333334
    },
    {
      "numbers": [
        6,
        13,
        17,
        25,
        26,
        31
      ],
      "confidence": 69.75833333333334
    },
    {
      "numbers": [
        7,
        13,
        17,
        25,
        26,
        38
      ],
      "confidence": 69.75833333333334
    },
    {
      "numbers": [
        6,
        13,
        17,
        18,
        25,
        28
      ],
      "confidence": 69.56975316613722
    },
    {
      "numbers": [
        3,
        18,
        19,
        25,
        28,
        33
      ],
      "confidence": 69.55
    },
    {
      "numbers": [
        6,
        7,
        19,
        23,
        30,
        32
      ],
      "confidence": 69.3
    },
    {
      "numbers": [
        6,
        19,
        24,
        28,
        30,
        31
      ],
      "confidence": 69.3
    },
    {
      "numbers": [
        3,
        7,
        18,
        24,
        25,
        31
      ],
      "confidence": 69.3
    },
    {
      "numbers": [
        6,
        19,
        25,
        27,
        28,
        31
      ],
      "confidence": 69.3
    },
    {
      "numbers": [
        3,
        19,
        27,
        28,
        30,
        32
      ],
      "confidence": 69.3
    },
    {
      "numbers": [
        3,
        6,
        17,
        24,
        31,
        32
      ],
      "confidence": 69.3
    },
    {
      "numbers": [
        13,
        19,
        26,
        27,
        28,
        32
      ],
      "confidence": 69.26666666666668
    },
    {
      "numbers": [
        3,
        6,
        19,
        26,
        31,
        45
      ],
      "confidence": 69.125
    },
    {
      "numbers": [
        3,
        17,
        23,
        25,
        28,
        32
      ],
      "confidence": 69.09166666666667
    },
    {
      "numbers": [
        3,
        13,
        25,
        31,
        32,
        38
      ],
      "confidence": 69.09166666666667
    },
    {
      "numbers": [
        3,
        6,
        19,
        26,
        30,
        38
      ],
      "confidence": 69.09166666666667
    },
    {
      "numbers": [
        3,
        6,
        19,
        24,
        33,
        38
      ],
      "confidence": 69.09166666666667
    },
    {
      "numbers": [
        17,
        18,
        19,
        26,
        35,
        45
      ],
      "confidence": 69.09166666666667
    },
    {
      "numbers": [
        3,
        6,
        18,
        19,
        27,
        38
      ],
      "confidence": 69.09166666666667
    },
    {
      "numbers": [
        13,
        19,
        25,
        28,
        33,
        38
      ],
      "confidence": 68.85
    },
    {
      "numbers": [
        3,
        13,
        17,
        18,
        32,
        38
      ],
      "confidence": 68.85
    },
    {
      "numbers": [
        3,
        18,
        25,
        26,
        27,
        32
      ],
      "confidence": 68.63333333333333
    },
    {
      "numbers": [
        3,
        7,
        18,
        26,
        30,
        32
      ],
      "confidence": 68.63333333333333
    },
    {
      "numbers": [
        7,
        19,
        24,
        30,
        31,
        35
      ],
      "confidence": 68.63333333333333
    },
    {
      "numbers": [
        6,
        19,
        24,
        31,
        35,
        38
      ],
      "confidence": 68.63333333333333
    },
    {
      "numbers": [
        19,
        23,
        26,
        30,
        32,
        38
      ],
      "confidence": 68.6
    },
    {
      "numbers": [
        3,
        6,
        13,
        28,
        31,
        45
      ],
      "confidence": 68.45833333333334
    },
    {
      "numbers": [
        6,
        17,
        23,
        25,
        30,
        33
      ],
      "confidence": 68.42500000000001
    },
    {
      "numbers": [
        13,
        17,
        23,
        31,
        32,
        38
      ],
      "confidence": 68.39166666666668
    },
    {
      "numbers": [
        17,
        19,
        24,
        27,
        30,
        38
      ],