{
  "latest_round": 628,
  "next_round": 629,
  "hot_cold": {
    "hot": [
      [
        8,
        14
      ],
      [
        2,
        13
      ],
      [
        7,
        11
      ],
      [
        14,
        11
      ],
      [
        39,
        11
      ],
      [
        38,
        10
      ],
      [
        5,
        9
      ],
      [
        6,
        9
      ],
      [
        13,
        9
      ],
      [
        27,
        9
      ]
    ],
    "cold": [
      [
        3,
        3
      ],
      [
        26,
        3
      ],
      [
        29,
        3
      ],
      [
        31,
        3
      ],
      [
        32,
        3
      ],
      [
        11,
        4
      ],
      [
        15,
        4
      ],
      [
        17,
        4
      ],
      [
        37,
        4
      ],
      [
        1,
        5
      ]
    ],
    "overdue": [
      [
        29,
        3.646076794657763
      ],
      [
        37,
        2.619672131147541
      ],
      [
        38,
        2.6161616161616164
      ],
      [
        36,
        2.287375415282392
      ],
      [
        44,
        1.8311258278145697
      ],
      [
        10,
        1.7361563517915308
      ],
      [
        18,
        1.7315436241610738
      ],
      [
        5,
        1.6453781512605041
      ],
      [
        4,
        1.5921052631578947
      ]
    ]
  },
  "engine_predictions": {
    "advancedpattern": [
      1,
      7,
      12,
      15,
      23,
      42
    ],
    "gap": [
      1,
      7,
      13,
      19,
      25,
      31
    ],
    "graph": [
      5,
      8,
      20,
      27,
      34,
      40
    ],
    "lstm": [
      1,
      2,
      7,
      13,
      39,
      45
    ],
    "ml": [
      15,
      17,
      20,
      26,
      31,
      34
    ],
    "numerology": [
      13,
      17,
      22,
      23,
      25,
      31
    ],
    "pattern": [
      5,
      13,
      15,
      25,
      35,
      45
    ],
    "sequencecorrelation": [
      13,
      17,
      26,
      27,
      34,
      40
    ],
    "statistical": [
      5,
      8,
      18,
      29,
      36,
      38
    ],
    "timeseries": [
      4,
      11,
      16,
      18,
      36,
      45
    ]
  },
  "predicted_sets": [
    {
      "numbers": [
        1,
        12,
        13,
        17,
        34,
        45
      ],
      "confidence": 71.3
    },
    {
      "numbers": [
        1,
        8,
        13,
        25,
        27,
        34
      ],
      "confidence": 71.3
    },
    {
      "numbers": [
        7,
        8,
        13,
        15,
        31,
        34
      ],
      "confidence": 71.26666666666667
    },
    {
      "numbers": [
        5,
        8,
        13,
        31,
        34,
        45
      ],
      "confidence": 71.09166666666667
    },
    {
      "numbers": [
        7,
        13,
        17,
        20,
        25,
        34
      ],
      "confidence": 71.09166666666667
    },
    {
      "numbers": [
        13,
        17,
        25,
        34,
        36,
        40
      ],
      "confidence": 70.6
    },
    {
      "numbers": [
        5,
        8,
        13,
        17,
        25,
        40
      ],
      "confidence": 70.42500000000001
    },
    {
      "numbers": [
        1,
        8,
        13,
        15,
        40,
        45
      ],
      "confidence": 70.42500000000001
    },
    {
      "numbers": [
        1,
        13,
        17,
        20,
        26,
        31
      ],
      "confidence": 70.42500000000001
    },
    {
      "numbers": [
        8,
        12,
        13,
        20,
        31,
        45
      ],
      "confidence": 69.96666666666667
    },
    {
      "numbers": [
        12,
        13,
        26,
        27,
        34,
        45
      ],
      "confidence": 69.96666666666667
    },
    {
      "numbers": [
        5,
        12,
        13,
        31,
        34,
        36
      ],
      "confidence": 69.93333333333334
    },
    {
      "numbers": [
        1,
        7,
        8,
        13,
        42,
        45
      ],
      "confidence": 69.93333333333334
    },
    {
      "numbers": [
        5,
        17,
        25,
        31,
        34,
        42
      ],
      "confidence": 69.79166666666667
    },
    {
      "numbers": [
        1,
        13,
        18,
        23,
        26,
        34
      ],
      "confidence": 69.75833333333334
    },
    {
      "numbers": [
        1,
        7,
        15,
        25,
        34,
        40
      ],
      "confidence": 69.75833333333334
    },
    {
      "numbers": [
        5,
        13,
        15,
        34,
        42,
        45
      ],
      "confidence": 69.55
    },
    {
      "numbers": [
        5,
        13,
        15,
        36,
        40,
        45
      ],
      "confidence": 69.55
    },
    {
      "numbers": [
        7,
        13,
        15,
        20,
        40,
        45
      ],
      "confidence": 69.55
    },
    {
      "numbers": [
        1,
        7,
        15,
        23,
        40,
        42
      ],
      "confidence": 69.33333333333334
    },
    {
      "numbers": [
        1,
        15,
        18,
        26,
        34,
        42
      ],
      "confidence": 69.33333333333334
    },
    {
      "numbers": [
        13,
        18,
        20,
        27,
        31,
        42
      ],
      "confidence": 69.3
    },
    {
      "numbers": [
        7,
        8,
        15,
        23,
        31,
        40
      ],
      "confidence": 69.3
    },
    {
      "numbers": [
        7,
        17,
        23,
        25,
        34,
        42
      ],
      "confidence": 69.125
    },
    {
      "numbers": [
        1,
        8,
        15,
        23,
        36,
        45
      ],
      "confidence": 69.125
    },
    {
      "numbers": [
        7,
        12,
        13,
        27,
        31,
        36
      ],
      "confidence": 69.09166666666667
    },
    {
      "numbers": [
        7,
        13,
        17,
        18,
        26,
        42
      ],
      "confidence": 69.09166666666667
    },
    {
      "numbers": [
        13,
        15,
        18,
        23,
        31,
        42
      ],
      "confidence": 69.09166666666667
    },
    {
      "numbers": [
        7,
        20,
        25,
        31,
        34,
        40
      ],
      "confidence": 69.09166666666667
    },
    {
      "numbers": [
        8,
        15,
        25,
        31,
        34,
        36
      ],
      "confidence": 69.09166666666667
    },
    {
      "numbers": [
        5,
        7,
        17,
        25,
        34,
        40
      ],
      "confidence": 68.88333333333333
    },
    {
      "numbers": [
        1,
        13,
        15,
        20,
        23,
        40
      ],
      "confidence": 68.88333333333333
    },
    {
      "numbers": [
        1,
        7,
        15,
        20,
        26,
        42
      ],
      "confidence": 68.63333333333333
    },
    {
      "numbers": [
        1,
        25,
        27,
        34,
        36,
        42
      ],
      "confidence": 68.63333333333333
    },
    {
      "numbers": [
        5,
        12,
        17,
        23,
        31,
        36
      ],
      "confidence": 68.63333333333333
    },
    {
      "numbers": [
        1,
        8,
        23,
        25,
        26,
        34
      ],
      "confidence": 68.6
    },
    {
      "numbers": [
        5,
        12,
        17,
        18,
        31,
        34
      ],
      "confidence": 68.6
    },
    {
      "numbers": [
        1,
        7,
        18,
        23,
        31,
        42
      ],
      "confidence": 68.45833333333334
    },
    {
      "numbers": [
        1,
        7,
        12,
        25,
        34,
        42
      ],