{
  "latest_round": 933,
  "next_round": 934,
  "hot_cold": {
    "hot": [
      [
        38,
        12
      ],
      [
        23,
        11
      ],
      [
        3,
        10
      ],
      [
        18,
        9
      ],
      [
        21,
        9
      ],
      [
        27,
        9
      ],
      [
        39,
        9
      ],
      [
        42,
        9
      ],
      [
        7,
        8
      ],
      [
        14,
        8
      ]
    ],
    "cold": [
      [
        10,
        2
      ],
      [
        30,
        2
      ],
      [
        40,
        3
      ],
      [
        9,
        4
      ],
      [
        11,
        4
      ],
      [
        20,
        4
      ],
      [
        33,
        4
      ],
      [
        8,
        5
      ],
      [
        25,
        5
      ],
      [
        29,
        5
      ]
    ],
    "overdue": [
      [
        40,
        3.7593818984547465
      ],
      [
        30,
        2.9171270718232045
      ],
      [
        33,
        1.810663764961915
      ],
      [
        26,
        1.763676148796499
      ],
      [
        5,
        1.6952169076751946
      ]
    ]
  },
  "engine_predictions": {
    "advancedpattern": [
      23,
      27,
      29,
      31,
      36,
      45
    ],
    "gap": [
      1,
      7,
      13,
      19,
      25,
      31
    ],
    "graph": [
      8,
      12,
      15,
      20,
      26,
      34
    ],
    "lstm": [
      15,
      23,
      25,
      36,
      38,
      43
    ],
    "ml": [
      7,
      24,
      36,
      37,
      39,
      45
    ],
    "numerology": [
      17,
      22,
      23,
      24,
      25,
      31
    ],
    "pattern": [
      3,
      11,
      13,
      23,
      33,
      43
    ],
    "sequencecorrelation": [
      11,
      14,
      15,
      31,
      36,
      44
    ],
    "statistical": [
      2,
      5,
      30,
      33,
      40,
      42
    ],
    "timeseries": [
      2,
      10,
      11,
      30,
      33,
      34
    ]
  },
  "predicted_sets": [
    {
      "numbers": [
        2,
        15,
        23,
        31,
        36,
        45
      ],
      "confidence": 71.79166666666666
    },
    {
      "numbers": [
        2,
        7,
        11,
        23,
        31,
        36
      ],
      "confidence": 71.09166666666667
    },
    {
      "numbers": [
        7,
        11,
        24,
        31,
        36,
        43
      ],
      "confidence": 70.45833333333334
    },
    {
      "numbers": [
        7,
        13,
        23,
        31,
        34,
        36
      ],
      "confidence": 70.42500000000001
    },
    {
      "numbers": [
        2,
        7,
        13,
        23,
        31,
        36
      ],
      "confidence": 70.42500000000001
    },
    {
      "numbers": [
        11,
        15,
        23,
        24,
        36,
        43
      ],
      "confidence": 70.42500000000001
    },
    {
      "numbers": [
        11,
        15,
        23,
        33,
        34,
        36
      ],
      "confidence": 70.39166666666667
    },
    {
      "numbers": [
        11,
        23,
        30,
        31,
        34,
        36
      ],
      "confidence": 70.39166666666667
    },
    {
      "numbers": [
        7,
        11,
        30,
        34,
        36,
        45
      ],
      "confidence": 70.0
    },
    {
      "numbers": [
        2,
        7,
        30,
        31,
        36,
        45
      ],
      "confidence": 69.96666666666667
    },
    {
      "numbers": [
        2,
        15,
        24,
        31,
        33,
        45
      ],
      "confidence": 69.79166666666667
    },
    {
      "numbers": [
        7,
        11,
        15,
        25,
        36,
        44
      ],
      "confidence": 69.79166666666667
    },
    {
      "numbers": [
        7,
        15,
        24,
        31,
        34,
        36
      ],
      "confidence": 69.75833333333334
    },
    {
      "numbers": [
        11,
        23,
        24,
        31,
        36,
        40
      ],
      "confidence": 69.725
    },
    {
      "numbers": [
        2,
        11,
        29,
        34,
        36,
        43
      ],
      "confidence": 69.33333333333334
    },
    {
      "numbers": [
        2,
        24,
        25,
        30,
        36,
        43
      ],
      "confidence": 69.3
    },
    {
      "numbers": [
        13,
        15,
        27,
        31,
        36,
        44
      ],
      "confidence": 69.3
    },
    {
      "numbers": [
        2,
        11,
        27,
        33,
        36,
        43
      ],
      "confidence": 69.125
    },
    {
      "numbers": [
        2,
        11,
        27,
        31,
        34,
        36
      ],
      "confidence": 69.09166666666667
    },
    {
      "numbers": [
        11,
        13,
        23,
        30,
        34,
        36
      ],
      "confidence": 69.05833333333334
    },
    {
      "numbers": [
        7,
        23,
        24,
        25,
        31,
        34
      ],
      "confidence": 69.05833333333334
    },
    {
      "numbers": [
        3,
        23,
        24,
        31,
        33,
        36
      ],
      "confidence": 68.85
    },
    {
      "numbers": [
        3,
        11,
        30,
        36,
        44,
        45
      ],
      "confidence": 68.66666666666666
    },
    {
      "numbers": [
        2,
        11,
        13,
        27,
        36,
        44
      ],
      "confidence": 68.66666666666666
    },
    {
      "numbers": [
        15,
        23,
        27,
        29,
        30,
        36
      ],
      "confidence": 68.6
    },
    {
      "numbers": [
        3,
        24,
        25,
        29,
        31,
        36
      ],
      "confidence": 68.6
    },
    {
      "numbers": [
        7,
        15,
        23,
        24,
        40,
        45
      ],
      "confidence": 68.45833333333334
    },
    {
      "numbers": [
        7,
        11,
        27,
        30,
        36,
        43
      ],
      "confidence": 68.45833333333334
    },
    {
      "numbers": [
        2,
        15,
        25,
        31,
        40,
        44
      ],
      "confidence": 68.45833333333334
    },
    {
      "numbers": [
        2,
        11,
        23,
        24,
        33,
        40
      ],
      "confidence": 68.42500000000001
    },
    {
      "numbers": [
        11,
        13,
        23,
        29,
        36,
        44
      ],
      "confidence": 68.42500000000001
    },
    {
      "numbers": [
        7,
        13,
        31,
        34,
        36,
        44
      ],
      "confidence": 68.42500000000001
    },
    {
      "numbers": [
        2,
        3,
        31,
        33,
        36,
        45
      ],
      "confidence": 68.39166666666668
    },
    {
      "numbers": [
        3,
        23,
        29,
        30,
        31,
        36
      ],
      "confidence": 68.39166666666668
    },
    {
      "numbers": [
        2,
        15,
        23,
        25,
        33,
        40
      ],
      "confidence": 68.21666666666667
    },
    {
      "numbers": [
        2,
        13,
        23,
        25,
        40,
        44
      ],
      "confidence": 67.79166666666666
    },
    {
      "numbers": [
        2,
        15,
        27,
        30,
        33,
        43
      ],
      "confidence": 67.79166666666666
    },
    {
      "numbers": [
        3,
        11,
        24,
        25,
        31,
        40
      ],
      "confidence": 67.75833333333334
    },
    {
      "numbers": [
        2,
        11,
        23,
        30,
        34,
        40
      ],
      "confidence": 67.75833333333334
    },
    {
      "numbers": [
        2,
        13,
        24,
        30,
        31,
        34
      ],