{
  "latest_round": 204,
  "next_round": 205,
  "hot_cold": {
    "hot": [
      [
        45,
        12
      ],
      [
        18,
        11
      ],
      [
        34,
        11
      ],
      [
        39,
        11
      ],
      [
        14,
        10
      ],
      [
        19,
        10
      ],
      [
        30,
        10
      ],
      [
        1,
        8
      ],
      [
        24,
        8
      ],
      [
        35,
        8
      ]
    ],
    "cold": [
      [
        17,
        3
      ],
      [
        23,
        3
      ],
      [
        7,
        4
      ],
      [
        15,
        4
      ],
      [
        28,
        4
      ],
      [
        38,
        4
      ],
      [
        6,
        5
      ],
      [
        9,
        5
      ],
      [
        10,
        5
      ],
      [
        22,
        5
      ]
    ],
    "overdue": [
      [
        43,
        4.0625
      ],
      [
        28,
        3.918918918918919
      ],
      [
        2,
        2.8333333333333335
      ],
      [
        9,
        2.542372881355932
      ],
      [
        29,
        2.2849462365591395
      ],
      [
        18,
        1.9710982658959537
      ],
      [
        4,
        1.901639344262295
      ],
      [
        31,
        1.6470588235294117
      ],
      [
        26,
        1.5425531914893618
      ],
      [
        8,
        1.5
      ]
    ]
  },
  "engine_predictions": {
    "advancedpattern": [
      3,
      14,
      30,
      35,
      40,
      45
    ],
    "gap": [
      1,
      7,
      13,
      19,
      25,
      31
    ],
    "graph": [
      30,
      34,
      35,
      36,
      37,
      42
    ],
    "lstm": [
      3,
      12,
      14,
      35,
      44,
      45
    ],
    "ml": [
      14,
      15,
      24,
      25,
      32,
      35
    ],
    "numerology": [
      17,
      22,
      23,
      24,
      25,
      31
    ],
    "pattern": [
      3,
      13,
      23,
      33,
      35,
      43
    ],
    "sequencecorrelation": [
      6,
      17,
      24,
      30,
      35,
      42
    ],
    "statistical": [
      2,
      4,
      8,
      18,
      29,
      43
    ],
    "timeseries": [
      2,
      8,
      23,
      25,
      29,
      37
    ]
  },
  "predicted_sets": [
    {
      "numbers": [
        2,
        3,
        14,
        24,
        30,
        35
      ],
      "confidence": 71.75833333333334
    },
    {
      "numbers": [
        2,
        8,
        17,
        30,
        35,
        43
      ],
      "confidence": 71.33333333333334
    },
    {
      "numbers": [
        3,
        8,
        24,
        30,
        35,
        37
      ],
      "confidence": 71.26666666666667
    },
    {
      "numbers": [
        3,
        12,
        14,
        30,
        35,
        45
      ],
      "confidence": 71.125
    },
    {
      "numbers": [
        6,
        14,
        23,
        30,
        35,
        43
      ],
      "confidence": 71.125
    },
    {
      "numbers": [
        3,
        12,
        14,
        29,
        35,
        37
      ],
      "confidence": 70.63333333333333
    },
    {
      "numbers": [
        3,
        8,
        24,
        35,
        40,
        42
      ],
      "confidence": 70.63333333333333
    },
    {
      "numbers": [
        12,
        14,
        25,
        29,
        35,
        43
      ],
      "confidence": 70.42500000000001
    },
    {
      "numbers": [
        3,
        8,
        25,
        35,
        40,
        42
      ],
      "confidence": 70.42500000000001
    },
    {
      "numbers": [
        2,
        24,
        30,
        35,
        37,
        42
      ],
      "confidence": 70.42500000000001
    },
    {
      "numbers": [
        3,
        8,
        14,
        31,
        35,
        43
      ],
      "confidence": 70.42500000000001
    },
    {
      "numbers": [
        6,
        12,
        14,
        23,
        25,
        35
      ],
      "confidence": 70.42500000000001
    },
    {
      "numbers": [
        12,
        14,
        23,
        25,
        29,
        35
      ],
      "confidence": 70.39166666666667
    },
    {
      "numbers": [
        3,
        6,
        24,
        29,
        35,
        37
      ],
      "confidence": 69.93333333333334
    },
    {
      "numbers": [
        2,
        3,
        8,
        29,
        35,
        43
      ],
      "confidence": 69.75833333333334
    },
    {
      "numbers": [
        6,
        8,
        14,
        24,
        35,
        37
      ],
      "confidence": 69.75833333333334
    },
    {
      "numbers": [
        12,
        23,
        24,
        29,
        35,
        45
      ],
      "confidence": 69.75833333333334
    },
    {
      "numbers": [
        3,
        6,
        14,
        35,
        42,
        45
      ],
      "confidence": 69.75833333333334
    },
    {
      "numbers": [
        3,
        6,
        14,
        35,
        37,
        45
      ],
      "confidence": 69.75833333333334
    },
    {
      "numbers": [
        2,
        14,
        31,
        35,
        37,
        45
      ],
      "confidence": 69.75833333333334
    },
    {
      "numbers": [
        2,
        12,
        23,
        30,
        35,
        42
      ],
      "confidence": 69.58333333333334
    },
    {
      "numbers": [
        6,
        14,
        23,
        35,
        43,
        45
      ],
      "confidence": 69.58333333333334
    },
    {
      "numbers": [
        3,
        14,
        23,
        24,
        25,
        42
      ],
      "confidence": 69.55
    },
    {
      "numbers": [
        12,
        24,
        25,
        29,
        35,
        45
      ],
      "confidence": 69.55
    },
    {
      "numbers": [
        2,
        8,
        25,
        31,
        35,
        42
      ],
      "confidence": 69.55
    },
    {
      "numbers": [
        3,
        6,
        25,
        35,
        42,
        45
      ],
      "confidence": 69.55
    },
    {
      "numbers": [
        14,
        17,
        23,
        24,
        35,
        37
      ],
      "confidence": 69.51666666666667
    },
    {
      "numbers": [
        2,
        14,
        17,
        31,
        35,
        40
      ],
      "confidence": 69.26666666666668
    },
    {
      "numbers": [
        3,
        14,
        18,
        24,
        25,
        31
      ],
      "confidence": 69.09166666666667
    },
    {
      "numbers": [
        8,
        14,
        31,
        35,
        40,
        45
      ],
      "confidence": 69.09166666666667
    },
    {
      "numbers": [
        6,
        24,
        25,
        31,
        35,
        40
      ],
      "confidence": 69.05833333333334
    },
    {
      "numbers": [
        2,
        23,
        30,
        35,
        37,
        40
      ],
      "confidence": 69.05833333333334
    },
    {
      "numbers": [
        12,
        17,
        23,
        30,
        35,
        37
      ],
      "confidence": 69.05833333333334
    },
    {
      "numbers": [
        6,
        8,
        25,
        29,
        35,
        37
      ],
      "confidence": 69.05833333333334
    },
    {
      "numbers": [
        3,
        14,
        17,
        35,
        37,
        40
      ],
      "confidence": 69.05833333333334
    },
    {
      "numbers": [
        6,
        12,
        25,
        35,
        37,
        45
      ],
      "confidence": 68.91666666666667
    },
    {
      "numbers": [
        3,
        12,
        30,
        35,
        40,
        43
      ],
      "confidence": 68.91666666666667
    },
    {
      "numbers": [
        3,
        23,
        24,
        25,
        30,
        43
      ],
      "confidence": 68.85
    },
    {
      "numbers": [
        3,
        8,
        17,
        25,
        29,
        40
      ],