{
  "latest_round": 649,
  "next_round": 650,
  "hot_cold": {
    "hot": [
      [
        18,
        11
      ],
      [
        2,
        10
      ],
      [
        16,
        10
      ],
      [
        19,
        10
      ],
      [
        21,
        10
      ],
      [
        27,
        10
      ],
      [
        39,
        10
      ],
      [
        8,
        9
      ],
      [
        23,
        9
      ],
      [
        6,
        8
      ]
    ],
    "cold": [
      [
        29,
        2
      ],
      [
        3,
        3
      ],
      [
        10,
        3
      ],
      [
        12,
        4
      ],
      [
        32,
        4
      ],
      [
        37,
        4
      ],
      [
        42,
        4
      ],
      [
        17,
        5
      ],
      [
        28,
        5
      ],
      [
        30,
        5
      ]
    ],
    "overdue": [
      [
        27,
        2.353407290015848
      ],
      [
        20,
        2.2370129870129873
      ],
      [
        12,
        2.0080645161290325
      ],
      [
        10,
        1.966824644549763
      ],
      [
        34,
        1.7634920634920634
      ],
      [
        29,
        1.7444794952681388
      ],
      [
        44,
        1.569377990430622
      ]
    ]
  },
  "engine_predictions": {
    "advancedpattern": [
      3,
      21,
      22,
      33,
      41,
      42
    ],
    "gap": [
      1,
      7,
      13,
      19,
      25,
      31
    ],
    "graph": [
      14,
      18,
      20,
      27,
      34,
      40
    ],
    "lstm": [
      13,
      21,
      24,
      33,
      41,
      43
    ],
    "ml": [
      3,
      5,
      21,
      34,
      41,
      45
    ],
    "numerology": [
      13,
      17,
      22,
      23,
      25,
      31
    ],
    "pattern": [
      5,
      13,
      15,
      25,
      35,
      45
    ],
    "sequencecorrelation": [
      1,
      7,
      26,
      34,
      36,
      40
    ],
    "statistical": [
      7,
      12,
      20,
      27,
      34,
      44
    ],
    "timeseries": [
      11,
      12,
      17,
      20,
      24,
      29
    ]
  },
  "predicted_sets": [
    {
      "numbers": [
        3,
        7,
        13,
        20,
        34,
        41
      ],
      "confidence": 71.09166666666667
    },
    {
      "numbers": [
        13,
        17,
        25,
        34,
        40,
        41
      ],
      "confidence": 70.67317499482559
    },
    {
      "numbers": [
        12,
        13,
        17,
        20,
        34,
        41
      ],
      "confidence": 70.6
    },
    {
      "numbers": [
        3,
        20,
        21,
        22,
        34,
        41
      ],
      "confidence": 70.45833333333334
    },
    {
      "numbers": [
        7,
        13,
        21,
        24,
        40,
        41
      ],
      "confidence": 70.45833333333334
    },
    {
      "numbers": [
        5,
        13,
        20,
        25,
        31,
        34
      ],
      "confidence": 70.42500000000001
    },
    {
      "numbers": [
        3,
        22,
        25,
        34,
        40,
        41
      ],
      "confidence": 69.96666666666667
    },
    {
      "numbers": [
        5,
        7,
        13,
        20,
        21,
        42
      ],
      "confidence": 69.96666666666667
    },
    {
      "numbers": [
        5,
        7,
        22,
        34,
        40,
        41
      ],
      "confidence": 69.96666666666667
    },
    {
      "numbers": [
        5,
        12,
        21,
        34,
        40,
        41
      ],
      "confidence": 69.79166666666667
    },
    {
      "numbers": [
        7,
        20,
        21,
        24,
        33,
        41
      ],
      "confidence": 69.79166666666667
    },
    {
      "numbers": [
        3,
        21,
        22,
        25,
        34,
        41
      ],
      "confidence": 69.75833333333334
    },
    {
      "numbers": [
        3,
        12,
        13,
        21,
        34,
        40
      ],
      "confidence": 69.75833333333334
    },
    {
      "numbers": [
        13,
        21,
        24,
        25,
        27,
        34
      ],
      "confidence": 69.725
    },
    {
      "numbers": [
        12,
        13,
        21,
        31,
        34,
        41
      ],
      "confidence": 69.55
    },
    {
      "numbers": [
        1,
        17,
        22,
        33,
        34,
        45
      ],
      "confidence": 69.33333333333334
    },
    {
      "numbers": [
        5,
        7,
        13,
        20,
        31,
        42
      ],
      "confidence": 69.3
    },
    {
      "numbers": [
        3,
        13,
        22,
        24,
        40,
        41
      ],
      "confidence": 69.125
    },
    {
      "numbers": [
        5,
        20,
        22,
        34,
        41,
        42
      ],
      "confidence": 69.125
    },
    {
      "numbers": [
        3,
        20,
        24,
        25,
        33,
        41
      ],
      "confidence": 69.125
    },
    {
      "numbers": [
        7,
        20,
        27,
        33,
        34,
        42
      ],
      "confidence": 69.125
    },
    {
      "numbers": [
        3,
        7,
        17,
        25,
        34,
        40
      ],
      "confidence": 69.09166666666667
    },
    {
      "numbers": [
        12,
        17,
        20,
        22,
        34,
        41
      ],
      "confidence": 69.09166666666667
    },
    {
      "numbers": [
        5,
        20,
        21,
        27,
        31,
        34
      ],
      "confidence": 69.09166666666667
    },
    {
      "numbers": [
        7,
        17,
        20,
        22,
        33,
        34
      ],
      "confidence": 69.09166666666667
    },
    {
      "numbers": [
        7,
        12,
        13,
        21,
        33,
        40
      ],
      "confidence": 69.09166666666667
    },
    {
      "numbers": [
        7,
        13,
        20,
        27,
        41,
        42
      ],
      "confidence": 69.09166666666667
    },
    {
      "numbers": [
        1,
        7,
        13,
        17,
        34,
        42
      ],
      "confidence": 69.09166666666667
    },
    {
      "numbers": [
        7,
        21,
        22,
        24,
        25,
        34
      ],
      "confidence": 69.05833333333334
    },
    {
      "numbers": [
        7,
        13,
        31,
        33,
        34,
        40
      ],
      "confidence": 69.05833333333334
    },
    {
      "numbers": [
        13,
        21,
        22,
        27,
        31,
        34
      ],
      "confidence": 69.05833333333334
    },
    {
      "numbers": [
        3,
        20,
        24,
        33,
        34,
        41
      ],
      "confidence": 68.91666666666667
    },
    {
      "numbers": [
        1,
        12,
        13,
        21,
        31,
        34
      ],
      "confidence": 68.88333333333333
    },
    {
      "numbers": [
        12,
        20,
        21,
        31,
        34,
        41
      ],
      "confidence": 68.88333333333333
    },
    {
      "numbers": [
        3,
        22,
        25,
        27,
        31,
        34
      ],
      "confidence": 68.6
    },
    {
      "numbers": [
        1,
        20,
        22,
        24,
        25,
        41
      ],
      "confidence": 68.42500000000001
    },
    {
      "numbers": [
        3,
        20,
        21,
        24,
        25,
        40
      ],
      "confidence": 68.42500000000001
    },
    {
      "numbers": [
        3,
        5,
        13,
        17,
        34,
        42
      ],
      "confidence": 68.42500000000001
    },
    {
      "numbers": [
        3,
        12,
        33,
        34,
        41,
        45
      ],
      "confidence": 68.42500000000001
    },
    {
      "numbers": [
        3,
        13,
        20,
        22,
        25,
        27
      ],