{
  "latest_round": 1104,
  "next_round": 1105,
  "hot_cold": {
    "hot": [
      [
        7,
        11
      ],
      [
        22,
        11
      ],
      [
        40,
        11
      ],
      [
        6,
        10
      ],
      [
        18,
        10
      ],
      [
        23,
        10
      ],
      [
        30,
        10
      ],
      [
        38,
        10
      ],
      [
        45,
        10
      ],
      [
        24,
        9
      ]
    ],
    "cold": [
      [
        5,
        0
      ],
      [
        2,
        1
      ],
      [
        39,
        1
      ],
      [
        15,
        2
      ],
      [
        9,
        3
      ],
      [
        25,
        3
      ],
      [
        17,
        4
      ],
      [
        41,
        4
      ],
      [
        42,
        4
      ],
      [
        8,
        5
      ]
    ],
    "overdue": [
      [
        5,
        7.01747572815534
      ],
      [
        2,
        4.3731203007518795
      ],
      [
        27,
        2.6094182825484764
      ],
      [
        32,
        2.6074074074074076
      ],
      [
        9,
        2.451343836886006
      ],
      [
        25,
        2.2583025830258303
      ],
      [
        39,
        2.2222222222222223
      ],
      [
        11,
        2.182488479262673
      ],
      [
        4,
        2.0277777777777777
      ],
      [
        18,
        1.8358208955223883
      ]
    ]
  },
  "engine_predictions": {
    "advancedpattern": [
      1,
      7,
      21,
      30,
      35,
      38
    ],
    "gap": [
      1,
      7,
      13,
      19,
      25,
      31
    ],
    "graph": [
      18,
      31,
      34,
      37,
      38,
      40
    ],
    "lstm": [
      7,
      12,
      29,
      38,
      40,
      43
    ],
    "ml": [
      5,
      12,
      21,
      34,
      35,
      38
    ],
    "numerology": [
      17,
      23,
      24,
      25,
      26,
      31
    ],
    "pattern": [
      3,
      11,
      13,
      23,
      33,
      43
    ],
    "sequencecorrelation": [
      13,
      21,
      26,
      37,
      39,
      45
    ],
    "statistical": [
      4,
      9,
      11,
      18,
      27,
      45
    ],
    "timeseries": [
      2,
      5,
      28,
      34,
      39,
      43
    ]
  },
  "predicted_sets": [
    {
      "numbers": [
        7,
        12,
        21,
        35,
        38,
        43
      ],
      "confidence": 71.33333333333334
    },
    {
      "numbers": [
        7,
        18,
        21,
        26,
        34,
        43
      ],
      "confidence": 70.66666666666667
    },
    {
      "numbers": [
        7,
        13,
        25,
        31,
        38,
        40
      ],
      "confidence": 70.63333333333333
    },
    {
      "numbers": [
        7,
        12,
        13,
        21,
        34,
        43
      ],
      "confidence": 70.45833333333334
    },
    {
      "numbers": [
        7,
        12,
        13,
        34,
        38,
        43
      ],
      "confidence": 70.42500000000001
    },
    {
      "numbers": [
        1,
        12,
        25,
        26,
        38,
        43
      ],
      "confidence": 70.0
    },
    {
      "numbers": [
        7,
        18,
        21,
        34,
        40,
        45
      ],
      "confidence": 70.0
    },
    {
      "numbers": [
        5,
        7,
        12,
        21,
        38,
        39
      ],
      "confidence": 69.96666666666667
    },
    {
      "numbers": [
        7,
        12,
        13,
        34,
        35,
        38
      ],
      "confidence": 69.93333333333334
    },
    {
      "numbers": [
        1,
        13,
        26,
        31,
        38,
        45
      ],
      "confidence": 69.79166666666667
    },
    {
      "numbers": [
        7,
        18,
        21,
        38,
        40,
        45
      ],
      "confidence": 69.79166666666667
    },
    {
      "numbers": [
        7,
        13,
        18,
        31,
        38,
        45
      ],
      "confidence": 69.75833333333334
    },
    {
      "numbers": [
        7,
        13,
        25,
        34,
        37,
        38
      ],
      "confidence": 69.75833333333334
    },
    {
      "numbers": [
        1,
        13,
        34,
        35,
        38,
        43
      ],
      "confidence": 69.75833333333334
    },
    {
      "numbers": [
        5,
        12,
        21,
        26,
        37,
        43
      ],
      "confidence": 69.33333333333334
    },
    {
      "numbers": [
        7,
        18,
        21,
        34,
        35,
        39
      ],
      "confidence": 69.3
    },
    {
      "numbers": [
        11,
        12,
        13,
        26,
        38,
        45
      ],
      "confidence": 69.3
    },
    {
      "numbers": [
        7,
        18,
        21,
        31,
        40,
        45
      ],
      "confidence": 69.125
    },
    {
      "numbers": [
        1,
        7,
        13,
        21,
        30,
        38
      ],
      "confidence": 69.09166666666667
    },
    {
      "numbers": [
        13,
        21,
        26,
        35,
        37,
        38
      ],
      "confidence": 68.92177323347522
    },
    {
      "numbers": [
        5,
        12,
        30,
        34,
        39,
        43
      ],
      "confidence": 68.66666666666666
    },
    {
      "numbers": [
        1,
        5,
        7,
        34,
        38,
        39
      ],
      "confidence": 68.56666666666666
    },
    {
      "numbers": [
        5,
        12,
        13,
        31,
        34,
        45
      ],
      "confidence": 68.42500000000001
    },
    {
      "numbers": [
        1,
        12,
        31,
        34,
        37,
        43
      ],
      "confidence": 68.42500000000001
    },
    {
      "numbers": [
        5,
        7,
        12,
        13,
        35,
        38
      ],
      "confidence": 68.39166666666668
    },
    {
      "numbers": [
        1,
        11,
        13,
        34,
        38,
        39
      ],
      "confidence": 68.39166666666668
    },
    {
      "numbers": [
        12,
        13,
        18,
        21,
        26,
        38
      ],
      "confidence": 68.39166666666668
    },
    {
      "numbers": [
        1,
        13,
        21,
        26,
        40,
        43
      ],
      "confidence": 68.25
    },
    {
      "numbers": [
        5,
        13,
        18,
        21,
        35,
        38
      ],
      "confidence": 68.21666666666667
    },
    {
      "numbers": [
        7,
        11,
        18,
        21,
        26,
        38
      ],
      "confidence": 68.21666666666667
    },
    {
      "numbers": [
        1,
        21,
        26,
        31,
        38,
        45
      ],
      "confidence": 68.21666666666667
    },
    {
      "numbers": [
        5,
        7,
        18,
        25,
        34,
        38
      ],
      "confidence": 68.21666666666667
    },
    {
      "numbers": [
        11,
        12,
        31,
        35,
        38,
        43
      ],
      "confidence": 68.04677323347522
    },
    {
      "numbers": [
        1,
        18,
        30,
        37,
        39,
        43
      ],
      "confidence": 68.0
    },
    {
      "numbers": [
        13,
        18,
        21,
        35,
        39,
        40
      ],
      "confidence": 67.93333333333334
    },
    {
      "numbers": [
        1,
        11,
        13,
        30,
        34,
        45
      ],
      "confidence": 67.79166666666666
    },
    {
      "numbers": [
        5,
        13,
        21,
        26,
        30,
        43
      ],
      "confidence": 67.75833333333334
    },
    {
      "numbers": [
        7,
        12,
        18,
        21,
        37,
        39
      ],