{
  "latest_round": 352,
  "next_round": 353,
  "hot_cold": {
    "hot": [
      [
        17,
        14
      ],
      [
        34,
        14
      ],
      [
        5,
        13
      ],
      [
        45,
        13
      ],
      [
        14,
        11
      ],
      [
        1,
        10
      ],
      [
        20,
        10
      ],
      [
        13,
        8
      ],
      [
        16,
        8
      ],
      [
        18,
        8
      ]
    ],
    "cold": [
      [
        40,
        0
      ],
      [
        7,
        2
      ],
      [
        11,
        3
      ],
      [
        22,
        3
      ],
      [
        37,
        3
      ],
      [
        6,
        4
      ],
      [
        12,
        4
      ],
      [
        31,
        4
      ],
      [
        35,
        4
      ],
      [
        10,
        5
      ]
    ],
    "overdue": [
      [
        40,
        8.727272727272727
      ],
      [
        11,
        4.792993630573249
      ],
      [
        7,
        3.78343949044586
      ],
      [
        4,
        3.260869565217391
      ],
      [
        12,
        3.1948881789137378
      ],
      [
        37,
        2.230769230769231
      ],
      [
        35,
        2.2138364779874213
      ],
      [
        9,
        1.8888888888888888
      ],
      [
        21,
        1.6973293768545994
      ],
      [
        19,
        1.6923076923076923
      ]
    ]
  },
  "engine_predictions": {
    "advancedpattern": [
      5,
      16,
      17,
      20,
      26,
      27
    ],
    "gap": [
      1,
      7,
      13,
      19,
      25,
      31
    ],
    "graph": [
      5,
      17,
      19,
      34,
      36,
      45
    ],
    "lstm": [
      5,
      14,
      17,
      20,
      24,
      29
    ],
    "ml": [
      4,
      5,
      16,
      17,
      20,
      26
    ],
    "numerology": [
      17,
      22,
      23,
      24,
      25,
      31
    ],
    "pattern": [
      5,
      15,
      25,
      33,
      35,
      45
    ],
    "sequencecorrelation": [
      4,
      5,
      8,
      17,
      20,
      25
    ],
    "statistical": [
      4,
      9,
      12,
      19,
      35,
      37
    ],
    "timeseries": [
      24,
      29,
      31,
      37,
      40,
      43
    ]
  },
  "predicted_sets": [
    {
      "numbers": [
        5,
        17,
        20,
        24,
        25,
        31
      ],
      "confidence": 75.75833333333333
    },
    {
      "numbers": [
        5,
        17,
        20,
        26,
        31,
        43
      ],
      "confidence": 74.66666666666666
    },
    {
      "numbers": [
        4,
        17,
        19,
        20,
        25,
        31
      ],
      "confidence": 74.63333333333333
    },
    {
      "numbers": [
        5,
        16,
        17,
        20,
        24,
        25
      ],
      "confidence": 74.39166666666668
    },
    {
      "numbers": [
        5,
        16,
        17,
        20,
        31,
        45
      ],
      "confidence": 73.75833333333334
    },
    {
      "numbers": [
        4,
        5,
        17,
        19,
        20,
        41
      ],
      "confidence": 73.22583899881961
    },
    {
      "numbers": [
        5,
        14,
        17,
        20,
        25,
        35
      ],
      "confidence": 72.88333333333333
    },
    {
      "numbers": [
        4,
        8,
        17,
        20,
        25,
        31
      ],
      "confidence": 72.75917233215294
    },
    {
      "numbers": [
        5,
        13,
        20,
        24,
        25,
        31
      ],
      "confidence": 72.42500000000001
    },
    {
      "numbers": [
        4,
        5,
        17,
        25,
        26,
        41
      ],
      "confidence": 72.42500000000001
    },
    {
      "numbers": [
        5,
        14,
        16,
        17,
        24,
        31
      ],
      "confidence": 72.42500000000001
    },
    {
      "numbers": [
        5,
        16,
        17,
        19,
        24,
        29
      ],
      "confidence": 72.39166666666667
    },
    {
      "numbers": [
        1,
        5,
        17,
        20,
        26,
        37
      ],
      "confidence": 72.38417233215296
    },
    {
      "numbers": [
        4,
        5,
        13,
        17,
        26,
        45
      ],
      "confidence": 71.75833333333334
    },
    {
      "numbers": [
        1,
        5,
        20,
        24,
        25,
        37
      ],
      "confidence": 71.75833333333334
    },
    {
      "numbers": [
        5,
        16,
        17,
        20,
        43,
        45
      ],
      "confidence": 71.725
    },
    {
      "numbers": [
        5,
        13,
        17,
        24,
        26,
        41
      ],
      "confidence": 71.3
    },
    {
      "numbers": [
        14,
        16,
        17,
        19,
        25,
        31
      ],
      "confidence": 71.26666666666667
    },
    {
      "numbers": [
        5,
        16,
        17,
        20,
        41,
        43
      ],
      "confidence": 71.26666666666667
    },
    {
      "numbers": [
        5,
        16,
        17,
        24,
        26,
        41
      ],
      "confidence": 71.09166666666667
    },
    {
      "numbers": [
        4,
        17,
        19,
        20,
        31,
        41
      ],
      "confidence": 71.09166666666667
    },
    {
      "numbers": [
        5,
        14,
        17,
        20,
        37,
        41
      ],
      "confidence": 71.09166666666667
    },
    {
      "numbers": [
        4,
        5,
        25,
        26,
        29,
        31
      ],
      "confidence": 71.05833333333334
    },
    {
      "numbers": [
        4,
        5,
        25,
        26,
        31,
        37
      ],
      "confidence": 71.05833333333334
    },
    {
      "numbers": [
        4,
        17,
        24,
        25,
        37,
        43
      ],
      "confidence": 70.91666666666666
    },
    {
      "numbers": [
        4,
        5,
        8,
        17,
        35,
        45
      ],
      "confidence": 70.88333333333333
    },
    {
      "numbers": [
        4,
        17,
        19,
        24,
        25,
        29
      ],
      "confidence": 70.85
    },
    {
      "numbers": [
        4,
        17,
        19,
        26,
        35,
        41
      ],
      "confidence": 70.66666666666667
    },
    {
      "numbers": [
        4,
        8,
        16,
        17,
        20,
        45
      ],
      "confidence": 70.6
    },
    {
      "numbers": [
        13,
        17,
        20,
        26,
        29,
        31
      ],
      "confidence": 70.6
    },
    {
      "numbers": [
        14,
        16,
        17,
        20,
        25,
        29
      ],
      "confidence": 70.56666666666666
    },
    {
      "numbers": [
        5,
        8,
        20,
        24,
        31,
        41
      ],
      "confidence": 70.45833333333334
    },
    {
      "numbers": [
        5,
        8,
        16,
        20,
        31,
        45
      ],
      "confidence": 70.42500000000001
    },
    {
      "numbers": [
        4,
        17,
        20,
        35,
        37,
        43
      ],
      "confidence": 70.42500000000001
    },
    {
      "numbers": [
        5,
        19,
        20,
        24,
        41,
        45
      ],
      "confidence": 70.42500000000001
    },
    {
      "numbers": [
        4,
        5,
        13,
        20,
        37,
        41
      ],
      "confidence": 69.96666666666667
    },
    {
      "numbers": [
        5,
        14,
        19,
        26,
        37,
        45
      ],
      "confidence": 69.79166666666667
    },
    {
      "numbers": [
        1,
        5,
        19,
        24,
        26,
        45
      ],