{
  "latest_round": 871,
  "next_round": 872,
  "hot_cold": {
    "hot": [
      [
        39,
        13
      ],
      [
        43,
        12
      ],
      [
        33,
        11
      ],
      [
        38,
        11
      ],
      [
        28,
        10
      ],
      [
        13,
        9
      ],
      [
        16,
        9
      ],
      [
        30,
        9
      ],
      [
        9,
        8
      ],
      [
        18,
        8
      ]
    ],
    "cold": [
      [
        23,
        1
      ],
      [
        1,
        3
      ],
      [
        37,
        3
      ],
      [
        3,
        4
      ],
      [
        4,
        4
      ],
      [
        7,
        4
      ],
      [
        20,
        4
      ],
      [
        27,
        4
      ],
      [
        6,
        5
      ],
      [
        15,
        5
      ]
    ],
    "overdue": [
      [
        1,
        3.3249701314217446
      ],
      [
        5,
        3.1390568319226118
      ],
      [
        31,
        2.337250293772033
      ],
      [
        23,
        2.0704225352112675
      ],
      [
        18,
        1.5845238095238094
      ],
      [
        8,
        1.5363849765258215
      ]
    ]
  },
  "engine_predictions": {
    "advancedpattern": [
      2,
      6,
      12,
      26,
      30,
      34
    ],
    "gap": [
      1,
      7,
      13,
      19,
      25,
      31
    ],
    "graph": [
      1,
      8,
      14,
      18,
      19,
      45
    ],
    "lstm": [
      2,
      6,
      30,
      34,
      39,
      40
    ],
    "ml": [
      2,
      13,
      25,
      30,
      34,
      38
    ],
    "numerology": [
      23,
      24,
      25,
      26,
      27,
      31
    ],
    "pattern": [
      3,
      11,
      13,
      23,
      33,
      43
    ],
    "sequencecorrelation": [
      8,
      16,
      19,
      25,
      38,
      43
    ],
    "statistical": [
      1,
      5,
      8,
      16,
      18,
      31
    ],
    "timeseries": [
      3,
      8,
      10,
      15,
      23,
      40
    ]
  },
  "predicted_sets": [
    {
      "numbers": [
        2,
        19,
        25,
        30,
        34,
        43
      ],
      "confidence": 72.0
    },
    {
      "numbers": [
        6,
        8,
        13,
        25,
        34,
        43
      ],
      "confidence": 71.125
    },
    {
      "numbers": [
        8,
        18,
        19,
        25,
        30,
        34
      ],
      "confidence": 71.09166666666667
    },
    {
      "numbers": [
        2,
        8,
        19,
        23,
        25,
        43
      ],
      "confidence": 71.09166666666667
    },
    {
      "numbers": [
        2,
        6,
        8,
        25,
        31,
        34
      ],
      "confidence": 70.70273174550475
    },
    {
      "numbers": [
        2,
        3,
        16,
        25,
        30,
        34
      ],
      "confidence": 70.63333333333333
    },
    {
      "numbers": [
        3,
        8,
        16,
        25,
        31,
        43
      ],
      "confidence": 70.45833333333334
    },
    {
      "numbers": [
        8,
        18,
        19,
        25,
        30,
        43
      ],
      "confidence": 70.42500000000001
    },
    {
      "numbers": [
        2,
        8,
        16,
        19,
        40,
        43
      ],
      "confidence": 69.96666666666667
    },
    {
      "numbers": [
        6,
        12,
        19,
        23,
        25,
        34
      ],
      "confidence": 69.96666666666667
    },
    {
      "numbers": [
        8,
        12,
        23,
        26,
        31,
        34
      ],
      "confidence": 69.96666666666667
    },
    {
      "numbers": [
        6,
        8,
        12,
        25,
        31,
        40
      ],
      "confidence": 69.96666666666667
    },
    {
      "numbers": [
        3,
        6,
        8,
        25,
        34,
        40
      ],
      "confidence": 69.93333333333334
    },
    {
      "numbers": [
        2,
        8,
        18,
        19,
        34,
        43
      ],
      "confidence": 69.75833333333334
    },
    {
      "numbers": [
        2,
        3,
        19,
        23,
        25,
        40
      ],
      "confidence": 69.75833333333334
    },
    {
      "numbers": [
        8,
        13,
        23,
        26,
        34,
        40
      ],
      "confidence": 69.75833333333334
    },
    {
      "numbers": [
        8,
        13,
        26,
        30,
        31,
        40
      ],
      "confidence": 69.75833333333334
    },
    {
      "numbers": [
        8,
        16,
        25,
        26,
        31,
        40
      ],
      "confidence": 69.75833333333334
    },
    {
      "numbers": [
        2,
        13,
        19,
        23,
        31,
        40
      ],
      "confidence": 69.75833333333334
    },
    {
      "numbers": [
        1,
        13,
        16,
        23,
        30,
        34
      ],
      "confidence": 69.75833333333334
    },
    {
      "numbers": [
        6,
        13,
        19,
        23,
        25,
        40
      ],
      "confidence": 69.75833333333334
    },
    {
      "numbers": [
        8,
        23,
        25,
        26,
        30,
        38
      ],
      "confidence": 69.725
    },
    {
      "numbers": [
        2,
        6,
        30,
        31,
        38,
        43
      ],
      "confidence": 69.3
    },
    {
      "numbers": [
        2,
        18,
        19,
        34,
        40,
        43
      ],
      "confidence": 69.3
    },
    {
      "numbers": [
        3,
        6,
        12,
        25,
        30,
        34
      ],
      "confidence": 69.3
    },
    {
      "numbers": [
        1,
        2,
        26,
        34,
        38,
        43
      ],
      "confidence": 69.3
    },
    {
      "numbers": [
        1,
        2,
        18,
        19,
        34,
        40
      ],
      "confidence": 69.26666666666668
    },
    {
      "numbers": [
        8,
        12,
        30,
        31,
        40,
        43
      ],
      "confidence": 69.125
    },
    {
      "numbers": [
        2,
        13,
        26,
        31,
        38,
        43
      ],
      "confidence": 69.125
    },
    {
      "numbers": [
        3,
        18,
        19,
        25,
        40,
        43
      ],
      "confidence": 69.125
    },
    {
      "numbers": [
        2,
        3,
        16,
        30,
        34,
        43
      ],
      "confidence": 69.125
    },
    {
      "numbers": [
        1,
        19,
        31,
        34,
        40,
        43
      ],
      "confidence": 69.09166666666667
    },
    {
      "numbers": [
        6,
        12,
        13,
        23,
        25,
        34
      ],
      "confidence": 69.09166666666667
    },
    {
      "numbers": [
        1,
        2,
        19,
        26,
        31,
        40
      ],
      "confidence": 69.09166666666667
    },
    {
      "numbers": [
        1,
        2,
        12,
        25,
        34,
        38
      ],
      "confidence": 69.09166666666667
    },
    {
      "numbers": [
        13,
        18,
        19,
        23,
        30,
        34
      ],
      "confidence": 69.05833333333334
    },
    {
      "numbers": [
        18,
        19,
        23,
        25,
        30,
        43
      ],
      "confidence": 69.05833333333334
    },
    {
      "numbers": [
        2,
        3,
        19,
        23,
        26,
        34
      ],
      "confidence": 69.02773174550475
    },
    {
      "numbers": [
        3,
        8,
        19,
        30,
        38,
        43
      ],
      "confidence": 68.91666666666667
    },
    {
      "numbers": [
        3,
        13,
        25,
        34,
        38,
        43
      ],