{
  "latest_round": 186,
  "next_round": 187,
  "hot_cold": {
    "hot": [
      [
        34,
        13
      ],
      [
        13,
        12
      ],
      [
        42,
        12
      ],
      [
        19,
        11
      ],
      [
        2,
        10
      ],
      [
        18,
        10
      ],
      [
        21,
        10
      ],
      [
        39,
        10
      ],
      [
        28,
        9
      ],
      [
        1,
        8
      ]
    ],
    "cold": [
      [
        23,
        2
      ],
      [
        38,
        2
      ],
      [
        7,
        3
      ],
      [
        14,
        3
      ],
      [
        22,
        3
      ],
      [
        32,
        3
      ],
      [
        44,
        3
      ],
      [
        6,
        4
      ],
      [
        8,
        4
      ],
      [
        17,
        4
      ]
    ],
    "overdue": [
      [
        7,
        3.93421052631579
      ],
      [
        44,
        3.0065359477124183
      ],
      [
        3,
        2.3037974683544302
      ],
      [
        36,
        2.0542168674698797
      ],
      [
        35,
        1.923076923076923
      ],
      [
        41,
        1.7604790419161676
      ],
      [
        26,
        1.7573964497041419
      ]
    ]
  },
  "engine_predictions": {
    "advancedpattern": [
      4,
      10,
      14,
      19,
      21,
      33
    ],
    "gap": [
      1,
      7,
      13,
      19,
      25,
      31
    ],
    "graph": [
      2,
      17,
      25,
      36,
      40,
      42
    ],
    "lstm": [
      1,
      2,
      4,
      21,
      34,
      40
    ],
    "ml": [
      2,
      4,
      10,
      18,
      19,
      32
    ],
    "numerology": [
      17,
      22,
      23,
      24,
      25,
      31
    ],
    "pattern": [
      3,
      13,
      23,
      33,
      35,
      43
    ],
    "sequencecorrelation": [
      3,
      16,
      23,
      25,
      33,
      42
    ],
    "statistical": [
      3,
      7,
      26,
      35,
      36,
      41
    ],
    "timeseries": [
      5,
      7,
      22,
      30,
      31,
      43
    ]
  },
  "predicted_sets": [
    {
      "numbers": [
        4,
        19,
        21,
        25,
        33,
        42
      ],
      "confidence": 71.33333333333334
    },
    {
      "numbers": [
        2,
        19,
        23,
        25,
        31,
        42
      ],
      "confidence": 71.125
    },
    {
      "numbers": [
        4,
        19,
        25,
        36,
        42,
        43
      ],
      "confidence": 70.66666666666667
    },
    {
      "numbers": [
        4,
        7,
        19,
        23,
        33,
        42
      ],
      "confidence": 70.45833333333334
    },
    {
      "numbers": [
        4,
        10,
        19,
        22,
        23,
        31
      ],
      "confidence": 69.96666666666667
    },
    {
      "numbers": [
        10,
        14,
        19,
        23,
        25,
        31
      ],
      "confidence": 69.96666666666667
    },
    {
      "numbers": [
        2,
        17,
        25,
        33,
        40,
        43
      ],
      "confidence": 69.79166666666667
    },
    {
      "numbers": [
        4,
        7,
        25,
        33,
        40,
        43
      ],
      "confidence": 69.75833333333334
    },
    {
      "numbers": [
        4,
        7,
        10,
        19,
        36,
        43
      ],
      "confidence": 69.3
    },
    {
      "numbers": [
        4,
        10,
        17,
        22,
        23,
        31
      ],
      "confidence": 69.3
    },
    {
      "numbers": [
        3,
        4,
        7,
        19,
        36,
        40
      ],
      "confidence": 69.26666666666668
    },
    {
      "numbers": [
        4,
        19,
        21,
        31,
        36,
        42
      ],
      "confidence": 69.125
    },
    {
      "numbers": [
        10,
        17,
        21,
        25,
        31,
        42
      ],
      "confidence": 69.125
    },
    {
      "numbers": [
        4,
        19,
        21,
        31,
        40,
        43
      ],
      "confidence": 69.125
    },
    {
      "numbers": [
        4,
        14,
        19,
        25,
        36,
        43
      ],
      "confidence": 69.125
    },
    {
      "numbers": [
        3,
        10,
        19,
        21,
        31,
        42
      ],
      "confidence": 69.125
    },
    {
      "numbers": [
        4,
        10,
        23,
        31,
        33,
        42
      ],
      "confidence": 69.09166666666667
    },
    {
      "numbers": [
        3,
        4,
        7,
        21,
        33,
        42
      ],
      "confidence": 69.09166666666667
    },
    {
      "numbers": [
        3,
        10,
        19,
        22,
        25,
        43
      ],
      "confidence": 69.09166666666667
    },
    {
      "numbers": [
        2,
        4,
        22,
        23,
        25,
        36
      ],
      "confidence": 69.05833333333334
    },
    {
      "numbers": [
        2,
        4,
        13,
        23,
        31,
        42
      ],
      "confidence": 68.91666666666667
    },
    {
      "numbers": [
        7,
        14,
        22,
        31,
        33,
        36
      ],
      "confidence": 68.63333333333333
    },
    {
      "numbers": [
        1,
        14,
        19,
        25,
        36,
        40
      ],
      "confidence": 68.63333333333333
    },
    {
      "numbers": [
        2,
        10,
        17,
        21,
        33,
        36
      ],
      "confidence": 68.63333333333333
    },
    {
      "numbers": [
        2,
        7,
        14,
        23,
        36,
        40
      ],
      "confidence": 68.63333333333333
    },
    {
      "numbers": [
        17,
        19,
        21,
        22,
        25,
        40
      ],
      "confidence": 68.6
    },
    {
      "numbers": [
        4,
        10,
        17,
        19,
        31,
        36
      ],
      "confidence": 68.6
    },
    {
      "numbers": [
        4,
        10,
        21,
        22,
        25,
        43
      ],
      "confidence": 68.6
    },
    {
      "numbers": [
        7,
        14,
        22,
        25,
        40,
        42
      ],
      "confidence": 68.45833333333334
    },
    {
      "numbers": [
        7,
        14,
        23,
        31,
        42,
        43
      ],
      "confidence": 68.45833333333334
    },
    {
      "numbers": [
        1,
        4,
        21,
        25,
        40,
        43
      ],
      "confidence": 68.42500000000001
    },
    {
      "numbers": [
        2,
        17,
        21,
        22,
        25,
        36
      ],
      "confidence": 68.42500000000001
    },
    {
      "numbers": [
        3,
        10,
        13,
        19,
        31,
        42
      ],
      "confidence": 68.42500000000001
    },
    {
      "numbers": [
        2,
        4,
        10,
        22,
        31,
        43
      ],
      "confidence": 68.42500000000001
    },
    {
      "numbers": [
        10,
        13,
        21,
        25,
        31,
        36
      ],
      "confidence": 68.42500000000001
    },
    {
      "numbers": [
        4,
        7,
        21,
        23,
        36,
        43
      ],
      "confidence": 68.42500000000001
    },
    {
      "numbers": [
        2,
        3,
        4,
        21,
        36,
        42
      ],
      "confidence": 68.42500000000001
    },
    {
      "numbers": [
        4,
        10,
        17,
        22,
        23,
        33
      ],
      "confidence": 68.42500000000001
    },
    {
      "numbers": [
        2,
        7,
        21,
        33,
        36,
        42
      ],
      "confidence": 68.42500000000001
    },
    {
      "numbers": [
        4,
        7,
        13,
        21,
        23,
        40
      ],