{
  "latest_round": 901,
  "next_round": 902,
  "hot_cold": {
    "hot": [
      [
        39,
        13
      ],
      [
        43,
        11
      ],
      [
        17,
        10
      ],
      [
        18,
        10
      ],
      [
        19,
        9
      ],
      [
        28,
        9
      ],
      [
        32,
        9
      ],
      [
        34,
        9
      ],
      [
        38,
        9
      ],
      [
        23,
        8
      ]
    ],
    "cold": [
      [
        11,
        3
      ],
      [
        29,
        3
      ],
      [
        24,
        4
      ],
      [
        36,
        4
      ],
      [
        1,
        5
      ],
      [
        2,
        5
      ],
      [
        5,
        5
      ],
      [
        6,
        5
      ],
      [
        7,
        5
      ],
      [
        9,
        5
      ]
    ],
    "overdue": [
      [
        11,
        3.1805714285714286
      ],
      [
        10,
        3.1070615034168565
      ],
      [
        2,
        3.036739380022962
      ],
      [
        44,
        2.3917525773195876
      ],
      [
        24,
        2.1272727272727274
      ],
      [
        27,
        2.058823529411765
      ],
      [
        3,
        1.5926773455377574
      ],
      [
        14,
        1.564334085778781
      ]
    ]
  },
  "engine_predictions": {
    "advancedpattern": [
      5,
      18,
      20,
      23,
      30,
      34
    ],
    "gap": [
      1,
      7,
      13,
      19,
      25,
      31
    ],
    "graph": [
      8,
      13,
      18,
      20,
      34,
      45
    ],
    "lstm": [
      5,
      18,
      20,
      26,
      35,
      38
    ],
    "ml": [
      13,
      18,
      20,
      21,
      35,
      39
    ],
    "numerology": [
      17,
      23,
      24,
      25,
      26,
      31
    ],
    "pattern": [
      3,
      13,
      15,
      23,
      33,
      43
    ],
    "sequencecorrelation": [
      5,
      13,
      18,
      26,
      27,
      33
    ],
    "statistical": [
      2,
      3,
      14,
      24,
      27,
      44
    ],
    "timeseries": [
      3,
      14,
      24,
      26,
      29,
      41
    ]
  },
  "predicted_sets": [
    {
      "numbers": [
        5,
        13,
        18,
        20,
        24,
        35
      ],
      "confidence": 73.09166666666667
    },
    {
      "numbers": [
        5,
        13,
        18,
        20,
        25,
        31
      ],
      "confidence": 72.42500000000001
    },
    {
      "numbers": [
        5,
        18,
        20,
        23,
        34,
        41
      ],
      "confidence": 72.0
    },
    {
      "numbers": [
        13,
        18,
        20,
        27,
        31,
        35
      ],
      "confidence": 71.93333333333334
    },
    {
      "numbers": [
        3,
        13,
        18,
        26,
        35,
        39
      ],
      "confidence": 71.75833333333334
    },
    {
      "numbers": [
        14,
        18,
        20,
        26,
        27,
        35
      ],
      "confidence": 71.26666666666667
    },
    {
      "numbers": [
        3,
        5,
        18,
        23,
        26,
        31
      ],
      "confidence": 71.15699453716954
    },
    {
      "numbers": [
        13,
        20,
        23,
        26,
        35,
        41
      ],
      "confidence": 71.09166666666667
    },
    {
      "numbers": [
        5,
        18,
        20,
        23,
        26,
        30
      ],
      "confidence": 71.05833333333334
    },
    {
      "numbers": [
        13,
        18,
        26,
        27,
        33,
        35
      ],
      "confidence": 71.05833333333334
    },
    {
      "numbers": [
        3,
        5,
        18,
        23,
        26,
        33
      ],
      "confidence": 70.88333333333333
    },
    {
      "numbers": [
        5,
        18,
        20,
        25,
        26,
        35
      ],
      "confidence": 70.88333333333333
    },
    {
      "numbers": [
        3,
        17,
        20,
        24,
        26,
        31
      ],
      "confidence": 70.63333333333333
    },
    {
      "numbers": [
        14,
        18,
        20,
        26,
        27,
        39
      ],
      "confidence": 70.6
    },
    {
      "numbers": [
        5,
        14,
        18,
        20,
        25,
        31
      ],
      "confidence": 70.42500000000001
    },
    {
      "numbers": [
        3,
        14,
        18,
        20,
        25,
        35
      ],
      "confidence": 70.42500000000001
    },
    {
      "numbers": [
        5,
        18,
        20,
        23,
        33,
        39
      ],
      "confidence": 70.42500000000001
    },
    {
      "numbers": [
        3,
        5,
        13,
        18,
        34,
        39
      ],
      "confidence": 70.39166666666667
    },
    {
      "numbers": [
        18,
        23,
        24,
        26,
        34,
        35
      ],
      "confidence": 70.39166666666667
    },
    {
      "numbers": [
        13,
        17,
        18,
        20,
        23,
        39
      ],
      "confidence": 70.39166666666667
    },
    {
      "numbers": [
        5,
        13,
        14,
        23,
        26,
        34
      ],
      "confidence": 70.21666666666667
    },
    {
      "numbers": [
        3,
        13,
        18,
        20,
        30,
        39
      ],
      "confidence": 70.21666666666667
    },
    {
      "numbers": [
        3,
        18,
        24,
        27,
        30,
        31
      ],
      "confidence": 69.96666666666667
    },
    {
      "numbers": [
        14,
        18,
        23,
        25,
        26,
        41
      ],
      "confidence": 69.93333333333334
    },
    {
      "numbers": [
        17,
        18,
        20,
        24,
        25,
        33
      ],
      "confidence": 69.93333333333334
    },
    {
      "numbers": [
        3,
        20,
        23,
        24,
        27,
        35
      ],
      "confidence": 69.75833333333334
    },
    {
      "numbers": [
        3,
        18,
        23,
        24,
        31,
        39
      ],
      "confidence": 69.75833333333334
    },
    {
      "numbers": [
        5,
        13,
        14,
        20,
        34,
        41
      ],
      "confidence": 69.75833333333334
    },
    {
      "numbers": [
        3,
        13,
        17,
        24,
        26,
        41
      ],
      "confidence": 69.75833333333334
    },
    {
      "numbers": [
        3,
        5,
        20,
        23,
        24,
        41
      ],
      "confidence": 69.75833333333334
    },
    {
      "numbers": [
        3,
        18,
        20,
        27,
        30,
        34
      ],
      "confidence": 69.75833333333334
    },
    {
      "numbers": [
        5,
        20,
        26,
        31,
        34,
        35
      ],
      "confidence": 69.75833333333334
    },
    {
      "numbers": [
        1,
        13,
        18,
        23,
        30,
        34
      ],
      "confidence": 69.75833333333334
    },
    {
      "numbers": [
        5,
        20,
        23,
        24,
        31,
        35
      ],
      "confidence": 69.75833333333334
    },
    {
      "numbers": [
        5,
        17,
        18,
        20,
        23,
        27
      ],
      "confidence": 69.725
    },
    {
      "numbers": [
        3,
        14,
        18,
        23,
        26,
        30
      ],
      "confidence": 69.725
    },
    {
      "numbers": [
        5,
        13,
        23,
        26,
        30,
        33
      ],
      "confidence": 69.55
    },
    {
      "numbers": [
        5,
        20,
        23,
        25,
        26,
        33
      ],
      "confidence": 69.55
    },
    {
      "numbers": [
        13,
        18,
        20,
        27,
        30,
        33
      ],