{
  "latest_round": 401,
  "next_round": 402,
  "hot_cold": {
    "hot": [
      [
        40,
        13
      ],
      [
        16,
        11
      ],
      [
        22,
        11
      ],
      [
        1,
        10
      ],
      [
        10,
        10
      ],
      [
        11,
        9
      ],
      [
        20,
        9
      ],
      [
        26,
        9
      ],
      [
        5,
        8
      ],
      [
        15,
        8
      ]
    ],
    "cold": [
      [
        33,
        2
      ],
      [
        3,
        3
      ],
      [
        6,
        3
      ],
      [
        23,
        3
      ],
      [
        38,
        3
      ],
      [
        4,
        4
      ],
      [
        13,
        4
      ],
      [
        30,
        4
      ],
      [
        39,
        4
      ],
      [
        41,
        4
      ]
    ],
    "overdue": [
      [
        14,
        4.491847826086957
      ],
      [
        30,
        4.079670329670329
      ],
      [
        5,
        3.286908077994429
      ],
      [
        36,
        2.6293333333333333
      ],
      [
        4,
        2.1485411140583555
      ],
      [
        37,
        1.8097686375321336
      ],
      [
        29,
        1.6459948320413436
      ],
      [
        32,
        1.582901554404145
      ]
    ]
  },
  "engine_predictions": {
    "advancedpattern": [
      6,
      12,
      18,
      31,
      38,
      43
    ],
    "gap": [
      1,
      7,
      13,
      19,
      25,
      31
    ],
    "graph": [
      1,
      3,
      5,
      10,
      19,
      37
    ],
    "lstm": [
      1,
      9,
      20,
      31,
      42,
      43
    ],
    "ml": [
      12,
      18,
      28,
      31,
      38,
      43
    ],
    "numerology": [
      17,
      22,
      23,
      24,
      25,
      31
    ],
    "pattern": [
      5,
      11,
      15,
      25,
      35,
      45
    ],
    "sequencecorrelation": [
      1,
      4,
      14,
      17,
      18,
      45
    ],
    "statistical": [
      4,
      5,
      14,
      29,
      36,
      37
    ],
    "timeseries": [
      4,
      7,
      20,
      28,
      37,
      39
    ]
  },
  "predicted_sets": [
    {
      "numbers": [
        4,
        12,
        18,
        25,
        31,
        43
      ],
      "confidence": 72.66666666666666
    },
    {
      "numbers": [
        1,
        18,
        25,
        31,
        42,
        43
      ],
      "confidence": 71.79166666666666
    },
    {
      "numbers": [
        1,
        5,
        18,
        20,
        31,
        43
      ],
      "confidence": 71.75833333333334
    },
    {
      "numbers": [
        1,
        4,
        25,
        31,
        38,
        43
      ],
      "confidence": 71.75833333333334
    },
    {
      "numbers": [
        4,
        12,
        31,
        37,
        38,
        43
      ],
      "confidence": 71.3
    },
    {
      "numbers": [
        14,
        18,
        20,
        25,
        31,
        43
      ],
      "confidence": 71.3
    },
    {
      "numbers": [
        7,
        18,
        25,
        31,
        38,
        43
      ],
      "confidence": 71.125
    },
    {
      "numbers": [
        4,
        14,
        25,
        28,
        31,
        43
      ],
      "confidence": 71.125
    },
    {
      "numbers": [
        1,
        4,
        25,
        31,
        37,
        42
      ],
      "confidence": 71.09166666666667
    },
    {
      "numbers": [
        1,
        6,
        18,
        31,
        37,
        43
      ],
      "confidence": 71.09166666666667
    },
    {
      "numbers": [
        4,
        5,
        12,
        28,
        37,
        43
      ],
      "confidence": 70.66666666666667
    },
    {
      "numbers": [
        4,
        12,
        19,
        20,
        31,
        43
      ],
      "confidence": 70.63333333333333
    },
    {
      "numbers": [
        4,
        5,
        6,
        19,
        31,
        43
      ],
      "confidence": 70.63333333333333
    },
    {
      "numbers": [
        14,
        18,
        25,
        28,
        31,
        43
      ],
      "confidence": 70.42500000000001
    },
    {
      "numbers": [
        1,
        7,
        18,
        28,
        31,
        45
      ],
      "confidence": 70.25
    },
    {
      "numbers": [
        4,
        18,
        19,
        20,
        31,
        42
      ],
      "confidence": 69.96666666666667
    },
    {
      "numbers": [
        1,
        14,
        20,
        37,
        38,
        43
      ],
      "confidence": 69.96666666666667
    },
    {
      "numbers": [
        4,
        6,
        12,
        18,
        31,
        45
      ],
      "confidence": 69.96666666666667
    },
    {
      "numbers": [
        1,
        5,
        12,
        20,
        38,
        43
      ],
      "confidence": 69.96666666666667
    },
    {
      "numbers": [
        5,
        12,
        20,
        25,
        37,
        43
      ],
      "confidence": 69.79166666666667
    },
    {
      "numbers": [
        7,
        14,
        18,
        25,
        37,
        43
      ],
      "confidence": 69.79166666666667
    },
    {
      "numbers": [
        1,
        17,
        18,
        25,
        37,
        42
      ],
      "confidence": 69.79166666666667
    },
    {
      "numbers": [
        4,
        14,
        18,
        31,
        42,
        43
      ],
      "confidence": 69.75833333333334
    },
    {
      "numbers": [
        5,
        12,
        18,
        19,
        28,
        31
      ],
      "confidence": 69.75833333333334
    },
    {
      "numbers": [
        6,
        17,
        18,
        25,
        31,
        37
      ],
      "confidence": 69.75833333333334
    },
    {
      "numbers": [
        1,
        5,
        18,
        19,
        28,
        37
      ],
      "confidence": 69.75833333333334
    },
    {
      "numbers": [
        7,
        18,
        28,
        31,
        38,
        43
      ],
      "confidence": 69.58333333333334
    },
    {
      "numbers": [
        1,
        4,
        5,
        28,
        31,
        38
      ],
      "confidence": 69.51666666666667
    },
    {
      "numbers": [
        1,
        6,
        18,
        25,
        42,
        43
      ],
      "confidence": 69.3
    },
    {
      "numbers": [
        1,
        12,
        14,
        19,
        37,
        45
      ],
      "confidence": 69.3
    },
    {
      "numbers": [
        1,
        4,
        17,
        19,
        38,
        45
      ],
      "confidence": 69.3
    },
    {
      "numbers": [
        1,
        4,
        6,
        19,
        37,
        45
      ],
      "confidence": 69.3
    },
    {
      "numbers": [
        13,
        17,
        18,
        20,
        25,
        31
      ],
      "confidence": 69.26666666666668
    },
    {
      "numbers": [
        4,
        14,
        31,
        37,
        42,
        43
      ],
      "confidence": 69.23729618802658
    },
    {
      "numbers": [
        6,
        14,
        25,
        31,
        38,
        45
      ],
      "confidence": 69.125
    },
    {
      "numbers": [
        5,
        19,
        20,
        25,
        38,
        43
      ],
      "confidence": 69.125
    },
    {
      "numbers": [
        6,
        7,
        20,
        31,
        37,
        43
      ],
      "confidence": 69.09166666666667
    },
    {
      "numbers": [
        5,
        6,
        14,
        25,
        31,
        38
      ],
      "confidence": 69.09166666666667
    },
    {
      "numbers": [
        1,
        7,
        18,
        20,
        38,
        43
      ],
      "confidence": 69.09166666666667
    },
    {
      "numbers": [
        4,
        18,
        19,
        25,
        43,
        45
      ],