{
  "latest_round": 655,
  "next_round": 656,
  "hot_cold": {
    "hot": [
      [
        39,
        12
      ],
      [
        16,
        11
      ],
      [
        18,
        10
      ],
      [
        21,
        10
      ],
      [
        7,
        9
      ],
      [
        8,
        9
      ],
      [
        23,
        9
      ],
      [
        31,
        9
      ],
      [
        40,
        9
      ],
      [
        44,
        9
      ]
    ],
    "cold": [
      [
        10,
        2
      ],
      [
        29,
        2
      ],
      [
        30,
        4
      ],
      [
        32,
        4
      ],
      [
        34,
        4
      ],
      [
        35,
        4
      ],
      [
        42,
        4
      ],
      [
        3,
        5
      ],
      [
        9,
        5
      ],
      [
        12,
        5
      ]
    ],
    "overdue": [
      [
        20,
        3.2694805194805197
      ],
      [
        10,
        2.7535545023696684
      ],
      [
        34,
        2.7253968253968255
      ],
      [
        14,
        2.240566037735849
      ],
      [
        25,
        2.210361067503925
      ],
      [
        35,
        2.0016077170418005
      ],
      [
        18,
        1.9019292604501608
      ],
      [
        8,
        1.8454258675078865
      ],
      [
        17,
        1.611023622047244
      ],
      [
        1,
        1.5141955835962144
      ]
    ]
  },
  "engine_predictions": {
    "advancedpattern": [
      7,
      37,
      38,
      39,
      40,
      44
    ],
    "gap": [
      1,
      7,
      13,
      19,
      25,
      31
    ],
    "graph": [
      18,
      20,
      27,
      34,
      37,
      40
    ],
    "lstm": [
      16,
      26,
      38,
      39,
      41,
      44
    ],
    "ml": [
      3,
      10,
      24,
      26,
      31,
      42
    ],
    "numerology": [
      17,
      22,
      23,
      24,
      25,
      31
    ],
    "pattern": [
      5,
      13,
      15,
      25,
      35,
      45
    ],
    "sequencecorrelation": [
      22,
      26,
      27,
      37,
      39,
      40
    ],
    "statistical": [
      14,
      18,
      20,
      25,
      34,
      35
    ],
    "timeseries": [
      3,
      20,
      24,
      32,
      35,
      41
    ]
  },
  "predicted_sets": [
    {
      "numbers": [
        3,
        20,
        25,
        37,
        39,
        44
      ],
      "confidence": 71.33333333333334
    },
    {
      "numbers": [
        3,
        20,
        22,
        25,
        31,
        44
      ],
      "confidence": 70.66666666666667
    },
    {
      "numbers": [
        3,
        20,
        25,
        26,
        40,
        41
      ],
      "confidence": 70.45833333333334
    },
    {
      "numbers": [
        20,
        24,
        25,
        26,
        31,
        40
      ],
      "confidence": 70.39166666666667
    },
    {
      "numbers": [
        3,
        24,
        25,
        37,
        40,
        41
      ],
      "confidence": 70.09446859800306
    },
    {
      "numbers": [
        3,
        18,
        24,
        37,
        39,
        41
      ],
      "confidence": 70.0
    },
    {
      "numbers": [
        7,
        22,
        25,
        31,
        39,
        44
      ],
      "confidence": 69.96666666666667
    },
    {
      "numbers": [
        3,
        22,
        25,
        31,
        39,
        44
      ],
      "confidence": 69.96666666666667
    },
    {
      "numbers": [
        7,
        18,
        20,
        24,
        31,
        39
      ],
      "confidence": 69.96666666666667
    },
    {
      "numbers": [
        3,
        18,
        25,
        34,
        39,
        40
      ],
      "confidence": 69.96666666666667
    },
    {
      "numbers": [
        18,
        25,
        26,
        27,
        31,
        40
      ],
      "confidence": 69.93333333333334
    },
    {
      "numbers": [
        3,
        18,
        25,
        31,
        35,
        44
      ],
      "confidence": 69.79166666666667
    },
    {
      "numbers": [
        7,
        20,
        25,
        37,
        38,
        41
      ],
      "confidence": 69.79166666666667
    },
    {
      "numbers": [
        3,
        20,
        24,
        31,
        37,
        40
      ],
      "confidence": 69.75833333333334
    },
    {
      "numbers": [
        3,
        20,
        25,
        34,
        37,
        40
      ],
      "confidence": 69.75833333333334
    },
    {
      "numbers": [
        7,
        14,
        22,
        25,
        40,
        41
      ],
      "confidence": 69.33333333333334
    },
    {
      "numbers": [
        3,
        7,
        18,
        26,
        31,
        39
      ],
      "confidence": 69.3
    },
    {
      "numbers": [
        3,
        18,
        22,
        24,
        31,
        35
      ],
      "confidence": 69.3
    },
    {
      "numbers": [
        7,
        20,
        22,
        26,
        34,
        35
      ],
      "confidence": 69.3
    },
    {
      "numbers": [
        3,
        18,
        20,
        22,
        25,
        41
      ],
      "confidence": 69.3
    },
    {
      "numbers": [
        3,
        18,
        25,
        26,
        27,
        41
      ],
      "confidence": 69.3
    },
    {
      "numbers": [
        3,
        7,
        24,
        31,
        35,
        40
      ],
      "confidence": 69.26666666666668
    },
    {
      "numbers": [
        7,
        22,
        24,
        31,
        39,
        40
      ],
      "confidence": 69.26666666666668
    },
    {
      "numbers": [
        13,
        20,
        24,
        25,
        27,
        41
      ],
      "confidence": 69.26666666666668
    },
    {
      "numbers": [
        3,
        18,
        20,
        25,
        38,
        44
      ],
      "confidence": 69.125
    },
    {
      "numbers": [
        7,
        13,
        20,
        24,
        25,
        44
      ],
      "confidence": 69.09166666666667
    },
    {
      "numbers": [
        7,
        20,
        26,
        34,
        37,
        39
      ],
      "confidence": 69.09166666666667
    },
    {
      "numbers": [
        7,
        14,
        25,
        31,
        37,
        40
      ],
      "confidence": 69.09166666666667
    },
    {
      "numbers": [
        7,
        13,
        24,
        25,
        34,
        40
      ],
      "confidence": 69.09166666666667
    },
    {
      "numbers": [
        3,
        18,
        25,
        26,
        37,
        38
      ],
      "confidence": 69.09166666666667
    },
    {
      "numbers": [
        18,
        22,
        24,
        25,
        35,
        40
      ],
      "confidence": 69.05833333333334
    },
    {
      "numbers": [
        7,
        24,
        26,
        31,
        37,
        39
      ],
      "confidence": 69.05833333333334
    },
    {
      "numbers": [
        13,
        20,
        25,
        35,
        37,
        38
      ],
      "confidence": 69.05833333333334
    },
    {
      "numbers": [
        3,
        13,
        20,
        25,
        40,
        44
      ],
      "confidence": 68.91666666666667
    },
    {
      "numbers": [
        3,
        18,
        22,
        26,
        34,
        39
      ],
      "confidence": 68.63333333333333
    },
    {
      "numbers": [
        7,
        13,
        22,
        26,
        31,
        38
      ],
      "confidence": 68.63333333333333
    },
    {
      "numbers": [
        13,
        18,
        25,
        26,
        27,
        44
      ],
      "confidence": 68.6
    },
    {
      "numbers": [
        3,
        22,
        25,
        26,
        27,
        44
      ],