{
  "latest_round": 407,
  "next_round": 408,
  "hot_cold": {
    "hot": [
      [
        40,
        14
      ],
      [
        22,
        12
      ],
      [
        24,
        12
      ],
      [
        1,
        11
      ],
      [
        10,
        11
      ],
      [
        16,
        10
      ],
      [
        15,
        9
      ],
      [
        20,
        9
      ],
      [
        21,
        9
      ],
      [
        25,
        9
      ]
    ],
    "cold": [
      [
        3,
        3
      ],
      [
        23,
        3
      ],
      [
        30,
        3
      ],
      [
        33,
        3
      ],
      [
        38,
        3
      ],
      [
        41,
        3
      ],
      [
        4,
        4
      ],
      [
        6,
        4
      ],
      [
        14,
        4
      ],
      [
        36,
        4
      ]
    ],
    "overdue": [
      [
        30,
        4.821428571428571
      ],
      [
        4,
        3.0079575596816976
      ],
      [
        29,
        2.405684754521964
      ],
      [
        32,
        2.3134715025906734
      ],
      [
        3,
        2.2679045092838197
      ],
      [
        39,
        2.255874673629243
      ],
      [
        8,
        1.953125
      ],
      [
        45,
        1.7473958333333333
      ],
      [
        11,
        1.5918367346938775
      ],
      [
        35,
        1.5915119363395225
      ]
    ]
  },
  "engine_predictions": {
    "advancedpattern": [
      6,
      7,
      13,
      16,
      24,
      25
    ],
    "gap": [
      1,
      7,
      13,
      19,
      25,
      31
    ],
    "graph": [
      1,
      3,
      5,
      10,
      37,
      40
    ],
    "lstm": [
      7,
      10,
      21,
      24,
      25,
      36
    ],
    "ml": [
      11,
      13,
      14,
      27,
      32,
      36
    ],
    "numerology": [
      16,
      17,
      22,
      23,
      24,
      25
    ],
    "pattern": [
      5,
      11,
      15,
      25,
      35,
      45
    ],
    "sequencecorrelation": [
      4,
      11,
      16,
      19,
      27,
      37
    ],
    "statistical": [
      3,
      4,
      8,
      29,
      32,
      39
    ],
    "timeseries": [
      4,
      9,
      17,
      23,
      42,
      43
    ]
  },
  "predicted_sets": [
    {
      "numbers": [
        7,
        11,
        13,
        24,
        25,
        36
      ],
      "confidence": 71.96666666666667
    },
    {
      "numbers": [
        4,
        7,
        11,
        24,
        25,
        36
      ],
      "confidence": 71.09166666666667
    },
    {
      "numbers": [
        10,
        13,
        16,
        25,
        27,
        32
      ],
      "confidence": 70.63333333333333
    },
    {
      "numbers": [
        10,
        16,
        24,
        25,
        27,
        32
      ],
      "confidence": 70.63333333333333
    },
    {
      "numbers": [
        4,
        11,
        23,
        25,
        36,
        37
      ],
      "confidence": 70.63333333333333
    },
    {
      "numbers": [
        11,
        16,
        24,
        25,
        37,
        42
      ],
      "confidence": 70.63333333333333
    },
    {
      "numbers": [
        7,
        13,
        24,
        25,
        32,
        42
      ],
      "confidence": 70.45833333333334
    },
    {
      "numbers": [
        7,
        11,
        13,
        25,
        32,
        42
      ],
      "confidence": 70.45833333333334
    },
    {
      "numbers": [
        1,
        7,
        16,
        24,
        25,
        36
      ],
      "confidence": 70.42500000000001
    },
    {
      "numbers": [
        4,
        16,
        24,
        25,
        32,
        37
      ],
      "confidence": 70.42500000000001
    },
    {
      "numbers": [
        4,
        7,
        11,
        24,
        25,
        37
      ],
      "confidence": 70.21666666666667
    },
    {
      "numbers": [
        11,
        13,
        16,
        17,
        25,
        42
      ],
      "confidence": 69.93333333333334
    },
    {
      "numbers": [
        4,
        16,
        23,
        25,
        36,
        37
      ],
      "confidence": 69.75833333333334
    },
    {
      "numbers": [
        7,
        13,
        23,
        25,
        32,
        36
      ],
      "confidence": 69.75833333333334
    },
    {
      "numbers": [
        1,
        4,
        16,
        25,
        27,
        36
      ],
      "confidence": 69.75833333333334
    },
    {
      "numbers": [
        3,
        4,
        13,
        25,
        32,
        37
      ],
      "confidence": 69.75833333333334
    },
    {
      "numbers": [
        11,
        13,
        16,
        17,
        25,
        36
      ],
      "confidence": 69.725
    },
    {
      "numbers": [
        4,
        13,
        24,
        25,
        32,
        42
      ],
      "confidence": 69.58333333333334
    },
    {
      "numbers": [
        7,
        11,
        16,
        17,
        25,
        36
      ],
      "confidence": 69.55
    },
    {
      "numbers": [
        5,
        7,
        16,
        24,
        25,
        36
      ],
      "confidence": 69.55
    },
    {
      "numbers": [
        1,
        13,
        19,
        25,
        32,
        42
      ],
      "confidence": 69.125
    },
    {
      "numbers": [
        3,
        7,
        17,
        25,
        32,
        36
      ],
      "confidence": 69.09166666666667
    },
    {
      "numbers": [
        4,
        6,
        13,
        25,
        27,
        37
      ],
      "confidence": 69.09166666666667
    },
    {
      "numbers": [
        11,
        16,
        17,
        25,
        32,
        42
      ],
      "confidence": 69.09166666666667
    },
    {
      "numbers": [
        10,
        13,
        23,
        24,
        25,
        42
      ],
      "confidence": 69.09166666666667
    },
    {
      "numbers": [
        5,
        7,
        23,
        24,
        25,
        32
      ],
      "confidence": 69.05833333333334
    },
    {
      "numbers": [
        1,
        16,
        17,
        24,
        25,
        27
      ],
      "confidence": 69.05833333333334
    },
    {
      "numbers": [
        4,
        6,
        16,
        24,
        25,
        37
      ],
      "confidence": 68.88333333333333
    },
    {
      "numbers": [
        3,
        10,
        11,
        24,
        36,
        42
      ],
      "confidence": 68.66666666666666
    },
    {
      "numbers": [
        3,
        6,
        16,
        25,
        37,
        42
      ],
      "confidence": 68.45833333333334
    },
    {
      "numbers": [
        7,
        10,
        11,
        24,
        37,
        42
      ],
      "confidence": 68.45833333333334
    },
    {
      "numbers": [
        1,
        13,
        16,
        17,
        24,
        37
      ],
      "confidence": 68.42500000000001
    },
    {
      "numbers": [
        6,
        7,
        19,
        23,
        25,
        36
      ],
      "confidence": 68.42500000000001
    },
    {
      "numbers": [
        10,
        13,
        16,
        23,
        24,
        37
      ],
      "confidence": 68.42500000000001
    },
    {
      "numbers": [
        7,
        11,
        13,
        24,
        27,
        42
      ],
      "confidence": 68.42500000000001
    },
    {
      "numbers": [
        6,
        13,
        17,
        25,
        32,
        37
      ],
      "confidence": 68.42500000000001
    },
    {
      "numbers": [
        4,
        7,
        10,
        25,
        27,
        42
      ],
      "confidence": 68.39166666666668
    },
    {
      "numbers": [
        4,
        24,
        25,
        27,
        32,
        42
      ],