{
  "latest_round": 699,
  "next_round": 700,
  "hot_cold": {
    "hot": [
      [
        7,
        13
      ],
      [
        11,
        12
      ],
      [
        15,
        12
      ],
      [
        38,
        12
      ],
      [
        27,
        10
      ],
      [
        33,
        10
      ],
      [
        5,
        9
      ],
      [
        8,
        9
      ],
      [
        44,
        9
      ],
      [
        3,
        8
      ]
    ],
    "cold": [
      [
        22,
        1
      ],
      [
        30,
        1
      ],
      [
        2,
        3
      ],
      [
        23,
        3
      ],
      [
        9,
        4
      ],
      [
        32,
        4
      ],
      [
        35,
        4
      ],
      [
        45,
        4
      ],
      [
        13,
        5
      ],
      [
        16,
        5
      ]
    ],
    "overdue": [
      [
        31,
        3.502235469448584
      ],
      [
        41,
        2.619047619047619
      ],
      [
        9,
        2.604166666666667
      ],
      [
        44,
        2.4411326378539493
      ],
      [
        40,
        2.2923976608187138
      ],
      [
        12,
        1.7410714285714286
      ],
      [
        10,
        1.5743440233236152
      ]
    ]
  },
  "engine_predictions": {
    "advancedpattern": [
      4,
      5,
      8,
      16,
      21,
      29
    ],
    "gap": [
      1,
      7,
      13,
      19,
      25,
      31
    ],
    "graph": [
      5,
      20,
      26,
      27,
      34,
      40
    ],
    "lstm": [
      5,
      8,
      11,
      21,
      33,
      34
    ],
    "ml": [
      4,
      8,
      16,
      21,
      29,
      37
    ],
    "numerology": [
      13,
      17,
      22,
      23,
      25,
      31
    ],
    "pattern": [
      5,
      13,
      15,
      25,
      35,
      45
    ],
    "sequencecorrelation": [
      5,
      20,
      24,
      27,
      40,
      44
    ],
    "statistical": [
      9,
      10,
      31,
      40,
      41,
      44
    ],
    "timeseries": [
      12,
      17,
      24,
      33,
      35,
      45
    ]
  },
  "predicted_sets": [
    {
      "numbers": [
        5,
        8,
        16,
        21,
        40,
        44
      ],
      "confidence": 72.0
    },
    {
      "numbers": [
        5,
        8,
        13,
        21,
        35,
        40
      ],
      "confidence": 71.09166666666667
    },
    {
      "numbers": [
        5,
        16,
        25,
        29,
        31,
        44
      ],
      "confidence": 70.45833333333334
    },
    {
      "numbers": [
        5,
        16,
        21,
        29,
        31,
        40
      ],
      "confidence": 70.42500000000001
    },
    {
      "numbers": [
        5,
        8,
        21,
        25,
        33,
        40
      ],
      "confidence": 70.39166666666667
    },
    {
      "numbers": [
        4,
        5,
        13,
        20,
        21,
        45
      ],
      "confidence": 69.75833333333334
    },
    {
      "numbers": [
        4,
        5,
        20,
        27,
        31,
        40
      ],
      "confidence": 69.75833333333334
    },
    {
      "numbers": [
        5,
        13,
        16,
        31,
        35,
        40
      ],
      "confidence": 69.725
    },
    {
      "numbers": [
        5,
        21,
        24,
        29,
        31,
        40
      ],
      "confidence": 69.725
    },
    {
      "numbers": [
        5,
        20,
        21,
        25,
        34,
        44
      ],
      "confidence": 69.58333333333334
    },
    {
      "numbers": [
        5,
        8,
        13,
        25,
        33,
        34
      ],
      "confidence": 69.55
    },
    {
      "numbers": [
        8,
        20,
        24,
        27,
        31,
        45
      ],
      "confidence": 69.33333333333334
    },
    {
      "numbers": [
        8,
        24,
        25,
        31,
        33,
        40
      ],
      "confidence": 69.26666666666668
    },
    {
      "numbers": [
        4,
        8,
        13,
        25,
        33,
        40
      ],
      "confidence": 69.09166666666667
    },
    {
      "numbers": [
        5,
        16,
        17,
        29,
        35,
        40
      ],
      "confidence": 69.09166666666667
    },
    {
      "numbers": [
        5,
        16,
        24,
        25,
        29,
        33
      ],
      "confidence": 69.09166666666667
    },
    {
      "numbers": [
        5,
        8,
        27,
        29,
        34,
        44
      ],
      "confidence": 69.09166666666667
    },
    {
      "numbers": [
        4,
        5,
        17,
        31,
        34,
        40
      ],
      "confidence": 69.05833333333334
    },
    {
      "numbers": [
        5,
        8,
        21,
        29,
        44,
        45
      ],
      "confidence": 69.05833333333334
    },
    {
      "numbers": [
        5,
        15,
        16,
        21,
        40,
        45
      ],
      "confidence": 68.91666666666667
    },
    {
      "numbers": [
        4,
        5,
        16,
        21,
        35,
        45
      ],
      "confidence": 68.91666666666667
    },
    {
      "numbers": [
        5,
        8,
        20,
        25,
        27,
        45
      ],
      "confidence": 68.88333333333333
    },
    {
      "numbers": [
        5,
        8,
        16,
        25,
        33,
        35
      ],
      "confidence": 68.88333333333333
    },
    {
      "numbers": [
        4,
        5,
        21,
        25,
        34,
        40
      ],
      "confidence": 68.85
    },
    {
      "numbers": [
        8,
        16,
        27,
        29,
        33,
        44
      ],
      "confidence": 68.66666666666666
    },
    {
      "numbers": [
        8,
        15,
        21,
        29,
        34,
        40
      ],
      "confidence": 68.63333333333333
    },
    {
      "numbers": [
        13,
        16,
        20,
        29,
        31,
        44
      ],
      "confidence": 68.63333333333333
    },
    {
      "numbers": [
        8,
        16,
        17,
        21,
        24,
        35
      ],
      "confidence": 68.63333333333333
    },
    {
      "numbers": [
        8,
        17,
        31,
        34,
        35,
        40
      ],
      "confidence": 68.6
    },
    {
      "numbers": [
        8,
        16,
        24,
        31,
        33,
        44
      ],
      "confidence": 68.45833333333334
    },
    {
      "numbers": [
        4,
        20,
        21,
        25,
        33,
        45
      ],
      "confidence": 68.45833333333334
    },
    {
      "numbers": [
        4,
        20,
        25,
        31,
        33,
        45
      ],
      "confidence": 68.45833333333334
    },
    {
      "numbers": [
        4,
        8,
        13,
        27,
        33,
        40
      ],
      "confidence": 68.42500000000001
    },
    {
      "numbers": [
        4,
        8,
        21,
        25,
        31,
        33
      ],
      "confidence": 68.39166666666668
    },
    {
      "numbers": [
        4,
        5,
        8,
        27,
        29,
        45
      ],
      "confidence": 68.39166666666668
    },
    {
      "numbers": [
        4,
        13,
        20,
        25,
        40,
        44
      ],
      "confidence": 68.25
    },
    {
      "numbers": [
        8,
        16,
        21,
        24,
        31,
        44
      ],
      "confidence": 68.25
    },
    {
      "numbers": [
        4,
        5,
        20,
        27,
        35,
        40
      ],
      "confidence": 68.21666666666667
    },
    {
      "numbers": [
        5,
        21,
        24,
        33,
        34,
        44
      ],
      "confidence": 68.21666666666667
    },
    {
      "numbers": [
        4,
        5,
        16,
        25,
        33,
        35
      ],