{
  "latest_round": 524,
  "next_round": 525,
  "hot_cold": {
    "hot": [
      [
        27,
        13
      ],
      [
        4,
        11
      ],
      [
        40,
        11
      ],
      [
        22,
        10
      ],
      [
        23,
        10
      ],
      [
        29,
        10
      ],
      [
        1,
        9
      ],
      [
        8,
        9
      ],
      [
        41,
        9
      ],
      [
        43,
        9
      ]
    ],
    "cold": [
      [
        18,
        2
      ],
      [
        19,
        2
      ],
      [
        21,
        2
      ],
      [
        11,
        3
      ],
      [
        16,
        3
      ],
      [
        6,
        4
      ],
      [
        10,
        4
      ],
      [
        45,
        4
      ],
      [
        7,
        5
      ],
      [
        9,
        5
      ]
    ],
    "overdue": [
      [
        19,
        3.771255060728745
      ],
      [
        17,
        3.41260162601626
      ],
      [
        24,
        2.407185628742515
      ],
      [
        31,
        2.1544554455445546
      ],
      [
        25,
        2.0710059171597632
      ],
      [
        39,
        1.8685258964143427
      ],
      [
        20,
        1.700404858299595
      ]
    ]
  },
  "engine_predictions": {
    "advancedpattern": [
      10,
      11,
      29,
      38,
      41,
      45
    ],
    "gap": [
      1,
      7,
      13,
      19,
      25,
      31
    ],
    "graph": [
      5,
      20,
      27,
      33,
      37,
      40
    ],
    "lstm": [
      4,
      29,
      37,
      38,
      41,
      45
    ],
    "ml": [
      1,
      10,
      15,
      28,
      42,
      45
    ],
    "numerology": [
      17,
      22,
      23,
      24,
      25,
      31
    ],
    "pattern": [
      5,
      15,
      25,
      33,
      35,
      45
    ],
    "sequencecorrelation": [
      4,
      14,
      37,
      40,
      42,
      45
    ],
    "statistical": [
      17,
      19,
      20,
      24,
      25,
      31
    ],
    "timeseries": [
      12,
      20,
      23,
      26,
      33,
      44
    ]
  },
  "predicted_sets": [
    {
      "numbers": [
        1,
        4,
        20,
        25,
        38,
        45
      ],
      "confidence": 71.125
    },
    {
      "numbers": [
        4,
        10,
        20,
        25,
        33,
        45
      ],
      "confidence": 70.91666666666666
    },
    {
      "numbers": [
        1,
        20,
        24,
        29,
        38,
        45
      ],
      "confidence": 70.66666666666667
    },
    {
      "numbers": [
        4,
        11,
        20,
        29,
        33,
        45
      ],
      "confidence": 70.66666666666667
    },
    {
      "numbers": [
        4,
        10,
        29,
        31,
        37,
        45
      ],
      "confidence": 70.63333333333333
    },
    {
      "numbers": [
        4,
        17,
        31,
        33,
        40,
        45
      ],
      "confidence": 70.52942803583142
    },
    {
      "numbers": [
        1,
        19,
        20,
        25,
        42,
        45
      ],
      "confidence": 70.42500000000001
    },
    {
      "numbers": [
        10,
        11,
        29,
        33,
        38,
        45
      ],
      "confidence": 70.0
    },
    {
      "numbers": [
        1,
        20,
        23,
        24,
        29,
        45
      ],
      "confidence": 69.96666666666667
    },
    {
      "numbers": [
        10,
        19,
        20,
        25,
        37,
        42
      ],
      "confidence": 69.79166666666667
    },
    {
      "numbers": [
        4,
        15,
        20,
        37,
        41,
        45
      ],
      "confidence": 69.75833333333334
    },
    {
      "numbers": [
        4,
        10,
        17,
        20,
        31,
        45
      ],
      "confidence": 69.75833333333334
    },
    {
      "numbers": [
        4,
        20,
        24,
        25,
        33,
        37
      ],
      "confidence": 69.75833333333334
    },
    {
      "numbers": [
        17,
        19,
        20,
        24,
        25,
        45
      ],
      "confidence": 69.725
    },
    {
      "numbers": [
        4,
        15,
        19,
        25,
        40,
        45
      ],
      "confidence": 69.58333333333334
    },
    {
      "numbers": [
        11,
        20,
        25,
        31,
        38,
        45
      ],
      "confidence": 69.44609470249807
    },
    {
      "numbers": [
        1,
        24,
        25,
        37,
        40,
        42
      ],
      "confidence": 69.3
    },
    {
      "numbers": [
        1,
        25,
        29,
        33,
        40,
        42
      ],
      "confidence": 69.19609470249807
    },
    {
      "numbers": [
        4,
        20,
        24,
        25,
        38,
        41
      ],
      "confidence": 69.125
    },
    {
      "numbers": [
        4,
        10,
        15,
        31,
        38,
        45
      ],
      "confidence": 69.09166666666667
    },
    {
      "numbers": [
        11,
        20,
        24,
        29,
        31,
        45
      ],
      "confidence": 69.09166666666667
    },
    {
      "numbers": [
        4,
        19,
        20,
        25,
        29,
        31
      ],
      "confidence": 69.09166666666667
    },
    {
      "numbers": [
        10,
        15,
        24,
        25,
        41,
        45
      ],
      "confidence": 68.88333333333333
    },
    {
      "numbers": [
        4,
        10,
        15,
        29,
        37,
        42
      ],
      "confidence": 68.66666666666666
    },
    {
      "numbers": [
        1,
        24,
        31,
        33,
        38,
        45
      ],
      "confidence": 68.65442803583142
    },
    {
      "numbers": [
        4,
        15,
        20,
        29,
        37,
        38
      ],
      "confidence": 68.63333333333333
    },
    {
      "numbers": [
        10,
        11,
        24,
        25,
        29,
        37
      ],
      "confidence": 68.63333333333333
    },
    {
      "numbers": [
        4,
        10,
        11,
        25,
        33,
        41
      ],
      "confidence": 68.45833333333334
    },
    {
      "numbers": [
        4,
        19,
        29,
        33,
        37,
        42
      ],
      "confidence": 68.45833333333334
    },
    {
      "numbers": [
        1,
        20,
        24,
        33,
        40,
        42
      ],
      "confidence": 68.45833333333334
    },
    {
      "numbers": [
        10,
        11,
        25,
        37,
        41,
        42
      ],
      "confidence": 68.45833333333334
    },
    {
      "numbers": [
        1,
        11,
        23,
        38,
        40,
        45
      ],
      "confidence": 68.45833333333334
    },
    {
      "numbers": [
        10,
        11,
        20,
        38,
        42,
        45
      ],
      "confidence": 68.42500000000001
    },
    {
      "numbers": [
        10,
        11,
        20,
        25,
        33,
        38
      ],
      "confidence": 68.42500000000001
    },
    {
      "numbers": [
        1,
        10,
        19,
        40,
        42,
        45
      ],
      "confidence": 68.42500000000001
    },
    {
      "numbers": [
        15,
        20,
        23,
        25,
        37,
        38
      ],
      "confidence": 68.39166666666668
    },
    {
      "numbers": [
        1,
        25,
        31,
        33,
        38,
        40
      ],
      "confidence": 68.39166666666668
    },
    {
      "numbers": [
        1,
        20,
        25,
        40,
        41,
        42
      ],
      "confidence": 68.25
    },
    {
      "numbers": [
        4,
        11,
        29,
        33,
        38,
        42
      ],