{
  "latest_round": 430,
  "next_round": 431,
  "hot_cold": {
    "hot": [
      [
        22,
        13
      ],
      [
        40,
        13
      ],
      [
        28,
        12
      ],
      [
        1,
        10
      ],
      [
        10,
        10
      ],
      [
        15,
        10
      ],
      [
        20,
        10
      ],
      [
        34,
        10
      ],
      [
        7,
        9
      ],
      [
        9,
        9
      ]
    ],
    "cold": [
      [
        35,
        2
      ],
      [
        45,
        2
      ],
      [
        36,
        3
      ],
      [
        38,
        3
      ],
      [
        3,
        4
      ],
      [
        25,
        4
      ],
      [
        29,
        4
      ],
      [
        33,
        4
      ],
      [
        41,
        4
      ],
      [
        2,
        5
      ]
    ],
    "overdue": [
      [
        36,
        3.6272040302267006
      ],
      [
        25,
        3.2938271604938274
      ],
      [
        45,
        2.79
      ],
      [
        35,
        2.465648854961832
      ],
      [
        32,
        2.4019607843137254
      ],
      [
        20,
        2.0957178841309823
      ],
      [
        5,
        2.0734177215189873
      ],
      [
        41,
        1.9901719901719903
      ],
      [
        2,
        1.5218446601941746
      ]
    ]
  },
  "engine_predictions": {
    "advancedpattern": [
      1,
      3,
      16,
      18,
      30,
      34
    ],
    "gap": [
      1,
      7,
      13,
      19,
      25,
      31
    ],
    "graph": [
      1,
      5,
      10,
      31,
      37,
      40
    ],
    "lstm": [
      3,
      16,
      18,
      27,
      28,
      34
    ],
    "ml": [
      1,
      3,
      29,
      34,
      42,
      43
    ],
    "numerology": [
      13,
      16,
      17,
      22,
      23,
      25
    ],
    "pattern": [
      5,
      11,
      15,
      25,
      35,
      45
    ],
    "sequencecorrelation": [
      1,
      14,
      27,
      34,
      35,
      39
    ],
    "statistical": [
      2,
      5,
      20,
      25,
      32,
      36
    ],
    "timeseries": [
      2,
      5,
      27,
      35,
      44,
      45
    ]
  },
  "predicted_sets": [
    {
      "numbers": [
        1,
        3,
        16,
        27,
        34,
        45
      ],
      "confidence": 73.33333333333334
    },
    {
      "numbers": [
        1,
        5,
        18,
        25,
        34,
        45
      ],
      "confidence": 72.25
    },
    {
      "numbers": [
        1,
        11,
        16,
        27,
        34,
        45
      ],
      "confidence": 71.125
    },
    {
      "numbers": [
        1,
        25,
        27,
        30,
        34,
        45
      ],
      "confidence": 71.09166666666667
    },
    {
      "numbers": [
        1,
        13,
        25,
        30,
        34,
        35
      ],
      "confidence": 71.09166666666667
    },
    {
      "numbers": [
        1,
        20,
        25,
        27,
        31,
        34
      ],
      "confidence": 71.09166666666667
    },
    {
      "numbers": [
        1,
        3,
        25,
        30,
        34,
        35
      ],
      "confidence": 71.05833333333334
    },
    {
      "numbers": [
        2,
        16,
        27,
        31,
        34,
        35
      ],
      "confidence": 70.63333333333333
    },
    {
      "numbers": [
        1,
        13,
        17,
        20,
        25,
        34
      ],
      "confidence": 70.63333333333333
    },
    {
      "numbers": [
        1,
        3,
        15,
        27,
        34,
        36
      ],
      "confidence": 70.63333333333333
    },
    {
      "numbers": [
        1,
        3,
        18,
        25,
        30,
        35
      ],
      "confidence": 70.42500000000001
    },
    {
      "numbers": [
        1,
        15,
        16,
        17,
        25,
        34
      ],
      "confidence": 70.42500000000001
    },
    {
      "numbers": [
        1,
        3,
        16,
        27,
        35,
        36
      ],
      "confidence": 70.42500000000001
    },
    {
      "numbers": [
        1,
        5,
        15,
        27,
        30,
        34
      ],
      "confidence": 70.42500000000001
    },
    {
      "numbers": [
        1,
        5,
        17,
        27,
        30,
        34
      ],
      "confidence": 70.42500000000001
    },
    {
      "numbers": [
        13,
        16,
        25,
        27,
        34,
        35
      ],
      "confidence": 70.39166666666667
    },
    {
      "numbers": [
        1,
        2,
        18,
        25,
        35,
        45
      ],
      "confidence": 70.25
    },
    {
      "numbers": [
        1,
        16,
        25,
        27,
        35,
        36
      ],
      "confidence": 70.21666666666667
    },
    {
      "numbers": [
        3,
        11,
        25,
        27,
        30,
        34
      ],
      "confidence": 69.96666666666667
    },
    {
      "numbers": [
        1,
        13,
        18,
        20,
        34,
        45
      ],
      "confidence": 69.96666666666667
    },
    {
      "numbers": [
        3,
        5,
        16,
        17,
        31,
        34
      ],
      "confidence": 69.93333333333334
    },
    {
      "numbers": [
        2,
        3,
        5,
        27,
        34,
        36
      ],
      "confidence": 69.93333333333334
    },
    {
      "numbers": [
        5,
        18,
        20,
        25,
        31,
        34
      ],
      "confidence": 69.75833333333334
    },
    {
      "numbers": [
        3,
        13,
        16,
        18,
        27,
        34
      ],
      "confidence": 69.75833333333334
    },
    {
      "numbers": [
        1,
        16,
        18,
        34,
        36,
        45
      ],
      "confidence": 69.75833333333334
    },
    {
      "numbers": [
        1,
        2,
        3,
        31,
        34,
        45
      ],
      "confidence": 69.725
    },
    {
      "numbers": [
        1,
        2,
        14,
        25,
        35,
        45
      ],
      "confidence": 69.58333333333334
    },
    {
      "numbers": [
        1,
        3,
        16,
        18,
        30,
        34
      ],
      "confidence": 69.50574610894195
    },
    {
      "numbers": [
        1,
        5,
        14,
        27,
        30,
        36
      ],
      "confidence": 69.3
    },
    {
      "numbers": [
        1,
        2,
        30,
        34,
        36,
        45
      ],
      "confidence": 69.3
    },
    {
      "numbers": [
        2,
        16,
        17,
        27,
        34,
        35
      ],
      "confidence": 69.09166666666667
    },
    {
      "numbers": [
        5,
        13,
        14,
        18,
        27,
        34
      ],
      "confidence": 69.09166666666667
    },
    {
      "numbers": [
        13,
        16,
        17,
        25,
        27,
        34
      ],
      "confidence": 69.05833333333334
    },
    {
      "numbers": [
        1,
        5,
        14,
        18,
        35,
        45
      ],
      "confidence": 68.88333333333333
    },
    {
      "numbers": [
        15,
        16,
        25,
        27,
        34,
        45
      ],
      "confidence": 68.88333333333333
    },
    {
      "numbers": [
        3,
        11,
        15,
        18,
        27,
        34
      ],
      "confidence": 68.63333333333333
    },
    {
      "numbers": [
        2,
        13,
        16,
        20,
        34,
        35
      ],
      "confidence": 68.6
    },
    {
      "numbers": [
        11,
        16,
        17,
        25,
        34,
        45
      ],
      "confidence": 68.42500000000001
    },
    {
      "numbers": [
        1,
        2,
        17,
        18,
        35,
        45
      ],