{
  "latest_round": 506,
  "next_round": 507,
  "hot_cold": {
    "hot": [
      [
        4,
        12
      ],
      [
        22,
        12
      ],
      [
        40,
        12
      ],
      [
        8,
        11
      ],
      [
        13,
        10
      ],
      [
        20,
        10
      ],
      [
        27,
        10
      ],
      [
        37,
        10
      ],
      [
        23,
        9
      ],
      [
        10,
        8
      ]
    ],
    "cold": [
      [
        19,
        2
      ],
      [
        21,
        2
      ],
      [
        7,
        3
      ],
      [
        5,
        4
      ],
      [
        9,
        4
      ],
      [
        11,
        4
      ],
      [
        16,
        4
      ],
      [
        18,
        4
      ],
      [
        33,
        4
      ],
      [
        42,
        4
      ]
    ],
    "overdue": [
      [
        18,
        4.218340611353712
      ],
      [
        21,
        3.997885835095137
      ],
      [
        45,
        3.309322033898305
      ],
      [
        16,
        3.056367432150313
      ],
      [
        2,
        2.12008281573499
      ],
      [
        37,
        2.113821138211382
      ],
      [
        8,
        1.654320987654321
      ],
      [
        33,
        1.611788617886179
      ],
      [
        15,
        1.5737704918032787
      ]
    ]
  },
  "engine_predictions": {
    "advancedpattern": [
      6,
      9,
      11,
      22,
      24,
      30
    ],
    "gap": [
      1,
      7,
      13,
      19,
      25,
      31
    ],
    "graph": [
      3,
      17,
      20,
      27,
      37,
      40
    ],
    "lstm": [
      6,
      20,
      22,
      24,
      34,
      40
    ],
    "ml": [
      4,
      11,
      22,
      32,
      33,
      40
    ],
    "numerology": [
      17,
      22,
      23,
      24,
      25,
      31
    ],
    "pattern": [
      5,
      11,
      15,
      25,
      35,
      45
    ],
    "sequencecorrelation": [
      5,
      14,
      20,
      34,
      37,
      40
    ],
    "statistical": [
      2,
      8,
      16,
      18,
      37,
      45
    ],
    "timeseries": [
      2,
      19,
      21,
      24,
      39,
      41
    ]
  },
  "predicted_sets": [
    {
      "numbers": [
        11,
        22,
        24,
        25,
        37,
        40
      ],
      "confidence": 72.6
    },
    {
      "numbers": [
        6,
        11,
        22,
        24,
        37,
        45
      ],
      "confidence": 72.0
    },
    {
      "numbers": [
        9,
        11,
        17,
        22,
        24,
        40
      ],
      "confidence": 71.3
    },
    {
      "numbers": [
        5,
        11,
        20,
        22,
        37,
        40
      ],
      "confidence": 71.09166666666667
    },
    {
      "numbers": [
        6,
        13,
        22,
        24,
        37,
        45
      ],
      "confidence": 70.66666666666667
    },
    {
      "numbers": [
        5,
        6,
        19,
        24,
        37,
        40
      ],
      "confidence": 70.63333333333333
    },
    {
      "numbers": [
        11,
        19,
        20,
        22,
        37,
        45
      ],
      "confidence": 70.63333333333333
    },
    {
      "numbers": [
        2,
        11,
        19,
        20,
        24,
        40
      ],
      "confidence": 70.42500000000001
    },
    {
      "numbers": [
        2,
        17,
        22,
        24,
        31,
        40
      ],
      "confidence": 70.42500000000001
    },
    {
      "numbers": [
        4,
        5,
        11,
        22,
        24,
        40
      ],
      "confidence": 70.221838681272
    },
    {
      "numbers": [
        11,
        17,
        19,
        22,
        24,
        45
      ],
      "confidence": 69.93333333333334
    },
    {
      "numbers": [
        2,
        11,
        24,
        34,
        37,
        45
      ],
      "confidence": 69.79166666666667
    },
    {
      "numbers": [
        2,
        11,
        20,
        24,
        34,
        37
      ],
      "confidence": 69.75833333333334
    },
    {
      "numbers": [
        9,
        20,
        22,
        31,
        37,
        40
      ],
      "confidence": 69.75833333333334
    },
    {
      "numbers": [
        2,
        11,
        19,
        20,
        25,
        40
      ],
      "confidence": 69.75833333333334
    },
    {
      "numbers": [
        6,
        19,
        20,
        22,
        31,
        40
      ],
      "confidence": 69.75833333333334
    },
    {
      "numbers": [
        5,
        19,
        22,
        24,
        34,
        37
      ],
      "confidence": 69.75833333333334
    },
    {
      "numbers": [
        5,
        17,
        20,
        22,
        24,
        34
      ],
      "confidence": 69.75833333333334
    },
    {
      "numbers": [
        11,
        22,
        24,
        27,
        34,
        40
      ],
      "confidence": 69.725
    },
    {
      "numbers": [
        5,
        20,
        24,
        25,
        37,
        45
      ],
      "confidence": 69.58333333333334
    },
    {
      "numbers": [
        2,
        6,
        17,
        24,
        31,
        45
      ],
      "confidence": 69.33333333333334
    },
    {
      "numbers": [
        4,
        11,
        22,
        25,
        30,
        37
      ],
      "confidence": 69.3
    },
    {
      "numbers": [
        6,
        11,
        19,
        34,
        37,
        40
      ],
      "confidence": 69.26666666666668
    },
    {
      "numbers": [
        5,
        9,
        17,
        24,
        40,
        45
      ],
      "confidence": 69.125
    },
    {
      "numbers": [
        6,
        11,
        19,
        24,
        25,
        34
      ],
      "confidence": 69.09166666666667
    },
    {
      "numbers": [
        5,
        13,
        22,
        24,
        30,
        40
      ],
      "confidence": 69.09166666666667
    },
    {
      "numbers": [
        2,
        9,
        20,
        25,
        37,
        40
      ],
      "confidence": 69.09166666666667
    },
    {
      "numbers": [
        9,
        13,
        19,
        22,
        24,
        40
      ],
      "confidence": 69.09166666666667
    },
    {
      "numbers": [
        2,
        6,
        11,
        25,
        31,
        40
      ],
      "confidence": 69.09166666666667
    },
    {
      "numbers": [
        4,
        9,
        20,
        22,
        37,
        40
      ],
      "confidence": 69.09166666666667
    },
    {
      "numbers": [
        6,
        13,
        17,
        24,
        37,
        40
      ],
      "confidence": 69.09166666666667
    },
    {
      "numbers": [
        5,
        6,
        13,
        24,
        25,
        40
      ],
      "confidence": 69.09166666666667
    },
    {
      "numbers": [
        2,
        6,
        20,
        24,
        25,
        45
      ],
      "confidence": 69.09166666666667
    },
    {
      "numbers": [
        5,
        20,
        22,
        24,
        27,
        34
      ],
      "confidence": 69.09166666666667
    },
    {
      "numbers": [
        11,
        22,
        24,
        27,
        30,
        40
      ],
      "confidence": 69.05833333333334
    },
    {
      "numbers": [
        5,
        22,
        24,
        25,
        34,
        37
      ],
      "confidence": 68.85
    },
    {
      "numbers": [
        9,
        17,
        22,
        25,
        31,
        34
      ],
      "confidence": 68.63333333333333
    },
    {
      "numbers": [
        2,
        5,
        19,
        24,
        31,
        45
      ],
      "confidence": 68.45833333333334
    },
    {
      "numbers": [
        6,
        11,
        13,
        24,
        34,
        37
      ],