{
  "latest_round": 435,
  "next_round": 436,
  "hot_cold": {
    "hot": [
      [
        22,
        12
      ],
      [
        40,
        12
      ],
      [
        28,
        11
      ],
      [
        20,
        10
      ],
      [
        26,
        10
      ],
      [
        34,
        10
      ],
      [
        1,
        9
      ],
      [
        9,
        9
      ],
      [
        11,
        9
      ],
      [
        31,
        9
      ]
    ],
    "cold": [
      [
        36,
        2
      ],
      [
        32,
        3
      ],
      [
        35,
        3
      ],
      [
        12,
        4
      ],
      [
        29,
        4
      ],
      [
        38,
        4
      ],
      [
        41,
        4
      ],
      [
        45,
        4
      ],
      [
        4,
        5
      ],
      [
        5,
        5
      ]
    ],
    "overdue": [
      [
        36,
        4.38287153652393
      ],
      [
        32,
        3.002450980392157
      ],
      [
        41,
        2.542997542997543
      ],
      [
        21,
        1.7642857142857142
      ],
      [
        9,
        1.7224880382775118
      ]
    ]
  },
  "engine_predictions": {
    "advancedpattern": [
      8,
      16,
      20,
      26,
      30,
      45
    ],
    "gap": [
      1,
      7,
      13,
      19,
      25,
      31
    ],
    "graph": [
      1,
      5,
      14,
      31,
      37,
      40
    ],
    "lstm": [
      3,
      16,
      18,
      30,
      33,
      45
    ],
    "ml": [
      8,
      20,
      21,
      27,
      38,
      39
    ],
    "numerology": [
      17,
      22,
      23,
      24,
      25,
      31
    ],
    "pattern": [
      5,
      11,
      15,
      25,
      35,
      45
    ],
    "sequencecorrelation": [
      8,
      14,
      18,
      27,
      42,
      45
    ],
    "statistical": [
      9,
      14,
      21,
      32,
      40,
      41
    ],
    "timeseries": [
      3,
      4,
      6,
      14,
      39,
      44
    ]
  },
  "predicted_sets": [
    {
      "numbers": [
        8,
        14,
        16,
        30,
        31,
        45
      ],
      "confidence": 72.0
    },
    {
      "numbers": [
        3,
        14,
        30,
        31,
        38,
        45
      ],
      "confidence": 70.66666666666667
    },
    {
      "numbers": [
        8,
        14,
        25,
        27,
        30,
        31
      ],
      "confidence": 70.63333333333333
    },
    {
      "numbers": [
        8,
        16,
        21,
        30,
        39,
        45
      ],
      "confidence": 70.0
    },
    {
      "numbers": [
        3,
        14,
        16,
        19,
        31,
        45
      ],
      "confidence": 69.96666666666667
    },
    {
      "numbers": [
        8,
        16,
        21,
        25,
        40,
        45
      ],
      "confidence": 69.79166666666667
    },
    {
      "numbers": [
        3,
        14,
        25,
        30,
        38,
        45
      ],
      "confidence": 69.79166666666667
    },
    {
      "numbers": [
        5,
        14,
        16,
        31,
        40,
        45
      ],
      "confidence": 69.75833333333334
    },
    {
      "numbers": [
        1,
        5,
        14,
        25,
        40,
        45
      ],
      "confidence": 69.58333333333334
    },
    {
      "numbers": [
        5,
        14,
        27,
        39,
        40,
        45
      ],
      "confidence": 69.35174057798226
    },
    {
      "numbers": [
        4,
        18,
        27,
        30,
        31,
        45
      ],
      "confidence": 69.33333333333334
    },
    {
      "numbers": [
        3,
        8,
        20,
        26,
        39,
        45
      ],
      "confidence": 69.33333333333334
    },
    {
      "numbers": [
        4,
        8,
        27,
        31,
        39,
        45
      ],
      "confidence": 69.3
    },
    {
      "numbers": [
        4,
        8,
        16,
        21,
        31,
        45
      ],
      "confidence": 69.125
    },
    {
      "numbers": [
        8,
        14,
        16,
        26,
        27,
        45
      ],
      "confidence": 69.09166666666667
    },
    {
      "numbers": [
        8,
        14,
        21,
        30,
        31,
        39
      ],
      "confidence": 69.09166666666667
    },
    {
      "numbers": [
        8,
        14,
        19,
        20,
        40,
        45
      ],
      "confidence": 69.09166666666667
    },
    {
      "numbers": [
        5,
        14,
        21,
        30,
        40,
        45
      ],
      "confidence": 68.91666666666667
    },
    {
      "numbers": [
        4,
        8,
        14,
        25,
        30,
        45
      ],
      "confidence": 68.88333333333333
    },
    {
      "numbers": [
        14,
        16,
        25,
        26,
        31,
        45
      ],
      "confidence": 68.88333333333333
    },
    {
      "numbers": [
        14,
        21,
        25,
        26,
        38,
        45
      ],
      "confidence": 68.42500000000001
    },
    {
      "numbers": [
        1,
        8,
        26,
        31,
        40,
        45
      ],
      "confidence": 68.42500000000001
    },
    {
      "numbers": [
        8,
        19,
        21,
        25,
        30,
        45
      ],
      "confidence": 68.42500000000001
    },
    {
      "numbers": [
        1,
        8,
        25,
        26,
        39,
        45
      ],
      "confidence": 68.42500000000001
    },
    {
      "numbers": [
        1,
        8,
        16,
        20,
        21,
        45
      ],
      "confidence": 68.42500000000001
    },
    {
      "numbers": [
        4,
        8,
        14,
        21,
        38,
        45
      ],
      "confidence": 68.25
    },
    {
      "numbers": [
        3,
        5,
        14,
        20,
        40,
        45
      ],
      "confidence": 68.21666666666667
    },
    {
      "numbers": [
        3,
        4,
        14,
        20,
        25,
        45
      ],
      "confidence": 68.21666666666667
    },
    {
      "numbers": [
        8,
        16,
        20,
        21,
        27,
        39
      ],
      "confidence": 67.96666666666667
    },
    {
      "numbers": [
        3,
        20,
        25,
        26,
        27,
        31
      ],
      "confidence": 67.96666666666667
    },
    {
      "numbers": [
        8,
        19,
        21,
        26,
        30,
        45
      ],
      "confidence": 67.96666666666667
    },
    {
      "numbers": [
        3,
        5,
        18,
        27,
        30,
        45
      ],
      "confidence": 67.75833333333334
    },
    {
      "numbers": [
        8,
        16,
        18,
        25,
        27,
        40
      ],
      "confidence": 67.75833333333334
    },
    {
      "numbers": [
        16,
        18,
        20,
        26,
        31,
        45
      ],
      "confidence": 67.75833333333334
    },
    {
      "numbers": [
        5,
        8,
        26,
        30,
        39,
        45
      ],
      "confidence": 67.75833333333334
    },
    {
      "numbers": [
        8,
        18,
        19,
        21,
        39,
        45
      ],
      "confidence": 67.58333333333334
    },
    {
      "numbers": [
        5,
        8,
        14,
        25,
        38,
        39
      ],
      "confidence": 67.55
    },
    {
      "numbers": [
        3,
        16,
        19,
        27,
        30,
        31
      ],
      "confidence": 67.3
    },
    {
      "numbers": [
        1,
        4,
        26,
        39,
        40,
        45
      ],
      "confidence": 67.3
    },
    {
      "numbers": [
        4,
        19,
        26,
        31,
        39,
        45
      ],