{
  "latest_round": 465,
  "next_round": 466,
  "hot_cold": {
    "hot": [
      [
        34,
        13
      ],
      [
        11,
        12
      ],
      [
        20,
        11
      ],
      [
        30,
        11
      ],
      [
        10,
        10
      ],
      [
        26,
        10
      ],
      [
        27,
        10
      ],
      [
        38,
        10
      ],
      [
        40,
        10
      ],
      [
        8,
        9
      ]
    ],
    "cold": [
      [
        2,
        3
      ],
      [
        5,
        3
      ],
      [
        21,
        3
      ],
      [
        32,
        3
      ],
      [
        36,
        3
      ],
      [
        41,
        3
      ],
      [
        42,
        3
      ],
      [
        7,
        4
      ],
      [
        9,
        4
      ],
      [
        16,
        4
      ]
    ],
    "overdue": [
      [
        5,
        5.151219512195122
      ],
      [
        16,
        3.67741935483871
      ],
      [
        17,
        2.7534246575342465
      ],
      [
        39,
        2.745995423340961
      ],
      [
        2,
        2.4136363636363636
      ],
      [
        21,
        1.9754464285714286
      ]
    ]
  },
  "engine_predictions": {
    "advancedpattern": [
      1,
      8,
      11,
      13,
      22,
      38
    ],
    "gap": [
      1,
      7,
      13,
      19,
      25,
      31
    ],
    "graph": [
      17,
      24,
      31,
      37,
      40,
      45
    ],
    "lstm": [
      8,
      11,
      23,
      34,
      40,
      44
    ],
    "ml": [
      4,
      5,
      7,
      22,
      31,
      41
    ],
    "numerology": [
      17,
      22,
      23,
      24,
      25,
      31
    ],
    "pattern": [
      5,
      11,
      15,
      25,
      35,
      45
    ],
    "sequencecorrelation": [
      14,
      20,
      27,
      31,
      40,
      45
    ],
    "statistical": [
      2,
      16,
      17,
      20,
      39,
      40
    ],
    "timeseries": [
      10,
      18,
      21,
      25,
      36,
      40
    ]
  },
  "predicted_sets": [
    {
      "numbers": [
        7,
        8,
        22,
        31,
        40,
        45
      ],
      "confidence": 72.63333333333333
    },
    {
      "numbers": [
        8,
        11,
        13,
        22,
        40,
        45
      ],
      "confidence": 72.0
    },
    {
      "numbers": [
        4,
        17,
        22,
        25,
        40,
        45
      ],
      "confidence": 71.79166666666666
    },
    {
      "numbers": [
        11,
        18,
        22,
        31,
        40,
        45
      ],
      "confidence": 71.75833333333334
    },
    {
      "numbers": [
        4,
        8,
        23,
        31,
        40,
        45
      ],
      "confidence": 71.3
    },
    {
      "numbers": [
        5,
        13,
        25,
        31,
        38,
        40
      ],
      "confidence": 71.09166666666667
    },
    {
      "numbers": [
        13,
        20,
        22,
        31,
        40,
        45
      ],
      "confidence": 71.0334914991794
    },
    {
      "numbers": [
        1,
        11,
        22,
        24,
        31,
        40
      ],
      "confidence": 70.88333333333333
    },
    {
      "numbers": [
        11,
        13,
        17,
        22,
        24,
        40
      ],
      "confidence": 70.6
    },
    {
      "numbers": [
        1,
        13,
        31,
        38,
        40,
        45
      ],
      "confidence": 70.42500000000001
    },
    {
      "numbers": [
        1,
        8,
        24,
        25,
        40,
        45
      ],
      "confidence": 70.42500000000001
    },
    {
      "numbers": [
        8,
        18,
        22,
        23,
        31,
        40
      ],
      "confidence": 70.42500000000001
    },
    {
      "numbers": [
        8,
        13,
        22,
        23,
        25,
        31
      ],
      "confidence": 70.42500000000001
    },
    {
      "numbers": [
        1,
        13,
        20,
        22,
        31,
        40
      ],
      "confidence": 70.21666666666667
    },
    {
      "numbers": [
        5,
        7,
        20,
        31,
        40,
        45
      ],
      "confidence": 70.21666666666667
    },
    {
      "numbers": [
        11,
        17,
        18,
        22,
        24,
        40
      ],
      "confidence": 69.93333333333334
    },
    {
      "numbers": [
        8,
        13,
        27,
        31,
        40,
        41
      ],
      "confidence": 69.79166666666667
    },
    {
      "numbers": [
        5,
        13,
        18,
        22,
        40,
        45
      ],
      "confidence": 69.79166666666667
    },
    {
      "numbers": [
        1,
        17,
        22,
        24,
        25,
        45
      ],
      "confidence": 69.75833333333334
    },
    {
      "numbers": [
        8,
        13,
        20,
        23,
        25,
        31
      ],
      "confidence": 69.75833333333334
    },
    {
      "numbers": [
        11,
        13,
        20,
        24,
        31,
        45
      ],
      "confidence": 69.75833333333334
    },
    {
      "numbers": [
        8,
        17,
        24,
        25,
        27,
        31
      ],
      "confidence": 69.75833333333334
    },
    {
      "numbers": [
        8,
        11,
        17,
        18,
        40,
        45
      ],
      "confidence": 69.75833333333334
    },
    {
      "numbers": [
        1,
        11,
        18,
        22,
        31,
        45
      ],
      "confidence": 69.58333333333334
    },
    {
      "numbers": [
        7,
        11,
        17,
        20,
        22,
        31
      ],
      "confidence": 69.55
    },
    {
      "numbers": [
        5,
        11,
        22,
        25,
        31,
        38
      ],
      "confidence": 69.55
    },
    {
      "numbers": [
        5,
        7,
        11,
        20,
        31,
        40
      ],
      "confidence": 69.51666666666667
    },
    {
      "numbers": [
        4,
        13,
        20,
        27,
        31,
        45
      ],
      "confidence": 69.33333333333334
    },
    {
      "numbers": [
        18,
        20,
        22,
        25,
        40,
        45
      ],
      "confidence": 69.32515816584606
    },
    {
      "numbers": [
        11,
        13,
        17,
        22,
        38,
        45
      ],
      "confidence": 69.3
    },
    {
      "numbers": [
        4,
        8,
        11,
        17,
        22,
        45
      ],
      "confidence": 69.3
    },
    {
      "numbers": [
        8,
        13,
        24,
        40,
        41,
        45
      ],
      "confidence": 69.27515816584607
    },
    {
      "numbers": [
        7,
        20,
        24,
        27,
        31,
        45
      ],
      "confidence": 69.125
    },
    {
      "numbers": [
        4,
        11,
        20,
        22,
        25,
        45
      ],
      "confidence": 69.09166666666667
    },
    {
      "numbers": [
        1,
        5,
        7,
        24,
        40,
        45
      ],
      "confidence": 69.09166666666667
    },
    {
      "numbers": [
        4,
        8,
        11,
        20,
        40,
        45
      ],
      "confidence": 69.09166666666667
    },
    {
      "numbers": [
        7,
        11,
        22,
        24,
        27,
        40
      ],
      "confidence": 69.09166666666667
    },
    {
      "numbers": [
        8,
        22,
        27,
        31,
        38,
        40
      ],
      "confidence": 69.05833333333334
    },
    {
      "numbers": [
        13,
        20,
        22,
        25,
        27,
        40
      ],
      "confidence": 69.05833333333334
    },
    {
      "numbers": [
        1,
        11,
        20,
        22,
        24,
        40
      ],