{
  "latest_round": 313,
  "next_round": 314,
  "hot_cold": {
    "hot": [
      [
        37,
        11
      ],
      [
        45,
        11
      ],
      [
        3,
        10
      ],
      [
        9,
        10
      ],
      [
        18,
        10
      ],
      [
        38,
        10
      ],
      [
        41,
        10
      ],
      [
        1,
        9
      ],
      [
        5,
        9
      ],
      [
        12,
        9
      ]
    ],
    "cold": [
      [
        22,
        1
      ],
      [
        25,
        3
      ],
      [
        44,
        3
      ],
      [
        16,
        4
      ],
      [
        23,
        4
      ],
      [
        26,
        4
      ],
      [
        28,
        4
      ],
      [
        29,
        4
      ],
      [
        2,
        5
      ],
      [
        21,
        5
      ]
    ],
    "overdue": [
      [
        22,
        4.8300395256917
      ],
      [
        44,
        3.619565217391304
      ],
      [
        31,
        3.051903114186851
      ],
      [
        40,
        2.4242424242424243
      ],
      [
        29,
        1.7171717171717173
      ],
      [
        42,
        1.5766666666666667
      ]
    ]
  },
  "engine_predictions": {
    "advancedpattern": [
      17,
      20,
      34,
      35,
      43,
      45
    ],
    "gap": [
      1,
      7,
      13,
      19,
      25,
      31
    ],
    "graph": [
      1,
      3,
      17,
      35,
      37,
      42
    ],
    "lstm": [
      4,
      5,
      12,
      17,
      34,
      45
    ],
    "ml": [
      2,
      5,
      9,
      34,
      35,
      40
    ],
    "numerology": [
      17,
      22,
      23,
      24,
      25,
      31
    ],
    "pattern": [
      5,
      15,
      25,
      31,
      35,
      45
    ],
    "sequencecorrelation": [
      1,
      18,
      20,
      37,
      38,
      42
    ],
    "statistical": [
      31,
      37,
      38,
      40,
      42,
      44
    ],
    "timeseries": [
      18,
      22,
      23,
      31,
      33,
      44
    ]
  },
  "predicted_sets": [
    {
      "numbers": [
        9,
        17,
        31,
        34,
        35,
        42
      ],
      "confidence": 72.63333333333333
    },
    {
      "numbers": [
        9,
        17,
        22,
        31,
        34,
        45
      ],
      "confidence": 72.0
    },
    {
      "numbers": [
        2,
        17,
        25,
        31,
        34,
        42
      ],
      "confidence": 71.79166666666666
    },
    {
      "numbers": [
        1,
        5,
        17,
        20,
        31,
        42
      ],
      "confidence": 71.75833333333334
    },
    {
      "numbers": [
        9,
        20,
        25,
        31,
        35,
        42
      ],
      "confidence": 71.125
    },
    {
      "numbers": [
        1,
        17,
        18,
        22,
        35,
        45
      ],
      "confidence": 71.125
    },
    {
      "numbers": [
        1,
        17,
        20,
        35,
        37,
        42
      ],
      "confidence": 71.09166666666667
    },
    {
      "numbers": [
        9,
        17,
        31,
        34,
        37,
        42
      ],
      "confidence": 71.09166666666667
    },
    {
      "numbers": [
        1,
        20,
        25,
        37,
        38,
        42
      ],
      "confidence": 70.66666666666667
    },
    {
      "numbers": [
        1,
        17,
        20,
        22,
        25,
        34
      ],
      "confidence": 70.63333333333333
    },
    {
      "numbers": [
        2,
        18,
        31,
        34,
        35,
        37
      ],
      "confidence": 70.6
    },
    {
      "numbers": [
        1,
        17,
        23,
        25,
        34,
        44
      ],
      "confidence": 70.45833333333334
    },
    {
      "numbers": [
        5,
        17,
        23,
        34,
        38,
        45
      ],
      "confidence": 70.45833333333334
    },
    {
      "numbers": [
        1,
        22,
        31,
        34,
        35,
        43
      ],
      "confidence": 70.42500000000001
    },
    {
      "numbers": [
        2,
        5,
        17,
        31,
        40,
        45
      ],
      "confidence": 70.42500000000001
    },
    {
      "numbers": [
        5,
        17,
        20,
        22,
        34,
        35
      ],
      "confidence": 70.42500000000001
    },
    {
      "numbers": [
        1,
        20,
        25,
        31,
        37,
        38
      ],
      "confidence": 70.42500000000001
    },
    {
      "numbers": [
        2,
        25,
        31,
        34,
        35,
        37
      ],
      "confidence": 70.39166666666667
    },
    {
      "numbers": [
        5,
        17,
        22,
        35,
        38,
        42
      ],
      "confidence": 70.25
    },
    {
      "numbers": [
        1,
        5,
        20,
        23,
        37,
        44
      ],
      "confidence": 70.0
    },
    {
      "numbers": [
        1,
        9,
        17,
        40,
        42,
        45
      ],
      "confidence": 69.96666666666667
    },
    {
      "numbers": [
        9,
        17,
        18,
        35,
        42,
        44
      ],
      "confidence": 69.96666666666667
    },
    {
      "numbers": [
        9,
        17,
        20,
        25,
        34,
        45
      ],
      "confidence": 69.79166666666667
    },
    {
      "numbers": [
        1,
        17,
        22,
        34,
        42,
        43
      ],
      "confidence": 69.79166666666667
    },
    {
      "numbers": [
        1,
        5,
        17,
        40,
        44,
        45
      ],
      "confidence": 69.75833333333334
    },
    {
      "numbers": [
        17,
        18,
        22,
        31,
        38,
        44
      ],
      "confidence": 69.75833333333334
    },
    {
      "numbers": [
        17,
        22,
        23,
        25,
        34,
        35
      ],
      "confidence": 69.725
    },
    {
      "numbers": [
        1,
        5,
        22,
        34,
        35,
        45
      ],
      "confidence": 69.55
    },
    {
      "numbers": [
        5,
        17,
        18,
        20,
        35,
        45
      ],
      "confidence": 69.55
    },
    {
      "numbers": [
        1,
        20,
        31,
        34,
        40,
        42
      ],
      "confidence": 69.55
    },
    {
      "numbers": [
        1,
        20,
        22,
        37,
        43,
        45
      ],
      "confidence": 69.33333333333334
    },
    {
      "numbers": [
        5,
        9,
        17,
        22,
        34,
        40
      ],
      "confidence": 69.3
    },
    {
      "numbers": [
        1,
        9,
        18,
        20,
        35,
        42
      ],
      "confidence": 69.3
    },
    {
      "numbers": [
        9,
        17,
        20,
        22,
        23,
        35
      ],
      "confidence": 69.3
    },
    {
      "numbers": [
        2,
        18,
        22,
        31,
        35,
        43
      ],
      "confidence": 69.125
    },
    {
      "numbers": [
        1,
        9,
        25,
        35,
        42,
        44
      ],
      "confidence": 69.09166666666667
    },
    {
      "numbers": [
        1,
        5,
        18,
        20,
        31,
        43
      ],
      "confidence": 69.09166666666667
    },
    {
      "numbers": [
        9,
        17,
        18,
        25,
        35,
        40
      ],
      "confidence": 69.09166666666667
    },
    {
      "numbers": [
        1,
        9,
        34,
        35,
        42,
        45
      ],
      "confidence": 69.05833333333334
    },
    {
      "numbers": [
        5,
        17,
        18,
        20,
        34,
        37
      ],