{
  "latest_round": 565,
  "next_round": 566,
  "hot_cold": {
    "hot": [
      [
        17,
        11
      ],
      [
        32,
        11
      ],
      [
        20,
        10
      ],
      [
        26,
        10
      ],
      [
        12,
        9
      ],
      [
        27,
        9
      ],
      [
        29,
        9
      ],
      [
        31,
        9
      ],
      [
        34,
        9
      ],
      [
        44,
        9
      ]
    ],
    "cold": [
      [
        2,
        2
      ],
      [
        9,
        3
      ],
      [
        33,
        3
      ],
      [
        3,
        4
      ],
      [
        16,
        4
      ],
      [
        19,
        4
      ],
      [
        21,
        4
      ],
      [
        22,
        4
      ],
      [
        30,
        4
      ],
      [
        6,
        5
      ]
    ],
    "overdue": [
      [
        33,
        4.030075187969925
      ],
      [
        9,
        3.495291902071563
      ],
      [
        8,
        2.5780669144981414
      ],
      [
        22,
        2.258426966292135
      ],
      [
        3,
        1.9328358208955225
      ],
      [
        38,
        1.8805970149253732
      ],
      [
        6,
        1.6685288640595903
      ],
      [
        39,
        1.6073394495412845
      ]
    ]
  },
  "engine_predictions": {
    "advancedpattern": [
      4,
      10,
      18,
      27,
      40,
      45
    ],
    "gap": [
      1,
      7,
      13,
      19,
      25,
      31
    ],
    "graph": [
      4,
      18,
      20,
      34,
      37,
      40
    ],
    "lstm": [
      4,
      10,
      20,
      27,
      40,
      45
    ],
    "ml": [
      5,
      10,
      12,
      22,
      27,
      43
    ],
    "numerology": [
      17,
      22,
      23,
      25,
      26,
      31
    ],
    "pattern": [
      5,
      11,
      15,
      25,
      35,
      45
    ],
    "sequencecorrelation": [
      5,
      20,
      24,
      26,
      40,
      42
    ],
    "statistical": [
      3,
      6,
      8,
      20,
      22,
      39
    ],
    "timeseries": [
      6,
      12,
      20,
      24,
      28,
      35
    ]
  },
  "predicted_sets": [
    {
      "numbers": [
        4,
        18,
        20,
        27,
        40,
        45
      ],
      "confidence": 72.45833333333334
    },
    {
      "numbers": [
        4,
        10,
        20,
        25,
        40,
        45
      ],
      "confidence": 71.375
    },
    {
      "numbers": [
        5,
        8,
        20,
        22,
        27,
        40
      ],
      "confidence": 71.09166666666667
    },
    {
      "numbers": [
        5,
        8,
        20,
        27,
        40,
        45
      ],
      "confidence": 70.91666666666666
    },
    {
      "numbers": [
        4,
        5,
        20,
        25,
        40,
        43
      ],
      "confidence": 70.91666666666666
    },
    {
      "numbers": [
        5,
        20,
        22,
        24,
        25,
        40
      ],
      "confidence": 70.88333333333333
    },
    {
      "numbers": [
        5,
        10,
        20,
        26,
        27,
        40
      ],
      "confidence": 70.88333333333333
    },
    {
      "numbers": [
        5,
        10,
        18,
        20,
        27,
        40
      ],
      "confidence": 70.88333333333333
    },
    {
      "numbers": [
        4,
        5,
        18,
        27,
        40,
        43
      ],
      "confidence": 70.66666666666667
    },
    {
      "numbers": [
        4,
        6,
        12,
        25,
        40,
        45
      ],
      "confidence": 70.45833333333334
    },
    {
      "numbers": [
        5,
        17,
        20,
        22,
        40,
        43
      ],
      "confidence": 70.45833333333334
    },
    {
      "numbers": [
        5,
        8,
        20,
        22,
        31,
        45
      ],
      "confidence": 70.45833333333334
    },
    {
      "numbers": [
        1,
        5,
        20,
        22,
        27,
        45
      ],
      "confidence": 70.42500000000001
    },
    {
      "numbers": [
        10,
        18,
        20,
        22,
        25,
        31
      ],
      "confidence": 70.42500000000001
    },
    {
      "numbers": [
        4,
        8,
        20,
        27,
        35,
        40
      ],
      "confidence": 70.42500000000001
    },
    {
      "numbers": [
        10,
        20,
        27,
        31,
        35,
        45
      ],
      "confidence": 70.25
    },
    {
      "numbers": [
        6,
        10,
        20,
        27,
        31,
        40
      ],
      "confidence": 70.21666666666667
    },
    {
      "numbers": [
        10,
        18,
        26,
        27,
        31,
        45
      ],
      "confidence": 70.0
    },
    {
      "numbers": [
        4,
        5,
        6,
        27,
        40,
        43
      ],
      "confidence": 69.96666666666667
    },
    {
      "numbers": [
        18,
        20,
        22,
        27,
        31,
        43
      ],
      "confidence": 69.96666666666667
    },
    {
      "numbers": [
        4,
        10,
        18,
        27,
        35,
        45
      ],
      "confidence": 69.79166666666667
    },
    {
      "numbers": [
        4,
        10,
        20,
        26,
        35,
        43
      ],
      "confidence": 69.79166666666667
    },
    {
      "numbers": [
        5,
        18,
        25,
        27,
        40,
        43
      ],
      "confidence": 69.79166666666667
    },
    {
      "numbers": [
        1,
        18,
        20,
        27,
        35,
        45
      ],
      "confidence": 69.79166666666667
    },
    {
      "numbers": [
        4,
        10,
        12,
        22,
        31,
        45
      ],
      "confidence": 69.79166666666667
    },
    {
      "numbers": [
        5,
        18,
        20,
        25,
        31,
        43
      ],
      "confidence": 69.79166666666667
    },
    {
      "numbers": [
        18,
        20,
        22,
        26,
        35,
        45
      ],
      "confidence": 69.75833333333334
    },
    {
      "numbers": [
        4,
        17,
        18,
        20,
        25,
        45
      ],
      "confidence": 69.75833333333334
    },
    {
      "numbers": [
        10,
        20,
        24,
        25,
        27,
        43
      ],
      "confidence": 69.75833333333334
    },
    {
      "numbers": [
        4,
        17,
        20,
        22,
        27,
        31
      ],
      "confidence": 69.75833333333334
    },
    {
      "numbers": [
        10,
        20,
        26,
        31,
        40,
        45
      ],
      "confidence": 69.73026363972008
    },
    {
      "numbers": [
        5,
        10,
        22,
        24,
        27,
        40
      ],
      "confidence": 69.725
    },
    {
      "numbers": [
        4,
        12,
        25,
        35,
        40,
        45
      ],
      "confidence": 69.58333333333334
    },
    {
      "numbers": [
        5,
        6,
        12,
        20,
        22,
        45
      ],
      "confidence": 69.55
    },
    {
      "numbers": [
        1,
        5,
        12,
        20,
        40,
        45
      ],
      "confidence": 69.55
    },
    {
      "numbers": [
        17,
        20,
        24,
        26,
        31,
        45
      ],
      "confidence": 69.3
    },
    {
      "numbers": [
        1,
        12,
        24,
        25,
        40,
        45
      ],
      "confidence": 69.125
    },
    {
      "numbers": [
        8,
        12,
        18,
        27,
        40,
        45
      ],
      "confidence": 69.125
    },
    {
      "numbers": [
        12,
        18,
        25,
        26,
        40,
        45
      ],