{
  "latest_round": 855,
  "next_round": 856,
  "hot_cold": {
    "hot": [
      [
        33,
        11
      ],
      [
        43,
        11
      ],
      [
        13,
        10
      ],
      [
        30,
        10
      ],
      [
        38,
        10
      ],
      [
        39,
        10
      ],
      [
        11,
        9
      ],
      [
        12,
        9
      ],
      [
        14,
        9
      ],
      [
        16,
        9
      ]
    ],
    "cold": [
      [
        37,
        2
      ],
      [
        4,
        3
      ],
      [
        7,
        3
      ],
      [
        22,
        3
      ],
      [
        23,
        3
      ],
      [
        27,
        3
      ],
      [
        32,
        3
      ],
      [
        41,
        3
      ],
      [
        3,
        4
      ],
      [
        6,
        4
      ]
    ],
    "overdue": [
      [
        37,
        3.4981905910735827
      ],
      [
        10,
        2.853717026378897
      ],
      [
        6,
        2.7146341463414636
      ],
      [
        3,
        2.1359223300970873
      ],
      [
        4,
        2.0577617328519855
      ],
      [
        9,
        1.6630824372759856
      ],
      [
        21,
        1.5838287752675386
      ]
    ]
  },
  "engine_predictions": {
    "advancedpattern": [
      8,
      15,
      17,
      19,
      43,
      44
    ],
    "gap": [
      1,
      7,
      13,
      19,
      25,
      31
    ],
    "graph": [
      11,
      13,
      14,
      25,
      34,
      36
    ],
    "lstm": [
      8,
      17,
      26,
      28,
      43,
      44
    ],
    "ml": [
      13,
      15,
      21,
      23,
      34,
      43
    ],
    "numerology": [
      17,
      23,
      24,
      25,
      26,
      31
    ],
    "pattern": [
      1,
      11,
      13,
      21,
      31,
      41
    ],
    "sequencecorrelation": [
      4,
      13,
      27,
      34,
      40,
      45
    ],
    "statistical": [
      3,
      4,
      6,
      9,
      10,
      45
    ],
    "timeseries": [
      4,
      7,
      37,
      39,
      41,
      45
    ]
  },
  "predicted_sets": [
    {
      "numbers": [
        8,
        13,
        17,
        19,
        26,
        45
      ],
      "confidence": 70.63333333333333
    },
    {
      "numbers": [
        4,
        8,
        13,
        23,
        34,
        45
      ],
      "confidence": 70.25
    },
    {
      "numbers": [
        4,
        17,
        25,
        31,
        34,
        45
      ],
      "confidence": 70.25
    },
    {
      "numbers": [
        4,
        13,
        17,
        21,
        34,
        44
      ],
      "confidence": 70.25
    },
    {
      "numbers": [
        8,
        15,
        17,
        21,
        34,
        43
      ],
      "confidence": 70.0
    },
    {
      "numbers": [
        4,
        8,
        17,
        25,
        40,
        43
      ],
      "confidence": 70.0
    },
    {
      "numbers": [
        4,
        8,
        19,
        23,
        31,
        45
      ],
      "confidence": 70.0
    },
    {
      "numbers": [
        8,
        17,
        19,
        25,
        31,
        34
      ],
      "confidence": 69.96666666666667
    },
    {
      "numbers": [
        4,
        13,
        15,
        21,
        40,
        43
      ],
      "confidence": 69.79166666666667
    },
    {
      "numbers": [
        1,
        8,
        13,
        25,
        43,
        44
      ],
      "confidence": 69.75833333333334
    },
    {
      "numbers": [
        4,
        8,
        13,
        17,
        44,
        45
      ],
      "confidence": 69.725
    },
    {
      "numbers": [
        8,
        13,
        21,
        34,
        41,
        43
      ],
      "confidence": 69.58333333333334
    },
    {
      "numbers": [
        7,
        13,
        17,
        21,
        34,
        44
      ],
      "confidence": 69.58333333333334
    },
    {
      "numbers": [
        4,
        11,
        13,
        17,
        34,
        41
      ],
      "confidence": 69.55
    },
    {
      "numbers": [
        4,
        7,
        13,
        15,
        34,
        43
      ],
      "confidence": 69.55
    },
    {
      "numbers": [
        7,
        13,
        15,
        21,
        40,
        44
      ],
      "confidence": 69.33333333333334
    },
    {
      "numbers": [
        1,
        13,
        15,
        17,
        26,
        40
      ],
      "confidence": 69.3
    },
    {
      "numbers": [
        8,
        13,
        17,
        19,
        26,
        40
      ],
      "confidence": 69.3
    },
    {
      "numbers": [
        7,
        8,
        13,
        21,
        34,
        40
      ],
      "confidence": 69.3
    },
    {
      "numbers": [
        13,
        17,
        19,
        31,
        40,
        44
      ],
      "confidence": 69.26666666666668
    },
    {
      "numbers": [
        1,
        4,
        13,
        19,
        25,
        44
      ],
      "confidence": 69.2665968314924
    },
    {
      "numbers": [
        4,
        17,
        19,
        34,
        41,
        43
      ],
      "confidence": 69.09166666666667
    },
    {
      "numbers": [
        7,
        13,
        19,
        34,
        41,
        44
      ],
      "confidence": 69.09166666666667
    },
    {
      "numbers": [
        13,
        15,
        19,
        26,
        34,
        44
      ],
      "confidence": 69.09166666666667
    },
    {
      "numbers": [
        4,
        8,
        23,
        31,
        43,
        45
      ],
      "confidence": 69.09166666666667
    },
    {
      "numbers": [
        4,
        11,
        15,
        17,
        34,
        43
      ],
      "confidence": 69.09166666666667
    },
    {
      "numbers": [
        4,
        8,
        13,
        17,
        34,
        40
      ],
      "confidence": 69.05833333333334
    },
    {
      "numbers": [
        4,
        19,
        25,
        31,
        44,
        45
      ],
      "confidence": 68.91666666666667
    },
    {
      "numbers": [
        4,
        7,
        19,
        25,
        34,
        45
      ],
      "confidence": 68.91666666666667
    },
    {
      "numbers": [
        1,
        8,
        13,
        21,
        34,
        44
      ],
      "confidence": 68.91666666666667
    },
    {
      "numbers": [
        7,
        13,
        15,
        17,
        34,
        44
      ],
      "confidence": 68.88333333333333
    },
    {
      "numbers": [
        4,
        11,
        13,
        21,
        26,
        34
      ],
      "confidence": 68.88333333333333
    },
    {
      "numbers": [
        1,
        4,
        13,
        43,
        44,
        45
      ],
      "confidence": 68.85
    },
    {
      "numbers": [
        4,
        13,
        19,
        43,
        44,
        45
      ],
      "confidence": 68.85
    },
    {
      "numbers": [
        4,
        8,
        19,
        26,
        40,
        43
      ],
      "confidence": 68.66666666666666
    },
    {
      "numbers": [
        8,
        17,
        19,
        21,
        26,
        34
      ],
      "confidence": 68.63333333333333
    },
    {
      "numbers": [
        1,
        8,
        13,
        15,
        25,
        44
      ],
      "confidence": 68.59993016482574
    },
    {
      "numbers": [
        1,
        13,
        15,
        23,
        40,
        44
      ],
      "confidence": 68.45833333333334
    },
    {
      "numbers": [
        8,
        15,
        26,
        31,
        41,
        43
      ],
      "confidence": 68.45833333333334
    },
    {
      "numbers": [
        8,
        15,
        17,
        34,
        43,
        44
      ],