{
  "latest_round": 10,
  "next_round": 11,
  "hot_cold": {
    "hot": [
      [
        40,
        5
      ],
      [
        16,
        4
      ],
      [
        25,
        4
      ],
      [
        42,
        4
      ],
      [
        9,
        3
      ],
      [
        27,
        3
      ],
      [
        2,
        2
      ],
      [
        14,
        2
      ],
      [
        19,
        2
      ],
      [
        21,
        2
      ]
    ],
    "cold": [
      [
        1,
        0
      ],
      [
        3,
        0
      ],
      [
        5,
        0
      ],
      [
        6,
        0
      ],
      [
        7,
        0
      ],
      [
        12,
        0
      ],
      [
        18,
        0
      ],
      [
        20,
        0
      ],
      [
        22,
        0
      ],
      [
        28,
        0
      ]
    ],
    "overdue": [
      [
        21,
        7.0
      ],
      [
        31,
        6.0
      ],
      [
        26,
        3.0
      ],
      [
        42,
        3.0
      ],
      [
        27,
        2.6666666666666665
      ],
      [
        14,
        2.0
      ],
      [
        40,
        2.0
      ]
    ]
  },
  "engine_predictions": {
    "advancedpattern": [
      9,
      15,
      16,
      19,
      25,
      41
    ],
    "gap": [
      9,
      15,
      21,
      27,
      33,
      39
    ],
    "graph": [
      9,
      16,
      25,
      27,
      40,
      42
    ],
    "lstm": [
      9,
      16,
      25,
      27,
      40,
      42
    ],
    "numerology": [
      16,
      22,
      24,
      25,
      27,
      31
    ],
    "pattern": [
      10,
      20,
      22,
      30,
      32,
      40
    ],
    "sequencecorrelation": [
      2,
      4,
      16,
      17,
      36,
      39
    ],
    "statistical": [
      14,
      21,
      26,
      27,
      40,
      42
    ],
    "timeseries": [
      2,
      14,
      19,
      27,
      40,
      42
    ]
  },
  "predicted_sets": [
    {
      "numbers": [
        9,
        16,
        25,
        27,
        40,
        42
      ],
      "confidence": 80.74074074074075
    },
    {
      "numbers": [
        9,
        14,
        25,
        27,
        40,
        42
      ],
      "confidence": 78.51851851851852
    },
    {
      "numbers": [
        2,
        9,
        16,
        27,
        40,
        42
      ],
      "confidence": 78.38425925925927
    },
    {
      "numbers": [
        4,
        16,
        21,
        27,
        40,
        42
      ],
      "confidence": 77.03703703703704
    },
    {
      "numbers": [
        9,
        16,
        19,
        27,
        40,
        41
      ],
      "confidence": 76.16203703703704
    },
    {
      "numbers": [
        9,
        21,
        25,
        26,
        27,
        40
      ],
      "confidence": 74.8962962962963
    },
    {
      "numbers": [
        9,
        14,
        25,
        27,
        30,
        42
      ],
      "confidence": 74.85555555555555
    },
    {
      "numbers": [
        2,
        25,
        26,
        27,
        40,
        42
      ],
      "confidence": 74.7212962962963
    },
    {
      "numbers": [
        2,
        16,
        25,
        31,
        40,
        42
      ],
      "confidence": 74.68055555555556
    },
    {
      "numbers": [
        4,
        9,
        16,
        25,
        27,
        40
      ],
      "confidence": 74.23828442726764
    },
    {
      "numbers": [
        2,
        16,
        27,
        31,
        33,
        40
      ],
      "confidence": 74.11481481481482
    },
    {
      "numbers": [
        15,
        16,
        19,
        27,
        33,
        42
      ],
      "confidence": 74.11481481481482
    },
    {
      "numbers": [
        2,
        16,
        27,
        40,
        41,
        44
      ],
      "confidence": 74.07407407407408
    },
    {
      "numbers": [
        9,
        25,
        27,
        30,
        39,
        42
      ],
      "confidence": 73.98055555555555
    },
    {
      "numbers": [
        4,
        9,
        16,
        19,
        40,
        42
      ],
      "confidence": 73.98055555555555
    },
    {
      "numbers": [
        9,
        14,
        19,
        27,
        40,
        41
      ],
      "confidence": 73.93981481481481
    },
    {
      "numbers": [
        9,
        16,
        19,
        25,
        27,
        36
      ],
      "confidence": 73.84629629629629
    },
    {
      "numbers": [
        15,
        16,
        25,
        36,
        40,
        42
      ],
      "confidence": 73.10555555555555
    },
    {
      "numbers": [
        4,
        9,
        19,
        27,
        31,
        40
      ],
      "confidence": 72.49907407407409
    },
    {
      "numbers": [
        14,
        16,
        21,
        40,
        41,
        42
      ],
      "confidence": 72.49907407407409
    },
    {
      "numbers": [
        2,
        16,
        19,
        31,
        40,
        42
      ],
      "confidence": 72.49907407407409
    },
    {
      "numbers": [
        9,
        14,
        27,
        39,
        40,
        44
      ],
      "confidence": 72.32407407407408
    },
    {
      "numbers": [
        2,
        9,
        25,
        27,
        30,
        41
      ],
      "confidence": 71.93333333333334
    },
    {
      "numbers": [
        4,
        9,
        26,
        27,
        33,
        42
      ],
      "confidence": 71.89259259259259
    },
    {
      "numbers": [
        14,
        25,
        27,
        30,
        33,
        40
      ],
      "confidence": 71.79907407407407
    },
    {
      "numbers": [
        2,
        9,
        21,
        25,
        39,
        40
      ],
      "confidence": 71.79907407407407
    },
    {
      "numbers": [
        9,
        16,
        26,
        27,
        30,
        41
      ],
      "confidence": 71.75833333333333
    },
    {
      "numbers": [
        2,
        14,
        16,
        21,
        40,
        41
      ],
      "confidence": 71.7175925925926
    },
    {
      "numbers": [
        2,
        16,
        25,
        30,
        33,
        42
      ],
      "confidence": 71.7175925925926
    },
    {
      "numbers": [
        15,
        16,
        26,
        27,
        36,
        42
      ],
      "confidence": 71.62407407407407
    },
    {
      "numbers": [
        9,
        16,
        21,
        30,
        40,
        41
      ],
      "confidence": 71.58333333333333
    },
    {
      "numbers": [
        9,
        14,
        15,
        16,
        30,
        42
      ],
      "confidence": 71.55309924208245
    },
    {
      "numbers": [
        9,
        25,
        27,
        30,
        33,
        36
      ],
      "confidence": 71.1925925925926
    },
    {
      "numbers": [
        2,
        15,
        16,
        39,
        40,
        44
      ],
      "confidence": 71.15185185185184
    },
    {
      "numbers": [
        9,
        15,
        16,
        31,
        42,
        44
      ],
      "confidence": 71.15185185185184
    },
    {
      "numbers": [
        9,
        25,
        27,
        33,
        36,
        44
      ],
      "confidence": 71.15185185185184
    },
    {
      "numbers": [
        15,
        16,
        19,
        25,
        41,
        42
      ],
      "confidence": 71.05833333333334
    },
    {
      "numbers": [
        4,
        25,
        26,
        27,
        30,
        40
      ],
      "confidence": 71.05833333333334
    },
    {
      "numbers": [
        15,
        19,
        26,
        27,
        39,
        42
      ],
      "confidence": 71.01759259259259
    },
    {
      "numbers": [
        9,
        16,
        19,
        25,
        33,
        44
      ],