{
  "latest_round": 576,
  "next_round": 577,
  "hot_cold": {
    "hot": [
      [
        20,
        12
      ],
      [
        26,
        12
      ],
      [
        17,
        11
      ],
      [
        31,
        10
      ],
      [
        32,
        10
      ],
      [
        34,
        10
      ],
      [
        1,
        9
      ],
      [
        12,
        9
      ],
      [
        18,
        9
      ],
      [
        27,
        9
      ]
    ],
    "cold": [
      [
        9,
        2
      ],
      [
        2,
        3
      ],
      [
        22,
        3
      ],
      [
        30,
        3
      ],
      [
        38,
        3
      ],
      [
        8,
        4
      ],
      [
        28,
        4
      ],
      [
        36,
        4
      ],
      [
        39,
        4
      ],
      [
        7,
        5
      ]
    ],
    "overdue": [
      [
        9,
        4.696798493408663
      ],
      [
        22,
        3.638576779026217
      ],
      [
        39,
        3.0807339449541282
      ],
      [
        36,
        2.923076923076923
      ],
      [
        28,
        2.222641509433962
      ],
      [
        42,
        1.9320214669051878
      ],
      [
        7,
        1.8818181818181818
      ],
      [
        40,
        1.8333333333333333
      ]
    ]
  },
  "engine_predictions": {
    "advancedpattern": [
      10,
      11,
      15,
      25,
      35,
      41
    ],
    "gap": [
      1,
      7,
      13,
      19,
      25,
      31
    ],
    "graph": [
      4,
      20,
      26,
      34,
      37,
      40
    ],
    "lstm": [
      15,
      20,
      25,
      33,
      35,
      43
    ],
    "ml": [
      2,
      4,
      12,
      21,
      29,
      45
    ],
    "numerology": [
      13,
      17,
      22,
      23,
      25,
      31
    ],
    "pattern": [
      5,
      13,
      15,
      25,
      35,
      45
    ],
    "sequencecorrelation": [
      11,
      12,
      20,
      37,
      40,
      45
    ],
    "statistical": [
      7,
      22,
      28,
      36,
      39,
      40
    ],
    "timeseries": [
      1,
      3,
      9,
      22,
      28,
      40
    ]
  },
  "predicted_sets": [
    {
      "numbers": [
        4,
        11,
        13,
        20,
        25,
        40
      ],
      "confidence": 71.09166666666667
    },
    {
      "numbers": [
        4,
        20,
        22,
        25,
        31,
        40
      ],
      "confidence": 71.09166666666667
    },
    {
      "numbers": [
        7,
        13,
        22,
        40,
        41,
        45
      ],
      "confidence": 70.66666666666667
    },
    {
      "numbers": [
        1,
        4,
        13,
        22,
        35,
        40
      ],
      "confidence": 70.63333333333333
    },
    {
      "numbers": [
        11,
        12,
        13,
        25,
        28,
        40
      ],
      "confidence": 70.6
    },
    {
      "numbers": [
        1,
        13,
        20,
        22,
        35,
        45
      ],
      "confidence": 70.45833333333334
    },
    {
      "numbers": [
        4,
        15,
        25,
        35,
        40,
        41
      ],
      "confidence": 70.25
    },
    {
      "numbers": [
        2,
        20,
        25,
        37,
        40,
        45
      ],
      "confidence": 70.25
    },
    {
      "numbers": [
        3,
        11,
        20,
        22,
        25,
        37
      ],
      "confidence": 69.96666666666667
    },
    {
      "numbers": [
        2,
        7,
        11,
        25,
        28,
        40
      ],
      "confidence": 69.96666666666667
    },
    {
      "numbers": [
        7,
        11,
        13,
        15,
        28,
        40
      ],
      "confidence": 69.96666666666667
    },
    {
      "numbers": [
        7,
        11,
        12,
        22,
        40,
        45
      ],
      "confidence": 69.79166666666667
    },
    {
      "numbers": [
        4,
        13,
        15,
        20,
        28,
        40
      ],
      "confidence": 69.75833333333334
    },
    {
      "numbers": [
        10,
        11,
        13,
        25,
        35,
        40
      ],
      "confidence": 69.55
    },
    {
      "numbers": [
        4,
        10,
        13,
        20,
        25,
        40
      ],
      "confidence": 69.55
    },
    {
      "numbers": [
        3,
        4,
        20,
        25,
        31,
        37
      ],
      "confidence": 69.3
    },
    {
      "numbers": [
        7,
        15,
        28,
        35,
        40,
        45
      ],
      "confidence": 69.20474500257546
    },
    {
      "numbers": [
        10,
        11,
        13,
        22,
        35,
        45
      ],
      "confidence": 69.125
    },
    {
      "numbers": [
        4,
        15,
        28,
        35,
        40,
        41
      ],
      "confidence": 69.125
    },
    {
      "numbers": [
        2,
        11,
        13,
        22,
        25,
        37
      ],
      "confidence": 69.09166666666667
    },
    {
      "numbers": [
        4,
        11,
        12,
        15,
        40,
        45
      ],
      "confidence": 69.09166666666667
    },
    {
      "numbers": [
        12,
        13,
        15,
        20,
        25,
        41
      ],
      "confidence": 69.05833333333334
    },
    {
      "numbers": [
        10,
        20,
        25,
        28,
        40,
        41
      ],
      "confidence": 68.91666666666667
    },
    {
      "numbers": [
        1,
        11,
        20,
        25,
        28,
        35
      ],
      "confidence": 68.88333333333333
    },
    {
      "numbers": [
        11,
        20,
        25,
        28,
        40,
        41
      ],
      "confidence": 68.88333333333333
    },
    {
      "numbers": [
        4,
        10,
        15,
        25,
        28,
        40
      ],
      "confidence": 68.88333333333333
    },
    {
      "numbers": [
        2,
        10,
        13,
        25,
        35,
        40
      ],
      "confidence": 68.88333333333333
    },
    {
      "numbers": [
        10,
        22,
        25,
        31,
        35,
        40
      ],
      "confidence": 68.85
    },
    {
      "numbers": [
        3,
        4,
        11,
        22,
        37,
        40
      ],
      "confidence": 68.63333333333333
    },
    {
      "numbers": [
        3,
        13,
        22,
        28,
        40,
        41
      ],
      "confidence": 68.45833333333334
    },
    {
      "numbers": [
        7,
        11,
        12,
        25,
        28,
        31
      ],
      "confidence": 68.42500000000001
    },
    {
      "numbers": [
        7,
        12,
        20,
        22,
        28,
        45
      ],
      "confidence": 68.42500000000001
    },
    {
      "numbers": [
        7,
        12,
        22,
        25,
        28,
        41
      ],
      "confidence": 68.42500000000001
    },
    {
      "numbers": [
        10,
        12,
        20,
        25,
        28,
        37
      ],
      "confidence": 68.42500000000001
    },
    {
      "numbers": [
        10,
        12,
        13,
        28,
        35,
        40
      ],
      "confidence": 68.42500000000001
    },
    {
      "numbers": [
        10,
        13,
        15,
        25,
        28,
        41
      ],
      "confidence": 68.42500000000001
    },
    {
      "numbers": [
        7,
        11,
        12,
        31,
        40,
        45
      ],
      "confidence": 68.42500000000001
    },
    {
      "numbers": [
        3,
        11,
        13,
        20,
        22,
        45
      ],
      "confidence": 68.42500000000001
    },
    {
      "numbers": [
        4,
        11,
        15,
        28,
        35,
        45
      ],