{
  "latest_round": 1155,
  "next_round": 1156,
  "hot_cold": {
    "hot": [
      [
        19,
        13
      ],
      [
        13,
        11
      ],
      [
        33,
        11
      ],
      [
        3,
        10
      ],
      [
        15,
        10
      ],
      [
        30,
        10
      ],
      [
        6,
        9
      ],
      [
        11,
        9
      ],
      [
        16,
        9
      ],
      [
        34,
        9
      ]
    ],
    "cold": [
      [
        18,
        1
      ],
      [
        23,
        1
      ],
      [
        39,
        2
      ],
      [
        43,
        2
      ],
      [
        25,
        3
      ],
      [
        42,
        3
      ],
      [
        5,
        4
      ],
      [
        22,
        4
      ],
      [
        2,
        5
      ],
      [
        17,
        5
      ]
    ],
    "overdue": [
      [
        23,
        4.847396768402154
      ],
      [
        25,
        3.0806737588652484
      ],
      [
        14,
        2.458553791887125
      ],
      [
        42,
        2.4126984126984126
      ],
      [
        20,
        2.402504472271914
      ],
      [
        5,
        2.0483437779767235
      ],
      [
        34,
        1.7042253521126762
      ],
      [
        12,
        1.6256637168141594
      ],
      [
        41,
        1.5892700087950749
      ],
      [
        28,
        1.5161290322580645
      ]
    ]
  },
  "engine_predictions": {
    "advancedpattern": [
      10,
      16,
      19,
      27,
      37,
      38
    ],
    "gap": [
      1,
      7,
      13,
      19,
      25,
      31
    ],
    "graph": [
      6,
      14,
      21,
      34,
      40,
      45
    ],
    "lstm": [
      8,
      9,
      27,
      32,
      35,
      37
    ],
    "ml": [
      11,
      14,
      27,
      31,
      37,
      38
    ],
    "numerology": [
      13,
      16,
      17,
      22,
      23,
      25
    ],
    "pattern": [
      3,
      11,
      13,
      23,
      33,
      43
    ],
    "sequencecorrelation": [
      11,
      27,
      31,
      34,
      39,
      45
    ],
    "statistical": [
      5,
      12,
      14,
      20,
      28,
      34
    ],
    "timeseries": [
      5,
      11,
      14,
      17,
      23,
      28
    ]
  },
  "predicted_sets": [
    {
      "numbers": [
        10,
        11,
        14,
        27,
        37,
        45
      ],
      "confidence": 71.125
    },
    {
      "numbers": [
        11,
        14,
        23,
        27,
        31,
        38
      ],
      "confidence": 71.05833333333334
    },
    {
      "numbers": [
        5,
        11,
        14,
        27,
        34,
        37
      ],
      "confidence": 70.88333333333333
    },
    {
      "numbers": [
        11,
        13,
        16,
        27,
        34,
        38
      ],
      "confidence": 70.6
    },
    {
      "numbers": [
        11,
        14,
        16,
        27,
        34,
        38
      ],
      "confidence": 70.39166666666667
    },
    {
      "numbers": [
        10,
        14,
        16,
        23,
        37,
        45
      ],
      "confidence": 70.0
    },
    {
      "numbers": [
        10,
        13,
        14,
        25,
        31,
        37
      ],
      "confidence": 69.96666666666667
    },
    {
      "numbers": [
        5,
        14,
        16,
        19,
        23,
        31
      ],
      "confidence": 69.96666666666667
    },
    {
      "numbers": [
        10,
        11,
        19,
        27,
        34,
        38
      ],
      "confidence": 69.96666666666667
    },
    {
      "numbers": [
        11,
        14,
        16,
        19,
        25,
        37
      ],
      "confidence": 69.93333333333334
    },
    {
      "numbers": [
        11,
        14,
        16,
        17,
        23,
        45
      ],
      "confidence": 69.93333333333334
    },
    {
      "numbers": [
        14,
        16,
        25,
        27,
        28,
        31
      ],
      "confidence": 69.93333333333334
    },
    {
      "numbers": [
        11,
        14,
        19,
        27,
        28,
        35
      ],
      "confidence": 69.93333333333334
    },
    {
      "numbers": [
        11,
        14,
        19,
        23,
        28,
        45
      ],
      "confidence": 69.93333333333334
    },
    {
      "numbers": [
        5,
        11,
        14,
        16,
        28,
        34
      ],
      "confidence": 69.75833333333334
    },
    {
      "numbers": [
        13,
        14,
        23,
        31,
        38,
        45
      ],
      "confidence": 69.75833333333334
    },
    {
      "numbers": [
        14,
        16,
        25,
        27,
        31,
        34
      ],
      "confidence": 69.725
    },
    {
      "numbers": [
        5,
        14,
        23,
        34,
        37,
        45
      ],
      "confidence": 69.58333333333334
    },
    {
      "numbers": [
        5,
        11,
        14,
        27,
        34,
        35
      ],
      "confidence": 69.55
    },
    {
      "numbers": [
        14,
        23,
        27,
        28,
        34,
        37
      ],
      "confidence": 69.51666666666667
    },
    {
      "numbers": [
        16,
        19,
        23,
        31,
        34,
        45
      ],
      "confidence": 69.3
    },
    {
      "numbers": [
        10,
        11,
        25,
        34,
        37,
        38
      ],
      "confidence": 69.3
    },
    {
      "numbers": [
        11,
        25,
        27,
        28,
        34,
        45
      ],
      "confidence": 69.288623531721
    },
    {
      "numbers": [
        11,
        13,
        16,
        34,
        38,
        45
      ],
      "confidence": 69.26666666666668
    },
    {
      "numbers": [
        10,
        13,
        14,
        19,
        25,
        27
      ],
      "confidence": 69.26666666666668
    },
    {
      "numbers": [
        8,
        13,
        19,
        27,
        34,
        37
      ],
      "confidence": 69.09166666666667
    },
    {
      "numbers": [
        11,
        21,
        27,
        28,
        34,
        45
      ],
      "confidence": 69.09166666666667
    },
    {
      "numbers": [
        14,
        16,
        27,
        28,
        31,
        38
      ],
      "confidence": 69.05833333333334
    },
    {
      "numbers": [
        13,
        16,
        27,
        28,
        34,
        37
      ],
      "confidence": 69.05833333333334
    },
    {
      "numbers": [
        8,
        11,
        14,
        27,
        28,
        38
      ],
      "confidence": 68.88333333333333
    },
    {
      "numbers": [
        10,
        19,
        27,
        31,
        34,
        35
      ],
      "confidence": 68.63333333333333
    },
    {
      "numbers": [
        10,
        11,
        16,
        19,
        37,
        45
      ],
      "confidence": 68.63333333333333
    },
    {
      "numbers": [
        10,
        16,
        23,
        28,
        34,
        37
      ],
      "confidence": 68.63333333333333
    },
    {
      "numbers": [
        5,
        16,
        19,
        23,
        28,
        37
      ],
      "confidence": 68.63333333333333
    },
    {
      "numbers": [
        10,
        11,
        16,
        17,
        34,
        45
      ],
      "confidence": 68.63333333333333
    },
    {
      "numbers": [
        5,
        10,
        16,
        27,
        31,
        45
      ],
      "confidence": 68.45833333333334
    },
    {
      "numbers": [
        10,
        16,
        19,
        27,
        37,
        45
      ],
      "confidence": 68.45833333333334
    },
    {
      "numbers": [
        10,
        16,
        19,
        27,
        31,
        37
      ],