{
  "latest_round": 68,
  "next_round": 69,
  "hot_cold": {
    "hot": [
      [
        7,
        12
      ],
      [
        26,
        11
      ],
      [
        10,
        10
      ],
      [
        18,
        10
      ],
      [
        36,
        10
      ],
      [
        40,
        10
      ],
      [
        43,
        10
      ],
      [
        15,
        9
      ],
      [
        17,
        9
      ],
      [
        33,
        9
      ]
    ],
    "cold": [
      [
        24,
        2
      ],
      [
        34,
        2
      ],
      [
        41,
        2
      ],
      [
        9,
        3
      ],
      [
        11,
        3
      ],
      [
        12,
        3
      ],
      [
        22,
        3
      ],
      [
        28,
        3
      ],
      [
        42,
        3
      ],
      [
        45,
        3
      ]
    ],
    "overdue": [
      [
        5,
        16.71428571428571
      ],
      [
        28,
        7.111111111111111
      ],
      [
        9,
        6.375
      ],
      [
        13,
        3.5
      ],
      [
        37,
        3.272727272727273
      ],
      [
        34,
        3.0
      ],
      [
        31,
        2.0377358490566038
      ],
      [
        44,
        1.875
      ],
      [
        6,
        1.8
      ],
      [
        32,
        1.7647058823529411
      ]
    ]
  },
  "engine_predictions": {
    "advancedpattern": [
      10,
      15,
      16,
      26,
      38,
      39
    ],
    "gap": [
      2,
      8,
      14,
      20,
      26,
      32
    ],
    "graph": [
      7,
      25,
      26,
      33,
      37,
      40
    ],
    "lstm": [
      3,
      10,
      15,
      36,
      38,
      39
    ],
    "numerology": [
      17,
      22,
      23,
      25,
      26,
      31
    ],
    "pattern": [
      3,
      13,
      23,
      33,
      37,
      43
    ],
    "sequencecorrelation": [
      3,
      4,
      16,
      25,
      26,
      36
    ],
    "statistical": [
      6,
      9,
      13,
      31,
      37,
      44
    ],
    "timeseries": [
      5,
      8,
      9,
      31,
      36,
      44
    ]
  },
  "predicted_sets": [
    {
      "numbers": [
        3,
        10,
        15,
        26,
        39,
        44
      ],
      "confidence": 71.85185185185185
    },
    {
      "numbers": [
        3,
        16,
        25,
        26,
        36,
        44
      ],
      "confidence": 71.58333333333333
    },
    {
      "numbers": [
        8,
        10,
        13,
        26,
        37,
        39
      ],
      "confidence": 71.15185185185184
    },
    {
      "numbers": [
        3,
        8,
        10,
        25,
        26,
        37
      ],
      "confidence": 71.12795310685499
    },
    {
      "numbers": [
        8,
        25,
        26,
        31,
        37,
        38
      ],
      "confidence": 71.05833333333334
    },
    {
      "numbers": [
        16,
        23,
        25,
        26,
        31,
        37
      ],
      "confidence": 71.05833333333334
    },
    {
      "numbers": [
        3,
        10,
        16,
        25,
        26,
        39
      ],
      "confidence": 71.01759259259259
    },
    {
      "numbers": [
        10,
        15,
        23,
        25,
        26,
        37
      ],
      "confidence": 71.01759259259259
    },
    {
      "numbers": [
        3,
        15,
        25,
        26,
        40,
        44
      ],
      "confidence": 70.97685185185185
    },
    {
      "numbers": [
        10,
        16,
        26,
        37,
        39,
        44
      ],
      "confidence": 70.71558927243231
    },
    {
      "numbers": [
        2,
        3,
        7,
        26,
        31,
        44
      ],
      "confidence": 70.41111111111111
    },
    {
      "numbers": [
        8,
        9,
        26,
        31,
        40,
        44
      ],
      "confidence": 70.41111111111111
    },
    {
      "numbers": [
        2,
        25,
        26,
        33,
        39,
        44
      ],
      "confidence": 70.41111111111111
    },
    {
      "numbers": [
        2,
        15,
        26,
        33,
        38,
        44
      ],
      "confidence": 70.37037037037038
    },
    {
      "numbers": [
        3,
        13,
        26,
        37,
        39,
        40
      ],
      "confidence": 70.27685185185186
    },
    {
      "numbers": [
        2,
        13,
        26,
        31,
        36,
        39
      ],
      "confidence": 70.27685185185186
    },
    {
      "numbers": [
        7,
        13,
        26,
        37,
        39,
        44
      ],
      "confidence": 70.23611111111111
    },
    {
      "numbers": [
        10,
        13,
        26,
        33,
        39,
        44
      ],
      "confidence": 70.23611111111111
    },
    {
      "numbers": [
        7,
        10,
        25,
        26,
        37,
        39
      ],
      "confidence": 69.57685185185184
    },
    {
      "numbers": [
        7,
        8,
        25,
        26,
        36,
        39
      ],
      "confidence": 69.57685185185184
    },
    {
      "numbers": [
        3,
        15,
        33,
        36,
        37,
        44
      ],
      "confidence": 69.53611111111113
    },
    {
      "numbers": [
        9,
        16,
        23,
        25,
        26,
        40
      ],
      "confidence": 69.53611111111113
    },
    {
      "numbers": [
        10,
        13,
        16,
        25,
        31,
        36
      ],
      "confidence": 69.53611111111113
    },
    {
      "numbers": [
        3,
        23,
        25,
        31,
        38,
        44
      ],
      "confidence": 69.53611111111113
    },
    {
      "numbers": [
        8,
        13,
        23,
        36,
        37,
        44
      ],
      "confidence": 69.49537037037038
    },
    {
      "numbers": [
        3,
        8,
        13,
        15,
        26,
        44
      ],
      "confidence": 69.47147162537351
    },
    {
      "numbers": [
        3,
        15,
        23,
        25,
        26,
        40
      ],
      "confidence": 69.40185185185184
    },
    {
      "numbers": [
        8,
        13,
        16,
        25,
        26,
        33
      ],
      "confidence": 69.40185185185184
    },
    {
      "numbers": [
        7,
        10,
        15,
        25,
        26,
        37
      ],
      "confidence": 69.40185185185184
    },
    {
      "numbers": [
        7,
        15,
        16,
        26,
        36,
        44
      ],
      "confidence": 69.36111111111111
    },
    {
      "numbers": [
        3,
        13,
        16,
        25,
        36,
        44
      ],
      "confidence": 69.36111111111111
    },
    {
      "numbers": [
        2,
        10,
        23,
        25,
        36,
        37
      ],
      "confidence": 68.97037037037038
    },
    {
      "numbers": [
        2,
        3,
        36,
        37,
        39,
        44
      ],
      "confidence": 68.97037037037038
    },
    {
      "numbers": [
        10,
        12,
        15,
        26,
        38,
        39
      ],
      "confidence": 68.92962962962963
    },
    {
      "numbers": [
        8,
        10,
        15,
        23,
        36,
        39
      ],
      "confidence": 68.92962962962963
    },
    {
      "numbers": [
        8,
        10,
        23,
        31,
        39,
        44
      ],
      "confidence": 68.92962962962963
    },
    {
      "numbers": [
        10,
        15,
        25,
        36,
        38,
        39
      ],
      "confidence": 68.79537037037038
    },
    {
      "numbers": [
        7,
        15,
        26,
        36,
        39,
        40
      ],
      "confidence": 68.79537037037038
    },
    {
      "numbers": [
        2,
        7,
        13,
        26,
        37,
        39
      ],