{
  "latest_round": 851,
  "next_round": 852,
  "hot_cold": {
    "hot": [
      [
        13,
        12
      ],
      [
        12,
        11
      ],
      [
        18,
        11
      ],
      [
        14,
        10
      ],
      [
        30,
        10
      ],
      [
        33,
        10
      ],
      [
        38,
        10
      ],
      [
        39,
        10
      ],
      [
        43,
        10
      ],
      [
        11,
        9
      ]
    ],
    "cold": [
      [
        23,
        2
      ],
      [
        27,
        2
      ],
      [
        37,
        2
      ],
      [
        4,
        3
      ],
      [
        7,
        3
      ],
      [
        20,
        3
      ],
      [
        22,
        3
      ],
      [
        41,
        3
      ],
      [
        2,
        4
      ],
      [
        6,
        4
      ]
    ],
    "overdue": [
      [
        23,
        5.042079207920792
      ],
      [
        27,
        4.390720390720391
      ],
      [
        37,
        2.9384800965018094
      ],
      [
        10,
        2.2829736211031175
      ],
      [
        6,
        2.1975609756097563
      ],
      [
        35,
        2.1458333333333335
      ],
      [
        25,
        1.8275449101796408
      ],
      [
        3,
        1.6019417475728155
      ],
      [
        4,
        1.5090252707581226
      ]
    ]
  },
  "engine_predictions": {
    "advancedpattern": [
      14,
      18,
      22,
      26,
      31,
      44
    ],
    "gap": [
      1,
      7,
      13,
      19,
      25,
      31
    ],
    "graph": [
      7,
      8,
      14,
      21,
      27,
      34
    ],
    "lstm": [
      16,
      18,
      22,
      26,
      30,
      39
    ],
    "ml": [
      9,
      10,
      20,
      31,
      33,
      36
    ],
    "numerology": [
      17,
      22,
      23,
      24,
      25,
      31
    ],
    "pattern": [
      1,
      11,
      13,
      21,
      31,
      41
    ],
    "sequencecorrelation": [
      5,
      7,
      18,
      20,
      33,
      34
    ],
    "statistical": [
      6,
      10,
      27,
      33,
      35,
      37
    ],
    "timeseries": [
      4,
      7,
      19,
      30,
      42,
      45
    ]
  },
  "predicted_sets": [
    {
      "numbers": [
        7,
        18,
        22,
        26,
        31,
        44
      ],
      "confidence": 72.0
    },
    {
      "numbers": [
        7,
        14,
        18,
        22,
        25,
        31
      ],
      "confidence": 71.96666666666667
    },
    {
      "numbers": [
        7,
        10,
        22,
        26,
        31,
        33
      ],
      "confidence": 71.26666666666667
    },
    {
      "numbers": [
        7,
        18,
        21,
        31,
        33,
        44
      ],
      "confidence": 71.125
    },
    {
      "numbers": [
        7,
        20,
        22,
        27,
        31,
        33
      ],
      "confidence": 71.09166666666667
    },
    {
      "numbers": [
        7,
        22,
        26,
        30,
        31,
        44
      ],
      "confidence": 70.63333333333333
    },
    {
      "numbers": [
        7,
        10,
        14,
        22,
        30,
        31
      ],
      "confidence": 70.42500000000001
    },
    {
      "numbers": [
        10,
        18,
        21,
        22,
        31,
        33
      ],
      "confidence": 70.42500000000001
    },
    {
      "numbers": [
        10,
        18,
        25,
        30,
        31,
        33
      ],
      "confidence": 69.75833333333334
    },
    {
      "numbers": [
        5,
        7,
        18,
        26,
        27,
        31
      ],
      "confidence": 69.75833333333334
    },
    {
      "numbers": [
        7,
        10,
        18,
        20,
        30,
        31
      ],
      "confidence": 69.55
    },
    {
      "numbers": [
        9,
        10,
        18,
        26,
        31,
        44
      ],
      "confidence": 69.33333333333334
    },
    {
      "numbers": [
        10,
        13,
        14,
        25,
        27,
        31
      ],
      "confidence": 69.3
    },
    {
      "numbers": [
        1,
        7,
        18,
        19,
        22,
        44
      ],
      "confidence": 69.3
    },
    {
      "numbers": [
        9,
        10,
        18,
        27,
        31,
        34
      ],
      "confidence": 69.3
    },
    {
      "numbers": [
        13,
        18,
        19,
        26,
        31,
        34
      ],
      "confidence": 69.26666666666668
    },
    {
      "numbers": [
        7,
        18,
        25,
        27,
        33,
        44
      ],
      "confidence": 69.125
    },
    {
      "numbers": [
        18,
        21,
        22,
        26,
        31,
        44
      ],
      "confidence": 69.09166666666667
    },
    {
      "numbers": [
        5,
        18,
        21,
        26,
        31,
        33
      ],
      "confidence": 69.09166666666667
    },
    {
      "numbers": [
        7,
        14,
        25,
        31,
        34,
        44
      ],
      "confidence": 68.91666666666667
    },
    {
      "numbers": [
        1,
        5,
        7,
        18,
        31,
        44
      ],
      "confidence": 68.64801150339116
    },
    {
      "numbers": [
        7,
        9,
        18,
        26,
        30,
        34
      ],
      "confidence": 68.63333333333333
    },
    {
      "numbers": [
        1,
        18,
        19,
        20,
        26,
        33
      ],
      "confidence": 68.63333333333333
    },
    {
      "numbers": [
        1,
        7,
        18,
        25,
        26,
        30
      ],
      "confidence": 68.6
    },
    {
      "numbers": [
        1,
        5,
        19,
        22,
        31,
        44
      ],
      "confidence": 68.45833333333334
    },
    {
      "numbers": [
        1,
        5,
        20,
        22,
        31,
        44
      ],
      "confidence": 68.45833333333334
    },
    {
      "numbers": [
        9,
        14,
        22,
        30,
        31,
        44
      ],
      "confidence": 68.45833333333334
    },
    {
      "numbers": [
        7,
        14,
        20,
        22,
        25,
        34
      ],
      "confidence": 68.42500000000001
    },
    {
      "numbers": [
        18,
        21,
        26,
        27,
        31,
        44
      ],
      "confidence": 68.42500000000001
    },
    {
      "numbers": [
        19,
        21,
        22,
        30,
        31,
        44
      ],
      "confidence": 68.42500000000001
    },
    {
      "numbers": [
        14,
        22,
        25,
        30,
        31,
        34
      ],
      "confidence": 68.39166666666668
    },
    {
      "numbers": [
        21,
        22,
        26,
        31,
        33,
        34
      ],
      "confidence": 68.35833333333333
    },
    {
      "numbers": [
        7,
        13,
        19,
        25,
        30,
        44
      ],
      "confidence": 67.96666666666667
    },
    {
      "numbers": [
        9,
        10,
        18,
        21,
        33,
        34
      ],
      "confidence": 67.96666666666667
    },
    {
      "numbers": [
        5,
        18,
        20,
        21,
        27,
        33
      ],
      "confidence": 67.96666666666667
    },
    {
      "numbers": [
        9,
        14,
        18,
        21,
        25,
        33
      ],
      "confidence": 67.96666666666667
    },
    {
      "numbers": [
        5,
        7,
        19,
        22,
        30,
        44
      ],
      "confidence": 67.96666666666667
    },
    {
      "numbers": [
        10,
        13,
        18,
        27,
        33,
        44
      ],
      "confidence": 67.79166666666666
    },
    {
      "numbers": [
        10,
        13,
        18,
        26,
        33,
        44
      ],