{
  "latest_round": 794,
  "next_round": 795,
  "hot_cold": {
    "hot": [
      [
        12,
        16
      ],
      [
        6,
        11
      ],
      [
        19,
        11
      ],
      [
        24,
        10
      ],
      [
        3,
        9
      ],
      [
        7,
        9
      ],
      [
        16,
        9
      ],
      [
        21,
        9
      ],
      [
        31,
        9
      ],
      [
        34,
        9
      ]
    ],
    "cold": [
      [
        25,
        2
      ],
      [
        32,
        2
      ],
      [
        13,
        3
      ],
      [
        22,
        3
      ],
      [
        37,
        3
      ],
      [
        40,
        3
      ],
      [
        44,
        3
      ],
      [
        4,
        4
      ],
      [
        20,
        4
      ],
      [
        23,
        4
      ]
    ],
    "overdue": [
      [
        32,
        3.5847568988173455
      ],
      [
        1,
        3.573122529644269
      ],
      [
        44,
        3.5672823218997363
      ],
      [
        22,
        3.395472703062583
      ],
      [
        40,
        2.7406451612903227
      ],
      [
        37,
        2.326898326898327
      ],
      [
        34,
        1.937984496124031
      ],
      [
        9,
        1.8372093023255813
      ],
      [
        17,
        1.62015503875969
      ],
      [
        14,
        1.5532734274711169
      ]
    ]
  },
  "engine_predictions": {
    "advancedpattern": [
      6,
      7,
      18,
      19,
      30,
      38
    ],
    "gap": [
      1,
      7,
      13,
      19,
      25,
      31
    ],
    "graph": [
      1,
      7,
      15,
      21,
      34,
      45
    ],
    "lstm": [
      2,
      6,
      7,
      10,
      19,
      30
    ],
    "ml": [
      2,
      12,
      33,
      36,
      38,
      42
    ],
    "numerology": [
      16,
      17,
      22,
      23,
      24,
      25
    ],
    "pattern": [
      1,
      11,
      15,
      21,
      31,
      41
    ],
    "sequencecorrelation": [
      10,
      16,
      27,
      33,
      34,
      45
    ],
    "statistical": [
      1,
      17,
      34,
      37,
      40,
      44
    ],
    "timeseries": [
      16,
      22,
      32,
      37,
      40,
      44
    ]
  },
  "predicted_sets": [
    {
      "numbers": [
        1,
        2,
        7,
        19,
        40,
        45
      ],
      "confidence": 70.63333333333333
    },
    {
      "numbers": [
        6,
        7,
        19,
        30,
        38,
        45
      ],
      "confidence": 70.0
    },
    {
      "numbers": [
        7,
        16,
        21,
        34,
        38,
        40
      ],
      "confidence": 69.96666666666667
    },
    {
      "numbers": [
        2,
        7,
        16,
        19,
        38,
        44
      ],
      "confidence": 69.96666666666667
    },
    {
      "numbers": [
        1,
        6,
        7,
        25,
        34,
        40
      ],
      "confidence": 69.93333333333334
    },
    {
      "numbers": [
        7,
        19,
        21,
        33,
        34,
        44
      ],
      "confidence": 69.79166666666667
    },
    {
      "numbers": [
        7,
        19,
        25,
        34,
        38,
        45
      ],
      "confidence": 69.79166666666667
    },
    {
      "numbers": [
        1,
        15,
        16,
        19,
        25,
        34
      ],
      "confidence": 69.75833333333334
    },
    {
      "numbers": [
        1,
        16,
        19,
        21,
        33,
        34
      ],
      "confidence": 69.75833333333334
    },
    {
      "numbers": [
        6,
        7,
        19,
        30,
        33,
        38
      ],
      "confidence": 69.3
    },
    {
      "numbers": [
        1,
        6,
        7,
        38,
        40,
        44
      ],
      "confidence": 69.26666666666668
    },
    {
      "numbers": [
        1,
        2,
        15,
        16,
        34,
        40
      ],
      "confidence": 69.26666666666668
    },
    {
      "numbers": [
        6,
        7,
        16,
        19,
        25,
        38
      ],
      "confidence": 69.09166666666667
    },
    {
      "numbers": [
        7,
        16,
        30,
        34,
        37,
        38
      ],
      "confidence": 69.09166666666667
    },
    {
      "numbers": [
        1,
        10,
        16,
        33,
        34,
        44
      ],
      "confidence": 69.09166666666667
    },
    {
      "numbers": [
        7,
        10,
        16,
        19,
        30,
        45
      ],
      "confidence": 69.09166666666667
    },
    {
      "numbers": [
        1,
        6,
        17,
        19,
        34,
        44
      ],
      "confidence": 69.09166666666667
    },
    {
      "numbers": [
        1,
        6,
        7,
        17,
        38,
        44
      ],
      "confidence": 69.09166666666667
    },
    {
      "numbers": [
        1,
        7,
        15,
        30,
        37,
        38
      ],
      "confidence": 69.09166666666667
    },
    {
      "numbers": [
        2,
        19,
        30,
        33,
        37,
        45
      ],
      "confidence": 68.66666666666666
    },
    {
      "numbers": [
        6,
        10,
        19,
        25,
        34,
        37
      ],
      "confidence": 68.63333333333333
    },
    {
      "numbers": [
        2,
        16,
        19,
        25,
        37,
        40
      ],
      "confidence": 68.63333333333333
    },
    {
      "numbers": [
        2,
        15,
        16,
        19,
        34,
        38
      ],
      "confidence": 68.6
    },
    {
      "numbers": [
        6,
        7,
        21,
        25,
        34,
        38
      ],
      "confidence": 68.6
    },
    {
      "numbers": [
        1,
        25,
        30,
        33,
        34,
        37
      ],
      "confidence": 68.6
    },
    {
      "numbers": [
        6,
        16,
        19,
        21,
        38,
        44
      ],
      "confidence": 68.45833333333334
    },
    {
      "numbers": [
        1,
        17,
        19,
        21,
        30,
        38
      ],
      "confidence": 68.42500000000001
    },
    {
      "numbers": [
        1,
        15,
        16,
        18,
        34,
        45
      ],
      "confidence": 68.42500000000001
    },
    {
      "numbers": [
        6,
        16,
        19,
        33,
        34,
        45
      ],
      "confidence": 68.42500000000001
    },
    {
      "numbers": [
        7,
        16,
        17,
        25,
        30,
        33
      ],
      "confidence": 68.42500000000001
    },
    {
      "numbers": [
        1,
        6,
        15,
        21,
        34,
        38
      ],
      "confidence": 68.42500000000001
    },
    {
      "numbers": [
        1,
        17,
        21,
        33,
        34,
        38
      ],
      "confidence": 68.42500000000001
    },
    {
      "numbers": [
        2,
        7,
        15,
        19,
        30,
        37
      ],
      "confidence": 68.42500000000001
    },
    {
      "numbers": [
        1,
        10,
        19,
        25,
        30,
        44
      ],
      "confidence": 68.42500000000001
    },
    {
      "numbers": [
        1,
        2,
        7,
        33,
        37,
        44
      ],
      "confidence": 68.39166666666668
    },
    {
      "numbers": [
        1,
        7,
        10,
        38,
        40,
        45
      ],
      "confidence": 68.39166666666668
    },
    {
      "numbers": [
        6,
        7,
        16,
        19,
        44,
        45
      ],
      "confidence": 68.39166666666668
    },
    {
      "numbers": [
        6,
        7,
        15,
        16,
        34,
        38
      ],