{
  "latest_round": 215,
  "next_round": 216,
  "hot_cold": {
    "hot": [
      [
        14,
        12
      ],
      [
        2,
        10
      ],
      [
        3,
        10
      ],
      [
        20,
        10
      ],
      [
        24,
        10
      ],
      [
        37,
        10
      ],
      [
        45,
        10
      ],
      [
        18,
        9
      ],
      [
        25,
        9
      ],
      [
        34,
        9
      ]
    ],
    "cold": [
      [
        9,
        3
      ],
      [
        28,
        3
      ],
      [
        6,
        4
      ],
      [
        17,
        4
      ],
      [
        22,
        4
      ],
      [
        23,
        4
      ],
      [
        26,
        4
      ],
      [
        38,
        4
      ],
      [
        41,
        4
      ],
      [
        42,
        4
      ]
    ],
    "overdue": [
      [
        9,
        3.661016949152542
      ],
      [
        26,
        3.2393617021276597
      ],
      [
        42,
        2.953846153846154
      ],
      [
        8,
        2.875
      ],
      [
        36,
        2.863157894736842
      ],
      [
        16,
        2.22680412371134
      ],
      [
        6,
        2.096774193548387
      ],
      [
        39,
        1.8762886597938144
      ],
      [
        30,
        1.7487437185929648
      ],
      [
        27,
        1.6984924623115578
      ]
    ]
  },
  "engine_predictions": {
    "advancedpattern": [
      2,
      3,
      7,
      15,
      43,
      44
    ],
    "gap": [
      1,
      7,
      13,
      19,
      25,
      31
    ],
    "graph": [
      2,
      3,
      25,
      35,
      36,
      37
    ],
    "lstm": [
      2,
      3,
      7,
      20,
      25,
      37
    ],
    "ml": [
      2,
      3,
      7,
      15,
      43,
      44
    ],
    "numerology": [
      16,
      17,
      22,
      23,
      24,
      25
    ],
    "pattern": [
      3,
      13,
      23,
      33,
      35,
      43
    ],
    "sequencecorrelation": [
      3,
      7,
      10,
      25,
      35,
      37
    ],
    "statistical": [
      6,
      8,
      35,
      36,
      42,
      45
    ],
    "timeseries": [
      6,
      8,
      20,
      32,
      35,
      45
    ]
  },
  "predicted_sets": [
    {
      "numbers": [
        3,
        7,
        20,
        25,
        35,
        44
      ],
      "confidence": 75.79166666666667
    },
    {
      "numbers": [
        2,
        3,
        7,
        35,
        36,
        44
      ],
      "confidence": 74.6
    },
    {
      "numbers": [
        2,
        7,
        13,
        25,
        35,
        36
      ],
      "confidence": 73.75833333333334
    },
    {
      "numbers": [
        2,
        3,
        7,
        25,
        36,
        42
      ],
      "confidence": 73.75833333333334
    },
    {
      "numbers": [
        2,
        3,
        7,
        25,
        32,
        43
      ],
      "confidence": 73.55
    },
    {
      "numbers": [
        2,
        7,
        13,
        25,
        36,
        44
      ],
      "confidence": 73.33333333333334
    },
    {
      "numbers": [
        2,
        7,
        20,
        35,
        43,
        44
      ],
      "confidence": 73.3
    },
    {
      "numbers": [
        3,
        6,
        7,
        20,
        35,
        42
      ],
      "confidence": 73.3
    },
    {
      "numbers": [
        2,
        3,
        8,
        25,
        35,
        42
      ],
      "confidence": 72.88333333333333
    },
    {
      "numbers": [
        2,
        7,
        23,
        25,
        36,
        43
      ],
      "confidence": 72.42500000000001
    },
    {
      "numbers": [
        2,
        7,
        15,
        35,
        36,
        43
      ],
      "confidence": 72.42500000000001
    },
    {
      "numbers": [
        7,
        8,
        25,
        35,
        36,
        44
      ],
      "confidence": 72.42500000000001
    },
    {
      "numbers": [
        2,
        3,
        7,
        15,
        35,
        42
      ],
      "confidence": 72.41521590899532
    },
    {
      "numbers": [
        7,
        15,
        25,
        35,
        36,
        44
      ],
      "confidence": 72.25
    },
    {
      "numbers": [
        2,
        8,
        25,
        36,
        37,
        43
      ],
      "confidence": 71.96666666666667
    },
    {
      "numbers": [
        8,
        20,
        25,
        35,
        37,
        44
      ],
      "confidence": 71.79166666666666
    },
    {
      "numbers": [
        1,
        2,
        25,
        35,
        36,
        43
      ],
      "confidence": 71.75833333333334
    },
    {
      "numbers": [
        2,
        3,
        17,
        35,
        44,
        45
      ],
      "confidence": 71.75833333333334
    },
    {
      "numbers": [
        2,
        3,
        7,
        8,
        43,
        45
      ],
      "confidence": 71.69166666666666
    },
    {
      "numbers": [
        7,
        17,
        20,
        25,
        35,
        44
      ],
      "confidence": 71.58333333333334
    },
    {
      "numbers": [
        2,
        6,
        25,
        35,
        36,
        43
      ],
      "confidence": 71.55
    },
    {
      "numbers": [
        2,
        13,
        17,
        20,
        25,
        35
      ],
      "confidence": 71.09166666666667
    },
    {
      "numbers": [
        2,
        3,
        17,
        20,
        35,
        42
      ],
      "confidence": 71.09166666666667
    },
    {
      "numbers": [
        3,
        8,
        17,
        25,
        43,
        44
      ],
      "confidence": 71.09166666666667
    },
    {
      "numbers": [
        2,
        3,
        13,
        37,
        44,
        45
      ],
      "confidence": 71.09166666666667
    },
    {
      "numbers": [
        2,
        6,
        7,
        35,
        44,
        45
      ],
      "confidence": 71.05833333333334
    },
    {
      "numbers": [
        2,
        8,
        25,
        35,
        37,
        42
      ],
      "confidence": 70.88333333333333
    },
    {
      "numbers": [
        3,
        6,
        7,
        37,
        43,
        44
      ],
      "confidence": 70.85
    },
    {
      "numbers": [
        1,
        2,
        6,
        25,
        37,
        44
      ],
      "confidence": 70.63333333333333
    },
    {
      "numbers": [
        2,
        6,
        20,
        25,
        37,
        42
      ],
      "confidence": 70.45833333333334
    },
    {
      "numbers": [
        3,
        13,
        20,
        25,
        42,
        44
      ],
      "confidence": 70.42500000000001
    },
    {
      "numbers": [
        7,
        15,
        20,
        23,
        25,
        44
      ],
      "confidence": 70.42500000000001
    },
    {
      "numbers": [
        7,
        8,
        23,
        25,
        32,
        43
      ],
      "confidence": 70.42500000000001
    },
    {
      "numbers": [
        2,
        8,
        13,
        25,
        43,
        44
      ],
      "confidence": 70.42500000000001
    },
    {
      "numbers": [
        1,
        2,
        7,
        25,
        36,
        42
      ],
      "confidence": 70.42500000000001
    },
    {
      "numbers": [
        3,
        7,
        15,
        20,
        44,
        45
      ],
      "confidence": 70.39166666666667
    },
    {
      "numbers": [
        1,
        3,
        6,
        25,
        36,
        37
      ],
      "confidence": 70.39166666666667
    },
    {
      "numbers": [
        3,
        7,
        13,
        37,
        42,
        44
      ],
      "confidence": 70.21666666666667
    },
    {
      "numbers": [
        2,
        8,
        25,
        32,
        35,
        44
      ],