{
  "latest_round": 1180,
  "next_round": 1181,
  "hot_cold": {
    "hot": [
      [
        7,
        12
      ],
      [
        3,
        10
      ],
      [
        6,
        10
      ],
      [
        27,
        10
      ],
      [
        38,
        10
      ],
      [
        9,
        9
      ],
      [
        12,
        9
      ],
      [
        37,
        9
      ],
      [
        11,
        8
      ],
      [
        13,
        8
      ]
    ],
    "cold": [
      [
        23,
        3
      ],
      [
        1,
        4
      ],
      [
        4,
        4
      ],
      [
        10,
        4
      ],
      [
        22,
        4
      ],
      [
        41,
        4
      ],
      [
        43,
        4
      ],
      [
        5,
        5
      ],
      [
        14,
        5
      ],
      [
        17,
        5
      ]
    ],
    "overdue": [
      [
        10,
        3.336221837088388
      ],
      [
        2,
        2.1764705882352944
      ],
      [
        45,
        2.1725932350390287
      ],
      [
        22,
        2.1462140992167105
      ],
      [
        29,
        1.7545064377682404
      ],
      [
        31,
        1.7534364261168385
      ],
      [
        25,
        1.7319587628865978
      ],
      [
        33,
        1.7069408740359897
      ],
      [
        34,
        1.540447504302926
      ],
      [
        23,
        1.5385934819897085
      ]
    ]
  },
  "engine_predictions": {
    "advancedpattern": [
      6,
      12,
      18,
      37,
      40,
      41
    ],
    "gap": [
      1,
      7,
      13,
      19,
      25,
      31
    ],
    "graph": [
      11,
      12,
      14,
      24,
      27,
      34
    ],
    "lstm": [
      3,
      6,
      7,
      11,
      18,
      40
    ],
    "ml": [
      6,
      18,
      19,
      26,
      31,
      40
    ],
    "numerology": [
      17,
      22,
      23,
      24,
      25,
      31
    ],
    "pattern": [
      3,
      11,
      13,
      23,
      33,
      43
    ],
    "sequencecorrelation": [
      18,
      21,
      34,
      38,
      39,
      43
    ],
    "statistical": [
      2,
      10,
      25,
      29,
      38,
      45
    ],
    "timeseries": [
      7,
      20,
      22,
      23,
      25,
      45
    ]
  },
  "predicted_sets": [
    {
      "numbers": [
        6,
        12,
        18,
        25,
        40,
        43
      ],
      "confidence": 72.0
    },
    {
      "numbers": [
        6,
        11,
        18,
        24,
        25,
        40
      ],
      "confidence": 71.96666666666667
    },
    {
      "numbers": [
        6,
        11,
        18,
        24,
        25,
        43
      ],
      "confidence": 71.3
    },
    {
      "numbers": [
        6,
        7,
        18,
        22,
        25,
        43
      ],
      "confidence": 71.3
    },
    {
      "numbers": [
        7,
        11,
        12,
        18,
        23,
        40
      ],
      "confidence": 71.3
    },
    {
      "numbers": [
        7,
        18,
        23,
        31,
        40,
        43
      ],
      "confidence": 71.125
    },
    {
      "numbers": [
        6,
        11,
        18,
        19,
        25,
        37
      ],
      "confidence": 70.63333333333333
    },
    {
      "numbers": [
        7,
        18,
        22,
        24,
        25,
        43
      ],
      "confidence": 70.63333333333333
    },
    {
      "numbers": [
        6,
        18,
        25,
        34,
        37,
        40
      ],
      "confidence": 70.63333333333333
    },
    {
      "numbers": [
        3,
        6,
        11,
        23,
        25,
        40
      ],
      "confidence": 70.42500000000001
    },
    {
      "numbers": [
        18,
        23,
        25,
        31,
        34,
        40
      ],
      "confidence": 70.3410248698866
    },
    {
      "numbers": [
        6,
        7,
        19,
        25,
        34,
        41
      ],
      "confidence": 70.0
    },
    {
      "numbers": [
        7,
        11,
        18,
        19,
        24,
        43
      ],
      "confidence": 69.96666666666667
    },
    {
      "numbers": [
        6,
        7,
        19,
        23,
        34,
        40
      ],
      "confidence": 69.96666666666667
    },
    {
      "numbers": [
        12,
        18,
        23,
        24,
        31,
        45
      ],
      "confidence": 69.96666666666667
    },
    {
      "numbers": [
        12,
        18,
        24,
        25,
        40,
        41
      ],
      "confidence": 69.96666666666667
    },
    {
      "numbers": [
        6,
        18,
        24,
        31,
        37,
        40
      ],
      "confidence": 69.96666666666667
    },
    {
      "numbers": [
        6,
        11,
        25,
        34,
        37,
        40
      ],
      "confidence": 69.96666666666667
    },
    {
      "numbers": [
        7,
        13,
        18,
        22,
        24,
        25
      ],
      "confidence": 69.93333333333334
    },
    {
      "numbers": [
        6,
        12,
        23,
        25,
        31,
        41
      ],
      "confidence": 69.79166666666667
    },
    {
      "numbers": [
        7,
        11,
        12,
        18,
        23,
        38
      ],
      "confidence": 69.75833333333334
    },
    {
      "numbers": [
        7,
        11,
        12,
        23,
        31,
        40
      ],
      "confidence": 69.75833333333334
    },
    {
      "numbers": [
        11,
        18,
        19,
        25,
        31,
        34
      ],
      "confidence": 69.725
    },
    {
      "numbers": [
        7,
        13,
        19,
        24,
        40,
        45
      ],
      "confidence": 69.33333333333334
    },
    {
      "numbers": [
        7,
        19,
        22,
        24,
        25,
        43
      ],
      "confidence": 69.3
    },
    {
      "numbers": [
        7,
        13,
        18,
        19,
        22,
        45
      ],
      "confidence": 69.3
    },
    {
      "numbers": [
        3,
        6,
        25,
        31,
        34,
        45
      ],
      "confidence": 69.09166666666667
    },
    {
      "numbers": [
        7,
        18,
        23,
        24,
        31,
        37
      ],
      "confidence": 69.09166666666667
    },
    {
      "numbers": [
        3,
        7,
        12,
        23,
        25,
        38
      ],
      "confidence": 69.09166666666667
    },
    {
      "numbers": [
        6,
        7,
        18,
        34,
        38,
        43
      ],
      "confidence": 69.09166666666667
    },
    {
      "numbers": [
        11,
        22,
        23,
        25,
        38,
        45
      ],
      "confidence": 69.09166666666667
    },
    {
      "numbers": [
        7,
        11,
        18,
        19,
        40,
        41
      ],
      "confidence": 69.09166666666667
    },
    {
      "numbers": [
        6,
        24,
        25,
        31,
        34,
        43
      ],
      "confidence": 69.09166666666667
    },
    {
      "numbers": [
        12,
        18,
        19,
        22,
        25,
        40
      ],
      "confidence": 69.05833333333334
    },
    {
      "numbers": [
        3,
        18,
        24,
        25,
        38,
        43
      ],
      "confidence": 68.91666666666667
    },
    {
      "numbers": [
        3,
        6,
        18,
        23,
        34,
        43
      ],
      "confidence": 68.91666666666667
    },
    {
      "numbers": [
        3,
        12,
        25,
        34,
        38,
        41
      ],
      "confidence": 68.66666666666666
    },
    {
      "numbers": [
        6,
        19,
        23,
        34,
        41,
        45
      ],