{
  "latest_round": 276,
  "next_round": 277,
  "hot_cold": {
    "hot": [
      [
        24,
        12
      ],
      [
        31,
        12
      ],
      [
        27,
        11
      ],
      [
        4,
        10
      ],
      [
        5,
        10
      ],
      [
        9,
        10
      ],
      [
        39,
        10
      ],
      [
        19,
        9
      ],
      [
        37,
        9
      ],
      [
        8,
        8
      ]
    ],
    "cold": [
      [
        33,
        2
      ],
      [
        2,
        3
      ],
      [
        18,
        3
      ],
      [
        29,
        3
      ],
      [
        30,
        3
      ],
      [
        7,
        4
      ],
      [
        10,
        4
      ],
      [
        22,
        4
      ],
      [
        3,
        5
      ],
      [
        17,
        5
      ]
    ],
    "overdue": [
      [
        2,
        5.453389830508475
      ],
      [
        17,
        4.334728033472803
      ],
      [
        23,
        2.4313725490196076
      ],
      [
        30,
        2.338582677165354
      ],
      [
        25,
        2.1
      ],
      [
        6,
        2.0040485829959516
      ],
      [
        37,
        1.9166666666666667
      ],
      [
        28,
        1.5974576271186443
      ]
    ]
  },
  "engine_predictions": {
    "advancedpattern": [
      4,
      15,
      21,
      33,
      39,
      41
    ],
    "gap": [
      1,
      7,
      13,
      19,
      25,
      31
    ],
    "graph": [
      27,
      31,
      34,
      37,
      39,
      40
    ],
    "lstm": [
      9,
      14,
      15,
      20,
      35,
      39
    ],
    "ml": [
      3,
      20,
      31,
      33,
      39,
      41
    ],
    "numerology": [
      17,
      22,
      23,
      24,
      25,
      31
    ],
    "pattern": [
      5,
      15,
      25,
      31,
      35,
      45
    ],
    "sequencecorrelation": [
      18,
      24,
      36,
      37,
      42,
      44
    ],
    "statistical": [
      6,
      17,
      23,
      25,
      30,
      37
    ],
    "timeseries": [
      3,
      18,
      20,
      30,
      32,
      36
    ]
  },
  "predicted_sets": [
    {
      "numbers": [
        4,
        20,
        25,
        33,
        39,
        41
      ],
      "confidence": 70.66666666666667
    },
    {
      "numbers": [
        4,
        20,
        25,
        37,
        39,
        42
      ],
      "confidence": 70.66666666666667
    },
    {
      "numbers": [
        3,
        4,
        20,
        25,
        31,
        42
      ],
      "confidence": 70.66666666666667
    },
    {
      "numbers": [
        4,
        23,
        25,
        31,
        39,
        42
      ],
      "confidence": 70.63333333333333
    },
    {
      "numbers": [
        4,
        15,
        31,
        37,
        39,
        42
      ],
      "confidence": 70.63333333333333
    },
    {
      "numbers": [
        15,
        18,
        30,
        31,
        36,
        39
      ],
      "confidence": 70.6
    },
    {
      "numbers": [
        4,
        15,
        20,
        25,
        37,
        39
      ],
      "confidence": 70.42500000000001
    },
    {
      "numbers": [
        15,
        20,
        24,
        33,
        37,
        39
      ],
      "confidence": 69.93333333333334
    },
    {
      "numbers": [
        15,
        18,
        23,
        31,
        39,
        40
      ],
      "confidence": 69.93333333333334
    },
    {
      "numbers": [
        3,
        18,
        24,
        31,
        37,
        41
      ],
      "confidence": 69.79166666666667
    },
    {
      "numbers": [
        20,
        23,
        25,
        30,
        31,
        42
      ],
      "confidence": 69.75833333333334
    },
    {
      "numbers": [
        4,
        20,
        24,
        25,
        31,
        33
      ],
      "confidence": 69.75833333333334
    },
    {
      "numbers": [
        3,
        4,
        20,
        24,
        31,
        39
      ],
      "confidence": 69.75833333333334
    },
    {
      "numbers": [
        15,
        20,
        30,
        31,
        33,
        37
      ],
      "confidence": 69.725
    },
    {
      "numbers": [
        15,
        20,
        25,
        30,
        39,
        41
      ],
      "confidence": 69.55
    },
    {
      "numbers": [
        4,
        18,
        25,
        39,
        40,
        41
      ],
      "confidence": 69.33333333333334
    },
    {
      "numbers": [
        15,
        18,
        20,
        24,
        39,
        42
      ],
      "confidence": 69.3
    },
    {
      "numbers": [
        15,
        18,
        20,
        24,
        33,
        39
      ],
      "confidence": 69.26666666666668
    },
    {
      "numbers": [
        17,
        18,
        25,
        31,
        33,
        40
      ],
      "confidence": 69.26666666666668
    },
    {
      "numbers": [
        4,
        17,
        18,
        31,
        33,
        39
      ],
      "confidence": 69.26666666666668
    },
    {
      "numbers": [
        3,
        4,
        20,
        31,
        37,
        41
      ],
      "confidence": 69.09166666666667
    },
    {
      "numbers": [
        3,
        17,
        30,
        31,
        36,
        37
      ],
      "confidence": 69.09166666666667
    },
    {
      "numbers": [
        3,
        20,
        21,
        25,
        30,
        39
      ],
      "confidence": 69.09166666666667
    },
    {
      "numbers": [
        3,
        15,
        24,
        30,
        31,
        33
      ],
      "confidence": 69.09166666666667
    },
    {
      "numbers": [
        4,
        21,
        25,
        31,
        39,
        42
      ],
      "confidence": 69.09166666666667
    },
    {
      "numbers": [
        15,
        17,
        20,
        31,
        39,
        40
      ],
      "confidence": 69.025
    },
    {
      "numbers": [
        3,
        20,
        30,
        31,
        33,
        37
      ],
      "confidence": 68.88333333333333
    },
    {
      "numbers": [
        15,
        20,
        24,
        25,
        31,
        40
      ],
      "confidence": 68.85
    },
    {
      "numbers": [
        4,
        15,
        21,
        30,
        37,
        39
      ],
      "confidence": 68.63333333333333
    },
    {
      "numbers": [
        3,
        15,
        24,
        30,
        35,
        39
      ],
      "confidence": 68.42500000000001
    },
    {
      "numbers": [
        3,
        15,
        24,
        25,
        30,
        41
      ],
      "confidence": 68.42500000000001
    },
    {
      "numbers": [
        4,
        15,
        25,
        33,
        39,
        40
      ],
      "confidence": 68.42500000000001
    },
    {
      "numbers": [
        4,
        25,
        30,
        31,
        33,
        35
      ],
      "confidence": 68.39166666666668
    },
    {
      "numbers": [
        4,
        23,
        24,
        31,
        35,
        39
      ],
      "confidence": 68.39166666666668
    },
    {
      "numbers": [
        15,
        20,
        21,
        24,
        25,
        37
      ],
      "confidence": 68.39166666666668
    },
    {
      "numbers": [
        3,
        23,
        24,
        25,
        31,
        40
      ],
      "confidence": 68.39166666666668
    },
    {
      "numbers": [
        3,
        4,
        25,
        31,
        35,
        36
      ],
      "confidence": 68.39166666666668
    },
    {
      "numbers": [
        15,
        20,
        24,
        31,
        41,
        42
      ],
      "confidence": 68.13980036681352
    },
    {
      "numbers": [
        4,
        17,
        23,
        25,
        40,
        41
      ],