{
  "latest_round": 754,
  "next_round": 755,
  "hot_cold": {
    "hot": [
      [
        2,
        14
      ],
      [
        19,
        11
      ],
      [
        10,
        10
      ],
      [
        33,
        10
      ],
      [
        41,
        10
      ],
      [
        45,
        10
      ],
      [
        4,
        9
      ],
      [
        21,
        9
      ],
      [
        24,
        9
      ],
      [
        34,
        9
      ]
    ],
    "cold": [
      [
        26,
        2
      ],
      [
        38,
        2
      ],
      [
        25,
        3
      ],
      [
        42,
        3
      ],
      [
        5,
        4
      ],
      [
        9,
        4
      ],
      [
        14,
        4
      ],
      [
        29,
        4
      ],
      [
        31,
        4
      ],
      [
        39,
        4
      ]
    ],
    "overdue": [
      [
        39,
        4.392156862745098
      ],
      [
        25,
        3.123456790123457
      ],
      [
        30,
        3.0883977900552484
      ],
      [
        6,
        2.5277777777777777
      ],
      [
        11,
        2.504774897680764
      ],
      [
        27,
        2.0433604336043363
      ],
      [
        38,
        2.030344827586207
      ],
      [
        35,
        1.9348127600554785
      ],
      [
        5,
        1.8803894297635606
      ]
    ]
  },
  "engine_predictions": {
    "advancedpattern": [
      2,
      8,
      17,
      24,
      29,
      31
    ],
    "gap": [
      1,
      7,
      13,
      19,
      25,
      31
    ],
    "graph": [
      1,
      15,
      20,
      31,
      34,
      40
    ],
    "lstm": [
      2,
      3,
      12,
      17,
      20,
      24
    ],
    "ml": [
      2,
      8,
      17,
      29,
      37,
      44
    ],
    "numerology": [
      13,
      17,
      22,
      23,
      25,
      31
    ],
    "pattern": [
      3,
      13,
      15,
      23,
      33,
      43
    ],
    "sequencecorrelation": [
      14,
      15,
      27,
      34,
      37,
      40
    ],
    "statistical": [
      6,
      11,
      21,
      25,
      27,
      38
    ],
    "timeseries": [
      3,
      12,
      18,
      27,
      35,
      38
    ]
  },
  "predicted_sets": [
    {
      "numbers": [
        2,
        8,
        17,
        25,
        29,
        31
      ],
      "confidence": 71.3
    },
    {
      "numbers": [
        2,
        15,
        17,
        20,
        24,
        31
      ],
      "confidence": 71.3
    },
    {
      "numbers": [
        2,
        17,
        20,
        23,
        25,
        31
      ],
      "confidence": 71.3
    },
    {
      "numbers": [
        2,
        8,
        17,
        24,
        29,
        31
      ],
      "confidence": 70.63333333333333
    },
    {
      "numbers": [
        2,
        3,
        17,
        25,
        29,
        34
      ],
      "confidence": 70.63333333333333
    },
    {
      "numbers": [
        2,
        17,
        29,
        31,
        38,
        40
      ],
      "confidence": 70.63333333333333
    },
    {
      "numbers": [
        8,
        15,
        17,
        20,
        25,
        31
      ],
      "confidence": 70.42500000000001
    },
    {
      "numbers": [
        13,
        17,
        29,
        31,
        34,
        40
      ],
      "confidence": 69.93333333333334
    },
    {
      "numbers": [
        8,
        13,
        17,
        29,
        31,
        38
      ],
      "confidence": 69.75833333333334
    },
    {
      "numbers": [
        2,
        17,
        20,
        24,
        31,
        34
      ],
      "confidence": 69.75833333333334
    },
    {
      "numbers": [
        2,
        14,
        17,
        27,
        31,
        40
      ],
      "confidence": 69.75833333333334
    },
    {
      "numbers": [
        3,
        12,
        15,
        17,
        25,
        34
      ],
      "confidence": 69.60927104114808
    },
    {
      "numbers": [
        1,
        2,
        17,
        23,
        34,
        40
      ],
      "confidence": 69.3
    },
    {
      "numbers": [
        1,
        12,
        15,
        17,
        29,
        38
      ],
      "confidence": 69.3
    },
    {
      "numbers": [
        2,
        23,
        27,
        29,
        31,
        34
      ],
      "confidence": 69.26666666666668
    },
    {
      "numbers": [
        2,
        8,
        23,
        25,
        31,
        34
      ],
      "confidence": 69.26666666666668
    },
    {
      "numbers": [
        3,
        13,
        24,
        31,
        37,
        40
      ],
      "confidence": 69.09166666666667
    },
    {
      "numbers": [
        8,
        17,
        23,
        24,
        31,
        34
      ],
      "confidence": 69.09166666666667
    },
    {
      "numbers": [
        3,
        12,
        24,
        27,
        31,
        34
      ],
      "confidence": 69.09166666666667
    },
    {
      "numbers": [
        8,
        13,
        24,
        27,
        31,
        38
      ],
      "confidence": 69.09166666666667
    },
    {
      "numbers": [
        8,
        15,
        23,
        25,
        31,
        34
      ],
      "confidence": 69.09166666666667
    },
    {
      "numbers": [
        2,
        12,
        23,
        24,
        27,
        31
      ],
      "confidence": 69.09166666666667
    },
    {
      "numbers": [
        8,
        15,
        17,
        25,
        29,
        34
      ],
      "confidence": 69.09166666666667
    },
    {
      "numbers": [
        13,
        14,
        15,
        17,
        24,
        31
      ],
      "confidence": 69.05833333333334
    },
    {
      "numbers": [
        12,
        14,
        17,
        25,
        27,
        31
      ],
      "confidence": 69.05833333333334
    },
    {
      "numbers": [
        2,
        15,
        17,
        24,
        27,
        37
      ],
      "confidence": 68.88333333333333
    },
    {
      "numbers": [
        2,
        15,
        29,
        37,
        38,
        40
      ],
      "confidence": 68.63333333333333
    },
    {
      "numbers": [
        2,
        3,
        20,
        23,
        25,
        31
      ],
      "confidence": 68.60927104114808
    },
    {
      "numbers": [
        12,
        13,
        14,
        20,
        27,
        31
      ],
      "confidence": 68.6
    },
    {
      "numbers": [
        2,
        8,
        12,
        29,
        31,
        34
      ],
      "confidence": 68.42500000000001
    },
    {
      "numbers": [
        8,
        17,
        23,
        24,
        25,
        34
      ],
      "confidence": 68.42500000000001
    },
    {
      "numbers": [
        3,
        15,
        25,
        29,
        34,
        40
      ],
      "confidence": 68.42500000000001
    },
    {
      "numbers": [
        3,
        14,
        24,
        25,
        31,
        38
      ],
      "confidence": 68.42500000000001
    },
    {
      "numbers": [
        1,
        15,
        24,
        25,
        27,
        38
      ],
      "confidence": 68.42500000000001
    },
    {
      "numbers": [
        13,
        17,
        20,
        24,
        25,
        40
      ],
      "confidence": 68.39166666666668
    },
    {
      "numbers": [
        12,
        13,
        17,
        27,
        29,
        34
      ],
      "confidence": 68.39166666666668
    },
    {
      "numbers": [
        8,
        15,
        17,
        20,
        24,
        25
      ],
      "confidence": 68.39166666666668
    },
    {
      "numbers": [
        2,
        15,
        17,
        34,
        37,
        40
      ],
      "confidence": 68.39166666666668
    },
    {
      "numbers": [
        14,
        17,
        20,
        27,
        31,
        38
      ],