{
  "latest_round": 590,
  "next_round": 591,
  "hot_cold": {
    "hot": [
      [
        20,
        14
      ],
      [
        34,
        11
      ],
      [
        17,
        10
      ],
      [
        26,
        10
      ],
      [
        32,
        10
      ],
      [
        5,
        9
      ],
      [
        7,
        9
      ],
      [
        41,
        9
      ],
      [
        44,
        9
      ],
      [
        12,
        8
      ]
    ],
    "cold": [
      [
        9,
        1
      ],
      [
        23,
        3
      ],
      [
        36,
        3
      ],
      [
        19,
        4
      ],
      [
        22,
        4
      ],
      [
        24,
        4
      ],
      [
        30,
        4
      ],
      [
        39,
        4
      ],
      [
        3,
        5
      ],
      [
        16,
        5
      ]
    ],
    "overdue": [
      [
        1,
        3.184257602862254
      ],
      [
        26,
        2.8584070796460175
      ],
      [
        24,
        2.75531914893617
      ],
      [
        23,
        2.625
      ],
      [
        13,
        2.526315789473684
      ],
      [
        4,
        2.50177304964539
      ],
      [
        43,
        2.2774774774774773
      ],
      [
        19,
        2.0735551663747813
      ]
    ]
  },
  "engine_predictions": {
    "advancedpattern": [
      20,
      30,
      36,
      38,
      41,
      45
    ],
    "gap": [
      1,
      7,
      13,
      19,
      25,
      31
    ],
    "graph": [
      1,
      20,
      26,
      31,
      34,
      40
    ],
    "lstm": [
      2,
      7,
      8,
      33,
      38,
      41
    ],
    "ml": [
      5,
      8,
      13,
      18,
      19,
      38
    ],
    "numerology": [
      13,
      17,
      22,
      23,
      25,
      31
    ],
    "pattern": [
      5,
      11,
      15,
      25,
      35,
      45
    ],
    "sequencecorrelation": [
      14,
      20,
      25,
      26,
      34,
      40
    ],
    "statistical": [
      1,
      4,
      5,
      13,
      26,
      43
    ],
    "timeseries": [
      5,
      9,
      11,
      19,
      23,
      42
    ]
  },
  "predicted_sets": [
    {
      "numbers": [
        5,
        13,
        20,
        26,
        38,
        41
      ],
      "confidence": 72.66666666666666
    },
    {
      "numbers": [
        5,
        13,
        19,
        26,
        38,
        41
      ],
      "confidence": 72.66666666666666
    },
    {
      "numbers": [
        7,
        13,
        26,
        34,
        38,
        45
      ],
      "confidence": 70.66666666666667
    },
    {
      "numbers": [
        5,
        19,
        23,
        34,
        38,
        41
      ],
      "confidence": 70.66666666666667
    },
    {
      "numbers": [
        1,
        7,
        19,
        25,
        26,
        40
      ],
      "confidence": 70.63333333333333
    },
    {
      "numbers": [
        7,
        13,
        19,
        20,
        25,
        36
      ],
      "confidence": 70.63333333333333
    },
    {
      "numbers": [
        1,
        13,
        14,
        19,
        25,
        40
      ],
      "confidence": 70.63333333333333
    },
    {
      "numbers": [
        13,
        19,
        20,
        25,
        36,
        38
      ],
      "confidence": 70.6
    },
    {
      "numbers": [
        5,
        13,
        19,
        31,
        36,
        38
      ],
      "confidence": 70.6
    },
    {
      "numbers": [
        19,
        20,
        25,
        31,
        34,
        38
      ],
      "confidence": 70.6
    },
    {
      "numbers": [
        5,
        8,
        19,
        26,
        31,
        45
      ],
      "confidence": 70.45833333333334
    },
    {
      "numbers": [
        5,
        13,
        19,
        20,
        30,
        38
      ],
      "confidence": 70.42500000000001
    },
    {
      "numbers": [
        1,
        8,
        13,
        25,
        26,
        41
      ],
      "confidence": 70.42500000000001
    },
    {
      "numbers": [
        5,
        19,
        25,
        26,
        40,
        45
      ],
      "confidence": 70.25
    },
    {
      "numbers": [
        5,
        13,
        20,
        26,
        40,
        45
      ],
      "confidence": 70.25
    },
    {
      "numbers": [
        5,
        19,
        25,
        34,
        38,
        45
      ],
      "confidence": 70.25
    },
    {
      "numbers": [
        5,
        11,
        25,
        26,
        31,
        38
      ],
      "confidence": 70.21666666666667
    },
    {
      "numbers": [
        1,
        19,
        23,
        38,
        40,
        45
      ],
      "confidence": 70.0
    },
    {
      "numbers": [
        5,
        13,
        20,
        34,
        36,
        41
      ],
      "confidence": 69.96666666666667
    },
    {
      "numbers": [
        7,
        8,
        13,
        19,
        26,
        40
      ],
      "confidence": 69.96666666666667
    },
    {
      "numbers": [
        7,
        20,
        25,
        31,
        34,
        45
      ],
      "confidence": 69.79166666666667
    },
    {
      "numbers": [
        5,
        19,
        26,
        34,
        40,
        45
      ],
      "confidence": 69.79166666666667
    },
    {
      "numbers": [
        1,
        13,
        26,
        36,
        38,
        45
      ],
      "confidence": 69.79166666666667
    },
    {
      "numbers": [
        7,
        13,
        20,
        23,
        31,
        38
      ],
      "confidence": 69.75833333333334
    },
    {
      "numbers": [
        1,
        5,
        19,
        20,
        25,
        36
      ],
      "confidence": 69.66589386019808
    },
    {
      "numbers": [
        5,
        13,
        26,
        36,
        38,
        45
      ],
      "confidence": 69.58333333333334
    },
    {
      "numbers": [
        1,
        13,
        26,
        31,
        34,
        41
      ],
      "confidence": 69.58333333333334
    },
    {
      "numbers": [
        1,
        5,
        25,
        26,
        31,
        34
      ],
      "confidence": 69.51666666666667
    },
    {
      "numbers": [
        13,
        25,
        26,
        31,
        38,
        40
      ],
      "confidence": 69.43637408618677
    },
    {
      "numbers": [
        1,
        13,
        19,
        34,
        36,
        38
      ],
      "confidence": 69.26666666666668
    },
    {
      "numbers": [
        1,
        8,
        13,
        26,
        36,
        45
      ],
      "confidence": 69.125
    },
    {
      "numbers": [
        5,
        13,
        14,
        30,
        38,
        45
      ],
      "confidence": 69.125
    },
    {
      "numbers": [
        1,
        7,
        13,
        30,
        31,
        38
      ],
      "confidence": 69.09166666666667
    },
    {
      "numbers": [
        5,
        13,
        14,
        25,
        36,
        40
      ],
      "confidence": 69.09166666666667
    },
    {
      "numbers": [
        1,
        5,
        8,
        13,
        36,
        45
      ],
      "confidence": 69.09166666666667
    },
    {
      "numbers": [
        1,
        19,
        26,
        30,
        31,
        38
      ],
      "confidence": 69.09166666666667
    },
    {
      "numbers": [
        7,
        13,
        14,
        23,
        25,
        38
      ],
      "confidence": 69.09166666666667
    },
    {
      "numbers": [
        5,
        13,
        26,
        30,
        31,
        36
      ],
      "confidence": 69.09166666666667
    },
    {
      "numbers": [
        5,
        13,
        20,
        34,
        36,
        45
      ],