{
  "latest_round": 143,
  "next_round": 144,
  "hot_cold": {
    "hot": [
      [
        28,
        11
      ],
      [
        34,
        11
      ],
      [
        7,
        10
      ],
      [
        17,
        10
      ],
      [
        36,
        10
      ],
      [
        42,
        10
      ],
      [
        45,
        10
      ],
      [
        3,
        9
      ],
      [
        10,
        9
      ],
      [
        22,
        9
      ]
    ],
    "cold": [
      [
        13,
        2
      ],
      [
        38,
        2
      ],
      [
        21,
        3
      ],
      [
        39,
        3
      ],
      [
        2,
        4
      ],
      [
        24,
        4
      ],
      [
        15,
        5
      ],
      [
        16,
        5
      ],
      [
        18,
        5
      ],
      [
        19,
        5
      ]
    ],
    "overdue": [
      [
        1,
        3.2162162162162162
      ],
      [
        33,
        3.0483870967741935
      ],
      [
        32,
        2.176
      ],
      [
        5,
        2.1333333333333333
      ],
      [
        38,
        1.689655172413793
      ],
      [
        4,
        1.6129032258064515
      ]
    ]
  },
  "engine_predictions": {
    "advancedpattern": [
      16,
      26,
      27,
      28,
      42,
      43
    ],
    "gap": [
      2,
      8,
      14,
      20,
      26,
      32
    ],
    "graph": [
      3,
      7,
      17,
      26,
      33,
      37
    ],
    "lstm": [
      12,
      20,
      27,
      28,
      42,
      43
    ],
    "ml": [
      20,
      26,
      27,
      28,
      42,
      43
    ],
    "numerology": [
      16,
      17,
      23,
      24,
      25,
      26
    ],
    "pattern": [
      3,
      13,
      23,
      33,
      37,
      43
    ],
    "sequencecorrelation": [
      17,
      23,
      25,
      36,
      40,
      42
    ],
    "statistical": [
      1,
      4,
      5,
      32,
      33,
      36
    ],
    "timeseries": [
      2,
      7,
      23,
      35,
      36,
      39
    ]
  },
  "predicted_sets": [
    {
      "numbers": [
        7,
        20,
        26,
        28,
        33,
        42
      ],
      "confidence": 73.33333333333334
    },
    {
      "numbers": [
        7,
        20,
        26,
        35,
        42,
        43
      ],
      "confidence": 72.05506168821003
    },
    {
      "numbers": [
        7,
        20,
        23,
        26,
        35,
        43
      ],
      "confidence": 71.79166666666666
    },
    {
      "numbers": [
        7,
        23,
        26,
        28,
        36,
        43
      ],
      "confidence": 71.55
    },
    {
      "numbers": [
        7,
        20,
        23,
        35,
        36,
        42
      ],
      "confidence": 71.33333333333334
    },
    {
      "numbers": [
        4,
        17,
        20,
        28,
        42,
        43
      ],
      "confidence": 71.3
    },
    {
      "numbers": [
        4,
        23,
        25,
        26,
        28,
        42
      ],
      "confidence": 71.26666666666667
    },
    {
      "numbers": [
        7,
        20,
        27,
        28,
        33,
        42
      ],
      "confidence": 71.125
    },
    {
      "numbers": [
        2,
        17,
        20,
        27,
        36,
        43
      ],
      "confidence": 71.125
    },
    {
      "numbers": [
        2,
        20,
        23,
        26,
        27,
        32
      ],
      "confidence": 71.09166666666667
    },
    {
      "numbers": [
        7,
        25,
        26,
        33,
        36,
        42
      ],
      "confidence": 71.09166666666667
    },
    {
      "numbers": [
        16,
        17,
        20,
        23,
        36,
        42
      ],
      "confidence": 71.09166666666667
    },
    {
      "numbers": [
        2,
        4,
        17,
        23,
        26,
        43
      ],
      "confidence": 71.09166666666667
    },
    {
      "numbers": [
        7,
        17,
        23,
        28,
        33,
        42
      ],
      "confidence": 70.91666666666666
    },
    {
      "numbers": [
        17,
        20,
        25,
        33,
        36,
        42
      ],
      "confidence": 70.68839502154336
    },
    {
      "numbers": [
        2,
        20,
        23,
        26,
        35,
        37
      ],
      "confidence": 70.63333333333333
    },
    {
      "numbers": [
        4,
        17,
        25,
        28,
        42,
        43
      ],
      "confidence": 70.63333333333333
    },
    {
      "numbers": [
        2,
        17,
        25,
        28,
        33,
        42
      ],
      "confidence": 70.45833333333334
    },
    {
      "numbers": [
        16,
        20,
        26,
        27,
        35,
        43
      ],
      "confidence": 70.42500000000001
    },
    {
      "numbers": [
        7,
        17,
        20,
        25,
        26,
        33
      ],
      "confidence": 70.42500000000001
    },
    {
      "numbers": [
        2,
        4,
        17,
        26,
        27,
        43
      ],
      "confidence": 70.42500000000001
    },
    {
      "numbers": [
        3,
        17,
        23,
        26,
        42,
        45
      ],
      "confidence": 70.42500000000001
    },
    {
      "numbers": [
        3,
        26,
        27,
        28,
        35,
        43
      ],
      "confidence": 70.42500000000001
    },
    {
      "numbers": [
        20,
        23,
        26,
        27,
        33,
        35
      ],
      "confidence": 70.39166666666667
    },
    {
      "numbers": [
        3,
        16,
        27,
        33,
        42,
        43
      ],
      "confidence": 70.25
    },
    {
      "numbers": [
        7,
        17,
        20,
        23,
        37,
        42
      ],
      "confidence": 70.25
    },
    {
      "numbers": [
        7,
        16,
        23,
        33,
        36,
        42
      ],
      "confidence": 70.25
    },
    {
      "numbers": [
        2,
        16,
        28,
        33,
        42,
        43
      ],
      "confidence": 70.25
    },
    {
      "numbers": [
        16,
        17,
        23,
        28,
        36,
        43
      ],
      "confidence": 70.21666666666667
    },
    {
      "numbers": [
        2,
        7,
        23,
        36,
        42,
        43
      ],
      "confidence": 70.21666666666667
    },
    {
      "numbers": [
        3,
        16,
        25,
        26,
        42,
        43
      ],
      "confidence": 70.21666666666667
    },
    {
      "numbers": [
        2,
        23,
        27,
        28,
        42,
        43
      ],
      "confidence": 70.18333333333334
    },
    {
      "numbers": [
        16,
        17,
        20,
        26,
        27,
        43
      ],
      "confidence": 70.18333333333334
    },
    {
      "numbers": [
        17,
        20,
        26,
        28,
        32,
        45
      ],
      "confidence": 69.96666666666667
    },
    {
      "numbers": [
        3,
        16,
        28,
        35,
        42,
        43
      ],
      "confidence": 69.79166666666667
    },
    {
      "numbers": [
        2,
        4,
        17,
        27,
        36,
        43
      ],
      "confidence": 69.79166666666667
    },
    {
      "numbers": [
        7,
        20,
        26,
        28,
        35,
        36
      ],
      "confidence": 69.75833333333334
    },
    {
      "numbers": [
        2,
        7,
        16,
        26,
        28,
        33
      ],
      "confidence": 69.75833333333334
    },
    {
      "numbers": [
        2,
        3,
        17,
        23,
        28,
        36
      ],
      "confidence": 69.75833333333334
    },
    {
      "numbers": [
        3,
        4,
        25,
        26,
        33,
        42
      ],