{
  "latest_round": 182,
  "next_round": 183,
  "hot_cold": {
    "hot": [
      [
        13,
        12
      ],
      [
        34,
        12
      ],
      [
        42,
        12
      ],
      [
        39,
        11
      ],
      [
        18,
        10
      ],
      [
        28,
        10
      ],
      [
        19,
        9
      ],
      [
        21,
        9
      ],
      [
        35,
        9
      ],
      [
        36,
        9
      ]
    ],
    "cold": [
      [
        38,
        1
      ],
      [
        8,
        3
      ],
      [
        14,
        3
      ],
      [
        24,
        3
      ],
      [
        32,
        3
      ],
      [
        44,
        3
      ],
      [
        6,
        4
      ],
      [
        7,
        4
      ],
      [
        17,
        4
      ],
      [
        22,
        4
      ]
    ],
    "overdue": [
      [
        7,
        3.25
      ],
      [
        6,
        2.64
      ],
      [
        8,
        2.6052631578947367
      ],
      [
        44,
        2.4836601307189543
      ],
      [
        42,
        2.142857142857143
      ],
      [
        38,
        2.013422818791946
      ],
      [
        3,
        1.5949367088607593
      ]
    ]
  },
  "engine_predictions": {
    "advancedpattern": [
      13,
      15,
      27,
      29,
      34,
      40
    ],
    "gap": [
      2,
      8,
      14,
      20,
      26,
      32
    ],
    "graph": [
      17,
      25,
      33,
      36,
      40,
      42
    ],
    "lstm": [
      13,
      15,
      21,
      29,
      34,
      40
    ],
    "ml": [
      15,
      21,
      29,
      34,
      40,
      45
    ],
    "numerology": [
      17,
      23,
      24,
      25,
      26,
      31
    ],
    "pattern": [
      3,
      13,
      23,
      33,
      35,
      43
    ],
    "sequencecorrelation": [
      23,
      26,
      36,
      37,
      40,
      42
    ],
    "statistical": [
      3,
      6,
      7,
      8,
      41,
      42
    ],
    "timeseries": [
      22,
      24,
      30,
      31,
      33,
      38
    ]
  },
  "predicted_sets": [
    {
      "numbers": [
        8,
        13,
        29,
        34,
        40,
        42
      ],
      "confidence": 72.66666666666666
    },
    {
      "numbers": [
        8,
        15,
        29,
        31,
        40,
        42
      ],
      "confidence": 72.0
    },
    {
      "numbers": [
        8,
        15,
        23,
        26,
        34,
        40
      ],
      "confidence": 71.96666666666667
    },
    {
      "numbers": [
        13,
        21,
        26,
        29,
        40,
        42
      ],
      "confidence": 71.96666666666667
    },
    {
      "numbers": [
        8,
        13,
        29,
        34,
        36,
        40
      ],
      "confidence": 71.3
    },
    {
      "numbers": [
        13,
        17,
        25,
        34,
        40,
        42
      ],
      "confidence": 71.3
    },
    {
      "numbers": [
        15,
        23,
        24,
        26,
        29,
        40
      ],
      "confidence": 71.26666666666667
    },
    {
      "numbers": [
        3,
        23,
        26,
        29,
        40,
        42
      ],
      "confidence": 71.09166666666667
    },
    {
      "numbers": [
        13,
        15,
        17,
        29,
        34,
        42
      ],
      "confidence": 70.63333333333333
    },
    {
      "numbers": [
        8,
        13,
        24,
        25,
        26,
        40
      ],
      "confidence": 70.63333333333333
    },
    {
      "numbers": [
        8,
        17,
        25,
        29,
        34,
        40
      ],
      "confidence": 70.63333333333333
    },
    {
      "numbers": [
        3,
        17,
        34,
        36,
        40,
        42
      ],
      "confidence": 70.63333333333333
    },
    {
      "numbers": [
        13,
        15,
        21,
        24,
        26,
        40
      ],
      "confidence": 70.6
    },
    {
      "numbers": [
        3,
        13,
        24,
        31,
        40,
        42
      ],
      "confidence": 70.45833333333334
    },
    {
      "numbers": [
        8,
        15,
        29,
        34,
        40,
        45
      ],
      "confidence": 70.45833333333334
    },
    {
      "numbers": [
        13,
        15,
        29,
        33,
        36,
        40
      ],
      "confidence": 70.39166666666667
    },
    {
      "numbers": [
        15,
        23,
        26,
        31,
        33,
        40
      ],
      "confidence": 70.39166666666667
    },
    {
      "numbers": [
        17,
        21,
        25,
        29,
        40,
        42
      ],
      "confidence": 70.09383684464697
    },
    {
      "numbers": [
        8,
        21,
        23,
        26,
        34,
        42
      ],
      "confidence": 69.96666666666667
    },
    {
      "numbers": [
        15,
        17,
        21,
        26,
        34,
        42
      ],
      "confidence": 69.96666666666667
    },
    {
      "numbers": [
        8,
        15,
        21,
        27,
        29,
        40
      ],
      "confidence": 69.96666666666667
    },
    {
      "numbers": [
        13,
        17,
        21,
        26,
        40,
        45
      ],
      "confidence": 69.96666666666667
    },
    {
      "numbers": [
        15,
        26,
        27,
        31,
        33,
        40
      ],
      "confidence": 69.93333333333334
    },
    {
      "numbers": [
        7,
        15,
        33,
        34,
        36,
        40
      ],
      "confidence": 69.93333333333334
    },
    {
      "numbers": [
        8,
        15,
        26,
        29,
        36,
        42
      ],
      "confidence": 69.79166666666667
    },
    {
      "numbers": [
        8,
        13,
        17,
        25,
        33,
        40
      ],
      "confidence": 69.75833333333334
    },
    {
      "numbers": [
        3,
        13,
        17,
        21,
        34,
        40
      ],
      "confidence": 69.75833333333334
    },
    {
      "numbers": [
        15,
        17,
        24,
        26,
        34,
        40
      ],
      "confidence": 69.725
    },
    {
      "numbers": [
        13,
        15,
        21,
        25,
        34,
        40
      ],
      "confidence": 69.725
    },
    {
      "numbers": [
        13,
        15,
        26,
        27,
        33,
        40
      ],
      "confidence": 69.725
    },
    {
      "numbers": [
        3,
        27,
        29,
        34,
        40,
        42
      ],
      "confidence": 69.59383684464697
    },
    {
      "numbers": [
        3,
        13,
        26,
        33,
        40,
        45
      ],
      "confidence": 69.58333333333334
    },
    {
      "numbers": [
        3,
        13,
        15,
        26,
        40,
        45
      ],
      "confidence": 69.58333333333334
    },
    {
      "numbers": [
        13,
        15,
        26,
        33,
        40,
        45
      ],
      "confidence": 69.55
    },
    {
      "numbers": [
        13,
        15,
        23,
        25,
        26,
        40
      ],
      "confidence": 69.51666666666667
    },
    {
      "numbers": [
        13,
        23,
        24,
        26,
        33,
        40
      ],
      "confidence": 69.51666666666667
    },
    {
      "numbers": [
        13,
        25,
        29,
        31,
        34,
        42
      ],
      "confidence": 69.42717017798032
    },
    {
      "numbers": [
        8,
        13,
        26,
        31,
        42,
        45
      ],
      "confidence": 69.33333333333334
    },
    {
      "numbers": [
        13,
        17,
        24,
        29,
        36,
        42
      ],
      "confidence": 69.3
    },
    {
      "numbers": [
        3,
        8,
        25,
        26,
        34,
        42
      ],