{
  "latest_round": 1134,
  "next_round": 1135,
  "hot_cold": {
    "hot": [
      [
        30,
        12
      ],
      [
        13,
        11
      ],
      [
        19,
        11
      ],
      [
        34,
        11
      ],
      [
        40,
        11
      ],
      [
        6,
        10
      ],
      [
        7,
        10
      ],
      [
        14,
        9
      ],
      [
        16,
        9
      ],
      [
        21,
        9
      ]
    ],
    "cold": [
      [
        2,
        2
      ],
      [
        5,
        3
      ],
      [
        8,
        3
      ],
      [
        23,
        3
      ],
      [
        27,
        3
      ],
      [
        39,
        3
      ],
      [
        9,
        4
      ],
      [
        18,
        4
      ],
      [
        25,
        4
      ],
      [
        32,
        4
      ]
    ],
    "overdue": [
      [
        18,
        6.425373134328359
      ],
      [
        39,
        3.5927272727272728
      ],
      [
        43,
        3.2857142857142856
      ],
      [
        22,
        2.90975387420237
      ],
      [
        42,
        2.834234234234234
      ],
      [
        23,
        2.3025134649910233
      ],
      [
        36,
        2.3014440433212995
      ],
      [
        12,
        2.2126696832579182
      ],
      [
        45,
        2.1951219512195124
      ],
      [
        26,
        1.8976660682226212
      ]
    ]
  },
  "engine_predictions": {
    "advancedpattern": [
      3,
      9,
      13,
      14,
      19,
      24
    ],
    "gap": [
      1,
      7,
      13,
      19,
      25,
      31
    ],
    "graph": [
      12,
      18,
      20,
      21,
      34,
      40
    ],
    "lstm": [
      6,
      13,
      14,
      19,
      28,
      34
    ],
    "ml": [
      3,
      7,
      9,
      13,
      19,
      34
    ],
    "numerology": [
      17,
      22,
      23,
      24,
      25,
      31
    ],
    "pattern": [
      3,
      11,
      13,
      23,
      33,
      43
    ],
    "sequencecorrelation": [
      14,
      26,
      27,
      31,
      33,
      34
    ],
    "statistical": [
      12,
      22,
      32,
      36,
      42,
      45
    ],
    "timeseries": [
      5,
      10,
      32,
      36,
      39,
      45
    ]
  },
  "predicted_sets": [
    {
      "numbers": [
        3,
        13,
        19,
        22,
        34,
        45
      ],
      "confidence": 72.45833333333334
    },
    {
      "numbers": [
        7,
        13,
        19,
        24,
        34,
        45
      ],
      "confidence": 71.79166666666666
    },
    {
      "numbers": [
        12,
        13,
        19,
        24,
        31,
        45
      ],
      "confidence": 71.3
    },
    {
      "numbers": [
        12,
        13,
        19,
        26,
        31,
        34
      ],
      "confidence": 71.26666666666667
    },
    {
      "numbers": [
        3,
        13,
        19,
        27,
        34,
        36
      ],
      "confidence": 71.09166666666667
    },
    {
      "numbers": [
        3,
        19,
        27,
        31,
        34,
        36
      ],
      "confidence": 70.63333333333333
    },
    {
      "numbers": [
        14,
        19,
        23,
        31,
        34,
        45
      ],
      "confidence": 70.42500000000001
    },
    {
      "numbers": [
        3,
        13,
        19,
        32,
        36,
        45
      ],
      "confidence": 70.42500000000001
    },
    {
      "numbers": [
        3,
        13,
        14,
        19,
        22,
        34
      ],
      "confidence": 70.227385690067
    },
    {
      "numbers": [
        12,
        13,
        19,
        24,
        33,
        45
      ],
      "confidence": 69.75833333333334
    },
    {
      "numbers": [
        3,
        9,
        19,
        25,
        34,
        36
      ],
      "confidence": 69.75833333333334
    },
    {
      "numbers": [
        13,
        19,
        22,
        24,
        27,
        34
      ],
      "confidence": 69.725
    },
    {
      "numbers": [
        9,
        13,
        31,
        32,
        33,
        34
      ],
      "confidence": 69.725
    },
    {
      "numbers": [
        13,
        14,
        19,
        26,
        31,
        33
      ],
      "confidence": 69.725
    },
    {
      "numbers": [
        9,
        13,
        14,
        24,
        25,
        34
      ],
      "confidence": 69.55
    },
    {
      "numbers": [
        3,
        14,
        19,
        31,
        34,
        43
      ],
      "confidence": 69.55
    },
    {
      "numbers": [
        7,
        12,
        19,
        34,
        36,
        43
      ],
      "confidence": 69.3
    },
    {
      "numbers": [
        9,
        19,
        22,
        34,
        36,
        43
      ],
      "confidence": 69.125
    },
    {
      "numbers": [
        7,
        19,
        24,
        33,
        34,
        36
      ],
      "confidence": 69.09166666666667
    },
    {
      "numbers": [
        12,
        13,
        19,
        24,
        36,
        43
      ],
      "confidence": 69.09166666666667
    },
    {
      "numbers": [
        3,
        13,
        24,
        27,
        31,
        32
      ],
      "confidence": 69.09166666666667
    },
    {
      "numbers": [
        9,
        19,
        23,
        26,
        31,
        34
      ],
      "confidence": 69.09166666666667
    },
    {
      "numbers": [
        14,
        19,
        25,
        27,
        31,
        34
      ],
      "confidence": 69.05833333333334
    },
    {
      "numbers": [
        13,
        14,
        23,
        27,
        34,
        45
      ],
      "confidence": 68.88333333333333
    },
    {
      "numbers": [
        7,
        13,
        23,
        32,
        33,
        34
      ],
      "confidence": 68.88333333333333
    },
    {
      "numbers": [
        3,
        9,
        13,
        22,
        31,
        32
      ],
      "confidence": 68.88333333333333
    },
    {
      "numbers": [
        12,
        14,
        19,
        24,
        34,
        45
      ],
      "confidence": 68.88333333333333
    },
    {
      "numbers": [
        9,
        13,
        14,
        24,
        26,
        34
      ],
      "confidence": 68.88333333333333
    },
    {
      "numbers": [
        3,
        7,
        13,
        27,
        34,
        36
      ],
      "confidence": 68.88333333333333
    },
    {
      "numbers": [
        12,
        13,
        19,
        23,
        31,
        32
      ],
      "confidence": 68.85
    },
    {
      "numbers": [
        7,
        9,
        14,
        22,
        31,
        43
      ],
      "confidence": 68.66666666666666
    },
    {
      "numbers": [
        7,
        19,
        22,
        26,
        31,
        43
      ],
      "confidence": 68.66666666666666
    },
    {
      "numbers": [
        9,
        22,
        26,
        31,
        34,
        45
      ],
      "confidence": 68.63333333333333
    },
    {
      "numbers": [
        3,
        12,
        19,
        24,
        27,
        45
      ],
      "confidence": 68.63333333333333
    },
    {
      "numbers": [
        3,
        9,
        19,
        24,
        25,
        32
      ],
      "confidence": 68.42500000000001
    },
    {
      "numbers": [
        9,
        19,
        26,
        32,
        33,
        34
      ],
      "confidence": 68.42500000000001
    },
    {
      "numbers": [
        3,
        19,
        22,
        26,
        31,
        32
      ],
      "confidence": 68.42500000000001
    },
    {
      "numbers": [
        13,
        22,
        25,
        26,
        32,
        34
      ],