{
  "latest_round": 801,
  "next_round": 802,
  "hot_cold": {
    "hot": [
      [
        12,
        14
      ],
      [
        6,
        11
      ],
      [
        10,
        10
      ],
      [
        19,
        10
      ],
      [
        21,
        10
      ],
      [
        34,
        10
      ],
      [
        17,
        9
      ],
      [
        31,
        9
      ],
      [
        41,
        9
      ],
      [
        42,
        9
      ]
    ],
    "cold": [
      [
        13,
        3
      ],
      [
        20,
        3
      ],
      [
        23,
        3
      ],
      [
        25,
        3
      ],
      [
        32,
        3
      ],
      [
        44,
        3
      ],
      [
        4,
        4
      ],
      [
        22,
        4
      ],
      [
        37,
        4
      ],
      [
        40,
        4
      ]
    ],
    "overdue": [
      [
        9,
        2.5516795865633073
      ],
      [
        20,
        2.3302872062663185
      ],
      [
        24,
        2.0358514724711907
      ],
      [
        11,
        1.805095541401274
      ],
      [
        16,
        1.7678571428571428
      ],
      [
        27,
        1.705209656925032
      ],
      [
        8,
        1.561381074168798
      ]
    ]
  },
  "engine_predictions": {
    "advancedpattern": [
      17,
      25,
      28,
      37,
      43,
      44
    ],
    "gap": [
      1,
      7,
      13,
      19,
      25,
      31
    ],
    "graph": [
      1,
      15,
      17,
      31,
      34,
      45
    ],
    "lstm": [
      10,
      12,
      17,
      28,
      36,
      45
    ],
    "ml": [
      6,
      7,
      13,
      17,
      20,
      28
    ],
    "numerology": [
      17,
      22,
      23,
      24,
      25,
      31
    ],
    "pattern": [
      1,
      11,
      15,
      21,
      31,
      41
    ],
    "sequencecorrelation": [
      4,
      11,
      20,
      24,
      27,
      34
    ],
    "statistical": [
      9,
      11,
      16,
      19,
      24,
      27
    ],
    "timeseries": [
      9,
      10,
      15,
      18,
      35,
      38
    ]
  },
  "predicted_sets": [
    {
      "numbers": [
        10,
        17,
        25,
        28,
        31,
        43
      ],
      "confidence": 72.0
    },
    {
      "numbers": [
        11,
        15,
        17,
        24,
        28,
        31
      ],
      "confidence": 71.725
    },
    {
      "numbers": [
        1,
        9,
        17,
        28,
        31,
        44
      ],
      "confidence": 71.125
    },
    {
      "numbers": [
        7,
        13,
        17,
        24,
        28,
        31
      ],
      "confidence": 71.09166666666667
    },
    {
      "numbers": [
        10,
        17,
        19,
        31,
        34,
        45
      ],
      "confidence": 70.63333333333333
    },
    {
      "numbers": [
        9,
        10,
        17,
        25,
        28,
        34
      ],
      "confidence": 70.63333333333333
    },
    {
      "numbers": [
        1,
        17,
        24,
        25,
        28,
        44
      ],
      "confidence": 70.42500000000001
    },
    {
      "numbers": [
        7,
        15,
        24,
        25,
        28,
        31
      ],
      "confidence": 70.42500000000001
    },
    {
      "numbers": [
        13,
        15,
        17,
        20,
        28,
        34
      ],
      "confidence": 69.93333333333334
    },
    {
      "numbers": [
        9,
        10,
        17,
        27,
        31,
        44
      ],
      "confidence": 69.79166666666667
    },
    {
      "numbers": [
        13,
        17,
        20,
        28,
        31,
        43
      ],
      "confidence": 69.75833333333334
    },
    {
      "numbers": [
        10,
        17,
        19,
        20,
        31,
        45
      ],
      "confidence": 69.75833333333334
    },
    {
      "numbers": [
        15,
        20,
        24,
        28,
        31,
        45
      ],
      "confidence": 69.75833333333334
    },
    {
      "numbers": [
        11,
        17,
        24,
        25,
        34,
        43
      ],
      "confidence": 69.75833333333334
    },
    {
      "numbers": [
        15,
        17,
        20,
        28,
        31,
        37
      ],
      "confidence": 69.725
    },
    {
      "numbers": [
        10,
        17,
        20,
        24,
        31,
        44
      ],
      "confidence": 69.58333333333334
    },
    {
      "numbers": [
        10,
        11,
        15,
        25,
        28,
        31
      ],
      "confidence": 69.55
    },
    {
      "numbers": [
        9,
        17,
        20,
        31,
        43,
        44
      ],
      "confidence": 69.3
    },
    {
      "numbers": [
        10,
        11,
        17,
        25,
        43,
        44
      ],
      "confidence": 69.3
    },
    {
      "numbers": [
        1,
        7,
        15,
        24,
        28,
        43
      ],
      "confidence": 69.3
    },
    {
      "numbers": [
        10,
        15,
        17,
        28,
        43,
        44
      ],
      "confidence": 69.3
    },
    {
      "numbers": [
        10,
        19,
        27,
        28,
        31,
        34
      ],
      "confidence": 69.3
    },
    {
      "numbers": [
        1,
        17,
        19,
        20,
        27,
        34
      ],
      "confidence": 69.09166666666667
    },
    {
      "numbers": [
        11,
        13,
        17,
        28,
        34,
        43
      ],
      "confidence": 69.09166666666667
    },
    {
      "numbers": [
        13,
        17,
        20,
        25,
        28,
        45
      ],
      "confidence": 69.05833333333334
    },
    {
      "numbers": [
        10,
        17,
        19,
        24,
        27,
        28
      ],
      "confidence": 69.05833333333334
    },
    {
      "numbers": [
        11,
        17,
        20,
        25,
        27,
        34
      ],
      "confidence": 69.05833333333334
    },
    {
      "numbers": [
        1,
        13,
        15,
        24,
        31,
        44
      ],
      "confidence": 68.91666666666667
    },
    {
      "numbers": [
        1,
        13,
        17,
        24,
        27,
        34
      ],
      "confidence": 68.88333333333333
    },
    {
      "numbers": [
        7,
        10,
        17,
        25,
        28,
        45
      ],
      "confidence": 68.88333333333333
    },
    {
      "numbers": [
        9,
        13,
        28,
        31,
        37,
        44
      ],
      "confidence": 68.66666666666666
    },
    {
      "numbers": [
        1,
        7,
        20,
        24,
        25,
        43
      ],
      "confidence": 68.63333333333333
    },
    {
      "numbers": [
        1,
        10,
        15,
        17,
        24,
        37
      ],
      "confidence": 68.52647879854482
    },
    {
      "numbers": [
        1,
        10,
        15,
        19,
        28,
        31
      ],
      "confidence": 68.52647879854482
    },
    {
      "numbers": [
        7,
        20,
        27,
        28,
        31,
        44
      ],
      "confidence": 68.45833333333334
    },
    {
      "numbers": [
        1,
        20,
        25,
        31,
        37,
        44
      ],
      "confidence": 68.45833333333334
    },
    {
      "numbers": [
        1,
        10,
        15,
        17,
        37,
        44
      ],
      "confidence": 68.42500000000001
    },
    {
      "numbers": [
        7,
        9,
        10,
        17,
        25,
        44
      ],
      "confidence": 68.42500000000001
    },
    {
      "numbers": [
        7,
        11,
        17,
        20,
        34,
        43
      ],
      "confidence": 68.42500000000001
    },
    {
      "numbers": [
        1,
        7,
        28,
        31,
        44,
        45
      ],