{
  "latest_round": 1129,
  "next_round": 1130,
  "hot_cold": {
    "hot": [
      [
        30,
        12
      ],
      [
        13,
        11
      ],
      [
        16,
        11
      ],
      [
        40,
        11
      ],
      [
        33,
        10
      ],
      [
        34,
        10
      ],
      [
        44,
        10
      ],
      [
        7,
        9
      ],
      [
        21,
        9
      ],
      [
        31,
        9
      ]
    ],
    "cold": [
      [
        2,
        1
      ],
      [
        27,
        2
      ],
      [
        5,
        3
      ],
      [
        25,
        3
      ],
      [
        39,
        3
      ],
      [
        8,
        4
      ],
      [
        9,
        4
      ],
      [
        18,
        4
      ],
      [
        41,
        4
      ],
      [
        4,
        5
      ]
    ],
    "overdue": [
      [
        27,
        6.233610341643582
      ],
      [
        18,
        5.66044776119403
      ],
      [
        39,
        2.901818181818182
      ],
      [
        29,
        2.893212669683258
      ],
      [
        43,
        2.5714285714285716
      ],
      [
        22,
        2.3035551504102094
      ],
      [
        42,
        2.19009009009009
      ],
      [
        7,
        1.914855072463768
      ],
      [
        23,
        1.696588868940754
      ],
      [
        36,
        1.6245487364620939
      ]
    ]
  },
  "engine_predictions": {
    "advancedpattern": [
      5,
      10,
      11,
      17,
      28,
      34
    ],
    "gap": [
      1,
      7,
      13,
      19,
      25,
      31
    ],
    "graph": [
      18,
      20,
      34,
      38,
      39,
      40
    ],
    "lstm": [
      5,
      10,
      28,
      30,
      33,
      34
    ],
    "ml": [
      6,
      7,
      10,
      22,
      28,
      43
    ],
    "numerology": [
      17,
      22,
      23,
      24,
      25,
      31
    ],
    "pattern": [
      3,
      11,
      13,
      23,
      33,
      43
    ],
    "sequencecorrelation": [
      4,
      22,
      26,
      27,
      43,
      45
    ],
    "statistical": [
      7,
      22,
      29,
      36,
      42,
      43
    ],
    "timeseries": [
      2,
      6,
      19,
      20,
      39,
      41
    ]
  },
  "predicted_sets": [
    {
      "numbers": [
        10,
        17,
        22,
        28,
        34,
        43
      ],
      "confidence": 72.66666666666666
    },
    {
      "numbers": [
        6,
        10,
        11,
        22,
        28,
        43
      ],
      "confidence": 71.3
    },
    {
      "numbers": [
        5,
        6,
        10,
        28,
        34,
        43
      ],
      "confidence": 70.63333333333333
    },
    {
      "numbers": [
        6,
        10,
        22,
        25,
        31,
        43
      ],
      "confidence": 70.63333333333333
    },
    {
      "numbers": [
        6,
        7,
        10,
        28,
        31,
        43
      ],
      "confidence": 70.63333333333333
    },
    {
      "numbers": [
        7,
        10,
        19,
        22,
        28,
        33
      ],
      "confidence": 70.63333333333333
    },
    {
      "numbers": [
        5,
        13,
        22,
        28,
        31,
        43
      ],
      "confidence": 70.45833333333334
    },
    {
      "numbers": [
        10,
        13,
        22,
        34,
        43,
        45
      ],
      "confidence": 70.45833333333334
    },
    {
      "numbers": [
        10,
        22,
        25,
        33,
        34,
        43
      ],
      "confidence": 70.42500000000001
    },
    {
      "numbers": [
        6,
        19,
        22,
        31,
        43,
        45
      ],
      "confidence": 70.0
    },
    {
      "numbers": [
        5,
        20,
        22,
        27,
        31,
        43
      ],
      "confidence": 70.0
    },
    {
      "numbers": [
        6,
        7,
        13,
        22,
        34,
        45
      ],
      "confidence": 70.0
    },
    {
      "numbers": [
        10,
        13,
        17,
        22,
        34,
        45
      ],
      "confidence": 70.0
    },
    {
      "numbers": [
        6,
        11,
        28,
        34,
        43,
        45
      ],
      "confidence": 70.0
    },
    {
      "numbers": [
        5,
        10,
        17,
        19,
        34,
        43
      ],
      "confidence": 69.96666666666667
    },
    {
      "numbers": [
        6,
        11,
        22,
        28,
        43,
        45
      ],
      "confidence": 69.96666666666667
    },
    {
      "numbers": [
        10,
        13,
        17,
        22,
        28,
        39
      ],
      "confidence": 69.96666666666667
    },
    {
      "numbers": [
        17,
        20,
        22,
        25,
        31,
        43
      ],
      "confidence": 69.96666666666667
    },
    {
      "numbers": [
        10,
        11,
        17,
        19,
        34,
        43
      ],
      "confidence": 69.96666666666667
    },
    {
      "numbers": [
        5,
        10,
        11,
        17,
        28,
        43
      ],
      "confidence": 69.96666666666667
    },
    {
      "numbers": [
        6,
        10,
        28,
        31,
        39,
        43
      ],
      "confidence": 69.96666666666667
    },
    {
      "numbers": [
        6,
        10,
        11,
        22,
        28,
        33
      ],
      "confidence": 69.96666666666667
    },
    {
      "numbers": [
        10,
        11,
        13,
        25,
        34,
        43
      ],
      "confidence": 69.79166666666667
    },
    {
      "numbers": [
        5,
        11,
        20,
        22,
        31,
        43
      ],
      "confidence": 69.79166666666667
    },
    {
      "numbers": [
        7,
        10,
        13,
        22,
        23,
        34
      ],
      "confidence": 69.75833333333334
    },
    {
      "numbers": [
        17,
        20,
        22,
        28,
        33,
        43
      ],
      "confidence": 69.75833333333334
    },
    {
      "numbers": [
        10,
        22,
        25,
        31,
        33,
        43
      ],
      "confidence": 69.75833333333334
    },
    {
      "numbers": [
        7,
        23,
        25,
        28,
        34,
        43
      ],
      "confidence": 69.75833333333334
    },
    {
      "numbers": [
        7,
        10,
        23,
        31,
        34,
        43
      ],
      "confidence": 69.75833333333334
    },
    {
      "numbers": [
        10,
        17,
        28,
        33,
        34,
        45
      ],
      "confidence": 69.33333333333334
    },
    {
      "numbers": [
        6,
        11,
        19,
        20,
        28,
        43
      ],
      "confidence": 69.3
    },
    {
      "numbers": [
        7,
        10,
        22,
        23,
        31,
        45
      ],
      "confidence": 69.3
    },
    {
      "numbers": [
        5,
        19,
        20,
        22,
        28,
        31
      ],
      "confidence": 69.3
    },
    {
      "numbers": [
        10,
        22,
        31,
        33,
        34,
        39
      ],
      "confidence": 69.26666666666668
    },
    {
      "numbers": [
        7,
        10,
        22,
        23,
        25,
        31
      ],
      "confidence": 69.26666666666668
    },
    {
      "numbers": [
        7,
        20,
        22,
        25,
        34,
        45
      ],
      "confidence": 69.125
    },
    {
      "numbers": [
        10,
        11,
        13,
        17,
        28,
        43
      ],
      "confidence": 69.09166666666667
    },
    {
      "numbers": [
        7,
        17,
        22,
        23,
        28,
        31
      ],
      "confidence": 69.09166666666667
    },
    {
      "numbers": [
        7,
        11,
        13,
        20,
        28,
        43
      ],