{
  "latest_round": 924,
  "next_round": 925,
  "hot_cold": {
    "hot": [
      [
        18,
        12
      ],
      [
        23,
        10
      ],
      [
        3,
        9
      ],
      [
        16,
        9
      ],
      [
        17,
        9
      ],
      [
        21,
        9
      ],
      [
        22,
        9
      ],
      [
        27,
        9
      ],
      [
        38,
        9
      ],
      [
        39,
        9
      ]
    ],
    "cold": [
      [
        10,
        1
      ],
      [
        15,
        3
      ],
      [
        20,
        3
      ],
      [
        25,
        3
      ],
      [
        30,
        3
      ],
      [
        40,
        3
      ],
      [
        8,
        4
      ],
      [
        9,
        4
      ],
      [
        29,
        4
      ],
      [
        11,
        5
      ]
    ],
    "overdue": [
      [
        10,
        6.355353075170843
      ],
      [
        25,
        3.664429530201342
      ],
      [
        20,
        3.315550510783201
      ],
      [
        45,
        2.89237668161435
      ],
      [
        15,
        2.8327759197324416
      ],
      [
        40,
        2.458057395143488
      ],
      [
        39,
        2.0177383592017737
      ],
      [
        30,
        1.823204419889503
      ],
      [
        29,
        1.8171806167400881
      ],
      [
        4,
        1.7727272727272727
      ]
    ]
  },
  "engine_predictions": {
    "advancedpattern": [
      3,
      11,
      34,
      42,
      43,
      44
    ],
    "gap": [
      1,
      7,
      13,
      19,
      25,
      31
    ],
    "graph": [
      8,
      11,
      18,
      20,
      27,
      34
    ],
    "lstm": [
      2,
      3,
      11,
      17,
      34,
      43
    ],
    "ml": [
      3,
      10,
      19,
      34,
      42,
      43
    ],
    "numerology": [
      17,
      22,
      23,
      24,
      25,
      31
    ],
    "pattern": [
      3,
      11,
      13,
      23,
      33,
      43
    ],
    "sequencecorrelation": [
      1,
      14,
      20,
      21,
      34,
      43
    ],
    "statistical": [
      16,
      20,
      21,
      39,
      40,
      45
    ],
    "timeseries": [
      8,
      20,
      24,
      29,
      30,
      40
    ]
  },
  "predicted_sets": [
    {
      "numbers": [
        3,
        11,
        25,
        34,
        42,
        43
      ],
      "confidence": 73.79166666666666
    },
    {
      "numbers": [
        3,
        11,
        20,
        34,
        40,
        43
      ],
      "confidence": 73.55
    },
    {
      "numbers": [
        8,
        11,
        13,
        20,
        34,
        43
      ],
      "confidence": 73.09166666666667
    },
    {
      "numbers": [
        1,
        11,
        25,
        34,
        42,
        43
      ],
      "confidence": 72.45833333333334
    },
    {
      "numbers": [
        3,
        11,
        20,
        25,
        43,
        44
      ],
      "confidence": 71.75833333333334
    },
    {
      "numbers": [
        3,
        13,
        21,
        34,
        40,
        43
      ],
      "confidence": 71.58333333333334
    },
    {
      "numbers": [
        1,
        20,
        23,
        24,
        34,
        43
      ],
      "confidence": 71.58333333333334
    },
    {
      "numbers": [
        1,
        11,
        24,
        34,
        42,
        43
      ],
      "confidence": 71.58333333333334
    },
    {
      "numbers": [
        8,
        13,
        21,
        34,
        42,
        43
      ],
      "confidence": 71.125
    },
    {
      "numbers": [
        3,
        11,
        20,
        24,
        40,
        42
      ],
      "confidence": 71.125
    },
    {
      "numbers": [
        8,
        11,
        20,
        21,
        42,
        43
      ],
      "confidence": 71.09166666666667
    },
    {
      "numbers": [
        1,
        11,
        20,
        24,
        42,
        43
      ],
      "confidence": 71.09166666666667
    },
    {
      "numbers": [
        3,
        11,
        13,
        24,
        40,
        43
      ],
      "confidence": 70.91666666666666
    },
    {
      "numbers": [
        1,
        3,
        13,
        34,
        42,
        43
      ],
      "confidence": 70.88333333333333
    },
    {
      "numbers": [
        3,
        10,
        19,
        25,
        34,
        42
      ],
      "confidence": 70.66666666666667
    },
    {
      "numbers": [
        10,
        11,
        19,
        23,
        34,
        42
      ],
      "confidence": 70.66666666666667
    },
    {
      "numbers": [
        11,
        19,
        23,
        25,
        34,
        42
      ],
      "confidence": 70.63333333333333
    },
    {
      "numbers": [
        3,
        8,
        17,
        20,
        24,
        34
      ],
      "confidence": 70.48819612314392
    },
    {
      "numbers": [
        3,
        7,
        20,
        21,
        24,
        43
      ],
      "confidence": 70.42500000000001
    },
    {
      "numbers": [
        7,
        11,
        17,
        20,
        25,
        34
      ],
      "confidence": 70.42500000000001
    },
    {
      "numbers": [
        3,
        11,
        21,
        34,
        40,
        44
      ],
      "confidence": 70.25
    },
    {
      "numbers": [
        3,
        11,
        13,
        23,
        34,
        40
      ],
      "confidence": 70.21666666666667
    },
    {
      "numbers": [
        3,
        8,
        20,
        23,
        24,
        43
      ],
      "confidence": 70.21666666666667
    },
    {
      "numbers": [
        3,
        20,
        21,
        23,
        24,
        34
      ],
      "confidence": 70.21666666666667
    },
    {
      "numbers": [
        8,
        19,
        23,
        34,
        40,
        42
      ],
      "confidence": 70.0
    },
    {
      "numbers": [
        8,
        17,
        21,
        25,
        40,
        43
      ],
      "confidence": 70.0
    },
    {
      "numbers": [
        3,
        10,
        19,
        31,
        34,
        42
      ],
      "confidence": 69.96666666666667
    },
    {
      "numbers": [
        7,
        8,
        11,
        19,
        40,
        43
      ],
      "confidence": 69.96666666666667
    },
    {
      "numbers": [
        8,
        13,
        20,
        21,
        34,
        44
      ],
      "confidence": 69.79166666666667
    },
    {
      "numbers": [
        1,
        7,
        21,
        34,
        40,
        43
      ],
      "confidence": 69.75833333333334
    },
    {
      "numbers": [
        3,
        8,
        25,
        31,
        42,
        43
      ],
      "confidence": 69.75833333333334
    },
    {
      "numbers": [
        3,
        17,
        24,
        25,
        42,
        43
      ],
      "confidence": 69.75833333333334
    },
    {
      "numbers": [
        3,
        8,
        17,
        21,
        24,
        34
      ],
      "confidence": 69.6548627898106
    },
    {
      "numbers": [
        3,
        13,
        23,
        34,
        40,
        42
      ],
      "confidence": 69.58333333333334
    },
    {
      "numbers": [
        1,
        3,
        20,
        21,
        43,
        44
      ],
      "confidence": 69.55
    },
    {
      "numbers": [
        1,
        21,
        23,
        34,
        42,
        43
      ],
      "confidence": 69.55
    },
    {
      "numbers": [
        13,
        17,
        21,
        24,
        34,
        43
      ],
      "confidence": 69.55
    },
    {
      "numbers": [
        11,
        19,
        20,
        34,
        42,
        44
      ],
      "confidence": 69.37477620972399
    },
    {
      "numbers": [
        1,
        8,
        25,
        34,
        40,
        42
      ],