{
  "latest_round": 480,
  "next_round": 481,
  "hot_cold": {
    "hot": [
      [
        13,
        12
      ],
      [
        20,
        12
      ],
      [
        38,
        11
      ],
      [
        10,
        10
      ],
      [
        23,
        10
      ],
      [
        30,
        10
      ],
      [
        8,
        9
      ],
      [
        29,
        9
      ],
      [
        37,
        9
      ],
      [
        40,
        9
      ]
    ],
    "cold": [
      [
        5,
        2
      ],
      [
        2,
        3
      ],
      [
        7,
        3
      ],
      [
        42,
        3
      ],
      [
        15,
        4
      ],
      [
        17,
        4
      ],
      [
        19,
        4
      ],
      [
        21,
        4
      ],
      [
        28,
        4
      ],
      [
        1,
        5
      ]
    ],
    "overdue": [
      [
        19,
        3.7057522123893807
      ],
      [
        7,
        3.1280898876404493
      ],
      [
        40,
        2.148068669527897
      ],
      [
        11,
        2.1103896103896105
      ],
      [
        34,
        1.7657266811279826
      ],
      [
        24,
        1.7445887445887447
      ],
      [
        2,
        1.6956521739130435
      ]
    ]
  },
  "engine_predictions": {
    "advancedpattern": [
      3,
      5,
      10,
      17,
      30,
      31
    ],
    "gap": [
      1,
      7,
      13,
      19,
      25,
      31
    ],
    "graph": [
      3,
      18,
      31,
      37,
      40,
      45
    ],
    "lstm": [
      13,
      25,
      29,
      30,
      31,
      37
    ],
    "ml": [
      3,
      16,
      20,
      24,
      30,
      45
    ],
    "numerology": [
      17,
      22,
      23,
      24,
      25,
      31
    ],
    "pattern": [
      5,
      11,
      15,
      25,
      35,
      45
    ],
    "sequencecorrelation": [
      5,
      14,
      16,
      18,
      37,
      40
    ],
    "statistical": [
      7,
      11,
      20,
      24,
      34,
      40
    ],
    "timeseries": [
      2,
      7,
      13,
      21,
      41,
      42
    ]
  },
  "predicted_sets": [
    {
      "numbers": [
        3,
        16,
        30,
        31,
        37,
        45
      ],
      "confidence": 72.66666666666666
    },
    {
      "numbers": [
        3,
        5,
        17,
        24,
        30,
        31
      ],
      "confidence": 71.96666666666667
    },
    {
      "numbers": [
        7,
        13,
        16,
        24,
        30,
        31
      ],
      "confidence": 71.96666666666667
    },
    {
      "numbers": [
        3,
        16,
        25,
        29,
        30,
        31
      ],
      "confidence": 71.3
    },
    {
      "numbers": [
        5,
        13,
        24,
        30,
        37,
        45
      ],
      "confidence": 71.125
    },
    {
      "numbers": [
        7,
        11,
        20,
        24,
        31,
        45
      ],
      "confidence": 71.125
    },
    {
      "numbers": [
        3,
        7,
        20,
        24,
        30,
        31
      ],
      "confidence": 71.09166666666667
    },
    {
      "numbers": [
        5,
        20,
        24,
        31,
        37,
        40
      ],
      "confidence": 71.09166666666667
    },
    {
      "numbers": [
        3,
        7,
        17,
        24,
        31,
        40
      ],
      "confidence": 71.09166666666667
    },
    {
      "numbers": [
        5,
        16,
        19,
        24,
        31,
        37
      ],
      "confidence": 70.63333333333333
    },
    {
      "numbers": [
        3,
        16,
        29,
        30,
        31,
        37
      ],
      "confidence": 70.63333333333333
    },
    {
      "numbers": [
        13,
        16,
        17,
        24,
        31,
        40
      ],
      "confidence": 70.6
    },
    {
      "numbers": [
        3,
        7,
        24,
        29,
        31,
        40
      ],
      "confidence": 70.6
    },
    {
      "numbers": [
        3,
        13,
        14,
        31,
        40,
        45
      ],
      "confidence": 70.42500000000001
    },
    {
      "numbers": [
        13,
        17,
        20,
        25,
        31,
        40
      ],
      "confidence": 70.39166666666667
    },
    {
      "numbers": [
        5,
        24,
        25,
        29,
        31,
        40
      ],
      "confidence": 70.39166666666667
    },
    {
      "numbers": [
        3,
        10,
        25,
        30,
        31,
        45
      ],
      "confidence": 70.21666666666667
    },
    {
      "numbers": [
        5,
        19,
        30,
        31,
        40,
        45
      ],
      "confidence": 70.11075547080397
    },
    {
      "numbers": [
        10,
        18,
        24,
        25,
        29,
        31
      ],
      "confidence": 69.96666666666667
    },
    {
      "numbers": [
        3,
        11,
        24,
        25,
        29,
        40
      ],
      "confidence": 69.96666666666667
    },
    {
      "numbers": [
        13,
        16,
        18,
        24,
        25,
        37
      ],
      "confidence": 69.93333333333334
    },
    {
      "numbers": [
        5,
        7,
        16,
        24,
        30,
        37
      ],
      "confidence": 69.75833333333334
    },
    {
      "numbers": [
        3,
        7,
        14,
        25,
        30,
        45
      ],
      "confidence": 69.75833333333334
    },
    {
      "numbers": [
        14,
        16,
        17,
        25,
        31,
        45
      ],
      "confidence": 69.75833333333334
    },
    {
      "numbers": [
        3,
        17,
        18,
        20,
        30,
        31
      ],
      "confidence": 69.75833333333334
    },
    {
      "numbers": [
        11,
        13,
        14,
        25,
        31,
        40
      ],
      "confidence": 69.725
    },
    {
      "numbers": [
        3,
        5,
        13,
        24,
        30,
        40
      ],
      "confidence": 69.55
    },
    {
      "numbers": [
        5,
        7,
        20,
        24,
        25,
        40
      ],
      "confidence": 69.55
    },
    {
      "numbers": [
        3,
        5,
        18,
        19,
        30,
        37
      ],
      "confidence": 69.3
    },
    {
      "numbers": [
        11,
        13,
        14,
        30,
        37,
        45
      ],
      "confidence": 69.3
    },
    {
      "numbers": [
        10,
        16,
        19,
        31,
        37,
        45
      ],
      "confidence": 69.3
    },
    {
      "numbers": [
        7,
        13,
        17,
        18,
        24,
        40
      ],
      "confidence": 69.09166666666667
    },
    {
      "numbers": [
        14,
        18,
        25,
        30,
        37,
        45
      ],
      "confidence": 69.09166666666667
    },
    {
      "numbers": [
        7,
        16,
        19,
        25,
        30,
        37
      ],
      "confidence": 69.09166666666667
    },
    {
      "numbers": [
        3,
        5,
        16,
        20,
        30,
        37
      ],
      "confidence": 69.09166666666667
    },
    {
      "numbers": [
        3,
        11,
        16,
        30,
        37,
        40
      ],
      "confidence": 69.09166666666667
    },
    {
      "numbers": [
        3,
        5,
        17,
        18,
        40,
        45
      ],
      "confidence": 69.09166666666667
    },
    {
      "numbers": [
        3,
        11,
        18,
        19,
        24,
        31
      ],
      "confidence": 69.03992213747065
    },
    {
      "numbers": [
        10,
        18,
        30,
        31,
        37,
        40
      ],
      "confidence": 68.88333333333333
    },
    {
      "numbers": [
        3,
        16,
        17,
        20,
        24,
        25
      ],