{
  "latest_round": 57,
  "next_round": 58,
  "hot_cold": {
    "hot": [
      [
        37,
        15
      ],
      [
        7,
        12
      ],
      [
        17,
        10
      ],
      [
        4,
        9
      ],
      [
        6,
        9
      ],
      [
        18,
        9
      ],
      [
        25,
        9
      ],
      [
        26,
        9
      ],
      [
        33,
        9
      ],
      [
        35,
        9
      ]
    ],
    "cold": [
      [
        24,
        1
      ],
      [
        22,
        3
      ],
      [
        28,
        3
      ],
      [
        29,
        3
      ],
      [
        34,
        3
      ],
      [
        41,
        3
      ],
      [
        45,
        3
      ],
      [
        5,
        4
      ],
      [
        11,
        4
      ],
      [
        12,
        4
      ]
    ],
    "overdue": [
      [
        5,
        12.0
      ],
      [
        43,
        5.090909090909091
      ],
      [
        42,
        5.03125
      ],
      [
        28,
        4.666666666666667
      ],
      [
        9,
        4.3125
      ],
      [
        24,
        3.727272727272727
      ],
      [
        35,
        3.5555555555555554
      ],
      [
        18,
        2.5714285714285716
      ],
      [
        41,
        2.571428571428571
      ],
      [
        6,
        2.1176470588235294
      ]
    ]
  },
  "engine_predictions": {
    "advancedpattern": [
      7,
      14,
      16,
      25,
      33,
      44
    ],
    "gap": [
      2,
      8,
      14,
      20,
      26,
      32
    ],
    "graph": [
      7,
      25,
      26,
      33,
      37,
      40
    ],
    "lstm": [
      7,
      10,
      16,
      33,
      37,
      44
    ],
    "numerology": [
      17,
      22,
      23,
      25,
      26,
      31
    ],
    "pattern": [
      7,
      17,
      27,
      33,
      37,
      43
    ],
    "sequencecorrelation": [
      7,
      14,
      21,
      26,
      37,
      40
    ],
    "statistical": [
      6,
      9,
      18,
      23,
      35,
      43
    ],
    "timeseries": [
      13,
      18,
      23,
      26,
      35,
      38
    ]
  },
  "predicted_sets": [
    {
      "numbers": [
        7,
        16,
        25,
        26,
        33,
        44
      ],
      "confidence": 74.68055555555556
    },
    {
      "numbers": [
        7,
        14,
        23,
        26,
        37,
        43
      ],
      "confidence": 74.5462962962963
    },
    {
      "numbers": [
        7,
        18,
        25,
        26,
        35,
        43
      ],
      "confidence": 73.19907407407408
    },
    {
      "numbers": [
        7,
        16,
        23,
        26,
        37,
        40
      ],
      "confidence": 73.10555555555555
    },
    {
      "numbers": [
        7,
        10,
        14,
        25,
        26,
        44
      ],
      "confidence": 72.49907407407409
    },
    {
      "numbers": [
        7,
        10,
        14,
        25,
        26,
        35
      ],
      "confidence": 72.49907407407409
    },
    {
      "numbers": [
        7,
        17,
        26,
        33,
        38,
        40
      ],
      "confidence": 72.49907407407409
    },
    {
      "numbers": [
        6,
        7,
        26,
        33,
        35,
        44
      ],
      "confidence": 72.49907407407409
    },
    {
      "numbers": [
        6,
        18,
        26,
        33,
        37,
        44
      ],
      "confidence": 72.45833333333333
    },
    {
      "numbers": [
        7,
        14,
        16,
        26,
        38,
        43
      ],
      "confidence": 72.45833333333333
    },
    {
      "numbers": [
        7,
        17,
        26,
        37,
        38,
        44
      ],
      "confidence": 72.32407407407408
    },
    {
      "numbers": [
        14,
        16,
        26,
        33,
        37,
        38
      ],
      "confidence": 71.79907407407407
    },
    {
      "numbers": [
        7,
        13,
        14,
        23,
        26,
        38
      ],
      "confidence": 71.75833333333333
    },
    {
      "numbers": [
        7,
        16,
        17,
        33,
        37,
        44
      ],
      "confidence": 71.62407407407407
    },
    {
      "numbers": [
        7,
        13,
        16,
        26,
        37,
        40
      ],
      "confidence": 71.62407407407407
    },
    {
      "numbers": [
        7,
        14,
        23,
        37,
        38,
        43
      ],
      "confidence": 71.58333333333333
    },
    {
      "numbers": [
        7,
        10,
        14,
        21,
        25,
        33
      ],
      "confidence": 71.32536950183521
    },
    {
      "numbers": [
        7,
        10,
        21,
        25,
        33,
        44
      ],
      "confidence": 71.15185185185184
    },
    {
      "numbers": [
        10,
        14,
        26,
        29,
        37,
        43
      ],
      "confidence": 71.11111111111111
    },
    {
      "numbers": [
        7,
        14,
        16,
        25,
        26,
        29
      ],
      "confidence": 71.05833333333334
    },
    {
      "numbers": [
        7,
        10,
        25,
        33,
        37,
        38
      ],
      "confidence": 71.05833333333334
    },
    {
      "numbers": [
        14,
        16,
        21,
        26,
        37,
        43
      ],
      "confidence": 71.01759259259259
    },
    {
      "numbers": [
        7,
        14,
        16,
        18,
        21,
        37
      ],
      "confidence": 71.01759259259259
    },
    {
      "numbers": [
        7,
        14,
        29,
        37,
        40,
        43
      ],
      "confidence": 70.97685185185185
    },
    {
      "numbers": [
        7,
        18,
        21,
        35,
        37,
        44
      ],
      "confidence": 70.97685185185185
    },
    {
      "numbers": [
        7,
        10,
        14,
        17,
        26,
        44
      ],
      "confidence": 70.88333333333333
    },
    {
      "numbers": [
        7,
        18,
        25,
        37,
        38,
        44
      ],
      "confidence": 70.8425925925926
    },
    {
      "numbers": [
        6,
        23,
        26,
        35,
        37,
        44
      ],
      "confidence": 70.61703616850187
    },
    {
      "numbers": [
        7,
        16,
        29,
        33,
        38,
        44
      ],
      "confidence": 70.37037037037038
    },
    {
      "numbers": [
        7,
        10,
        33,
        37,
        38,
        44
      ],
      "confidence": 70.3175925925926
    },
    {
      "numbers": [
        6,
        10,
        23,
        25,
        26,
        37
      ],
      "confidence": 70.3175925925926
    },
    {
      "numbers": [
        13,
        16,
        18,
        25,
        26,
        37
      ],
      "confidence": 70.3175925925926
    },
    {
      "numbers": [
        10,
        14,
        16,
        21,
        26,
        33
      ],
      "confidence": 70.27685185185186
    },
    {
      "numbers": [
        7,
        16,
        26,
        29,
        35,
        40
      ],
      "confidence": 70.27685185185186
    },
    {
      "numbers": [
        7,
        16,
        17,
        18,
        37,
        44
      ],
      "confidence": 70.14259259259259
    },
    {
      "numbers": [
        10,
        23,
        26,
        29,
        35,
        37
      ],
      "confidence": 69.71111111111111
    },
    {
      "numbers": [
        16,
        25,
        26,
        29,
        33,
        40
      ],
      "confidence": 69.57685185185184
    },
    {
      "numbers": [
        7,
        10,
        25,
        33,
        38,
        40
      ],
      "confidence": 69.57685185185184
    },
    {
      "numbers": [
        7,
        13,
        16,
        25,
        26,
        29
      ],