{
  "latest_round": 65,
  "next_round": 66,
  "hot_cold": {
    "hot": [
      [
        7,
        11
      ],
      [
        37,
        11
      ],
      [
        40,
        11
      ],
      [
        18,
        10
      ],
      [
        26,
        10
      ],
      [
        35,
        10
      ],
      [
        43,
        10
      ],
      [
        6,
        9
      ],
      [
        17,
        9
      ],
      [
        33,
        9
      ]
    ],
    "cold": [
      [
        22,
        2
      ],
      [
        24,
        2
      ],
      [
        34,
        2
      ],
      [
        41,
        2
      ],
      [
        11,
        3
      ],
      [
        12,
        3
      ],
      [
        28,
        3
      ],
      [
        42,
        3
      ],
      [
        45,
        3
      ],
      [
        5,
        4
      ]
    ],
    "overdue": [
      [
        5,
        15.428571428571427
      ],
      [
        28,
        6.444444444444445
      ],
      [
        9,
        5.8125
      ],
      [
        13,
        3.022727272727273
      ],
      [
        34,
        2.75
      ],
      [
        37,
        2.4545454545454546
      ],
      [
        17,
        1.956521739130435
      ],
      [
        7,
        1.9130434782608696
      ],
      [
        31,
        1.5283018867924527
      ]
    ]
  },
  "engine_predictions": {
    "advancedpattern": [
      4,
      25,
      33,
      36,
      40,
      43
    ],
    "gap": [
      2,
      8,
      14,
      20,
      26,
      32
    ],
    "graph": [
      7,
      25,
      30,
      33,
      37,
      40
    ],
    "lstm": [
      14,
      15,
      25,
      33,
      36,
      40
    ],
    "numerology": [
      17,
      22,
      23,
      25,
      26,
      31
    ],
    "pattern": [
      3,
      13,
      23,
      33,
      37,
      43
    ],
    "sequencecorrelation": [
      7,
      18,
      21,
      25,
      26,
      37
    ],
    "statistical": [
      7,
      13,
      17,
      31,
      37,
      44
    ],
    "timeseries": [
      10,
      11,
      16,
      31,
      39,
      44
    ]
  },
  "predicted_sets": [
    {
      "numbers": [
        7,
        14,
        25,
        33,
        40,
        43
      ],
      "confidence": 73.19907407407408
    },
    {
      "numbers": [
        7,
        17,
        25,
        26,
        33,
        44
      ],
      "confidence": 73.19907407407408
    },
    {
      "numbers": [
        4,
        14,
        25,
        33,
        37,
        40
      ],
      "confidence": 72.49907407407409
    },
    {
      "numbers": [
        14,
        25,
        26,
        31,
        33,
        36
      ],
      "confidence": 71.79907407407407
    },
    {
      "numbers": [
        13,
        16,
        25,
        33,
        37,
        40
      ],
      "confidence": 71.79907407407407
    },
    {
      "numbers": [
        7,
        26,
        31,
        33,
        37,
        40
      ],
      "confidence": 71.77871659325993
    },
    {
      "numbers": [
        14,
        17,
        25,
        33,
        39,
        40
      ],
      "confidence": 71.1925925925926
    },
    {
      "numbers": [
        16,
        17,
        25,
        31,
        40,
        43
      ],
      "confidence": 71.15185185185184
    },
    {
      "numbers": [
        4,
        17,
        23,
        25,
        31,
        40
      ],
      "confidence": 71.15185185185184
    },
    {
      "numbers": [
        4,
        25,
        26,
        33,
        36,
        40
      ],
      "confidence": 71.05833333333334
    },
    {
      "numbers": [
        14,
        25,
        26,
        31,
        36,
        40
      ],
      "confidence": 71.05833333333334
    },
    {
      "numbers": [
        16,
        23,
        25,
        26,
        37,
        44
      ],
      "confidence": 71.01759259259259
    },
    {
      "numbers": [
        7,
        13,
        17,
        25,
        26,
        44
      ],
      "confidence": 71.01759259259259
    },
    {
      "numbers": [
        7,
        16,
        21,
        25,
        37,
        44
      ],
      "confidence": 70.97685185185185
    },
    {
      "numbers": [
        4,
        17,
        25,
        26,
        31,
        44
      ],
      "confidence": 70.97685185185185
    },
    {
      "numbers": [
        13,
        14,
        25,
        33,
        40,
        44
      ],
      "confidence": 70.88333333333333
    },
    {
      "numbers": [
        4,
        13,
        25,
        33,
        40,
        43
      ],
      "confidence": 70.8425925925926
    },
    {
      "numbers": [
        4,
        7,
        14,
        25,
        37,
        43
      ],
      "confidence": 70.8425925925926
    },
    {
      "numbers": [
        4,
        16,
        25,
        31,
        33,
        39
      ],
      "confidence": 70.41111111111111
    },
    {
      "numbers": [
        13,
        15,
        25,
        26,
        31,
        40
      ],
      "confidence": 70.3175925925926
    },
    {
      "numbers": [
        13,
        16,
        25,
        36,
        37,
        40
      ],
      "confidence": 70.3175925925926
    },
    {
      "numbers": [
        13,
        23,
        26,
        31,
        37,
        40
      ],
      "confidence": 70.3175925925926
    },
    {
      "numbers": [
        4,
        7,
        26,
        33,
        40,
        43
      ],
      "confidence": 70.27685185185186
    },
    {
      "numbers": [
        4,
        15,
        25,
        31,
        33,
        36
      ],
      "confidence": 70.27685185185186
    },
    {
      "numbers": [
        4,
        16,
        25,
        31,
        33,
        36
      ],
      "confidence": 70.27685185185186
    },
    {
      "numbers": [
        7,
        14,
        26,
        33,
        39,
        44
      ],
      "confidence": 70.23611111111111
    },
    {
      "numbers": [
        13,
        23,
        25,
        33,
        36,
        40
      ],
      "confidence": 70.18333333333332
    },
    {
      "numbers": [
        4,
        17,
        26,
        33,
        37,
        43
      ],
      "confidence": 70.10185185185185
    },
    {
      "numbers": [
        4,
        10,
        16,
        23,
        25,
        37
      ],
      "confidence": 69.67037037037036
    },
    {
      "numbers": [
        7,
        13,
        14,
        15,
        26,
        40
      ],
      "confidence": 69.67037037037036
    },
    {
      "numbers": [
        14,
        15,
        25,
        31,
        36,
        40
      ],
      "confidence": 69.57685185185184
    },
    {
      "numbers": [
        4,
        17,
        31,
        33,
        36,
        37
      ],
      "confidence": 69.57685185185184
    },
    {
      "numbers": [
        4,
        7,
        21,
        25,
        31,
        40
      ],
      "confidence": 69.57685185185184
    },
    {
      "numbers": [
        14,
        16,
        25,
        31,
        36,
        40
      ],
      "confidence": 69.57685185185184
    },
    {
      "numbers": [
        4,
        15,
        31,
        33,
        37,
        44
      ],
      "confidence": 69.53611111111113
    },
    {
      "numbers": [
        10,
        23,
        25,
        26,
        33,
        36
      ],
      "confidence": 69.44259259259259
    },
    {
      "numbers": [
        7,
        23,
        26,
        33,
        36,
        40
      ],
      "confidence": 69.44259259259259
    },
    {
      "numbers": [
        4,
        23,
        26,
        33,
        37,
        44
      ],
      "confidence": 69.40185185185184
    },
    {
      "numbers": [
        4,
        14,
        23,
        31,
        33,
        37
      ],