{
  "latest_round": 316,
  "next_round": 317,
  "hot_cold": {
    "hot": [
      [
        45,
        12
      ],
      [
        1,
        10
      ],
      [
        18,
        10
      ],
      [
        37,
        10
      ],
      [
        38,
        10
      ],
      [
        41,
        10
      ],
      [
        3,
        9
      ],
      [
        12,
        9
      ],
      [
        15,
        9
      ],
      [
        5,
        8
      ]
    ],
    "cold": [
      [
        22,
        0
      ],
      [
        44,
        2
      ],
      [
        16,
        3
      ],
      [
        25,
        3
      ],
      [
        23,
        4
      ],
      [
        26,
        4
      ],
      [
        28,
        4
      ],
      [
        29,
        4
      ],
      [
        2,
        5
      ],
      [
        30,
        5
      ]
    ],
    "overdue": [
      [
        22,
        5.138339920948617
      ],
      [
        44,
        4.021739130434782
      ],
      [
        40,
        2.909090909090909
      ],
      [
        29,
        2.060606060606061
      ],
      [
        42,
        2.006666666666667
      ],
      [
        26,
        1.610738255033557
      ],
      [
        7,
        1.608843537414966
      ]
    ]
  },
  "engine_predictions": {
    "advancedpattern": [
      10,
      11,
      21,
      27,
      31,
      39
    ],
    "gap": [
      1,
      7,
      13,
      19,
      25,
      31
    ],
    "graph": [
      1,
      3,
      17,
      35,
      37,
      45
    ],
    "lstm": [
      1,
      5,
      17,
      19,
      34,
      45
    ],
    "ml": [
      6,
      16,
      17,
      28,
      29,
      36
    ],
    "numerology": [
      17,
      22,
      23,
      24,
      25,
      31
    ],
    "pattern": [
      5,
      15,
      25,
      31,
      35,
      45
    ],
    "sequencecorrelation": [
      12,
      14,
      18,
      31,
      37,
      40
    ],
    "statistical": [
      7,
      18,
      29,
      37,
      40,
      42
    ],
    "timeseries": [
      2,
      5,
      22,
      23,
      30,
      42
    ]
  },
  "predicted_sets": [
    {
      "numbers": [
        10,
        17,
        18,
        23,
        31,
        45
      ],
      "confidence": 71.33333333333334
    },
    {
      "numbers": [
        5,
        17,
        18,
        31,
        42,
        45
      ],
      "confidence": 71.09166666666667
    },
    {
      "numbers": [
        5,
        18,
        19,
        25,
        31,
        42
      ],
      "confidence": 70.45833333333334
    },
    {
      "numbers": [
        7,
        18,
        25,
        31,
        37,
        42
      ],
      "confidence": 70.45833333333334
    },
    {
      "numbers": [
        7,
        17,
        18,
        25,
        31,
        40
      ],
      "confidence": 70.42500000000001
    },
    {
      "numbers": [
        10,
        18,
        23,
        25,
        31,
        42
      ],
      "confidence": 70.0
    },
    {
      "numbers": [
        10,
        19,
        23,
        31,
        42,
        45
      ],
      "confidence": 70.0
    },
    {
      "numbers": [
        1,
        10,
        17,
        18,
        29,
        31
      ],
      "confidence": 69.75833333333334
    },
    {
      "numbers": [
        5,
        23,
        25,
        31,
        40,
        42
      ],
      "confidence": 69.75833333333334
    },
    {
      "numbers": [
        7,
        10,
        17,
        31,
        42,
        45
      ],
      "confidence": 69.75833333333334
    },
    {
      "numbers": [
        10,
        17,
        29,
        31,
        40,
        45
      ],
      "confidence": 69.73088395519031
    },
    {
      "numbers": [
        10,
        17,
        25,
        31,
        37,
        40
      ],
      "confidence": 69.55
    },
    {
      "numbers": [
        10,
        18,
        23,
        27,
        31,
        45
      ],
      "confidence": 69.33333333333334
    },
    {
      "numbers": [
        10,
        17,
        27,
        31,
        42,
        45
      ],
      "confidence": 69.06421728852365
    },
    {
      "numbers": [
        17,
        18,
        19,
        31,
        37,
        40
      ],
      "confidence": 69.025
    },
    {
      "numbers": [
        1,
        19,
        29,
        31,
        40,
        42
      ],
      "confidence": 68.91666666666667
    },
    {
      "numbers": [
        1,
        5,
        10,
        17,
        39,
        42
      ],
      "confidence": 68.63333333333333
    },
    {
      "numbers": [
        7,
        10,
        19,
        29,
        31,
        42
      ],
      "confidence": 68.45833333333334
    },
    {
      "numbers": [
        5,
        17,
        21,
        35,
        40,
        42
      ],
      "confidence": 68.45833333333334
    },
    {
      "numbers": [
        5,
        17,
        18,
        21,
        37,
        40
      ],
      "confidence": 68.42500000000001
    },
    {
      "numbers": [
        1,
        10,
        18,
        25,
        31,
        39
      ],
      "confidence": 68.42500000000001
    },
    {
      "numbers": [
        10,
        17,
        18,
        21,
        31,
        35
      ],
      "confidence": 68.42500000000001
    },
    {
      "numbers": [
        1,
        5,
        17,
        18,
        27,
        40
      ],
      "confidence": 68.42500000000001
    },
    {
      "numbers": [
        1,
        18,
        31,
        37,
        39,
        40
      ],
      "confidence": 68.39166666666668
    },
    {
      "numbers": [
        5,
        11,
        18,
        31,
        37,
        40
      ],
      "confidence": 68.39166666666668
    },
    {
      "numbers": [
        17,
        18,
        23,
        27,
        31,
        40
      ],
      "confidence": 68.39166666666668
    },
    {
      "numbers": [
        1,
        7,
        18,
        31,
        35,
        40
      ],
      "confidence": 68.39166666666668
    },
    {
      "numbers": [
        5,
        10,
        18,
        21,
        31,
        45
      ],
      "confidence": 68.25
    },
    {
      "numbers": [
        1,
        10,
        23,
        31,
        40,
        45
      ],
      "confidence": 68.21666666666667
    },
    {
      "numbers": [
        1,
        10,
        18,
        31,
        40,
        45
      ],
      "confidence": 68.21666666666667
    },
    {
      "numbers": [
        7,
        18,
        21,
        23,
        40,
        45
      ],
      "confidence": 68.0
    },
    {
      "numbers": [
        10,
        19,
        23,
        35,
        37,
        42
      ],
      "confidence": 68.0
    },
    {
      "numbers": [
        10,
        17,
        21,
        35,
        37,
        42
      ],
      "confidence": 67.79166666666666
    },
    {
      "numbers": [
        7,
        10,
        11,
        18,
        31,
        45
      ],
      "confidence": 67.75833333333334
    },
    {
      "numbers": [
        7,
        17,
        18,
        21,
        42,
        45
      ],
      "confidence": 67.75833333333334
    },
    {
      "numbers": [
        1,
        17,
        18,
        21,
        35,
        40
      ],
      "confidence": 67.75833333333334
    },
    {
      "numbers": [
        11,
        18,
        23,
        31,
        40,
        42
      ],
      "confidence": 67.75833333333334
    },
    {
      "numbers": [
        5,
        10,
        19,
        37,
        42,
        45
      ],
      "confidence": 67.75833333333334
    },
    {
      "numbers": [
        5,
        21,
        25,
        37,
        40,
        42
      ],