{
  "latest_round": 681,
  "next_round": 682,
  "hot_cold": {
    "hot": [
      [
        15,
        11
      ],
      [
        44,
        11
      ],
      [
        7,
        10
      ],
      [
        11,
        10
      ],
      [
        31,
        9
      ],
      [
        41,
        9
      ],
      [
        3,
        8
      ],
      [
        5,
        8
      ],
      [
        18,
        8
      ],
      [
        21,
        8
      ]
    ],
    "cold": [
      [
        30,
        1
      ],
      [
        1,
        3
      ],
      [
        2,
        3
      ],
      [
        34,
        3
      ],
      [
        35,
        3
      ],
      [
        22,
        4
      ],
      [
        23,
        4
      ],
      [
        13,
        5
      ],
      [
        28,
        5
      ],
      [
        42,
        5
      ]
    ],
    "overdue": [
      [
        30,
        4.07153965785381
      ],
      [
        22,
        3.874213836477987
      ],
      [
        16,
        3.139356814701378
      ],
      [
        23,
        2.613050075872534
      ],
      [
        20,
        2.015408320493066
      ],
      [
        2,
        1.9575113808801212
      ],
      [
        40,
        1.8086696562032885
      ],
      [
        38,
        1.5182926829268293
      ]
    ]
  },
  "engine_predictions": {
    "advancedpattern": [
      21,
      24,
      27,
      29,
      43,
      44
    ],
    "gap": [
      1,
      7,
      13,
      19,
      25,
      31
    ],
    "graph": [
      20,
      27,
      31,
      34,
      39,
      40
    ],
    "lstm": [
      4,
      5,
      10,
      24,
      29,
      44
    ],
    "ml": [
      13,
      17,
      24,
      27,
      35,
      40
    ],
    "numerology": [
      13,
      17,
      22,
      23,
      25,
      31
    ],
    "pattern": [
      5,
      11,
      15,
      25,
      35,
      45
    ],
    "sequencecorrelation": [
      14,
      20,
      26,
      37,
      40,
      43
    ],
    "statistical": [
      2,
      16,
      20,
      23,
      38,
      40
    ],
    "timeseries": [
      2,
      8,
      17,
      20,
      30,
      33
    ]
  },
  "predicted_sets": [
    {
      "numbers": [
        5,
        13,
        27,
        31,
        40,
        44
      ],
      "confidence": 71.33333333333334
    },
    {
      "numbers": [
        17,
        20,
        24,
        25,
        31,
        43
      ],
      "confidence": 71.3
    },
    {
      "numbers": [
        5,
        20,
        24,
        27,
        40,
        43
      ],
      "confidence": 71.125
    },
    {
      "numbers": [
        5,
        13,
        20,
        29,
        31,
        44
      ],
      "confidence": 70.66666666666667
    },
    {
      "numbers": [
        2,
        13,
        17,
        20,
        31,
        44
      ],
      "confidence": 70.63333333333333
    },
    {
      "numbers": [
        2,
        20,
        27,
        35,
        40,
        44
      ],
      "confidence": 70.45833333333334
    },
    {
      "numbers": [
        2,
        5,
        20,
        27,
        31,
        40
      ],
      "confidence": 70.42500000000001
    },
    {
      "numbers": [
        17,
        20,
        24,
        29,
        31,
        40
      ],
      "confidence": 70.39166666666667
    },
    {
      "numbers": [
        2,
        7,
        13,
        24,
        31,
        40
      ],
      "confidence": 69.96666666666667
    },
    {
      "numbers": [
        8,
        17,
        20,
        24,
        29,
        31
      ],
      "confidence": 69.96666666666667
    },
    {
      "numbers": [
        2,
        13,
        24,
        27,
        31,
        43
      ],
      "confidence": 69.79166666666667
    },
    {
      "numbers": [
        8,
        13,
        17,
        20,
        27,
        31
      ],
      "confidence": 69.75833333333334
    },
    {
      "numbers": [
        2,
        20,
        23,
        24,
        40,
        43
      ],
      "confidence": 69.58333333333334
    },
    {
      "numbers": [
        2,
        8,
        13,
        25,
        31,
        44
      ],
      "confidence": 69.33333333333334
    },
    {
      "numbers": [
        2,
        14,
        17,
        20,
        29,
        31
      ],
      "confidence": 69.3
    },
    {
      "numbers": [
        2,
        5,
        17,
        24,
        29,
        31
      ],
      "confidence": 69.3
    },
    {
      "numbers": [
        2,
        13,
        14,
        29,
        31,
        40
      ],
      "confidence": 69.3
    },
    {
      "numbers": [
        2,
        7,
        13,
        20,
        24,
        40
      ],
      "confidence": 69.25204099866625
    },
    {
      "numbers": [
        2,
        23,
        29,
        31,
        40,
        44
      ],
      "confidence": 69.20119665211703
    },
    {
      "numbers": [
        5,
        17,
        24,
        29,
        31,
        44
      ],
      "confidence": 69.125
    },
    {
      "numbers": [
        7,
        13,
        24,
        29,
        40,
        44
      ],
      "confidence": 69.125
    },
    {
      "numbers": [
        5,
        17,
        20,
        24,
        27,
        33
      ],
      "confidence": 69.09166666666667
    },
    {
      "numbers": [
        20,
        21,
        24,
        25,
        31,
        43
      ],
      "confidence": 69.09166666666667
    },
    {
      "numbers": [
        5,
        8,
        20,
        29,
        31,
        40
      ],
      "confidence": 69.09166666666667
    },
    {
      "numbers": [
        7,
        24,
        25,
        27,
        40,
        43
      ],
      "confidence": 69.09166666666667
    },
    {
      "numbers": [
        17,
        20,
        24,
        25,
        27,
        33
      ],
      "confidence": 69.05833333333334
    },
    {
      "numbers": [
        2,
        8,
        17,
        20,
        31,
        40
      ],
      "confidence": 69.05833333333334
    },
    {
      "numbers": [
        5,
        23,
        24,
        25,
        27,
        40
      ],
      "confidence": 69.05833333333334
    },
    {
      "numbers": [
        5,
        20,
        24,
        25,
        35,
        43
      ],
      "confidence": 68.91666666666667
    },
    {
      "numbers": [
        7,
        20,
        27,
        29,
        40,
        43
      ],
      "confidence": 68.91666666666667
    },
    {
      "numbers": [
        17,
        20,
        21,
        27,
        40,
        43
      ],
      "confidence": 68.88333333333333
    },
    {
      "numbers": [
        2,
        17,
        20,
        21,
        27,
        40
      ],
      "confidence": 68.88333333333333
    },
    {
      "numbers": [
        2,
        5,
        20,
        29,
        33,
        44
      ],
      "confidence": 68.66666666666666
    },
    {
      "numbers": [
        8,
        14,
        17,
        20,
        25,
        43
      ],
      "confidence": 68.63333333333333
    },
    {
      "numbers": [
        7,
        20,
        21,
        24,
        25,
        43
      ],
      "confidence": 68.63333333333333
    },
    {
      "numbers": [
        2,
        14,
        17,
        20,
        31,
        35
      ],
      "confidence": 68.6
    },
    {
      "numbers": [
        8,
        20,
        25,
        29,
        35,
        43
      ],
      "confidence": 68.45833333333334
    },
    {
      "numbers": [
        8,
        20,
        23,
        24,
        35,
        43
      ],
      "confidence": 68.45833333333334
    },
    {
      "numbers": [
        5,
        20,
        23,
        24,
        29,
        44
      ],