{
  "latest_round": 1198,
  "next_round": 1199,
  "hot_cold": {
    "hot": [
      [
        3,
        10
      ],
      [
        9,
        10
      ],
      [
        27,
        10
      ],
      [
        39,
        10
      ],
      [
        7,
        9
      ],
      [
        8,
        9
      ],
      [
        37,
        9
      ],
      [
        38,
        9
      ],
      [
        12,
        8
      ],
      [
        13,
        8
      ]
    ],
    "cold": [
      [
        2,
        4
      ],
      [
        10,
        4
      ],
      [
        14,
        4
      ],
      [
        22,
        4
      ],
      [
        34,
        4
      ],
      [
        43,
        4
      ],
      [
        44,
        4
      ],
      [
        1,
        5
      ],
      [
        4,
        5
      ],
      [
        11,
        5
      ]
    ],
    "overdue": [
      [
        42,
        2.941176470588235
      ],
      [
        18,
        2.637931034482759
      ],
      [
        44,
        2.5517536355859707
      ],
      [
        21,
        2.1966101694915254
      ],
      [
        14,
        1.993220338983051
      ],
      [
        31,
        1.8848433530906012
      ],
      [
        17,
        1.8239795918367347
      ],
      [
        25,
        1.7292724196277494
      ],
      [
        2,
        1.5165394402035624
      ],
      [
        32,
        1.5164835164835166
      ]
    ]
  },
  "engine_predictions": {
    "advancedpattern": [
      26,
      30,
      33,
      38,
      39,
      41
    ],
    "gap": [
      1,
      7,
      13,
      19,
      25,
      31
    ],
    "graph": [
      12,
      13,
      20,
      24,
      27,
      33
    ],
    "lstm": [
      15,
      26,
      28,
      33,
      39,
      41
    ],
    "ml": [
      10,
      12,
      26,
      29,
      38,
      42
    ],
    "numerology": [
      13,
      16,
      17,
      22,
      23,
      25
    ],
    "pattern": [
      3,
      11,
      13,
      23,
      33,
      43
    ],
    "sequencecorrelation": [
      13,
      18,
      20,
      26,
      27,
      34
    ],
    "statistical": [
      14,
      17,
      18,
      21,
      42,
      44
    ],
    "timeseries": [
      4,
      14,
      17,
      19,
      23,
      44
    ]
  },
  "predicted_sets": [
    {
      "numbers": [
        13,
        17,
        26,
        33,
        38,
        41
      ],
      "confidence": 71.75833333333334
    },
    {
      "numbers": [
        12,
        13,
        17,
        26,
        39,
        41
      ],
      "confidence": 71.3
    },
    {
      "numbers": [
        13,
        14,
        26,
        27,
        33,
        42
      ],
      "confidence": 71.09166666666667
    },
    {
      "numbers": [
        12,
        13,
        19,
        26,
        38,
        44
      ],
      "confidence": 70.63333333333333
    },
    {
      "numbers": [
        12,
        13,
        18,
        26,
        39,
        41
      ],
      "confidence": 70.63333333333333
    },
    {
      "numbers": [
        13,
        19,
        26,
        30,
        33,
        41
      ],
      "confidence": 70.42500000000001
    },
    {
      "numbers": [
        13,
        14,
        17,
        26,
        39,
        44
      ],
      "confidence": 70.42500000000001
    },
    {
      "numbers": [
        12,
        18,
        25,
        26,
        33,
        44
      ],
      "confidence": 69.96666666666667
    },
    {
      "numbers": [
        13,
        18,
        19,
        26,
        41,
        42
      ],
      "confidence": 69.93333333333334
    },
    {
      "numbers": [
        13,
        17,
        18,
        26,
        38,
        39
      ],
      "confidence": 69.725
    },
    {
      "numbers": [
        12,
        13,
        17,
        33,
        39,
        44
      ],
      "confidence": 69.725
    },
    {
      "numbers": [
        13,
        20,
        23,
        25,
        26,
        44
      ],
      "confidence": 69.725
    },
    {
      "numbers": [
        12,
        13,
        23,
        26,
        38,
        39
      ],
      "confidence": 69.725
    },
    {
      "numbers": [
        13,
        16,
        17,
        18,
        26,
        33
      ],
      "confidence": 69.51666666666667
    },
    {
      "numbers": [
        13,
        14,
        20,
        25,
        38,
        42
      ],
      "confidence": 69.3
    },
    {
      "numbers": [
        12,
        14,
        19,
        25,
        26,
        33
      ],
      "confidence": 69.26666666666668
    },
    {
      "numbers": [
        13,
        14,
        17,
        18,
        25,
        41
      ],
      "confidence": 69.26666666666668
    },
    {
      "numbers": [
        13,
        17,
        18,
        20,
        25,
        44
      ],
      "confidence": 69.26666666666668
    },
    {
      "numbers": [
        12,
        13,
        16,
        26,
        39,
        44
      ],
      "confidence": 69.09166666666667
    },
    {
      "numbers": [
        13,
        14,
        18,
        30,
        33,
        42
      ],
      "confidence": 69.09166666666667
    },
    {
      "numbers": [
        17,
        18,
        19,
        26,
        33,
        39
      ],
      "confidence": 69.05833333333334
    },
    {
      "numbers": [
        13,
        14,
        25,
        27,
        33,
        38
      ],
      "confidence": 69.05833333333334
    },
    {
      "numbers": [
        14,
        20,
        23,
        25,
        26,
        33
      ],
      "confidence": 69.05833333333334
    },
    {
      "numbers": [
        12,
        13,
        25,
        26,
        42,
        44
      ],
      "confidence": 69.05833333333334
    },
    {
      "numbers": [
        14,
        23,
        25,
        26,
        33,
        38
      ],
      "confidence": 69.05833333333334
    },
    {
      "numbers": [
        12,
        13,
        23,
        26,
        29,
        41
      ],
      "confidence": 69.05833333333334
    },
    {
      "numbers": [
        12,
        13,
        17,
        23,
        26,
        29
      ],
      "confidence": 69.025
    },
    {
      "numbers": [
        13,
        18,
        26,
        29,
        33,
        39
      ],
      "confidence": 68.85
    },
    {
      "numbers": [
        12,
        13,
        16,
        26,
        33,
        38
      ],
      "confidence": 68.85
    },
    {
      "numbers": [
        13,
        14,
        16,
        18,
        26,
        33
      ],
      "confidence": 68.85
    },
    {
      "numbers": [
        13,
        18,
        26,
        33,
        38,
        44
      ],
      "confidence": 68.73906208341268
    },
    {
      "numbers": [
        12,
        18,
        19,
        23,
        26,
        44
      ],
      "confidence": 68.6
    },
    {
      "numbers": [
        14,
        18,
        26,
        27,
        29,
        33
      ],
      "confidence": 68.6
    },
    {
      "numbers": [
        17,
        18,
        19,
        20,
        33,
        44
      ],
      "confidence": 68.6
    },
    {
      "numbers": [
        12,
        18,
        26,
        33,
        39,
        44
      ],
      "confidence": 68.48906208341269
    },
    {
      "numbers": [
        12,
        25,
        26,
        29,
        33,
        42
      ],
      "confidence": 68.42500000000001
    },
    {
      "numbers": [
        16,
        17,
        20,
        26,
        33,
        38
      ],
      "confidence": 68.39166666666668
    },
    {
      "numbers": [
        12,
        13,
        17,
        27,
        38,
        39
      ],