{
  "latest_round": 986,
  "next_round": 987,
  "hot_cold": {
    "hot": [
      [
        2,
        10
      ],
      [
        9,
        10
      ],
      [
        10,
        10
      ],
      [
        37,
        10
      ],
      [
        13,
        9
      ],
      [
        21,
        9
      ],
      [
        35,
        9
      ],
      [
        36,
        9
      ],
      [
        40,
        9
      ],
      [
        41,
        9
      ]
    ],
    "cold": [
      [
        5,
        2
      ],
      [
        19,
        3
      ],
      [
        32,
        3
      ],
      [
        38,
        3
      ],
      [
        8,
        4
      ],
      [
        6,
        5
      ],
      [
        17,
        5
      ],
      [
        20,
        5
      ],
      [
        25,
        5
      ],
      [
        26,
        5
      ]
    ],
    "overdue": [
      [
        19,
        3.138541666666667
      ],
      [
        38,
        2.569182389937107
      ],
      [
        40,
        2.458677685950413
      ],
      [
        18,
        2.22397476340694
      ],
      [
        29,
        2.072314049586777
      ],
      [
        6,
        1.7828810020876826
      ],
      [
        39,
        1.7391304347826086
      ]
    ]
  },
  "engine_predictions": {
    "advancedpattern": [
      7,
      10,
      16,
      28,
      41,
      42
    ],
    "gap": [
      1,
      7,
      13,
      19,
      25,
      31
    ],
    "graph": [
      8,
      11,
      12,
      18,
      33,
      40
    ],
    "lstm": [
      7,
      10,
      16,
      21,
      23,
      35
    ],
    "ml": [
      14,
      20,
      23,
      28,
      35,
      36
    ],
    "numerology": [
      17,
      22,
      23,
      24,
      25,
      31
    ],
    "pattern": [
      3,
      11,
      13,
      23,
      33,
      43
    ],
    "sequencecorrelation": [
      12,
      17,
      21,
      26,
      27,
      39
    ],
    "statistical": [
      6,
      18,
      29,
      38,
      39,
      40
    ],
    "timeseries": [
      1,
      6,
      11,
      14,
      25,
      29
    ]
  },
  "predicted_sets": [
    {
      "numbers": [
        7,
        16,
        23,
        28,
        39,
        42
      ],
      "confidence": 69.33333333333334
    },
    {
      "numbers": [
        7,
        10,
        16,
        21,
        23,
        35
      ],
      "confidence": 69.3
    },
    {
      "numbers": [
        7,
        13,
        18,
        25,
        40,
        41
      ],
      "confidence": 68.66666666666666
    },
    {
      "numbers": [
        1,
        10,
        16,
        23,
        25,
        42
      ],
      "confidence": 68.63333333333333
    },
    {
      "numbers": [
        7,
        11,
        14,
        16,
        25,
        42
      ],
      "confidence": 68.63333333333333
    },
    {
      "numbers": [
        6,
        10,
        11,
        17,
        23,
        42
      ],
      "confidence": 68.63333333333333
    },
    {
      "numbers": [
        1,
        7,
        12,
        25,
        28,
        40
      ],
      "confidence": 68.63333333333333
    },
    {
      "numbers": [
        1,
        6,
        17,
        23,
        25,
        42
      ],
      "confidence": 68.63333333333333
    },
    {
      "numbers": [
        7,
        12,
        21,
        25,
        28,
        39
      ],
      "confidence": 68.63333333333333
    },
    {
      "numbers": [
        7,
        16,
        25,
        28,
        39,
        40
      ],
      "confidence": 68.63333333333333
    },
    {
      "numbers": [
        11,
        12,
        17,
        23,
        39,
        40
      ],
      "confidence": 68.6
    },
    {
      "numbers": [
        6,
        14,
        21,
        23,
        25,
        28
      ],
      "confidence": 68.6
    },
    {
      "numbers": [
        6,
        11,
        21,
        23,
        35,
        42
      ],
      "confidence": 68.45833333333334
    },
    {
      "numbers": [
        6,
        16,
        23,
        25,
        39,
        42
      ],
      "confidence": 68.45833333333334
    },
    {
      "numbers": [
        1,
        10,
        11,
        23,
        28,
        35
      ],
      "confidence": 68.42500000000001
    },
    {
      "numbers": [
        10,
        18,
        23,
        25,
        35,
        39
      ],
      "confidence": 68.42500000000001
    },
    {
      "numbers": [
        7,
        10,
        16,
        28,
        39,
        42
      ],
      "confidence": 68.0
    },
    {
      "numbers": [
        6,
        7,
        14,
        21,
        39,
        40
      ],
      "confidence": 67.96666666666667
    },
    {
      "numbers": [
        7,
        10,
        12,
        16,
        28,
        35
      ],
      "confidence": 67.96666666666667
    },
    {
      "numbers": [
        6,
        7,
        12,
        25,
        28,
        41
      ],
      "confidence": 67.96666666666667
    },
    {
      "numbers": [
        1,
        12,
        13,
        25,
        28,
        39
      ],
      "confidence": 67.96666666666667
    },
    {
      "numbers": [
        16,
        17,
        18,
        21,
        23,
        40
      ],
      "confidence": 67.93333333333334
    },
    {
      "numbers": [
        17,
        21,
        23,
        25,
        28,
        42
      ],
      "confidence": 67.93333333333334
    },
    {
      "numbers": [
        14,
        16,
        23,
        35,
        39,
        40
      ],
      "confidence": 67.93333333333334
    },
    {
      "numbers": [
        7,
        11,
        12,
        13,
        35,
        40
      ],
      "confidence": 67.93333333333334
    },
    {
      "numbers": [
        10,
        14,
        21,
        23,
        39,
        41
      ],
      "confidence": 67.79166666666666
    },
    {
      "numbers": [
        1,
        6,
        12,
        23,
        35,
        42
      ],
      "confidence": 67.79166666666666
    },
    {
      "numbers": [
        6,
        7,
        18,
        23,
        28,
        41
      ],
      "confidence": 67.75833333333334
    },
    {
      "numbers": [
        1,
        12,
        13,
        23,
        28,
        40
      ],
      "confidence": 67.75833333333334
    },
    {
      "numbers": [
        11,
        12,
        23,
        28,
        35,
        41
      ],
      "confidence": 67.75833333333334
    },
    {
      "numbers": [
        7,
        11,
        12,
        17,
        28,
        39
      ],
      "confidence": 67.75833333333334
    },
    {
      "numbers": [
        6,
        7,
        14,
        17,
        23,
        42
      ],
      "confidence": 67.75833333333334
    },
    {
      "numbers": [
        6,
        11,
        12,
        25,
        35,
        39
      ],
      "confidence": 67.75833333333334
    },
    {
      "numbers": [
        10,
        11,
        16,
        17,
        25,
        35
      ],
      "confidence": 67.75833333333334
    },
    {
      "numbers": [
        1,
        10,
        18,
        23,
        28,
        35
      ],
      "confidence": 67.75833333333334
    },
    {
      "numbers": [
        6,
        7,
        17,
        18,
        23,
        41
      ],
      "confidence": 67.75833333333334
    },
    {
      "numbers": [
        6,
        21,
        23,
        25,
        28,
        35
      ],
      "confidence": 67.725
    },
    {
      "numbers": [
        12,
        16,
        23,
        25,
        28,
        35
      ],
      "confidence": 67.725
    },
    {
      "numbers": [
        11,
        14,
        17,
        21,
        23,
        40
      ],