{
  "latest_round": 71,
  "next_round": 72,
  "hot_cold": {
    "hot": [
      [
        7,
        12
      ],
      [
        26,
        11
      ],
      [
        15,
        10
      ],
      [
        36,
        10
      ],
      [
        43,
        10
      ],
      [
        8,
        9
      ],
      [
        10,
        9
      ],
      [
        25,
        9
      ],
      [
        33,
        9
      ],
      [
        35,
        9
      ]
    ],
    "cold": [
      [
        24,
        2
      ],
      [
        34,
        2
      ],
      [
        11,
        3
      ],
      [
        12,
        3
      ],
      [
        32,
        3
      ],
      [
        41,
        3
      ],
      [
        42,
        3
      ],
      [
        45,
        3
      ],
      [
        9,
        4
      ],
      [
        22,
        4
      ]
    ],
    "overdue": [
      [
        37,
        4.090909090909091
      ],
      [
        13,
        3.9772727272727275
      ],
      [
        34,
        3.25
      ],
      [
        31,
        2.5471698113207544
      ],
      [
        44,
        2.4375
      ],
      [
        6,
        2.4
      ],
      [
        32,
        2.1176470588235294
      ],
      [
        1,
        1.9767441860465118
      ],
      [
        35,
        1.8409090909090908
      ],
      [
        11,
        1.6666666666666667
      ]
    ]
  },
  "engine_predictions": {
    "advancedpattern": [
      5,
      8,
      9,
      16,
      25,
      39
    ],
    "gap": [
      2,
      8,
      14,
      20,
      26,
      32
    ],
    "graph": [
      7,
      25,
      26,
      37,
      39,
      40
    ],
    "lstm": [
      3,
      5,
      15,
      16,
      19,
      36
    ],
    "numerology": [
      16,
      17,
      22,
      23,
      25,
      26
    ],
    "pattern": [
      3,
      13,
      23,
      33,
      37,
      43
    ],
    "sequencecorrelation": [
      5,
      8,
      19,
      25,
      39,
      40
    ],
    "statistical": [
      6,
      31,
      32,
      37,
      40,
      44
    ],
    "timeseries": [
      3,
      15,
      27,
      31,
      36,
      40
    ]
  },
  "predicted_sets": [
    {
      "numbers": [
        8,
        15,
        25,
        36,
        37,
        40
      ],
      "confidence": 71.75833333333333
    },
    {
      "numbers": [
        3,
        16,
        23,
        25,
        31,
        40
      ],
      "confidence": 71.75833333333333
    },
    {
      "numbers": [
        5,
        8,
        16,
        25,
        31,
        37
      ],
      "confidence": 71.75833333333333
    },
    {
      "numbers": [
        5,
        16,
        25,
        39,
        40,
        41
      ],
      "confidence": 71.7175925925926
    },
    {
      "numbers": [
        5,
        8,
        16,
        25,
        40,
        41
      ],
      "confidence": 71.7175925925926
    },
    {
      "numbers": [
        5,
        8,
        15,
        25,
        39,
        40
      ],
      "confidence": 71.62407407407407
    },
    {
      "numbers": [
        3,
        8,
        25,
        32,
        36,
        39
      ],
      "confidence": 71.1925925925926
    },
    {
      "numbers": [
        8,
        12,
        16,
        25,
        31,
        40
      ],
      "confidence": 71.15185185185184
    },
    {
      "numbers": [
        8,
        16,
        19,
        25,
        37,
        41
      ],
      "confidence": 71.11111111111111
    },
    {
      "numbers": [
        3,
        8,
        19,
        25,
        32,
        39
      ],
      "confidence": 71.01759259259259
    },
    {
      "numbers": [
        9,
        19,
        25,
        26,
        37,
        40
      ],
      "confidence": 71.01759259259259
    },
    {
      "numbers": [
        2,
        8,
        15,
        37,
        39,
        40
      ],
      "confidence": 70.45185185185184
    },
    {
      "numbers": [
        3,
        15,
        31,
        36,
        37,
        40
      ],
      "confidence": 70.45185185185184
    },
    {
      "numbers": [
        3,
        8,
        15,
        19,
        32,
        40
      ],
      "confidence": 70.45185185185184
    },
    {
      "numbers": [
        2,
        23,
        25,
        26,
        37,
        39
      ],
      "confidence": 70.45185185185184
    },
    {
      "numbers": [
        8,
        15,
        19,
        26,
        40,
        41
      ],
      "confidence": 70.37037037037038
    },
    {
      "numbers": [
        5,
        8,
        15,
        32,
        39,
        40
      ],
      "confidence": 70.3175925925926
    },
    {
      "numbers": [
        3,
        8,
        15,
        19,
        39,
        40
      ],
      "confidence": 70.3175925925926
    },
    {
      "numbers": [
        8,
        12,
        15,
        25,
        39,
        40
      ],
      "confidence": 70.27685185185186
    },
    {
      "numbers": [
        8,
        15,
        19,
        23,
        39,
        40
      ],
      "confidence": 70.27685185185186
    },
    {
      "numbers": [
        2,
        15,
        23,
        25,
        26,
        40
      ],
      "confidence": 70.27685185185186
    },
    {
      "numbers": [
        3,
        15,
        23,
        26,
        31,
        40
      ],
      "confidence": 70.27685185185186
    },
    {
      "numbers": [
        5,
        9,
        16,
        26,
        39,
        40
      ],
      "confidence": 70.14259259259259
    },
    {
      "numbers": [
        5,
        15,
        16,
        26,
        31,
        40
      ],
      "confidence": 70.14259259259259
    },
    {
      "numbers": [
        5,
        16,
        25,
        31,
        40,
        41
      ],
      "confidence": 70.10185185185185
    },
    {
      "numbers": [
        5,
        8,
        29,
        31,
        37,
        40
      ],
      "confidence": 69.71111111111111
    },
    {
      "numbers": [
        16,
        23,
        25,
        29,
        32,
        40
      ],
      "confidence": 69.71111111111111
    },
    {
      "numbers": [
        5,
        8,
        25,
        31,
        32,
        36
      ],
      "confidence": 69.57685185185184
    },
    {
      "numbers": [
        16,
        19,
        25,
        29,
        37,
        40
      ],
      "confidence": 69.57685185185184
    },
    {
      "numbers": [
        8,
        15,
        16,
        31,
        36,
        40
      ],
      "confidence": 69.57685185185184
    },
    {
      "numbers": [
        5,
        9,
        25,
        26,
        32,
        37
      ],
      "confidence": 69.57685185185184
    },
    {
      "numbers": [
        5,
        15,
        23,
        26,
        40,
        41
      ],
      "confidence": 69.49537037037038
    },
    {
      "numbers": [
        5,
        16,
        19,
        26,
        36,
        37
      ],
      "confidence": 69.40185185185184
    },
    {
      "numbers": [
        3,
        8,
        23,
        31,
        36,
        39
      ],
      "confidence": 68.83611111111111
    },
    {
      "numbers": [
        2,
        3,
        25,
        32,
        36,
        37
      ],
      "confidence": 68.83611111111111
    },
    {
      "numbers": [
        8,
        9,
        23,
        26,
        36,
        40
      ],
      "confidence": 68.83611111111111
    },
    {
      "numbers": [
        8,
        12,
        19,
        37,
        39,
        40
      ],
      "confidence": 68.83611111111111
    },
    {
      "numbers": [
        2,
        5,
        25,
        29,
        37,
        40
      ],
      "confidence": 68.83611111111111
    },
    {
      "numbers": [
        5,
        9,
        16,
        19,
        31,
        40
      ],