{
  "latest_round": 594,
  "next_round": 595,
  "hot_cold": {
    "hot": [
      [
        20,
        14
      ],
      [
        7,
        9
      ],
      [
        13,
        9
      ],
      [
        14,
        9
      ],
      [
        17,
        9
      ],
      [
        32,
        9
      ],
      [
        34,
        9
      ],
      [
        2,
        8
      ],
      [
        5,
        8
      ],
      [
        12,
        8
      ]
    ],
    "cold": [
      [
        9,
        2
      ],
      [
        36,
        2
      ],
      [
        19,
        3
      ],
      [
        23,
        3
      ],
      [
        22,
        4
      ],
      [
        3,
        5
      ],
      [
        16,
        5
      ],
      [
        18,
        5
      ],
      [
        21,
        5
      ],
      [
        24,
        5
      ]
    ],
    "overdue": [
      [
        1,
        3.821109123434705
      ],
      [
        26,
        3.4601769911504423
      ],
      [
        23,
        3.125
      ],
      [
        4,
        3.0904255319148937
      ],
      [
        43,
        2.8468468468468466
      ],
      [
        19,
        2.5919439579684767
      ],
      [
        35,
        1.8683274021352314
      ],
      [
        11,
        1.8440207972270364
      ],
      [
        3,
        1.7915194346289753
      ],
      [
        27,
        1.6879310344827587
      ]
    ]
  },
  "engine_predictions": {
    "advancedpattern": [
      2,
      8,
      13,
      25,
      28,
      37
    ],
    "gap": [
      1,
      7,
      13,
      19,
      25,
      31
    ],
    "graph": [
      1,
      13,
      20,
      34,
      37,
      40
    ],
    "lstm": [
      2,
      6,
      8,
      13,
      28,
      38
    ],
    "ml": [
      2,
      13,
      16,
      33,
      36,
      45
    ],
    "numerology": [
      13,
      17,
      22,
      23,
      25,
      31
    ],
    "pattern": [
      5,
      13,
      15,
      25,
      35,
      45
    ],
    "sequencecorrelation": [
      4,
      11,
      20,
      21,
      26,
      37
    ],
    "statistical": [
      1,
      4,
      26,
      35,
      40,
      43
    ],
    "timeseries": [
      7,
      16,
      18,
      38,
      42,
      43
    ]
  },
  "predicted_sets": [
    {
      "numbers": [
        2,
        8,
        13,
        25,
        37,
        43
      ],
      "confidence": 73.125
    },
    {
      "numbers": [
        2,
        11,
        13,
        25,
        37,
        40
      ],
      "confidence": 72.63333333333333
    },
    {
      "numbers": [
        2,
        13,
        26,
        31,
        38,
        45
      ],
      "confidence": 72.0
    },
    {
      "numbers": [
        2,
        7,
        13,
        28,
        40,
        45
      ],
      "confidence": 72.0
    },
    {
      "numbers": [
        2,
        13,
        16,
        26,
        37,
        45
      ],
      "confidence": 71.79166666666666
    },
    {
      "numbers": [
        2,
        13,
        20,
        25,
        28,
        35
      ],
      "confidence": 71.75833333333334
    },
    {
      "numbers": [
        1,
        2,
        13,
        16,
        38,
        40
      ],
      "confidence": 71.26666666666667
    },
    {
      "numbers": [
        2,
        13,
        20,
        31,
        35,
        37
      ],
      "confidence": 71.26666666666667
    },
    {
      "numbers": [
        8,
        13,
        20,
        28,
        37,
        45
      ],
      "confidence": 71.125
    },
    {
      "numbers": [
        4,
        8,
        13,
        16,
        25,
        45
      ],
      "confidence": 71.09166666666667
    },
    {
      "numbers": [
        1,
        13,
        26,
        28,
        31,
        37
      ],
      "confidence": 71.09166666666667
    },
    {
      "numbers": [
        7,
        13,
        25,
        35,
        38,
        40
      ],
      "confidence": 71.09166666666667
    },
    {
      "numbers": [
        1,
        13,
        16,
        26,
        35,
        37
      ],
      "confidence": 71.09166666666667
    },
    {
      "numbers": [
        2,
        8,
        13,
        25,
        28,
        38
      ],
      "confidence": 70.88333333333333
    },
    {
      "numbers": [
        7,
        13,
        26,
        31,
        35,
        40
      ],
      "confidence": 70.63333333333333
    },
    {
      "numbers": [
        4,
        11,
        13,
        20,
        26,
        37
      ],
      "confidence": 70.63333333333333
    },
    {
      "numbers": [
        13,
        16,
        20,
        28,
        35,
        37
      ],
      "confidence": 70.6
    },
    {
      "numbers": [
        4,
        7,
        13,
        26,
        38,
        43
      ],
      "confidence": 70.45833333333334
    },
    {
      "numbers": [
        8,
        13,
        20,
        28,
        35,
        37
      ],
      "confidence": 70.42500000000001
    },
    {
      "numbers": [
        4,
        7,
        13,
        25,
        28,
        33
      ],
      "confidence": 70.42500000000001
    },
    {
      "numbers": [
        7,
        13,
        16,
        20,
        25,
        33
      ],
      "confidence": 70.42500000000001
    },
    {
      "numbers": [
        2,
        4,
        8,
        13,
        38,
        45
      ],
      "confidence": 70.42500000000001
    },
    {
      "numbers": [
        4,
        8,
        13,
        20,
        28,
        45
      ],
      "confidence": 69.75833333333334
    },
    {
      "numbers": [
        7,
        13,
        16,
        26,
        28,
        35
      ],
      "confidence": 69.75833333333334
    },
    {
      "numbers": [
        1,
        11,
        13,
        26,
        28,
        35
      ],
      "confidence": 69.75833333333334
    },
    {
      "numbers": [
        8,
        13,
        16,
        20,
        35,
        43
      ],
      "confidence": 69.75833333333334
    },
    {
      "numbers": [
        4,
        7,
        13,
        28,
        37,
        38
      ],
      "confidence": 69.55
    },
    {
      "numbers": [
        2,
        16,
        25,
        28,
        40,
        45
      ],
      "confidence": 69.125
    },
    {
      "numbers": [
        2,
        7,
        8,
        25,
        37,
        43
      ],
      "confidence": 69.09166666666667
    },
    {
      "numbers": [
        2,
        4,
        25,
        37,
        43,
        45
      ],
      "confidence": 69.09166666666667
    },
    {
      "numbers": [
        8,
        11,
        13,
        16,
        35,
        45
      ],
      "confidence": 69.09166666666667
    },
    {
      "numbers": [
        2,
        8,
        20,
        25,
        37,
        40
      ],
      "confidence": 69.09166666666667
    },
    {
      "numbers": [
        4,
        13,
        16,
        33,
        37,
        40
      ],
      "confidence": 69.05833333333334
    },
    {
      "numbers": [
        2,
        13,
        16,
        33,
        40,
        43
      ],
      "confidence": 68.88333333333333
    },
    {
      "numbers": [
        2,
        7,
        13,
        25,
        26,
        28
      ],
      "confidence": 68.71711410517665
    },
    {
      "numbers": [
        2,
        4,
        8,
        16,
        37,
        45
      ],
      "confidence": 68.63333333333333
    },
    {
      "numbers": [
        1,
        8,
        20,
        25,
        26,
        33
      ],
      "confidence": 68.63333333333333
    },
    {
      "numbers": [
        2,
        4,
        26,
        31,
        37,
        45
      ],
      "confidence": 68.63333333333333
    },
    {
      "numbers": [
        2,
        25,
        26,
        33,
        37,
        40
      ],