{
  "latest_round": 1167,
  "next_round": 1168,
  "hot_cold": {
    "hot": [
      [
        38,
        11
      ],
      [
        13,
        10
      ],
      [
        15,
        10
      ],
      [
        19,
        10
      ],
      [
        27,
        10
      ],
      [
        34,
        10
      ],
      [
        6,
        9
      ],
      [
        21,
        9
      ],
      [
        28,
        9
      ],
      [
        37,
        9
      ]
    ],
    "cold": [
      [
        43,
        2
      ],
      [
        18,
        3
      ],
      [
        23,
        3
      ],
      [
        42,
        3
      ],
      [
        4,
        4
      ],
      [
        22,
        4
      ],
      [
        36,
        4
      ],
      [
        41,
        4
      ],
      [
        1,
        5
      ],
      [
        5,
        5
      ]
    ],
    "overdue": [
      [
        11,
        2.7447552447552446
      ],
      [
        1,
        1.9369527145359018
      ],
      [
        44,
        1.8862642169728783
      ],
      [
        4,
        1.725764192139738
      ],
      [
        19,
        1.65625
      ],
      [
        10,
        1.6013864818024264
      ]
    ]
  },
  "engine_predictions": {
    "advancedpattern": [
      8,
      23,
      31,
      35,
      39,
      40
    ],
    "gap": [
      1,
      7,
      13,
      19,
      25,
      31
    ],
    "graph": [
      18,
      27,
      33,
      34,
      40,
      45
    ],
    "lstm": [
      23,
      25,
      27,
      29,
      38,
      39
    ],
    "ml": [
      4,
      8,
      12,
      17,
      27,
      35
    ],
    "numerology": [
      17,
      22,
      23,
      24,
      25,
      31
    ],
    "pattern": [
      3,
      11,
      13,
      23,
      33,
      43
    ],
    "sequencecorrelation": [
      6,
      18,
      34,
      36,
      37,
      40
    ],
    "statistical": [
      10,
      11,
      19,
      30,
      37,
      44
    ],
    "timeseries": [
      20,
      25,
      26,
      32,
      36,
      37
    ]
  },
  "predicted_sets": [
    {
      "numbers": [
        8,
        18,
        23,
        25,
        27,
        40
      ],
      "confidence": 70.42500000000001
    },
    {
      "numbers": [
        8,
        17,
        23,
        31,
        35,
        40
      ],
      "confidence": 69.96666666666667
    },
    {
      "numbers": [
        8,
        12,
        17,
        23,
        25,
        40
      ],
      "confidence": 69.96666666666667
    },
    {
      "numbers": [
        8,
        17,
        25,
        33,
        39,
        40
      ],
      "confidence": 69.3
    },
    {
      "numbers": [
        4,
        11,
        23,
        37,
        39,
        40
      ],
      "confidence": 69.3
    },
    {
      "numbers": [
        8,
        17,
        25,
        31,
        33,
        36
      ],
      "confidence": 69.3
    },
    {
      "numbers": [
        8,
        13,
        27,
        31,
        34,
        40
      ],
      "confidence": 69.3
    },
    {
      "numbers": [
        8,
        17,
        25,
        31,
        36,
        39
      ],
      "confidence": 69.3
    },
    {
      "numbers": [
        8,
        11,
        25,
        33,
        34,
        40
      ],
      "confidence": 69.3
    },
    {
      "numbers": [
        8,
        23,
        27,
        34,
        35,
        40
      ],
      "confidence": 69.26666666666668
    },
    {
      "numbers": [
        8,
        11,
        18,
        25,
        27,
        40
      ],
      "confidence": 69.09166666666667
    },
    {
      "numbers": [
        4,
        17,
        23,
        31,
        36,
        39
      ],
      "confidence": 68.63333333333333
    },
    {
      "numbers": [
        4,
        12,
        19,
        25,
        31,
        40
      ],
      "confidence": 68.63333333333333
    },
    {
      "numbers": [
        4,
        13,
        18,
        25,
        36,
        37
      ],
      "confidence": 68.63333333333333
    },
    {
      "numbers": [
        4,
        8,
        23,
        36,
        37,
        40
      ],
      "confidence": 68.6
    },
    {
      "numbers": [
        8,
        19,
        27,
        31,
        39,
        40
      ],
      "confidence": 68.42500000000001
    },
    {
      "numbers": [
        8,
        17,
        25,
        34,
        36,
        37
      ],
      "confidence": 68.42500000000001
    },
    {
      "numbers": [
        4,
        17,
        25,
        27,
        39,
        40
      ],
      "confidence": 68.42500000000001
    },
    {
      "numbers": [
        8,
        18,
        25,
        31,
        34,
        36
      ],
      "confidence": 68.42500000000001
    },
    {
      "numbers": [
        8,
        17,
        19,
        23,
        36,
        37
      ],
      "confidence": 68.42500000000001
    },
    {
      "numbers": [
        8,
        18,
        23,
        34,
        36,
        37
      ],
      "confidence": 68.42500000000001
    },
    {
      "numbers": [
        8,
        13,
        25,
        35,
        36,
        37
      ],
      "confidence": 68.42500000000001
    },
    {
      "numbers": [
        8,
        18,
        23,
        31,
        34,
        36
      ],
      "confidence": 68.42500000000001
    },
    {
      "numbers": [
        12,
        17,
        25,
        27,
        31,
        40
      ],
      "confidence": 68.39166666666668
    },
    {
      "numbers": [
        4,
        8,
        23,
        25,
        31,
        33
      ],
      "confidence": 68.39166666666668
    },
    {
      "numbers": [
        11,
        19,
        23,
        31,
        34,
        40
      ],
      "confidence": 68.39166666666668
    },
    {
      "numbers": [
        4,
        12,
        25,
        31,
        37,
        38
      ],
      "confidence": 67.96666666666667
    },
    {
      "numbers": [
        11,
        12,
        25,
        33,
        36,
        40
      ],
      "confidence": 67.93333333333334
    },
    {
      "numbers": [
        12,
        18,
        19,
        23,
        31,
        34
      ],
      "confidence": 67.93333333333334
    },
    {
      "numbers": [
        12,
        18,
        27,
        31,
        39,
        40
      ],
      "confidence": 67.93333333333334
    },
    {
      "numbers": [
        13,
        18,
        19,
        31,
        37,
        40
      ],
      "confidence": 67.9
    },
    {
      "numbers": [
        8,
        18,
        27,
        31,
        35,
        36
      ],
      "confidence": 67.75833333333334
    },
    {
      "numbers": [
        4,
        13,
        18,
        23,
        39,
        40
      ],
      "confidence": 67.75833333333334
    },
    {
      "numbers": [
        8,
        12,
        18,
        23,
        31,
        35
      ],
      "confidence": 67.75833333333334
    },
    {
      "numbers": [
        4,
        11,
        13,
        17,
        23,
        40
      ],
      "confidence": 67.75833333333334
    },
    {
      "numbers": [
        8,
        12,
        17,
        23,
        27,
        35
      ],
      "confidence": 67.75833333333334
    },
    {
      "numbers": [
        8,
        19,
        25,
        33,
        38,
        40
      ],
      "confidence": 67.75833333333334
    },
    {
      "numbers": [
        4,
        8,
        18,
        19,
        25,
        37
      ],
      "confidence": 67.75833333333334
    },
    {
      "numbers": [
        4,
        11,
        12,
        23,
        31,
        40
      ],
      "confidence": 67.75833333333334
    },
    {
      "numbers": [
        12,
        13,
        18,
        23,
        25,
        27
      ],