{
  "latest_round": 187,
  "next_round": 188,
  "hot_cold": {
    "hot": [
      [
        34,
        13
      ],
      [
        13,
        12
      ],
      [
        42,
        12
      ],
      [
        2,
        11
      ],
      [
        18,
        11
      ],
      [
        19,
        11
      ],
      [
        21,
        10
      ],
      [
        1,
        9
      ],
      [
        28,
        9
      ],
      [
        39,
        9
      ]
    ],
    "cold": [
      [
        7,
        2
      ],
      [
        23,
        2
      ],
      [
        14,
        3
      ],
      [
        22,
        3
      ],
      [
        32,
        3
      ],
      [
        38,
        3
      ],
      [
        44,
        3
      ],
      [
        6,
        4
      ],
      [
        17,
        4
      ],
      [
        24,
        4
      ]
    ],
    "overdue": [
      [
        7,
        4.105263157894737
      ],
      [
        44,
        3.1372549019607843
      ],
      [
        3,
        2.481012658227848
      ],
      [
        36,
        2.240963855421687
      ],
      [
        35,
        2.0833333333333335
      ],
      [
        26,
        1.9171597633136095
      ],
      [
        41,
        1.8862275449101795
      ],
      [
        28,
        1.6216216216216215
      ],
      [
        30,
        1.5988372093023255
      ],
      [
        37,
        1.5340909090909092
      ]
    ]
  },
  "engine_predictions": {
    "advancedpattern": [
      1,
      2,
      8,
      18,
      29,
      45
    ],
    "gap": [
      1,
      7,
      13,
      19,
      25,
      31
    ],
    "graph": [
      2,
      17,
      25,
      36,
      40,
      42
    ],
    "lstm": [
      1,
      2,
      18,
      21,
      29,
      40
    ],
    "ml": [
      1,
      2,
      8,
      18,
      29,
      36
    ],
    "numerology": [
      17,
      22,
      23,
      24,
      25,
      31
    ],
    "pattern": [
      3,
      13,
      23,
      33,
      35,
      43
    ],
    "sequencecorrelation": [
      17,
      21,
      35,
      36,
      40,
      45
    ],
    "statistical": [
      3,
      7,
      30,
      35,
      36,
      41
    ],
    "timeseries": [
      5,
      22,
      23,
      30,
      31,
      43
    ]
  },
  "predicted_sets": [
    {
      "numbers": [
        1,
        2,
        18,
        29,
        36,
        45
      ],
      "confidence": 73.33333333333334
    },
    {
      "numbers": [
        1,
        2,
        17,
        23,
        30,
        36
      ],
      "confidence": 72.63333333333333
    },
    {
      "numbers": [
        2,
        3,
        18,
        25,
        36,
        40
      ],
      "confidence": 71.96666666666667
    },
    {
      "numbers": [
        2,
        3,
        18,
        29,
        35,
        36
      ],
      "confidence": 71.96666666666667
    },
    {
      "numbers": [
        2,
        18,
        23,
        25,
        31,
        40
      ],
      "confidence": 71.96666666666667
    },
    {
      "numbers": [
        1,
        17,
        18,
        23,
        30,
        36
      ],
      "confidence": 71.96666666666667
    },
    {
      "numbers": [
        1,
        8,
        17,
        29,
        36,
        40
      ],
      "confidence": 71.96666666666667
    },
    {
      "numbers": [
        1,
        18,
        22,
        36,
        43,
        45
      ],
      "confidence": 71.33333333333334
    },
    {
      "numbers": [
        1,
        3,
        17,
        29,
        30,
        36
      ],
      "confidence": 71.3
    },
    {
      "numbers": [
        1,
        17,
        18,
        22,
        29,
        35
      ],
      "confidence": 71.3
    },
    {
      "numbers": [
        2,
        13,
        17,
        18,
        29,
        35
      ],
      "confidence": 71.3
    },
    {
      "numbers": [
        2,
        8,
        17,
        21,
        29,
        36
      ],
      "confidence": 71.3
    },
    {
      "numbers": [
        1,
        3,
        18,
        22,
        29,
        36
      ],
      "confidence": 71.3
    },
    {
      "numbers": [
        2,
        8,
        23,
        31,
        36,
        45
      ],
      "confidence": 71.3
    },
    {
      "numbers": [
        1,
        18,
        21,
        23,
        36,
        45
      ],
      "confidence": 71.125
    },
    {
      "numbers": [
        1,
        2,
        18,
        22,
        40,
        43
      ],
      "confidence": 71.125
    },
    {
      "numbers": [
        2,
        17,
        18,
        22,
        31,
        36
      ],
      "confidence": 71.09166666666667
    },
    {
      "numbers": [
        1,
        2,
        23,
        25,
        31,
        40
      ],
      "confidence": 71.05833333333334
    },
    {
      "numbers": [
        3,
        17,
        18,
        21,
        36,
        45
      ],
      "confidence": 70.66666666666667
    },
    {
      "numbers": [
        2,
        3,
        18,
        21,
        35,
        40
      ],
      "confidence": 70.63333333333333
    },
    {
      "numbers": [
        7,
        18,
        22,
        29,
        31,
        36
      ],
      "confidence": 70.63333333333333
    },
    {
      "numbers": [
        1,
        3,
        18,
        22,
        29,
        40
      ],
      "confidence": 70.63333333333333
    },
    {
      "numbers": [
        1,
        8,
        22,
        23,
        35,
        36
      ],
      "confidence": 70.6
    },
    {
      "numbers": [
        2,
        7,
        13,
        18,
        36,
        40
      ],
      "confidence": 70.6
    },
    {
      "numbers": [
        2,
        18,
        22,
        23,
        40,
        45
      ],
      "confidence": 70.45833333333334
    },
    {
      "numbers": [
        2,
        18,
        21,
        23,
        35,
        45
      ],
      "confidence": 70.45833333333334
    },
    {
      "numbers": [
        2,
        13,
        30,
        35,
        36,
        43
      ],
      "confidence": 70.45833333333334
    },
    {
      "numbers": [
        2,
        7,
        18,
        25,
        31,
        35
      ],
      "confidence": 70.42500000000001
    },
    {
      "numbers": [
        1,
        8,
        18,
        25,
        29,
        40
      ],
      "confidence": 70.42500000000001
    },
    {
      "numbers": [
        2,
        3,
        17,
        22,
        29,
        36
      ],
      "confidence": 70.42500000000001
    },
    {
      "numbers": [
        1,
        8,
        17,
        21,
        23,
        36
      ],
      "confidence": 70.42500000000001
    },
    {
      "numbers": [
        1,
        18,
        31,
        35,
        40,
        43
      ],
      "confidence": 70.42500000000001
    },
    {
      "numbers": [
        1,
        17,
        21,
        22,
        29,
        36
      ],
      "confidence": 70.42500000000001
    },
    {
      "numbers": [
        2,
        18,
        22,
        25,
        31,
        40
      ],
      "confidence": 70.42500000000001
    },
    {
      "numbers": [
        1,
        2,
        22,
        25,
        29,
        40
      ],
      "confidence": 70.39166666666667
    },
    {
      "numbers": [
        2,
        8,
        21,
        29,
        40,
        45
      ],
      "confidence": 69.96666666666667
    },
    {
      "numbers": [
        17,
        18,
        21,
        22,
        36,
        43
      ],
      "confidence": 69.96666666666667
    },
    {
      "numbers": [
        1,
        7,
        8,
        22,
        36,
        40
      ],
      "confidence": 69.93333333333334
    },
    {
      "numbers": [
        1,
        2,
        7,
        18,
        43,
        45
      ],