{
  "latest_round": 1144,
  "next_round": 1145,
  "hot_cold": {
    "hot": [
      [
        34,
        12
      ],
      [
        13,
        11
      ],
      [
        19,
        11
      ],
      [
        30,
        11
      ],
      [
        33,
        11
      ],
      [
        12,
        10
      ],
      [
        16,
        10
      ],
      [
        28,
        10
      ],
      [
        40,
        10
      ],
      [
        3,
        9
      ]
    ],
    "cold": [
      [
        18,
        0
      ],
      [
        23,
        2
      ],
      [
        39,
        2
      ],
      [
        2,
        3
      ],
      [
        22,
        3
      ],
      [
        25,
        3
      ],
      [
        27,
        3
      ],
      [
        5,
        4
      ],
      [
        8,
        4
      ],
      [
        32,
        4
      ]
    ],
    "overdue": [
      [
        18,
        7.955223880597015
      ],
      [
        39,
        4.974545454545455
      ],
      [
        43,
        4.714285714285714
      ],
      [
        23,
        3.5143626570915623
      ],
      [
        32,
        2.71313672922252
      ],
      [
        25,
        1.7251773049645391
      ]
    ]
  },
  "engine_predictions": {
    "advancedpattern": [
      3,
      4,
      12,
      15,
      26,
      34
    ],
    "gap": [
      1,
      7,
      13,
      19,
      25,
      31
    ],
    "graph": [
      12,
      15,
      18,
      21,
      34,
      40
    ],
    "lstm": [
      10,
      12,
      15,
      26,
      28,
      34
    ],
    "ml": [
      2,
      11,
      15,
      20,
      22,
      28
    ],
    "numerology": [
      13,
      16,
      17,
      22,
      23,
      25
    ],
    "pattern": [
      3,
      11,
      13,
      23,
      33,
      43
    ],
    "sequencecorrelation": [
      20,
      26,
      34,
      40,
      43,
      45
    ],
    "statistical": [
      6,
      13,
      18,
      23,
      32,
      33
    ],
    "timeseries": [
      13,
      18,
      24,
      25,
      32,
      33
    ]
  },
  "predicted_sets": [
    {
      "numbers": [
        13,
        15,
        18,
        26,
        34,
        40
      ],
      "confidence": 72.6
    },
    {
      "numbers": [
        3,
        12,
        15,
        26,
        34,
        43
      ],
      "confidence": 71.125
    },
    {
      "numbers": [
        3,
        12,
        13,
        20,
        26,
        34
      ],
      "confidence": 71.09166666666667
    },
    {
      "numbers": [
        13,
        15,
        20,
        23,
        32,
        34
      ],
      "confidence": 71.05833333333334
    },
    {
      "numbers": [
        13,
        15,
        20,
        23,
        34,
        43
      ],
      "confidence": 70.88333333333333
    },
    {
      "numbers": [
        4,
        12,
        13,
        15,
        28,
        40
      ],
      "confidence": 70.63333333333333
    },
    {
      "numbers": [
        11,
        15,
        20,
        26,
        34,
        43
      ],
      "confidence": 70.63333333333333
    },
    {
      "numbers": [
        15,
        18,
        25,
        33,
        34,
        40
      ],
      "confidence": 70.39166666666667
    },
    {
      "numbers": [
        13,
        18,
        20,
        23,
        34,
        43
      ],
      "confidence": 70.21666666666667
    },
    {
      "numbers": [
        12,
        15,
        21,
        26,
        28,
        34
      ],
      "confidence": 69.93333333333334
    },
    {
      "numbers": [
        4,
        11,
        13,
        26,
        28,
        34
      ],
      "confidence": 69.75833333333334
    },
    {
      "numbers": [
        3,
        13,
        25,
        26,
        28,
        32
      ],
      "confidence": 69.75833333333334
    },
    {
      "numbers": [
        3,
        15,
        20,
        23,
        28,
        34
      ],
      "confidence": 69.75833333333334
    },
    {
      "numbers": [
        12,
        15,
        21,
        25,
        26,
        34
      ],
      "confidence": 69.725
    },
    {
      "numbers": [
        13,
        19,
        26,
        28,
        33,
        34
      ],
      "confidence": 69.725
    },
    {
      "numbers": [
        12,
        15,
        19,
        23,
        25,
        34
      ],
      "confidence": 69.725
    },
    {
      "numbers": [
        11,
        12,
        13,
        26,
        28,
        33
      ],
      "confidence": 69.725
    },
    {
      "numbers": [
        12,
        13,
        15,
        21,
        26,
        32
      ],
      "confidence": 69.725
    },
    {
      "numbers": [
        11,
        12,
        13,
        21,
        25,
        34
      ],
      "confidence": 69.725
    },
    {
      "numbers": [
        15,
        21,
        23,
        26,
        33,
        34
      ],
      "confidence": 69.725
    },
    {
      "numbers": [
        11,
        13,
        15,
        22,
        25,
        26
      ],
      "confidence": 69.69166666666666
    },
    {
      "numbers": [
        12,
        15,
        22,
        25,
        34,
        43
      ],
      "confidence": 69.55
    },
    {
      "numbers": [
        13,
        19,
        26,
        33,
        34,
        43
      ],
      "confidence": 69.55
    },
    {
      "numbers": [
        4,
        13,
        15,
        21,
        25,
        34
      ],
      "confidence": 69.55
    },
    {
      "numbers": [
        12,
        13,
        22,
        28,
        33,
        34
      ],
      "confidence": 69.51666666666667
    },
    {
      "numbers": [
        4,
        15,
        22,
        26,
        40,
        43
      ],
      "confidence": 69.33333333333334
    },
    {
      "numbers": [
        11,
        13,
        19,
        20,
        22,
        34
      ],
      "confidence": 69.26666666666668
    },
    {
      "numbers": [
        3,
        18,
        21,
        23,
        25,
        34
      ],
      "confidence": 69.09166666666667
    },
    {
      "numbers": [
        4,
        11,
        18,
        25,
        33,
        34
      ],
      "confidence": 69.09166666666667
    },
    {
      "numbers": [
        12,
        15,
        21,
        32,
        33,
        34
      ],
      "confidence": 69.05833333333334
    },
    {
      "numbers": [
        12,
        13,
        15,
        21,
        32,
        40
      ],
      "confidence": 69.05833333333334
    },
    {
      "numbers": [
        3,
        12,
        15,
        25,
        26,
        28
      ],
      "confidence": 69.05833333333334
    },
    {
      "numbers": [
        13,
        18,
        19,
        22,
        32,
        34
      ],
      "confidence": 69.05833333333334
    },
    {
      "numbers": [
        3,
        12,
        15,
        20,
        32,
        34
      ],
      "confidence": 69.05833333333334
    },
    {
      "numbers": [
        13,
        15,
        18,
        19,
        26,
        28
      ],
      "confidence": 69.025
    },
    {
      "numbers": [
        3,
        12,
        15,
        19,
        23,
        34
      ],
      "confidence": 68.97427896617813
    },
    {
      "numbers": [
        4,
        11,
        13,
        26,
        33,
        43
      ],
      "confidence": 68.91666666666667
    },
    {
      "numbers": [
        4,
        12,
        23,
        25,
        33,
        34
      ],
      "confidence": 68.88333333333333
    },
    {
      "numbers": [
        13,
        19,
        22,
        23,
        34,
        43
      ],
      "confidence": 68.88333333333333
    },
    {
      "numbers": [
        4,
        15,
        23,
        25,
        28,
        34
      ],