{
  "latest_round": 142,
  "next_round": 143,
  "hot_cold": {
    "hot": [
      [
        34,
        11
      ],
      [
        36,
        11
      ],
      [
        7,
        10
      ],
      [
        17,
        10
      ],
      [
        22,
        10
      ],
      [
        28,
        10
      ],
      [
        3,
        9
      ],
      [
        10,
        9
      ],
      [
        23,
        9
      ],
      [
        42,
        9
      ]
    ],
    "cold": [
      [
        13,
        2
      ],
      [
        21,
        3
      ],
      [
        38,
        3
      ],
      [
        39,
        3
      ],
      [
        2,
        4
      ],
      [
        26,
        4
      ],
      [
        15,
        5
      ],
      [
        16,
        5
      ],
      [
        18,
        5
      ],
      [
        19,
        5
      ]
    ],
    "overdue": [
      [
        1,
        3.0630630630630633
      ],
      [
        33,
        2.879032258064516
      ],
      [
        32,
        2.04
      ],
      [
        5,
        2.0
      ],
      [
        38,
        1.5689655172413792
      ]
    ]
  },
  "engine_predictions": {
    "advancedpattern": [
      16,
      17,
      30,
      34,
      40,
      44
    ],
    "gap": [
      2,
      8,
      14,
      20,
      26,
      32
    ],
    "graph": [
      3,
      7,
      17,
      33,
      37,
      40
    ],
    "lstm": [
      12,
      20,
      28,
      30,
      39,
      43
    ],
    "ml": [
      1,
      7,
      16,
      24,
      35,
      42
    ],
    "numerology": [
      16,
      17,
      22,
      23,
      24,
      25
    ],
    "pattern": [
      3,
      13,
      23,
      33,
      37,
      43
    ],
    "sequencecorrelation": [
      4,
      7,
      16,
      17,
      29,
      30
    ],
    "statistical": [
      1,
      4,
      5,
      32,
      33,
      38
    ],
    "timeseries": [
      2,
      7,
      23,
      35,
      36,
      39
    ]
  },
  "predicted_sets": [
    {
      "numbers": [
        7,
        16,
        17,
        30,
        33,
        44
      ],
      "confidence": 71.79166666666666
    },
    {
      "numbers": [
        2,
        16,
        17,
        23,
        30,
        35
      ],
      "confidence": 71.3
    },
    {
      "numbers": [
        2,
        16,
        17,
        23,
        35,
        39
      ],
      "confidence": 70.63333333333333
    },
    {
      "numbers": [
        7,
        12,
        16,
        17,
        30,
        39
      ],
      "confidence": 70.42500000000001
    },
    {
      "numbers": [
        4,
        7,
        16,
        17,
        30,
        37
      ],
      "confidence": 70.21666666666667
    },
    {
      "numbers": [
        4,
        17,
        30,
        33,
        35,
        39
      ],
      "confidence": 69.96666666666667
    },
    {
      "numbers": [
        1,
        17,
        23,
        30,
        32,
        43
      ],
      "confidence": 69.79166666666667
    },
    {
      "numbers": [
        1,
        7,
        17,
        30,
        34,
        43
      ],
      "confidence": 69.79166666666667
    },
    {
      "numbers": [
        1,
        7,
        16,
        20,
        30,
        35
      ],
      "confidence": 69.75833333333334
    },
    {
      "numbers": [
        2,
        16,
        17,
        20,
        33,
        43
      ],
      "confidence": 69.75833333333334
    },
    {
      "numbers": [
        7,
        12,
        16,
        23,
        33,
        40
      ],
      "confidence": 69.75833333333334
    },
    {
      "numbers": [
        1,
        7,
        16,
        17,
        32,
        40
      ],
      "confidence": 69.725
    },
    {
      "numbers": [
        7,
        12,
        16,
        17,
        23,
        43
      ],
      "confidence": 69.55
    },
    {
      "numbers": [
        1,
        4,
        16,
        30,
        32,
        35
      ],
      "confidence": 69.3
    },
    {
      "numbers": [
        16,
        17,
        30,
        33,
        37,
        39
      ],
      "confidence": 69.13575225193247
    },
    {
      "numbers": [
        3,
        4,
        16,
        30,
        37,
        43
      ],
      "confidence": 69.125
    },
    {
      "numbers": [
        3,
        16,
        30,
        32,
        37,
        43
      ],
      "confidence": 69.125
    },
    {
      "numbers": [
        12,
        16,
        17,
        23,
        33,
        39
      ],
      "confidence": 69.05833333333334
    },
    {
      "numbers": [
        2,
        7,
        16,
        32,
        33,
        40
      ],
      "confidence": 69.05833333333334
    },
    {
      "numbers": [
        7,
        12,
        16,
        20,
        23,
        30
      ],
      "confidence": 69.05833333333334
    },
    {
      "numbers": [
        1,
        7,
        17,
        30,
        40,
        44
      ],
      "confidence": 68.91666666666667
    },
    {
      "numbers": [
        16,
        17,
        23,
        33,
        37,
        44
      ],
      "confidence": 68.88333333333333
    },
    {
      "numbers": [
        1,
        7,
        17,
        20,
        30,
        39
      ],
      "confidence": 68.88333333333333
    },
    {
      "numbers": [
        2,
        7,
        16,
        17,
        32,
        40
      ],
      "confidence": 68.85
    },
    {
      "numbers": [
        3,
        16,
        17,
        32,
        34,
        35
      ],
      "confidence": 68.6
    },
    {
      "numbers": [
        1,
        4,
        17,
        30,
        35,
        44
      ],
      "confidence": 68.45833333333334
    },
    {
      "numbers": [
        2,
        16,
        23,
        34,
        35,
        43
      ],
      "confidence": 68.45833333333334
    },
    {
      "numbers": [
        1,
        3,
        16,
        17,
        34,
        43
      ],
      "confidence": 68.42500000000001
    },
    {
      "numbers": [
        7,
        20,
        23,
        32,
        37,
        39
      ],
      "confidence": 68.42500000000001
    },
    {
      "numbers": [
        4,
        12,
        16,
        17,
        32,
        43
      ],
      "confidence": 68.42500000000001
    },
    {
      "numbers": [
        3,
        12,
        16,
        17,
        23,
        44
      ],
      "confidence": 68.42500000000001
    },
    {
      "numbers": [
        4,
        17,
        30,
        33,
        34,
        35
      ],
      "confidence": 68.42500000000001
    },
    {
      "numbers": [
        1,
        3,
        17,
        30,
        32,
        40
      ],
      "confidence": 68.42500000000001
    },
    {
      "numbers": [
        2,
        4,
        17,
        23,
        32,
        39
      ],
      "confidence": 68.42500000000001
    },
    {
      "numbers": [
        4,
        7,
        16,
        20,
        35,
        44
      ],
      "confidence": 68.42500000000001
    },
    {
      "numbers": [
        7,
        12,
        16,
        32,
        40,
        43
      ],
      "confidence": 68.42500000000001
    },
    {
      "numbers": [
        2,
        4,
        17,
        23,
        37,
        40
      ],
      "confidence": 68.42500000000001
    },
    {
      "numbers": [
        12,
        16,
        17,
        33,
        39,
        43
      ],
      "confidence": 68.39166666666668
    },
    {
      "numbers": [
        17,
        20,
        23,
        30,
        32,
        39
      ],
      "confidence": 68.39166666666668
    },
    {
      "numbers": [
        7,
        12,
        17,
        30,
        32,
        44
      ],
      "confidence": 68.25
    },
    {
      "numbers": [
        2,
        17,
        23,
        32,
        40,
        43
      ],