{
  "latest_round": 298,
  "next_round": 299,
  "hot_cold": {
    "hot": [
      [
        37,
        13
      ],
      [
        31,
        12
      ],
      [
        27,
        11
      ],
      [
        24,
        10
      ],
      [
        1,
        9
      ],
      [
        3,
        9
      ],
      [
        6,
        9
      ],
      [
        8,
        9
      ],
      [
        9,
        9
      ],
      [
        38,
        9
      ]
    ],
    "cold": [
      [
        22,
        1
      ],
      [
        2,
        2
      ],
      [
        26,
        3
      ],
      [
        16,
        4
      ],
      [
        17,
        4
      ],
      [
        21,
        4
      ],
      [
        23,
        4
      ],
      [
        25,
        4
      ],
      [
        28,
        4
      ],
      [
        44,
        4
      ]
    ],
    "overdue": [
      [
        26,
        3.4029850746268657
      ],
      [
        22,
        3.2885375494071147
      ],
      [
        25,
        3.0545454545454547
      ],
      [
        36,
        2.988929889298893
      ],
      [
        43,
        2.7799227799227797
      ],
      [
        2,
        2.072202166064982
      ],
      [
        23,
        2.064516129032258
      ],
      [
        44,
        1.608695652173913
      ],
      [
        24,
        1.5212765957446808
      ]
    ]
  },
  "engine_predictions": {
    "advancedpattern": [
      5,
      9,
      27,
      29,
      37,
      40
    ],
    "gap": [
      1,
      7,
      13,
      19,
      25,
      31
    ],
    "graph": [
      3,
      27,
      31,
      35,
      37,
      40
    ],
    "lstm": [
      3,
      17,
      18,
      27,
      32,
      37
    ],
    "ml": [
      1,
      9,
      14,
      27,
      37,
      42
    ],
    "numerology": [
      17,
      22,
      23,
      24,
      25,
      31
    ],
    "pattern": [
      1,
      11,
      21,
      31,
      35,
      41
    ],
    "sequencecorrelation": [
      18,
      27,
      36,
      37,
      40,
      42
    ],
    "statistical": [
      2,
      24,
      25,
      26,
      36,
      43
    ],
    "timeseries": [
      2,
      17,
      18,
      22,
      33,
      35
    ]
  },
  "predicted_sets": [
    {
      "numbers": [
        1,
        18,
        27,
        37,
        40,
        42
      ],
      "confidence": 73.125
    },
    {
      "numbers": [
        9,
        18,
        27,
        35,
        37,
        40
      ],
      "confidence": 72.42500000000001
    },
    {
      "numbers": [
        1,
        18,
        24,
        27,
        35,
        42
      ],
      "confidence": 72.0
    },
    {
      "numbers": [
        9,
        18,
        27,
        36,
        37,
        40
      ],
      "confidence": 71.75833333333334
    },
    {
      "numbers": [
        2,
        18,
        27,
        36,
        37,
        40
      ],
      "confidence": 71.75833333333334
    },
    {
      "numbers": [
        1,
        18,
        27,
        29,
        35,
        40
      ],
      "confidence": 71.3
    },
    {
      "numbers": [
        1,
        9,
        18,
        35,
        37,
        42
      ],
      "confidence": 71.3
    },
    {
      "numbers": [
        2,
        24,
        31,
        35,
        37,
        40
      ],
      "confidence": 71.26666666666667
    },
    {
      "numbers": [
        5,
        18,
        24,
        27,
        37,
        42
      ],
      "confidence": 71.125
    },
    {
      "numbers": [
        1,
        22,
        31,
        35,
        37,
        40
      ],
      "confidence": 71.05833333333334
    },
    {
      "numbers": [
        2,
        24,
        27,
        31,
        36,
        37
      ],
      "confidence": 71.05833333333334
    },
    {
      "numbers": [
        5,
        17,
        27,
        37,
        40,
        42
      ],
      "confidence": 70.91666666666666
    },
    {
      "numbers": [
        1,
        2,
        25,
        27,
        37,
        42
      ],
      "confidence": 70.88333333333333
    },
    {
      "numbers": [
        17,
        18,
        22,
        27,
        35,
        37
      ],
      "confidence": 70.85
    },
    {
      "numbers": [
        3,
        9,
        18,
        27,
        36,
        40
      ],
      "confidence": 70.63333333333333
    },
    {
      "numbers": [
        2,
        3,
        24,
        25,
        27,
        31
      ],
      "confidence": 70.6
    },
    {
      "numbers": [
        18,
        25,
        27,
        31,
        35,
        36
      ],
      "confidence": 70.4759086187123
    },
    {
      "numbers": [
        9,
        18,
        22,
        27,
        35,
        42
      ],
      "confidence": 70.45833333333334
    },
    {
      "numbers": [
        9,
        17,
        18,
        22,
        35,
        37
      ],
      "confidence": 70.42500000000001
    },
    {
      "numbers": [
        1,
        3,
        22,
        31,
        37,
        40
      ],
      "confidence": 70.39166666666667
    },
    {
      "numbers": [
        2,
        18,
        27,
        29,
        37,
        42
      ],
      "confidence": 70.25
    },
    {
      "numbers": [
        13,
        17,
        18,
        27,
        37,
        42
      ],
      "confidence": 70.21666666666667
    },
    {
      "numbers": [
        3,
        25,
        27,
        37,
        40,
        42
      ],
      "confidence": 70.1759086187123
    },
    {
      "numbers": [
        3,
        9,
        17,
        31,
        40,
        42
      ],
      "confidence": 69.96666666666667
    },
    {
      "numbers": [
        2,
        13,
        18,
        24,
        27,
        35
      ],
      "confidence": 69.96666666666667
    },
    {
      "numbers": [
        1,
        17,
        22,
        35,
        36,
        40
      ],
      "confidence": 69.96666666666667
    },
    {
      "numbers": [
        1,
        27,
        29,
        36,
        37,
        42
      ],
      "confidence": 69.84257528537896
    },
    {
      "numbers": [
        2,
        25,
        27,
        37,
        40,
        42
      ],
      "confidence": 69.8009086187123
    },
    {
      "numbers": [
        1,
        17,
        33,
        37,
        40,
        42
      ],
      "confidence": 69.75833333333334
    },
    {
      "numbers": [
        2,
        9,
        31,
        35,
        37,
        42
      ],
      "confidence": 69.725
    },
    {
      "numbers": [
        2,
        17,
        18,
        31,
        33,
        37
      ],
      "confidence": 69.725
    },
    {
      "numbers": [
        5,
        18,
        25,
        35,
        37,
        42
      ],
      "confidence": 69.58333333333334
    },
    {
      "numbers": [
        1,
        2,
        17,
        37,
        40,
        42
      ],
      "confidence": 69.55
    },
    {
      "numbers": [
        2,
        5,
        22,
        27,
        31,
        37
      ],
      "confidence": 69.51666666666667
    },
    {
      "numbers": [
        2,
        17,
        24,
        29,
        31,
        40
      ],
      "confidence": 69.3
    },
    {
      "numbers": [
        2,
        9,
        13,
        27,
        35,
        36
      ],
      "confidence": 69.3
    },
    {
      "numbers": [
        5,
        24,
        27,
        31,
        33,
        42
      ],
      "confidence": 69.3
    },
    {
      "numbers": [
        5,
        13,
        22,
        24,
        27,
        31
      ],
      "confidence": 69.3
    },
    {
      "numbers": [
        1,
        2,
        17,
        18,
        29,
        40
      ],
      "confidence": 69.3
    },
    {
      "numbers": [
        1,
        5,
        13,
        22,
        37,
        40
      ],