{
  "latest_round": 447,
  "next_round": 448,
  "hot_cold": {
    "hot": [
      [
        20,
        11
      ],
      [
        22,
        11
      ],
      [
        34,
        11
      ],
      [
        11,
        10
      ],
      [
        9,
        9
      ],
      [
        26,
        9
      ],
      [
        28,
        9
      ],
      [
        30,
        9
      ],
      [
        40,
        9
      ],
      [
        44,
        9
      ]
    ],
    "cold": [
      [
        32,
        2
      ],
      [
        25,
        4
      ],
      [
        36,
        4
      ],
      [
        41,
        4
      ],
      [
        42,
        4
      ],
      [
        3,
        5
      ],
      [
        4,
        5
      ],
      [
        5,
        5
      ],
      [
        8,
        5
      ],
      [
        12,
        5
      ]
    ],
    "overdue": [
      [
        32,
        4.443627450980392
      ],
      [
        15,
        2.707838479809976
      ],
      [
        42,
        2.48711943793911
      ],
      [
        18,
        2.4525547445255476
      ],
      [
        5,
        2.341463414634146
      ],
      [
        3,
        1.9236276849642004
      ],
      [
        24,
        1.7575757575757576
      ]
    ]
  },
  "engine_predictions": {
    "advancedpattern": [
      2,
      7,
      8,
      9,
      17,
      33
    ],
    "gap": [
      1,
      7,
      13,
      19,
      25,
      31
    ],
    "graph": [
      1,
      5,
      17,
      37,
      40,
      45
    ],
    "lstm": [
      11,
      13,
      20,
      30,
      35,
      45
    ],
    "ml": [
      9,
      10,
      20,
      34,
      41,
      44
    ],
    "numerology": [
      17,
      22,
      23,
      24,
      25,
      31
    ],
    "pattern": [
      5,
      11,
      15,
      25,
      35,
      45
    ],
    "sequencecorrelation": [
      1,
      10,
      16,
      25,
      34,
      37
    ],
    "statistical": [
      3,
      5,
      15,
      18,
      34,
      42
    ],
    "timeseries": [
      3,
      16,
      18,
      20,
      32,
      35
    ]
  },
  "predicted_sets": [
    {
      "numbers": [
        9,
        17,
        20,
        25,
        34,
        45
      ],
      "confidence": 71.125
    },
    {
      "numbers": [
        7,
        20,
        25,
        33,
        34,
        45
      ],
      "confidence": 69.79166666666667
    },
    {
      "numbers": [
        1,
        9,
        20,
        34,
        35,
        45
      ],
      "confidence": 69.75833333333334
    },
    {
      "numbers": [
        8,
        11,
        17,
        20,
        34,
        45
      ],
      "confidence": 69.3
    },
    {
      "numbers": [
        2,
        17,
        20,
        25,
        33,
        34
      ],
      "confidence": 69.3
    },
    {
      "numbers": [
        1,
        3,
        16,
        34,
        35,
        45
      ],
      "confidence": 69.09166666666667
    },
    {
      "numbers": [
        1,
        8,
        25,
        34,
        37,
        45
      ],
      "confidence": 69.09166666666667
    },
    {
      "numbers": [
        1,
        10,
        17,
        31,
        34,
        45
      ],
      "confidence": 69.09166666666667
    },
    {
      "numbers": [
        7,
        20,
        25,
        31,
        34,
        37
      ],
      "confidence": 69.09166666666667
    },
    {
      "numbers": [
        5,
        10,
        18,
        25,
        31,
        34
      ],
      "confidence": 69.09166666666667
    },
    {
      "numbers": [
        1,
        8,
        17,
        25,
        31,
        34
      ],
      "confidence": 69.09166666666667
    },
    {
      "numbers": [
        8,
        20,
        25,
        34,
        35,
        37
      ],
      "confidence": 69.09166666666667
    },
    {
      "numbers": [
        3,
        9,
        10,
        25,
        34,
        45
      ],
      "confidence": 69.09166666666667
    },
    {
      "numbers": [
        11,
        18,
        25,
        34,
        35,
        45
      ],
      "confidence": 68.88333333333333
    },
    {
      "numbers": [
        1,
        18,
        33,
        34,
        37,
        45
      ],
      "confidence": 68.63333333333333
    },
    {
      "numbers": [
        5,
        7,
        16,
        20,
        31,
        34
      ],
      "confidence": 68.6
    },
    {
      "numbers": [
        7,
        10,
        11,
        25,
        34,
        37
      ],
      "confidence": 68.42500000000001
    },
    {
      "numbers": [
        10,
        17,
        18,
        20,
        31,
        45
      ],
      "confidence": 68.42500000000001
    },
    {
      "numbers": [
        5,
        16,
        20,
        34,
        35,
        37
      ],
      "confidence": 68.39166666666668
    },
    {
      "numbers": [
        11,
        20,
        25,
        33,
        34,
        35
      ],
      "confidence": 68.39166666666668
    },
    {
      "numbers": [
        7,
        10,
        25,
        31,
        34,
        35
      ],
      "confidence": 68.39166666666668
    },
    {
      "numbers": [
        2,
        7,
        17,
        20,
        25,
        45
      ],
      "confidence": 68.21666666666667
    },
    {
      "numbers": [
        8,
        10,
        17,
        25,
        31,
        33
      ],
      "confidence": 67.96666666666667
    },
    {
      "numbers": [
        3,
        9,
        10,
        31,
        34,
        45
      ],
      "confidence": 67.93333333333334
    },
    {
      "numbers": [
        1,
        5,
        16,
        33,
        34,
        37
      ],
      "confidence": 67.93333333333334
    },
    {
      "numbers": [
        3,
        5,
        11,
        16,
        34,
        37
      ],
      "confidence": 67.93333333333334
    },
    {
      "numbers": [
        2,
        7,
        11,
        20,
        35,
        45
      ],
      "confidence": 67.75833333333334
    },
    {
      "numbers": [
        1,
        3,
        10,
        16,
        31,
        45
      ],
      "confidence": 67.75833333333334
    },
    {
      "numbers": [
        9,
        10,
        16,
        20,
        37,
        45
      ],
      "confidence": 67.75833333333334
    },
    {
      "numbers": [
        10,
        25,
        31,
        33,
        34,
        35
      ],
      "confidence": 67.725
    },
    {
      "numbers": [
        5,
        10,
        17,
        33,
        34,
        35
      ],
      "confidence": 67.725
    },
    {
      "numbers": [
        3,
        9,
        10,
        34,
        35,
        45
      ],
      "confidence": 67.725
    },
    {
      "numbers": [
        2,
        3,
        5,
        25,
        34,
        37
      ],
      "confidence": 67.725
    },
    {
      "numbers": [
        7,
        17,
        20,
        33,
        34,
        35
      ],
      "confidence": 67.725
    },
    {
      "numbers": [
        3,
        10,
        17,
        20,
        37,
        45
      ],
      "confidence": 67.55
    },
    {
      "numbers": [
        10,
        11,
        18,
        20,
        35,
        45
      ],
      "confidence": 67.55
    },
    {
      "numbers": [
        3,
        7,
        16,
        20,
        25,
        31
      ],
      "confidence": 67.43857378104488
    },
    {
      "numbers": [
        5,
        7,
        9,
        18,
        33,
        34
      ],
      "confidence": 67.26666666666667
    },
    {
      "numbers": [
        2,
        10,
        16,
        17,
        18,
        45
      ],
      "confidence": 67.26666666666667
    },
    {
      "numbers": [
        8,
        17,
        31,
        33,
        34,
        35
      ],