{
  "latest_round": 197,
  "next_round": 198,
  "hot_cold": {
    "hot": [
      [
        34,
        14
      ],
      [
        18,
        13
      ],
      [
        19,
        11
      ],
      [
        45,
        11
      ],
      [
        39,
        10
      ],
      [
        1,
        9
      ],
      [
        2,
        9
      ],
      [
        13,
        9
      ],
      [
        21,
        9
      ],
      [
        35,
        9
      ]
    ],
    "cold": [
      [
        17,
        2
      ],
      [
        23,
        3
      ],
      [
        38,
        3
      ],
      [
        3,
        4
      ],
      [
        7,
        4
      ],
      [
        12,
        4
      ],
      [
        15,
        4
      ],
      [
        20,
        4
      ],
      [
        22,
        4
      ],
      [
        44,
        4
      ]
    ],
    "overdue": [
      [
        3,
        4.253164556962025
      ],
      [
        17,
        3.070588235294118
      ],
      [
        28,
        2.972972972972973
      ],
      [
        43,
        2.925
      ],
      [
        33,
        1.989071038251366
      ],
      [
        13,
        1.9166666666666667
      ],
      [
        9,
        1.830508474576271
      ],
      [
        2,
        1.6666666666666667
      ]
    ]
  },
  "engine_predictions": {
    "advancedpattern": [
      7,
      16,
      34,
      36,
      42,
      45
    ],
    "gap": [
      1,
      7,
      13,
      19,
      25,
      31
    ],
    "graph": [
      4,
      34,
      36,
      37,
      40,
      42
    ],
    "lstm": [
      7,
      18,
      35,
      37,
      44,
      45
    ],
    "ml": [
      4,
      7,
      15,
      18,
      26,
      42
    ],
    "numerology": [
      17,
      22,
      23,
      24,
      25,
      31
    ],
    "pattern": [
      3,
      13,
      23,
      33,
      35,
      43
    ],
    "sequencecorrelation": [
      2,
      8,
      26,
      30,
      36,
      42
    ],
    "statistical": [
      2,
      3,
      13,
      17,
      33,
      43
    ],
    "timeseries": [
      2,
      8,
      17,
      31,
      32,
      37
    ]
  },
  "predicted_sets": [
    {
      "numbers": [
        7,
        13,
        26,
        34,
        42,
        45
      ],
      "confidence": 71.33333333333334
    },
    {
      "numbers": [
        7,
        13,
        18,
        26,
        36,
        42
      ],
      "confidence": 71.125
    },
    {
      "numbers": [
        2,
        7,
        13,
        23,
        36,
        42
      ],
      "confidence": 70.91666666666666
    },
    {
      "numbers": [
        4,
        17,
        26,
        31,
        42,
        45
      ],
      "confidence": 70.66666666666667
    },
    {
      "numbers": [
        8,
        17,
        23,
        31,
        34,
        42
      ],
      "confidence": 70.66666666666667
    },
    {
      "numbers": [
        4,
        13,
        31,
        37,
        42,
        45
      ],
      "confidence": 70.63333333333333
    },
    {
      "numbers": [
        7,
        13,
        31,
        34,
        36,
        45
      ],
      "confidence": 70.63333333333333
    },
    {
      "numbers": [
        2,
        18,
        31,
        36,
        37,
        42
      ],
      "confidence": 70.42500000000001
    },
    {
      "numbers": [
        2,
        3,
        7,
        26,
        31,
        42
      ],
      "confidence": 70.42500000000001
    },
    {
      "numbers": [
        3,
        7,
        31,
        36,
        37,
        42
      ],
      "confidence": 70.39166666666667
    },
    {
      "numbers": [
        3,
        7,
        18,
        26,
        31,
        45
      ],
      "confidence": 70.0
    },
    {
      "numbers": [
        7,
        8,
        26,
        34,
        42,
        45
      ],
      "confidence": 69.96666666666667
    },
    {
      "numbers": [
        8,
        13,
        17,
        25,
        31,
        36
      ],
      "confidence": 69.96666666666667
    },
    {
      "numbers": [
        3,
        7,
        16,
        31,
        34,
        42
      ],
      "confidence": 69.96666666666667
    },
    {
      "numbers": [
        3,
        7,
        18,
        26,
        42,
        45
      ],
      "confidence": 69.96666666666667
    },
    {
      "numbers": [
        3,
        7,
        31,
        34,
        42,
        45
      ],
      "confidence": 69.93333333333334
    },
    {
      "numbers": [
        4,
        17,
        31,
        36,
        42,
        45
      ],
      "confidence": 69.85874857229626
    },
    {
      "numbers": [
        7,
        8,
        18,
        26,
        33,
        42
      ],
      "confidence": 69.79166666666667
    },
    {
      "numbers": [
        7,
        16,
        25,
        34,
        37,
        42
      ],
      "confidence": 69.79166666666667
    },
    {
      "numbers": [
        7,
        8,
        13,
        16,
        36,
        42
      ],
      "confidence": 69.75833333333334
    },
    {
      "numbers": [
        2,
        3,
        25,
        31,
        36,
        42
      ],
      "confidence": 69.75833333333334
    },
    {
      "numbers": [
        3,
        7,
        17,
        26,
        42,
        45
      ],
      "confidence": 69.75833333333334
    },
    {
      "numbers": [
        4,
        7,
        13,
        17,
        31,
        36
      ],
      "confidence": 69.725
    },
    {
      "numbers": [
        4,
        7,
        13,
        23,
        34,
        42
      ],
      "confidence": 69.58333333333334
    },
    {
      "numbers": [
        3,
        16,
        25,
        34,
        37,
        42
      ],
      "confidence": 69.33333333333334
    },
    {
      "numbers": [
        7,
        18,
        25,
        37,
        42,
        45
      ],
      "confidence": 69.30874857229628
    },
    {
      "numbers": [
        2,
        4,
        13,
        18,
        37,
        45
      ],
      "confidence": 69.3
    },
    {
      "numbers": [
        2,
        13,
        18,
        34,
        36,
        37
      ],
      "confidence": 69.26666666666668
    },
    {
      "numbers": [
        2,
        13,
        18,
        25,
        37,
        45
      ],
      "confidence": 69.125
    },
    {
      "numbers": [
        8,
        13,
        31,
        36,
        37,
        43
      ],
      "confidence": 69.09166666666667
    },
    {
      "numbers": [
        2,
        7,
        25,
        26,
        42,
        43
      ],
      "confidence": 69.05833333333334
    },
    {
      "numbers": [
        4,
        13,
        23,
        31,
        34,
        42
      ],
      "confidence": 68.91666666666667
    },
    {
      "numbers": [
        2,
        7,
        17,
        23,
        34,
        43
      ],
      "confidence": 68.91666666666667
    },
    {
      "numbers": [
        7,
        13,
        17,
        26,
        34,
        36
      ],
      "confidence": 68.88333333333333
    },
    {
      "numbers": [
        3,
        7,
        17,
        33,
        34,
        42
      ],
      "confidence": 68.88333333333333
    },
    {
      "numbers": [
        2,
        3,
        17,
        36,
        42,
        43
      ],
      "confidence": 68.88333333333333
    },
    {
      "numbers": [
        2,
        4,
        13,
        31,
        42,
        43
      ],
      "confidence": 68.88333333333333
    },
    {
      "numbers": [
        2,
        4,
        17,
        33,
        37,
        42
      ],
      "confidence": 68.88333333333333
    },
    {
      "numbers": [
        2,
        7,
        16,
        17,
        23,
        42
      ],