{
  "latest_round": 199,
  "next_round": 200,
  "hot_cold": {
    "hot": [
      [
        18,
        13
      ],
      [
        19,
        12
      ],
      [
        34,
        12
      ],
      [
        45,
        12
      ],
      [
        39,
        10
      ],
      [
        1,
        9
      ],
      [
        13,
        9
      ],
      [
        30,
        9
      ],
      [
        2,
        8
      ],
      [
        21,
        8
      ]
    ],
    "cold": [
      [
        17,
        2
      ],
      [
        23,
        3
      ],
      [
        38,
        3
      ],
      [
        3,
        4
      ],
      [
        7,
        4
      ],
      [
        15,
        4
      ],
      [
        44,
        4
      ],
      [
        6,
        5
      ],
      [
        9,
        5
      ],
      [
        12,
        5
      ]
    ],
    "overdue": [
      [
        3,
        4.6075949367088604
      ],
      [
        17,
        3.4117647058823533
      ],
      [
        43,
        3.25
      ],
      [
        28,
        3.243243243243243
      ],
      [
        33,
        2.2950819672131146
      ],
      [
        13,
        2.172222222222222
      ],
      [
        9,
        2.0338983050847457
      ],
      [
        2,
        2.0
      ],
      [
        1,
        1.7727272727272727
      ],
      [
        29,
        1.6129032258064515
      ]
    ]
  },
  "engine_predictions": {
    "advancedpattern": [
      14,
      21,
      25,
      30,
      36,
      41
    ],
    "gap": [
      1,
      7,
      13,
      19,
      25,
      31
    ],
    "graph": [
      4,
      25,
      36,
      37,
      40,
      42
    ],
    "lstm": [
      14,
      25,
      36,
      37,
      44,
      45
    ],
    "ml": [
      6,
      19,
      25,
      33,
      41,
      45
    ],
    "numerology": [
      17,
      22,
      23,
      24,
      25,
      31
    ],
    "pattern": [
      3,
      13,
      23,
      33,
      35,
      43
    ],
    "sequencecorrelation": [
      2,
      6,
      25,
      33,
      37,
      42
    ],
    "statistical": [
      1,
      2,
      13,
      17,
      18,
      33
    ],
    "timeseries": [
      2,
      6,
      8,
      17,
      29,
      44
    ]
  },
  "predicted_sets": [
    {
      "numbers": [
        2,
        14,
        25,
        33,
        36,
        41
      ],
      "confidence": 74.0
    },
    {
      "numbers": [
        1,
        13,
        19,
        25,
        36,
        44
      ],
      "confidence": 72.66666666666666
    },
    {
      "numbers": [
        6,
        25,
        30,
        33,
        37,
        42
      ],
      "confidence": 72.63333333333333
    },
    {
      "numbers": [
        2,
        14,
        17,
        25,
        31,
        36
      ],
      "confidence": 72.63333333333333
    },
    {
      "numbers": [
        2,
        25,
        30,
        33,
        36,
        44
      ],
      "confidence": 72.63333333333333
    },
    {
      "numbers": [
        1,
        19,
        25,
        30,
        33,
        36
      ],
      "confidence": 71.96666666666667
    },
    {
      "numbers": [
        6,
        14,
        19,
        25,
        36,
        42
      ],
      "confidence": 71.79166666666666
    },
    {
      "numbers": [
        6,
        14,
        17,
        23,
        25,
        37
      ],
      "confidence": 71.75833333333334
    },
    {
      "numbers": [
        14,
        23,
        25,
        33,
        36,
        41
      ],
      "confidence": 71.75833333333334
    },
    {
      "numbers": [
        2,
        14,
        21,
        23,
        25,
        37
      ],
      "confidence": 71.3
    },
    {
      "numbers": [
        1,
        13,
        14,
        25,
        30,
        37
      ],
      "confidence": 71.3
    },
    {
      "numbers": [
        17,
        21,
        25,
        30,
        33,
        44
      ],
      "confidence": 71.3
    },
    {
      "numbers": [
        6,
        14,
        21,
        25,
        37,
        44
      ],
      "confidence": 71.125
    },
    {
      "numbers": [
        17,
        23,
        25,
        30,
        33,
        44
      ],
      "confidence": 71.09166666666667
    },
    {
      "numbers": [
        6,
        14,
        21,
        25,
        36,
        37
      ],
      "confidence": 71.09166666666667
    },
    {
      "numbers": [
        6,
        22,
        25,
        36,
        37,
        44
      ],
      "confidence": 71.09166666666667
    },
    {
      "numbers": [
        2,
        17,
        23,
        25,
        42,
        44
      ],
      "confidence": 71.09166666666667
    },
    {
      "numbers": [
        13,
        14,
        25,
        30,
        33,
        37
      ],
      "confidence": 71.05833333333334
    },
    {
      "numbers": [
        2,
        13,
        17,
        25,
        42,
        45
      ],
      "confidence": 70.88333333333333
    },
    {
      "numbers": [
        13,
        14,
        23,
        25,
        33,
        36
      ],
      "confidence": 70.85
    },
    {
      "numbers": [
        6,
        22,
        25,
        30,
        33,
        42
      ],
      "confidence": 70.42500000000001
    },
    {
      "numbers": [
        2,
        21,
        25,
        36,
        42,
        44
      ],
      "confidence": 70.42500000000001
    },
    {
      "numbers": [
        2,
        13,
        14,
        21,
        25,
        41
      ],
      "confidence": 70.42500000000001
    },
    {
      "numbers": [
        13,
        14,
        19,
        25,
        31,
        44
      ],
      "confidence": 70.42500000000001
    },
    {
      "numbers": [
        2,
        22,
        23,
        25,
        36,
        41
      ],
      "confidence": 70.42500000000001
    },
    {
      "numbers": [
        6,
        14,
        21,
        25,
        36,
        45
      ],
      "confidence": 70.25
    },
    {
      "numbers": [
        6,
        19,
        22,
        25,
        36,
        42
      ],
      "confidence": 70.25
    },
    {
      "numbers": [
        2,
        14,
        33,
        36,
        41,
        45
      ],
      "confidence": 69.96666666666667
    },
    {
      "numbers": [
        2,
        6,
        31,
        33,
        37,
        45
      ],
      "confidence": 69.93333333333334
    },
    {
      "numbers": [
        14,
        22,
        23,
        25,
        31,
        36
      ],
      "confidence": 69.93333333333334
    },
    {
      "numbers": [
        2,
        6,
        13,
        14,
        25,
        41
      ],
      "confidence": 69.80539773325702
    },
    {
      "numbers": [
        2,
        6,
        19,
        23,
        25,
        30
      ],
      "confidence": 69.77206439992369
    },
    {
      "numbers": [
        1,
        14,
        19,
        25,
        41,
        42
      ],
      "confidence": 69.75833333333334
    },
    {
      "numbers": [
        1,
        2,
        14,
        25,
        30,
        42
      ],
      "confidence": 69.75833333333334
    },
    {
      "numbers": [
        2,
        13,
        33,
        36,
        44,
        45
      ],
      "confidence": 69.75833333333334
    },
    {
      "numbers": [
        2,
        22,
        25,
        30,
        36,
        37
      ],
      "confidence": 69.725
    },
    {
      "numbers": [
        6,
        13,
        23,
        33,
        37,
        42
      ],
      "confidence": 69.58333333333334
    },
    {
      "numbers": [
        6,
        21,
        23,
        25,
        36,
        45
      ],
      "confidence": 69.55
    },
    {
      "numbers": [
        17,
        19,
        22,
        33,
        36,
        45
      ],