{
  "latest_round": 836,
  "next_round": 837,
  "hot_cold": {
    "hot": [
      [
        10,
        13
      ],
      [
        12,
        13
      ],
      [
        13,
        11
      ],
      [
        18,
        10
      ],
      [
        31,
        10
      ],
      [
        38,
        10
      ],
      [
        43,
        10
      ],
      [
        19,
        9
      ],
      [
        21,
        9
      ],
      [
        45,
        9
      ]
    ],
    "cold": [
      [
        20,
        2
      ],
      [
        4,
        3
      ],
      [
        22,
        3
      ],
      [
        23,
        3
      ],
      [
        37,
        3
      ],
      [
        8,
        4
      ],
      [
        17,
        4
      ],
      [
        27,
        4
      ],
      [
        41,
        4
      ],
      [
        44,
        4
      ]
    ],
    "overdue": [
      [
        23,
        3.241336633663366
      ],
      [
        32,
        3.230769230769231
      ],
      [
        17,
        3.074441687344913
      ],
      [
        2,
        2.916976456009913
      ],
      [
        27,
        2.1196581196581197
      ],
      [
        20,
        2.1122194513715713
      ],
      [
        34,
        1.911764705882353
      ],
      [
        22,
        1.744733581164808
      ],
      [
        15,
        1.5177045177045176
      ]
    ]
  },
  "engine_predictions": {
    "advancedpattern": [
      1,
      9,
      11,
      14,
      26,
      28
    ],
    "gap": [
      1,
      7,
      13,
      19,
      25,
      31
    ],
    "graph": [
      8,
      11,
      26,
      27,
      34,
      37
    ],
    "lstm": [
      9,
      13,
      18,
      28,
      39,
      43
    ],
    "ml": [
      1,
      8,
      9,
      15,
      28,
      34
    ],
    "numerology": [
      17,
      22,
      23,
      24,
      25,
      31
    ],
    "pattern": [
      1,
      11,
      15,
      21,
      31,
      41
    ],
    "sequencecorrelation": [
      8,
      11,
      17,
      18,
      20,
      34
    ],
    "statistical": [
      2,
      15,
      17,
      21,
      27,
      34
    ],
    "timeseries": [
      4,
      5,
      20,
      27,
      33,
      44
    ]
  },
  "predicted_sets": [
    {
      "numbers": [
        9,
        11,
        15,
        26,
        27,
        34
      ],
      "confidence": 71.96666666666667
    },
    {
      "numbers": [
        1,
        9,
        11,
        28,
        34,
        43
      ],
      "confidence": 71.79166666666666
    },
    {
      "numbers": [
        1,
        13,
        15,
        18,
        27,
        34
      ],
      "confidence": 71.3
    },
    {
      "numbers": [
        9,
        11,
        15,
        18,
        28,
        34
      ],
      "confidence": 71.09166666666667
    },
    {
      "numbers": [
        9,
        11,
        26,
        27,
        31,
        34
      ],
      "confidence": 71.09166666666667
    },
    {
      "numbers": [
        1,
        8,
        11,
        27,
        33,
        34
      ],
      "confidence": 71.09166666666667
    },
    {
      "numbers": [
        1,
        9,
        27,
        28,
        31,
        34
      ],
      "confidence": 71.05833333333334
    },
    {
      "numbers": [
        8,
        9,
        15,
        17,
        34,
        43
      ],
      "confidence": 70.63333333333333
    },
    {
      "numbers": [
        8,
        9,
        13,
        15,
        31,
        34
      ],
      "confidence": 70.6
    },
    {
      "numbers": [
        9,
        17,
        26,
        27,
        31,
        34
      ],
      "confidence": 70.42500000000001
    },
    {
      "numbers": [
        1,
        11,
        26,
        31,
        34,
        43
      ],
      "confidence": 70.25
    },
    {
      "numbers": [
        9,
        15,
        17,
        20,
        34,
        43
      ],
      "confidence": 69.96666666666667
    },
    {
      "numbers": [
        8,
        9,
        13,
        25,
        26,
        34
      ],
      "confidence": 69.96666666666667
    },
    {
      "numbers": [
        8,
        11,
        15,
        20,
        33,
        34
      ],
      "confidence": 69.93333333333334
    },
    {
      "numbers": [
        9,
        11,
        17,
        25,
        26,
        28
      ],
      "confidence": 69.93333333333334
    },
    {
      "numbers": [
        8,
        11,
        13,
        26,
        27,
        31
      ],
      "confidence": 69.75833333333334
    },
    {
      "numbers": [
        1,
        8,
        14,
        25,
        27,
        34
      ],
      "confidence": 69.75833333333334
    },
    {
      "numbers": [
        8,
        9,
        15,
        21,
        25,
        34
      ],
      "confidence": 69.75833333333334
    },
    {
      "numbers": [
        9,
        11,
        13,
        28,
        33,
        34
      ],
      "confidence": 69.75833333333334
    },
    {
      "numbers": [
        15,
        17,
        18,
        27,
        31,
        34
      ],
      "confidence": 69.725
    },
    {
      "numbers": [
        11,
        20,
        26,
        27,
        31,
        34
      ],
      "confidence": 69.725
    },
    {
      "numbers": [
        1,
        8,
        28,
        31,
        34,
        43
      ],
      "confidence": 69.55
    },
    {
      "numbers": [
        1,
        11,
        20,
        21,
        25,
        34
      ],
      "confidence": 69.55
    },
    {
      "numbers": [
        9,
        11,
        20,
        25,
        26,
        28
      ],
      "confidence": 69.26666666666668
    },
    {
      "numbers": [
        8,
        17,
        18,
        21,
        34,
        43
      ],
      "confidence": 69.125
    },
    {
      "numbers": [
        5,
        8,
        17,
        21,
        31,
        34
      ],
      "confidence": 69.09166666666667
    },
    {
      "numbers": [
        9,
        13,
        14,
        17,
        28,
        34
      ],
      "confidence": 69.09166666666667
    },
    {
      "numbers": [
        5,
        17,
        21,
        27,
        28,
        34
      ],
      "confidence": 69.09166666666667
    },
    {
      "numbers": [
        1,
        17,
        20,
        25,
        26,
        31
      ],
      "confidence": 69.09166666666667
    },
    {
      "numbers": [
        1,
        13,
        18,
        20,
        21,
        34
      ],
      "confidence": 69.09166666666667
    },
    {
      "numbers": [
        8,
        9,
        15,
        21,
        26,
        31
      ],
      "confidence": 69.09166666666667
    },
    {
      "numbers": [
        1,
        17,
        20,
        27,
        28,
        43
      ],
      "confidence": 69.09166666666667
    },
    {
      "numbers": [
        1,
        15,
        17,
        18,
        28,
        33
      ],
      "confidence": 69.09166666666667
    },
    {
      "numbers": [
        11,
        20,
        21,
        26,
        27,
        34
      ],
      "confidence": 69.05833333333334
    },
    {
      "numbers": [
        8,
        25,
        26,
        28,
        31,
        34
      ],
      "confidence": 69.05833333333334
    },
    {
      "numbers": [
        1,
        11,
        14,
        15,
        34,
        43
      ],
      "confidence": 68.88333333333333
    },
    {
      "numbers": [
        1,
        5,
        15,
        26,
        31,
        34
      ],
      "confidence": 68.88333333333333
    },
    {
      "numbers": [
        1,
        8,
        13,
        31,
        34,
        43
      ],
      "confidence": 68.88333333333333
    },
    {
      "numbers": [
        1,
        13,
        28,
        31,
        33,
        34
      ],