{
  "latest_round": 265,
  "next_round": 266,
  "hot_cold": {
    "hot": [
      [
        27,
        12
      ],
      [
        31,
        12
      ],
      [
        5,
        11
      ],
      [
        37,
        11
      ],
      [
        4,
        10
      ],
      [
        11,
        10
      ],
      [
        19,
        10
      ],
      [
        24,
        9
      ],
      [
        39,
        9
      ],
      [
        16,
        8
      ]
    ],
    "cold": [
      [
        3,
        3
      ],
      [
        10,
        3
      ],
      [
        7,
        4
      ],
      [
        18,
        4
      ],
      [
        22,
        4
      ],
      [
        29,
        4
      ],
      [
        30,
        4
      ],
      [
        33,
        4
      ],
      [
        41,
        4
      ],
      [
        2,
        5
      ]
    ],
    "overdue": [
      [
        33,
        5.349344978165939
      ],
      [
        2,
        3.635593220338983
      ],
      [
        22,
        3.378378378378378
      ],
      [
        10,
        3.2426778242677825
      ],
      [
        3,
        2.6666666666666665
      ],
      [
        17,
        2.6317991631799162
      ],
      [
        26,
        1.902439024390244
      ],
      [
        19,
        1.7091633466135459
      ],
      [
        20,
        1.6452991452991452
      ]
    ]
  },
  "engine_predictions": {
    "advancedpattern": [
      5,
      11,
      27,
      34,
      37,
      39
    ],
    "gap": [
      1,
      7,
      13,
      19,
      25,
      31
    ],
    "graph": [
      3,
      25,
      27,
      31,
      37,
      42
    ],
    "lstm": [
      5,
      9,
      27,
      31,
      37,
      40
    ],
    "ml": [
      5,
      19,
      25,
      27,
      36,
      37
    ],
    "numerology": [
      17,
      22,
      23,
      24,
      25,
      31
    ],
    "pattern": [
      5,
      15,
      25,
      31,
      35,
      45
    ],
    "sequencecorrelation": [
      11,
      19,
      20,
      37,
      39,
      44
    ],
    "statistical": [
      2,
      3,
      10,
      17,
      19,
      20
    ],
    "timeseries": [
      3,
      14,
      23,
      30,
      31,
      40
    ]
  },
  "predicted_sets": [
    {
      "numbers": [
        2,
        19,
        25,
        31,
        37,
        40
      ],
      "confidence": 74.63333333333333
    },
    {
      "numbers": [
        2,
        5,
        19,
        31,
        37,
        40
      ],
      "confidence": 73.26666666666667
    },
    {
      "numbers": [
        5,
        19,
        20,
        27,
        31,
        40
      ],
      "confidence": 73.09166666666667
    },
    {
      "numbers": [
        5,
        20,
        23,
        31,
        37,
        38
      ],
      "confidence": 71.96666666666667
    },
    {
      "numbers": [
        2,
        25,
        27,
        31,
        39,
        40
      ],
      "confidence": 71.93333333333334
    },
    {
      "numbers": [
        2,
        3,
        25,
        27,
        31,
        34
      ],
      "confidence": 71.93333333333334
    },
    {
      "numbers": [
        14,
        19,
        23,
        25,
        31,
        40
      ],
      "confidence": 71.93333333333334
    },
    {
      "numbers": [
        3,
        5,
        14,
        25,
        37,
        40
      ],
      "confidence": 71.75833333333334
    },
    {
      "numbers": [
        2,
        19,
        27,
        31,
        34,
        45
      ],
      "confidence": 71.33333333333334
    },
    {
      "numbers": [
        2,
        19,
        20,
        27,
        31,
        36
      ],
      "confidence": 71.3
    },
    {
      "numbers": [
        2,
        3,
        17,
        25,
        31,
        36
      ],
      "confidence": 71.3
    },
    {
      "numbers": [
        5,
        14,
        27,
        31,
        40,
        45
      ],
      "confidence": 71.125
    },
    {
      "numbers": [
        5,
        11,
        14,
        19,
        27,
        40
      ],
      "confidence": 70.63333333333333
    },
    {
      "numbers": [
        2,
        5,
        23,
        31,
        37,
        38
      ],
      "confidence": 70.6
    },
    {
      "numbers": [
        5,
        11,
        19,
        20,
        36,
        37
      ],
      "confidence": 70.6
    },
    {
      "numbers": [
        17,
        19,
        25,
        31,
        36,
        38
      ],
      "confidence": 70.6
    },
    {
      "numbers": [
        2,
        11,
        17,
        20,
        25,
        31
      ],
      "confidence": 70.42500000000001
    },
    {
      "numbers": [
        3,
        20,
        23,
        25,
        31,
        38
      ],
      "confidence": 70.42500000000001
    },
    {
      "numbers": [
        14,
        17,
        19,
        25,
        37,
        40
      ],
      "confidence": 70.39166666666667
    },
    {
      "numbers": [
        5,
        14,
        19,
        31,
        39,
        40
      ],
      "confidence": 70.39166666666667
    },
    {
      "numbers": [
        5,
        17,
        31,
        37,
        38,
        40
      ],
      "confidence": 70.39166666666667
    },
    {
      "numbers": [
        5,
        20,
        25,
        34,
        37,
        45
      ],
      "confidence": 70.25
    },
    {
      "numbers": [
        3,
        5,
        19,
        34,
        37,
        38
      ],
      "confidence": 69.93333333333334
    },
    {
      "numbers": [
        2,
        5,
        19,
        31,
        38,
        40
      ],
      "confidence": 69.93333333333334
    },
    {
      "numbers": [
        2,
        9,
        19,
        25,
        31,
        38
      ],
      "confidence": 69.75833333333334
    },
    {
      "numbers": [
        3,
        19,
        31,
        36,
        39,
        40
      ],
      "confidence": 69.725
    },
    {
      "numbers": [
        3,
        14,
        19,
        20,
        31,
        39
      ],
      "confidence": 69.725
    },
    {
      "numbers": [
        2,
        3,
        19,
        31,
        38,
        45
      ],
      "confidence": 69.3
    },
    {
      "numbers": [
        3,
        14,
        17,
        25,
        39,
        40
      ],
      "confidence": 69.3
    },
    {
      "numbers": [
        2,
        3,
        25,
        31,
        36,
        38
      ],
      "confidence": 69.26666666666668
    },
    {
      "numbers": [
        2,
        5,
        19,
        27,
        34,
        39
      ],
      "confidence": 69.09166666666667
    },
    {
      "numbers": [
        3,
        14,
        17,
        25,
        27,
        36
      ],
      "confidence": 69.09166666666667
    },
    {
      "numbers": [
        5,
        11,
        23,
        25,
        36,
        40
      ],
      "confidence": 69.09166666666667
    },
    {
      "numbers": [
        2,
        14,
        17,
        23,
        25,
        37
      ],
      "confidence": 69.09166666666667
    },
    {
      "numbers": [
        5,
        17,
        20,
        31,
        36,
        40
      ],
      "confidence": 69.05833333333334
    },
    {
      "numbers": [
        11,
        20,
        23,
        31,
        37,
        38
      ],
      "confidence": 69.05833333333334
    },
    {
      "numbers": [
        5,
        9,
        25,
        34,
        36,
        37
      ],
      "confidence": 69.05833333333334
    },
    {
      "numbers": [
        2,
        5,
        9,
        25,
        34,
        37
      ],
      "confidence": 69.05833333333334
    },
    {
      "numbers": [
        5,
        25,
        31,
        34,
        38,
        40
      ],