{
  "latest_round": 1189,
  "next_round": 1190,
  "hot_cold": {
    "hot": [
      [
        27,
        11
      ],
      [
        37,
        11
      ],
      [
        3,
        10
      ],
      [
        7,
        10
      ],
      [
        8,
        9
      ],
      [
        38,
        9
      ],
      [
        6,
        8
      ],
      [
        9,
        8
      ],
      [
        11,
        8
      ],
      [
        12,
        8
      ]
    ],
    "cold": [
      [
        1,
        3
      ],
      [
        14,
        4
      ],
      [
        33,
        4
      ],
      [
        34,
        4
      ],
      [
        41,
        4
      ],
      [
        43,
        4
      ],
      [
        45,
        4
      ],
      [
        4,
        5
      ],
      [
        5,
        5
      ],
      [
        10,
        5
      ]
    ],
    "overdue": [
      [
        45,
        3.476149176062446
      ],
      [
        34,
        2.9268502581755595
      ],
      [
        39,
        2.058319039451115
      ],
      [
        42,
        1.7902813299232736
      ],
      [
        7,
        1.6775300171526588
      ],
      [
        30,
        1.6638225255972696
      ],
      [
        43,
        1.5185504745470233
      ],
      [
        11,
        1.5072340425531916
      ]
    ]
  },
  "engine_predictions": {
    "advancedpattern": [
      9,
      19,
      29,
      35,
      37,
      38
    ],
    "gap": [
      1,
      7,
      13,
      19,
      25,
      31
    ],
    "graph": [
      1,
      6,
      13,
      27,
      33,
      34
    ],
    "lstm": [
      13,
      19,
      23,
      28,
      29,
      37
    ],
    "ml": [
      7,
      21,
      32,
      38,
      39,
      41
    ],
    "numerology": [
      17,
      22,
      23,
      24,
      25,
      31
    ],
    "pattern": [
      3,
      11,
      13,
      23,
      33,
      43
    ],
    "sequencecorrelation": [
      11,
      14,
      21,
      27,
      31,
      34
    ],
    "statistical": [
      7,
      11,
      30,
      34,
      39,
      42
    ],
    "timeseries": [
      18,
      20,
      41,
      42,
      43,
      44
    ]
  },
  "predicted_sets": [
    {
      "numbers": [
        7,
        13,
        29,
        34,
        38,
        41
      ],
      "confidence": 70.66666666666667
    },
    {
      "numbers": [
        7,
        13,
        19,
        25,
        38,
        42
      ],
      "confidence": 70.66666666666667
    },
    {
      "numbers": [
        7,
        19,
        21,
        23,
        38,
        42
      ],
      "confidence": 70.0
    },
    {
      "numbers": [
        7,
        11,
        29,
        33,
        34,
        42
      ],
      "confidence": 70.0
    },
    {
      "numbers": [
        11,
        19,
        23,
        25,
        34,
        42
      ],
      "confidence": 69.96666666666667
    },
    {
      "numbers": [
        7,
        19,
        23,
        25,
        34,
        38
      ],
      "confidence": 69.96666666666667
    },
    {
      "numbers": [
        7,
        19,
        23,
        34,
        38,
        43
      ],
      "confidence": 69.79166666666667
    },
    {
      "numbers": [
        7,
        13,
        27,
        34,
        38,
        42
      ],
      "confidence": 69.79166666666667
    },
    {
      "numbers": [
        13,
        19,
        29,
        31,
        34,
        42
      ],
      "confidence": 69.75833333333334
    },
    {
      "numbers": [
        11,
        13,
        23,
        34,
        37,
        42
      ],
      "confidence": 69.75833333333334
    },
    {
      "numbers": [
        7,
        19,
        25,
        34,
        42,
        43
      ],
      "confidence": 69.51862147423984
    },
    {
      "numbers": [
        7,
        13,
        29,
        35,
        38,
        42
      ],
      "confidence": 69.33333333333334
    },
    {
      "numbers": [
        11,
        19,
        23,
        34,
        35,
        42
      ],
      "confidence": 69.3
    },
    {
      "numbers": [
        9,
        11,
        13,
        27,
        34,
        38
      ],
      "confidence": 69.3
    },
    {
      "numbers": [
        7,
        19,
        21,
        34,
        37,
        42
      ],
      "confidence": 69.125
    },
    {
      "numbers": [
        7,
        13,
        31,
        33,
        38,
        42
      ],
      "confidence": 69.09166666666667
    },
    {
      "numbers": [
        7,
        13,
        21,
        34,
        37,
        38
      ],
      "confidence": 69.09166666666667
    },
    {
      "numbers": [
        7,
        13,
        33,
        34,
        39,
        42
      ],
      "confidence": 69.09166666666667
    },
    {
      "numbers": [
        13,
        19,
        21,
        23,
        38,
        42
      ],
      "confidence": 69.09166666666667
    },
    {
      "numbers": [
        7,
        19,
        31,
        34,
        38,
        42
      ],
      "confidence": 68.9852881409065
    },
    {
      "numbers": [
        7,
        13,
        23,
        37,
        38,
        42
      ],
      "confidence": 68.91666666666667
    },
    {
      "numbers": [
        11,
        13,
        29,
        37,
        38,
        42
      ],
      "confidence": 68.81862147423983
    },
    {
      "numbers": [
        7,
        19,
        31,
        33,
        38,
        42
      ],
      "confidence": 68.81862147423983
    },
    {
      "numbers": [
        11,
        19,
        25,
        27,
        38,
        42
      ],
      "confidence": 68.63333333333333
    },
    {
      "numbers": [
        9,
        11,
        23,
        25,
        34,
        38
      ],
      "confidence": 68.63333333333333
    },
    {
      "numbers": [
        9,
        11,
        23,
        34,
        37,
        38
      ],
      "confidence": 68.63333333333333
    },
    {
      "numbers": [
        7,
        9,
        23,
        25,
        34,
        42
      ],
      "confidence": 68.63333333333333
    },
    {
      "numbers": [
        7,
        13,
        34,
        37,
        38,
        41
      ],
      "confidence": 68.6102881409065
    },
    {
      "numbers": [
        11,
        23,
        29,
        31,
        34,
        42
      ],
      "confidence": 68.6102881409065
    },
    {
      "numbers": [
        7,
        19,
        21,
        38,
        41,
        42
      ],
      "confidence": 68.45833333333334
    },
    {
      "numbers": [
        7,
        9,
        13,
        29,
        38,
        42
      ],
      "confidence": 68.45833333333334
    },
    {
      "numbers": [
        9,
        19,
        23,
        31,
        38,
        42
      ],
      "confidence": 68.45833333333334
    },
    {
      "numbers": [
        9,
        11,
        19,
        23,
        38,
        42
      ],
      "confidence": 68.45833333333334
    },
    {
      "numbers": [
        9,
        13,
        25,
        34,
        39,
        42
      ],
      "confidence": 68.45833333333334
    },
    {
      "numbers": [
        7,
        11,
        21,
        38,
        39,
        42
      ],
      "confidence": 68.45833333333334
    },
    {
      "numbers": [
        7,
        11,
        19,
        38,
        39,
        42
      ],
      "confidence": 68.42500000000001
    },
    {
      "numbers": [
        7,
        19,
        21,
        34,
        38,
        39
      ],
      "confidence": 68.42500000000001
    },
    {
      "numbers": [
        7,
        9,
        11,
        19,
        34,
        42
      ],
      "confidence": 68.42500000000001
    },
    {
      "numbers": [
        7,
        11,
        27,
        34,
        38,
        39
      ],