{
  "latest_round": 1221,
  "next_round": 1222,
  "hot_cold": {
    "hot": [
      [
        27,
        12
      ],
      [
        3,
        10
      ],
      [
        15,
        10
      ],
      [
        16,
        10
      ],
      [
        28,
        10
      ],
      [
        1,
        9
      ],
      [
        6,
        8
      ],
      [
        8,
        8
      ],
      [
        23,
        8
      ],
      [
        24,
        8
      ]
    ],
    "cold": [
      [
        34,
        2
      ],
      [
        14,
        4
      ],
      [
        21,
        4
      ],
      [
        22,
        4
      ],
      [
        43,
        4
      ],
      [
        2,
        5
      ],
      [
        11,
        5
      ],
      [
        12,
        5
      ],
      [
        18,
        5
      ],
      [
        32,
        5
      ]
    ],
    "overdue": [
      [
        12,
        2.814814814814815
      ],
      [
        16,
        2.196339434276206
      ],
      [
        4,
        2.1137123745819397
      ],
      [
        37,
        1.6887417218543048
      ],
      [
        17,
        1.5387177352206496
      ],
      [
        7,
        1.5321100917431192
      ]
    ]
  },
  "engine_predictions": {
    "advancedpattern": [
      4,
      11,
      16,
      19,
      26,
      33
    ],
    "fourier": [
      9,
      21,
      24,
      27,
      29,
      35
    ],
    "gap": [
      1,
      7,
      13,
      19,
      25,
      31
    ],
    "graph": [
      12,
      14,
      24,
      27,
      34,
      38
    ],
    "lstm": [
      2,
      13,
      19,
      34,
      39,
      44
    ],
    "ml": [
      6,
      18,
      27,
      28,
      36,
      37
    ],
    "numerology": [
      17,
      22,
      23,
      24,
      25,
      31
    ],
    "pattern": [
      3,
      11,
      13,
      23,
      33,
      43
    ],
    "poisson": [
      12,
      14,
      18,
      21,
      34,
      43
    ],
    "sequencecorrelation": [
      16,
      19,
      26,
      27,
      33,
      34
    ],
    "statistical": [
      4,
      7,
      12,
      16,
      27,
      37
    ],
    "timeseries": [
      10,
      15,
      26,
      31,
      35,
      38
    ]
  },
  "final_weights": {
    "advancedpattern": 0.06772916798950197,
    "fourier": 0.09371600313247402,
    "gap": 0.003449954494465257,
    "graph": 0.04297754354773847,
    "lstm": 0.05480982919550447,
    "ml": 0.16453954748449637,
    "numerology": 0.033362541537028806,
    "pattern": 0.010951806463902468,
    "poisson": 0.0013545833597900395,
    "sequencecorrelation": 0.06772916798950197,
    "statistical": 0.24508476728681186,
    "timeseries": 0.2142950875187843
  },
  "dynamic_boosts": {
    "advancedpattern": 1.2307692307692308,
    "fourier": 1.3,
    "gap": 1.2538461538461538,
    "graph": 1.1384615384615384,
    "lstm": 1.0,
    "ml": 1.0,
    "numerology": 1.2076923076923076,
    "pattern": 1.1846153846153846,
    "poisson": 1.2307692307692308,
    "sequencecorrelation": 1.2307692307692308,
    "statistical": 1.2538461538461538,
    "timeseries": 1.2307692307692308
  },
  "predicted_sets": [
    {
      "numbers": [
        4,
        12,
        16,
        19,
        27,
        33
      ],
      "confidence": 70.41111111111111
    },
    {
      "numbers": [
        4,
        12,
        19,
        27,
        31,
        33
      ],
      "confidence": 70.41111111111111
    },
    {
      "numbers": [
        12,
        19,
        25,
        26,
        27,
        31
      ],
      "confidence": 69.71111111111111
    },
    {
      "numbers": [
        13,
        24,
        26,
        27,
        31,
        34
      ],
      "confidence": 69.39166666666668
    },
    {
      "numbers": [
        4,
        12,
        16,
        21,
        27,
        33
      ],
      "confidence": 69.3
    },
    {
      "numbers": [
        12,
        13,
        19,
        26,
        34,
        38
      ],
      "confidence": 69.15555555555557
    },
    {
      "numbers": [
        4,
        12,
        13,
        16,
        27,
        35
      ],
      "confidence": 69.07590468337938
    },
    {
      "numbers": [
        4,
        16,
        27,
        31,
        34,
        35
      ],
      "confidence": 68.98055555555555
    },
    {
      "numbers": [
        4,
        18,
        25,
        27,
        31,
        33
      ],
      "confidence": 68.74444444444444
    },
    {
      "numbers": [
        13,
        18,
        19,
        25,
        31,
        34
      ],
      "confidence": 68.6
    },
    {
      "numbers": [
        4,
        12,
        19,
        24,
        26,
        33
      ],
      "confidence": 68.42500000000001
    },
    {
      "numbers": [
        7,
        19,
        24,
        25,
        27,
        38
      ],
      "confidence": 68.42500000000001
    },
    {
      "numbers": [
        4,
        16,
        19,
        25,
        27,
        37
      ],
      "confidence": 68.42500000000001
    },
    {
      "numbers": [
        4,
        11,
        16,
        27,
        31,
        33
      ],
      "confidence": 68.42500000000001
    },
    {
      "numbers": [
        12,
        13,
        24,
        27,
        33,
        35
      ],
      "confidence": 68.28055555555557
    },
    {
      "numbers": [
        7,
        12,
        18,
        19,
        26,
        27
      ],
      "confidence": 68.28055555555557
    },
    {
      "numbers": [
        13,
        16,
        19,
        26,
        34,
        35
      ],
      "confidence": 68.28055555555557
    },
    {
      "numbers": [
        12,
        25,
        27,
        31,
        34,
        37
      ],
      "confidence": 68.28055555555557
    },
    {
      "numbers": [
        7,
        19,
        21,
        34,
        35,
        38
      ],
      "confidence": 68.18888888888888
    },
    {
      "numbers": [
        4,
        18,
        19,
        27,
        34,
        37
      ],
      "confidence": 68.10555555555555
    },
    {
      "numbers": [
        4,
        19,
        24,
        26,
        27,
        37
      ],
      "confidence": 68.10555555555555
    },
    {
      "numbers": [
        7,
        13,
        16,
        26,
        27,
        31
      ],
      "confidence": 68.10555555555555
    },
    {
      "numbers": [
        11,
        13,
        19,
        24,
        26,
        35
      ],
      "confidence": 68.04444444444445
    },
    {
      "numbers": [
        13,
        16,
        19,
        24,
        26,
        34
      ],
      "confidence": 67.96111111111111
    },
    {
      "numbers": [
        11,
        12,
        19,
        33,
        34,
        38
      ],
      "confidence": 67.9
    },
    {
      "numbers": [
        4,
        12,
        16,
        18,
        27,
        37
      ],
      "confidence": 67.86944444444444
    },
    {
      "numbers": [
        11,
        13,
        19,
        24,
        34,
        38
      ],
      "confidence": 67.725
    },
    {
      "numbers": [
        4,
        16,
        19,
        33,
        34,
        35
      ],
      "confidence": 67.725
    },
    {
      "numbers": [
        4,
        13,
        19,
        31,
        34,
        38
      ],
      "confidence": 67.725
    },
    {
      "numbers": [
        4,
        7,
        18,
        26,
        27,
        34
      ],
      "confidence": 67.55
    },
    {
      "numbers": [
        7,
        16,
        19,
        31,
        35,
        38
      ],
      "confidence": 67.48888888888888
    },
    {
      "numbers": [
        4,
        12,
        18,
        19,
        31,
        35
      ],
      "confidence": 67.48888888888888
    },
    {
      "numbers": [
        4,
        12,
        13,
        19,
        33,
        34
      ],