{
  "latest_round": 425,
  "next_round": 426,
  "hot_cold": {
    "hot": [
      [
        22,
        15
      ],
      [
        40,
        14
      ],
      [
        1,
        11
      ],
      [
        10,
        11
      ],
      [
        28,
        11
      ],
      [
        11,
        10
      ],
      [
        20,
        10
      ],
      [
        26,
        10
      ],
      [
        31,
        10
      ],
      [
        9,
        9
      ]
    ],
    "cold": [
      [
        3,
        2
      ],
      [
        30,
        3
      ],
      [
        35,
        3
      ],
      [
        36,
        3
      ],
      [
        38,
        3
      ],
      [
        45,
        3
      ],
      [
        23,
        4
      ],
      [
        25,
        4
      ],
      [
        33,
        4
      ],
      [
        41,
        4
      ]
    ],
    "overdue": [
      [
        36,
        2.8715365239294712
      ],
      [
        25,
        2.577777777777778
      ],
      [
        24,
        2.5074626865671643
      ],
      [
        16,
        2.3613861386138613
      ],
      [
        12,
        2.3265306122448983
      ],
      [
        18,
        2.3076923076923075
      ],
      [
        37,
        2.2878048780487803
      ],
      [
        3,
        2.20253164556962
      ],
      [
        45,
        2.015
      ],
      [
        42,
        1.8390243902439025
      ]
    ]
  },
  "engine_predictions": {
    "advancedpattern": [
      8,
      10,
      14,
      27,
      33,
      38
    ],
    "gap": [
      1,
      7,
      13,
      19,
      25,
      31
    ],
    "graph": [
      5,
      10,
      31,
      34,
      37,
      40
    ],
    "lstm": [
      10,
      11,
      26,
      27,
      28,
      34
    ],
    "ml": [
      10,
      11,
      14,
      34,
      38,
      44
    ],
    "numerology": [
      13,
      17,
      22,
      23,
      25,
      31
    ],
    "pattern": [
      5,
      11,
      15,
      25,
      35,
      45
    ],
    "sequencecorrelation": [
      1,
      10,
      14,
      29,
      40,
      45
    ],
    "statistical": [
      12,
      18,
      24,
      25,
      37,
      45
    ],
    "timeseries": [
      3,
      5,
      20,
      25,
      36,
      41
    ]
  },
  "predicted_sets": [
    {
      "numbers": [
        10,
        13,
        14,
        25,
        31,
        37
      ],
      "confidence": 72.63333333333333
    },
    {
      "numbers": [
        5,
        10,
        11,
        25,
        34,
        38
      ],
      "confidence": 72.42500000000001
    },
    {
      "numbers": [
        10,
        11,
        14,
        27,
        38,
        45
      ],
      "confidence": 72.0
    },
    {
      "numbers": [
        1,
        10,
        14,
        25,
        31,
        37
      ],
      "confidence": 71.75833333333334
    },
    {
      "numbers": [
        10,
        14,
        26,
        27,
        31,
        45
      ],
      "confidence": 71.33333333333334
    },
    {
      "numbers": [
        5,
        10,
        13,
        27,
        34,
        45
      ],
      "confidence": 71.125
    },
    {
      "numbers": [
        10,
        15,
        25,
        27,
        34,
        45
      ],
      "confidence": 70.91666666666666
    },
    {
      "numbers": [
        10,
        13,
        14,
        25,
        34,
        40
      ],
      "confidence": 70.88333333333333
    },
    {
      "numbers": [
        8,
        10,
        11,
        34,
        37,
        45
      ],
      "confidence": 70.63333333333333
    },
    {
      "numbers": [
        10,
        14,
        25,
        27,
        33,
        44
      ],
      "confidence": 70.45833333333334
    },
    {
      "numbers": [
        10,
        14,
        25,
        33,
        37,
        40
      ],
      "confidence": 70.42500000000001
    },
    {
      "numbers": [
        5,
        10,
        14,
        31,
        33,
        45
      ],
      "confidence": 70.42500000000001
    },
    {
      "numbers": [
        5,
        11,
        14,
        25,
        27,
        40
      ],
      "confidence": 70.42500000000001
    },
    {
      "numbers": [
        1,
        10,
        13,
        14,
        25,
        44
      ],
      "confidence": 70.42500000000001
    },
    {
      "numbers": [
        5,
        8,
        10,
        25,
        34,
        37
      ],
      "confidence": 70.39166666666667
    },
    {
      "numbers": [
        8,
        10,
        13,
        14,
        25,
        34
      ],
      "confidence": 70.31806938145363
    },
    {
      "numbers": [
        5,
        10,
        11,
        20,
        25,
        37
      ],
      "confidence": 70.21666666666667
    },
    {
      "numbers": [
        8,
        10,
        14,
        31,
        33,
        45
      ],
      "confidence": 69.96666666666667
    },
    {
      "numbers": [
        5,
        10,
        27,
        31,
        38,
        44
      ],
      "confidence": 69.96666666666667
    },
    {
      "numbers": [
        1,
        10,
        15,
        27,
        34,
        45
      ],
      "confidence": 69.79166666666667
    },
    {
      "numbers": [
        10,
        15,
        25,
        37,
        38,
        45
      ],
      "confidence": 69.75875565596343
    },
    {
      "numbers": [
        5,
        11,
        20,
        25,
        27,
        34
      ],
      "confidence": 69.75833333333334
    },
    {
      "numbers": [
        11,
        13,
        14,
        25,
        27,
        34
      ],
      "confidence": 69.725
    },
    {
      "numbers": [
        1,
        11,
        14,
        25,
        34,
        37
      ],
      "confidence": 69.55
    },
    {
      "numbers": [
        10,
        14,
        27,
        31,
        34,
        40
      ],
      "confidence": 69.55
    },
    {
      "numbers": [
        8,
        11,
        25,
        27,
        40,
        44
      ],
      "confidence": 69.33333333333334
    },
    {
      "numbers": [
        11,
        14,
        20,
        25,
        37,
        38
      ],
      "confidence": 69.26666666666668
    },
    {
      "numbers": [
        10,
        11,
        13,
        15,
        34,
        38
      ],
      "confidence": 69.26666666666668
    },
    {
      "numbers": [
        1,
        11,
        14,
        27,
        38,
        45
      ],
      "confidence": 69.125
    },
    {
      "numbers": [
        10,
        20,
        27,
        31,
        33,
        45
      ],
      "confidence": 69.125
    },
    {
      "numbers": [
        1,
        14,
        25,
        26,
        27,
        34
      ],
      "confidence": 69.09166666666667
    },
    {
      "numbers": [
        5,
        8,
        14,
        25,
        27,
        45
      ],
      "confidence": 68.88333333333333
    },
    {
      "numbers": [
        5,
        8,
        10,
        25,
        26,
        45
      ],
      "confidence": 68.85
    },
    {
      "numbers": [
        8,
        11,
        14,
        26,
        37,
        45
      ],
      "confidence": 68.66666666666666
    },
    {
      "numbers": [
        13,
        25,
        26,
        27,
        31,
        44
      ],
      "confidence": 68.63333333333333
    },
    {
      "numbers": [
        1,
        8,
        25,
        27,
        34,
        40
      ],
      "confidence": 68.6
    },
    {
      "numbers": [
        10,
        14,
        15,
        27,
        38,
        44
      ],
      "confidence": 68.45833333333334
    },
    {
      "numbers": [
        10,
        11,
        15,
        27,
        40,
        44
      ],