{
  "latest_round": 937,
  "next_round": 938,
  "hot_cold": {
    "hot": [
      [
        38,
        13
      ],
      [
        3,
        10
      ],
      [
        18,
        10
      ],
      [
        7,
        9
      ],
      [
        21,
        9
      ],
      [
        22,
        9
      ],
      [
        23,
        9
      ],
      [
        39,
        9
      ],
      [
        13,
        8
      ],
      [
        16,
        8
      ]
    ],
    "cold": [
      [
        30,
        3
      ],
      [
        45,
        3
      ],
      [
        8,
        4
      ],
      [
        9,
        4
      ],
      [
        10,
        4
      ],
      [
        40,
        4
      ],
      [
        11,
        5
      ],
      [
        19,
        5
      ],
      [
        20,
        5
      ],
      [
        24,
        5
      ]
    ],
    "overdue": [
      [
        26,
        2.3063457330415753
      ],
      [
        5,
        2.260289210233593
      ],
      [
        34,
        1.8974918211559433
      ],
      [
        24,
        1.5913043478260869
      ],
      [
        42,
        1.5601300108342362
      ]
    ]
  },
  "engine_predictions": {
    "advancedpattern": [
      2,
      10,
      13,
      22,
      29,
      40
    ],
    "gap": [
      1,
      7,
      13,
      19,
      25,
      31
    ],
    "graph": [
      5,
      8,
      12,
      20,
      34,
      40
    ],
    "lstm": [
      10,
      13,
      29,
      36,
      38,
      44
    ],
    "ml": [
      2,
      4,
      12,
      14,
      15,
      29
    ],
    "numerology": [
      17,
      22,
      23,
      24,
      25,
      31
    ],
    "pattern": [
      3,
      11,
      13,
      23,
      33,
      43
    ],
    "sequencecorrelation": [
      11,
      12,
      21,
      25,
      27,
      36
    ],
    "statistical": [
      5,
      24,
      26,
      34,
      42,
      43
    ],
    "timeseries": [
      10,
      15,
      24,
      25,
      34,
      36
    ]
  },
  "predicted_sets": [
    {
      "numbers": [
        10,
        13,
        25,
        29,
        36,
        43
      ],
      "confidence": 71.79166666666666
    },
    {
      "numbers": [
        4,
        10,
        13,
        25,
        29,
        36
      ],
      "confidence": 71.3
    },
    {
      "numbers": [
        12,
        13,
        25,
        27,
        34,
        36
      ],
      "confidence": 70.6
    },
    {
      "numbers": [
        10,
        13,
        25,
        26,
        34,
        36
      ],
      "confidence": 70.42500000000001
    },
    {
      "numbers": [
        2,
        10,
        12,
        25,
        29,
        36
      ],
      "confidence": 70.42500000000001
    },
    {
      "numbers": [
        10,
        13,
        15,
        24,
        34,
        36
      ],
      "confidence": 70.42500000000001
    },
    {
      "numbers": [
        10,
        11,
        22,
        24,
        25,
        43
      ],
      "confidence": 69.96666666666667
    },
    {
      "numbers": [
        11,
        12,
        13,
        24,
        36,
        40
      ],
      "confidence": 69.93333333333334
    },
    {
      "numbers": [
        11,
        12,
        13,
        24,
        36,
        43
      ],
      "confidence": 69.75833333333334
    },
    {
      "numbers": [
        13,
        15,
        22,
        25,
        29,
        36
      ],
      "confidence": 69.725
    },
    {
      "numbers": [
        12,
        13,
        15,
        25,
        31,
        36
      ],
      "confidence": 69.725
    },
    {
      "numbers": [
        2,
        25,
        27,
        29,
        34,
        43
      ],
      "confidence": 69.3
    },
    {
      "numbers": [
        4,
        10,
        11,
        25,
        29,
        43
      ],
      "confidence": 69.3
    },
    {
      "numbers": [
        10,
        11,
        13,
        15,
        26,
        34
      ],
      "confidence": 69.3
    },
    {
      "numbers": [
        2,
        23,
        24,
        25,
        36,
        40
      ],
      "confidence": 69.26666666666668
    },
    {
      "numbers": [
        2,
        10,
        24,
        25,
        27,
        36
      ],
      "confidence": 69.26666666666668
    },
    {
      "numbers": [
        10,
        11,
        22,
        23,
        25,
        29
      ],
      "confidence": 69.26666666666668
    },
    {
      "numbers": [
        12,
        24,
        25,
        27,
        31,
        36
      ],
      "confidence": 69.26666666666668
    },
    {
      "numbers": [
        10,
        12,
        24,
        31,
        40,
        43
      ],
      "confidence": 69.125
    },
    {
      "numbers": [
        4,
        5,
        13,
        29,
        36,
        43
      ],
      "confidence": 69.125
    },
    {
      "numbers": [
        5,
        12,
        22,
        29,
        34,
        43
      ],
      "confidence": 69.125
    },
    {
      "numbers": [
        2,
        12,
        13,
        27,
        29,
        36
      ],
      "confidence": 69.09166666666667
    },
    {
      "numbers": [
        2,
        13,
        23,
        29,
        31,
        34
      ],
      "confidence": 69.09166666666667
    },
    {
      "numbers": [
        2,
        11,
        12,
        25,
        29,
        40
      ],
      "confidence": 69.09166666666667
    },
    {
      "numbers": [
        5,
        10,
        12,
        29,
        34,
        40
      ],
      "confidence": 69.09166666666667
    },
    {
      "numbers": [
        4,
        10,
        13,
        22,
        29,
        34
      ],
      "confidence": 69.09166666666667
    },
    {
      "numbers": [
        5,
        10,
        11,
        22,
        25,
        34
      ],
      "confidence": 68.98779227459309
    },
    {
      "numbers": [
        2,
        13,
        23,
        24,
        25,
        43
      ],
      "confidence": 68.88333333333333
    },
    {
      "numbers": [
        10,
        15,
        22,
        24,
        25,
        34
      ],
      "confidence": 68.88333333333333
    },
    {
      "numbers": [
        2,
        11,
        23,
        24,
        29,
        40
      ],
      "confidence": 68.63333333333333
    },
    {
      "numbers": [
        2,
        24,
        25,
        27,
        29,
        43
      ],
      "confidence": 68.6
    },
    {
      "numbers": [
        2,
        10,
        11,
        29,
        40,
        43
      ],
      "confidence": 68.45833333333334
    },
    {
      "numbers": [
        2,
        10,
        11,
        22,
        29,
        36
      ],
      "confidence": 68.42500000000001
    },
    {
      "numbers": [
        2,
        11,
        23,
        24,
        34,
        36
      ],
      "confidence": 68.42500000000001
    },
    {
      "numbers": [
        10,
        12,
        13,
        27,
        31,
        40
      ],
      "confidence": 68.42500000000001
    },
    {
      "numbers": [
        10,
        12,
        15,
        23,
        24,
        40
      ],
      "confidence": 68.42500000000001
    },
    {
      "numbers": [
        2,
        4,
        13,
        25,
        29,
        31
      ],
      "confidence": 68.36279227459308
    },
    {
      "numbers": [
        2,
        12,
        13,
        23,
        36,
        40
      ],
      "confidence": 68.21666666666667
    },
    {
      "numbers": [
        4,
        12,
        13,
        22,
        25,
        43
      ],
      "confidence": 68.21666666666667
    },
    {
      "numbers": [
        12,
        13,
        24,
        26,
        36,
        43
      ],