{
  "latest_round": 622,
  "next_round": 623,
  "hot_cold": {
    "hot": [
      [
        8,
        15
      ],
      [
        2,
        14
      ],
      [
        14,
        12
      ],
      [
        5,
        10
      ],
      [
        34,
        10
      ],
      [
        38,
        10
      ],
      [
        16,
        9
      ],
      [
        25,
        9
      ],
      [
        33,
        9
      ],
      [
        39,
        9
      ]
    ],
    "cold": [
      [
        26,
        1
      ],
      [
        3,
        2
      ],
      [
        1,
        3
      ],
      [
        29,
        3
      ],
      [
        31,
        3
      ],
      [
        32,
        4
      ],
      [
        45,
        4
      ],
      [
        9,
        5
      ],
      [
        11,
        5
      ],
      [
        15,
        5
      ]
    ],
    "overdue": [
      [
        3,
        3.535283993115318
      ],
      [
        29,
        2.8647746243739567
      ],
      [
        31,
        2.8444816053511706
      ],
      [
        26,
        2.7370184254606365
      ],
      [
        20,
        2.074576271186441
      ],
      [
        38,
        1.868686868686869
      ],
      [
        14,
        1.8415841584158414
      ],
      [
        37,
        1.6950819672131148
      ]
    ]
  },
  "engine_predictions": {
    "advancedpattern": [
      9,
      15,
      16,
      21,
      28,
      34
    ],
    "gap": [
      1,
      7,
      13,
      19,
      25,
      31
    ],
    "graph": [
      5,
      8,
      20,
      27,
      34,
      40
    ],
    "lstm": [
      2,
      6,
      8,
      16,
      40,
      42
    ],
    "ml": [
      3,
      20,
      21,
      35,
      44,
      45
    ],
    "numerology": [
      13,
      17,
      22,
      23,
      25,
      31
    ],
    "pattern": [
      5,
      13,
      15,
      25,
      35,
      45
    ],
    "sequencecorrelation": [
      1,
      20,
      27,
      34,
      37,
      40
    ],
    "statistical": [
      14,
      20,
      26,
      29,
      31,
      38
    ],
    "timeseries": [
      3,
      18,
      23,
      26,
      29,
      36
    ]
  },
  "predicted_sets": [
    {
      "numbers": [
        1,
        20,
        26,
        29,
        34,
        45
      ],
      "confidence": 70.0
    },
    {
      "numbers": [
        3,
        20,
        25,
        26,
        27,
        31
      ],
      "confidence": 69.96666666666667
    },
    {
      "numbers": [
        3,
        13,
        20,
        21,
        34,
        45
      ],
      "confidence": 69.79166666666667
    },
    {
      "numbers": [
        3,
        13,
        20,
        27,
        34,
        45
      ],
      "confidence": 69.79166666666667
    },
    {
      "numbers": [
        3,
        20,
        25,
        29,
        31,
        40
      ],
      "confidence": 69.75833333333334
    },
    {
      "numbers": [
        9,
        16,
        20,
        21,
        34,
        45
      ],
      "confidence": 69.33333333333334
    },
    {
      "numbers": [
        9,
        13,
        15,
        20,
        21,
        34
      ],
      "confidence": 69.3
    },
    {
      "numbers": [
        3,
        20,
        21,
        26,
        29,
        34
      ],
      "confidence": 69.3
    },
    {
      "numbers": [
        8,
        13,
        15,
        29,
        34,
        40
      ],
      "confidence": 69.3
    },
    {
      "numbers": [
        3,
        20,
        27,
        28,
        31,
        34
      ],
      "confidence": 69.3
    },
    {
      "numbers": [
        8,
        9,
        20,
        23,
        25,
        34
      ],
      "confidence": 69.3
    },
    {
      "numbers": [
        1,
        3,
        20,
        25,
        28,
        34
      ],
      "confidence": 69.3
    },
    {
      "numbers": [
        8,
        13,
        25,
        27,
        29,
        40
      ],
      "confidence": 69.3
    },
    {
      "numbers": [
        1,
        16,
        20,
        29,
        34,
        35
      ],
      "confidence": 69.3
    },
    {
      "numbers": [
        13,
        16,
        20,
        29,
        34,
        35
      ],
      "confidence": 69.26666666666668
    },
    {
      "numbers": [
        9,
        20,
        23,
        31,
        40,
        45
      ],
      "confidence": 69.125
    },
    {
      "numbers": [
        3,
        8,
        13,
        25,
        34,
        40
      ],
      "confidence": 69.09166666666667
    },
    {
      "numbers": [
        3,
        8,
        20,
        21,
        34,
        40
      ],
      "confidence": 69.09166666666667
    },
    {
      "numbers": [
        13,
        20,
        26,
        27,
        31,
        40
      ],
      "confidence": 69.05833333333334
    },
    {
      "numbers": [
        8,
        20,
        25,
        34,
        35,
        45
      ],
      "confidence": 68.91666666666667
    },
    {
      "numbers": [
        1,
        20,
        25,
        26,
        31,
        40
      ],
      "confidence": 68.88333333333333
    },
    {
      "numbers": [
        13,
        16,
        20,
        25,
        40,
        45
      ],
      "confidence": 68.88333333333333
    },
    {
      "numbers": [
        3,
        20,
        21,
        28,
        31,
        45
      ],
      "confidence": 68.45833333333334
    },
    {
      "numbers": [
        1,
        13,
        15,
        20,
        26,
        45
      ],
      "confidence": 68.42500000000001
    },
    {
      "numbers": [
        8,
        15,
        20,
        27,
        31,
        35
      ],
      "confidence": 68.42500000000001
    },
    {
      "numbers": [
        1,
        3,
        20,
        23,
        29,
        34
      ],
      "confidence": 68.42500000000001
    },
    {
      "numbers": [
        3,
        20,
        27,
        28,
        31,
        40
      ],
      "confidence": 68.42500000000001
    },
    {
      "numbers": [
        8,
        16,
        25,
        34,
        35,
        40
      ],
      "confidence": 68.42500000000001
    },
    {
      "numbers": [
        1,
        8,
        20,
        27,
        35,
        40
      ],
      "confidence": 68.42500000000001
    },
    {
      "numbers": [
        8,
        13,
        21,
        31,
        35,
        40
      ],
      "confidence": 68.42500000000001
    },
    {
      "numbers": [
        3,
        20,
        23,
        26,
        31,
        35
      ],
      "confidence": 68.42500000000001
    },
    {
      "numbers": [
        16,
        20,
        25,
        28,
        34,
        45
      ],
      "confidence": 68.42500000000001
    },
    {
      "numbers": [
        9,
        13,
        20,
        27,
        29,
        34
      ],
      "confidence": 68.42500000000001
    },
    {
      "numbers": [
        15,
        16,
        20,
        23,
        25,
        31
      ],
      "confidence": 68.39166666666668
    },
    {
      "numbers": [
        13,
        16,
        20,
        27,
        29,
        40
      ],
      "confidence": 68.39166666666668
    },
    {
      "numbers": [
        8,
        13,
        25,
        34,
        35,
        45
      ],
      "confidence": 68.25
    },
    {
      "numbers": [
        3,
        13,
        15,
        20,
        34,
        45
      ],
      "confidence": 68.21666666666667
    },
    {
      "numbers": [
        8,
        9,
        16,
        20,
        27,
        45
      ],
      "confidence": 67.96666666666667
    },
    {
      "numbers": [
        3,
        8,
        27,
        29,
        34,
        45
      ],