{
  "latest_round": 1083,
  "next_round": 1084,
  "hot_cold": {
    "hot": [
      [
        6,
        12
      ],
      [
        32,
        12
      ],
      [
        22,
        11
      ],
      [
        45,
        11
      ],
      [
        3,
        10
      ],
      [
        35,
        10
      ],
      [
        7,
        9
      ],
      [
        14,
        9
      ],
      [
        23,
        9
      ],
      [
        26,
        9
      ]
    ],
    "cold": [
      [
        39,
        2
      ],
      [
        25,
        3
      ],
      [
        29,
        3
      ],
      [
        42,
        3
      ],
      [
        8,
        4
      ],
      [
        13,
        4
      ],
      [
        15,
        4
      ],
      [
        43,
        4
      ],
      [
        44,
        4
      ],
      [
        1,
        5
      ]
    ],
    "overdue": [
      [
        39,
        5.0144230769230775
      ],
      [
        5,
        4.183495145631068
      ],
      [
        12,
        4.169068203650337
      ],
      [
        29,
        3.7927756653992395
      ],
      [
        25,
        3.065279091769158
      ],
      [
        19,
        2.0140845070422535
      ],
      [
        2,
        1.5902255639097744
      ]
    ]
  },
  "engine_predictions": {
    "advancedpattern": [
      3,
      7,
      14,
      15,
      22,
      38
    ],
    "gap": [
      1,
      7,
      13,
      19,
      25,
      31
    ],
    "graph": [
      3,
      10,
      17,
      18,
      27,
      37
    ],
    "lstm": [
      1,
      14,
      23,
      24,
      36,
      38
    ],
    "ml": [
      7,
      22,
      27,
      32,
      37,
      45
    ],
    "numerology": [
      17,
      22,
      23,
      24,
      25,
      31
    ],
    "pattern": [
      3,
      11,
      13,
      23,
      33,
      43
    ],
    "sequencecorrelation": [
      3,
      14,
      18,
      26,
      39,
      45
    ],
    "statistical": [
      12,
      19,
      25,
      29,
      35,
      45
    ],
    "timeseries": [
      1,
      5,
      25,
      28,
      29,
      39
    ]
  },
  "predicted_sets": [
    {
      "numbers": [
        3,
        7,
        14,
        22,
        38,
        45
      ],
      "confidence": 72.0
    },
    {
      "numbers": [
        1,
        3,
        14,
        25,
        38,
        45
      ],
      "confidence": 71.79166666666666
    },
    {
      "numbers": [
        1,
        3,
        17,
        22,
        38,
        45
      ],
      "confidence": 71.33333333333334
    },
    {
      "numbers": [
        3,
        14,
        25,
        37,
        38,
        45
      ],
      "confidence": 71.125
    },
    {
      "numbers": [
        3,
        14,
        22,
        23,
        37,
        45
      ],
      "confidence": 71.125
    },
    {
      "numbers": [
        1,
        14,
        22,
        23,
        25,
        45
      ],
      "confidence": 71.09166666666667
    },
    {
      "numbers": [
        7,
        14,
        22,
        31,
        39,
        45
      ],
      "confidence": 70.66666666666667
    },
    {
      "numbers": [
        7,
        14,
        19,
        22,
        25,
        38
      ],
      "confidence": 70.63333333333333
    },
    {
      "numbers": [
        3,
        14,
        22,
        27,
        29,
        45
      ],
      "confidence": 70.63333333333333
    },
    {
      "numbers": [
        3,
        7,
        18,
        22,
        25,
        31
      ],
      "confidence": 70.63164288387232
    },
    {
      "numbers": [
        7,
        14,
        22,
        23,
        25,
        29
      ],
      "confidence": 70.6
    },
    {
      "numbers": [
        3,
        14,
        18,
        23,
        25,
        45
      ],
      "confidence": 70.21666666666667
    },
    {
      "numbers": [
        1,
        14,
        22,
        23,
        37,
        39
      ],
      "confidence": 69.96666666666667
    },
    {
      "numbers": [
        1,
        7,
        18,
        23,
        24,
        45
      ],
      "confidence": 69.96666666666667
    },
    {
      "numbers": [
        1,
        7,
        13,
        24,
        25,
        38
      ],
      "confidence": 69.96666666666667
    },
    {
      "numbers": [
        3,
        14,
        17,
        22,
        31,
        38
      ],
      "confidence": 69.96666666666667
    },
    {
      "numbers": [
        3,
        14,
        22,
        27,
        29,
        38
      ],
      "confidence": 69.96666666666667
    },
    {
      "numbers": [
        3,
        17,
        22,
        24,
        25,
        29
      ],
      "confidence": 69.93333333333334
    },
    {
      "numbers": [
        7,
        14,
        23,
        27,
        38,
        45
      ],
      "confidence": 69.79166666666667
    },
    {
      "numbers": [
        3,
        14,
        29,
        38,
        39,
        45
      ],
      "confidence": 69.79166666666667
    },
    {
      "numbers": [
        7,
        14,
        17,
        23,
        25,
        38
      ],
      "confidence": 69.75833333333334
    },
    {
      "numbers": [
        7,
        22,
        23,
        24,
        25,
        45
      ],
      "confidence": 69.725
    },
    {
      "numbers": [
        3,
        14,
        19,
        24,
        25,
        45
      ],
      "confidence": 69.55
    },
    {
      "numbers": [
        1,
        14,
        19,
        23,
        27,
        38
      ],
      "confidence": 69.3
    },
    {
      "numbers": [
        7,
        18,
        22,
        24,
        29,
        45
      ],
      "confidence": 69.3
    },
    {
      "numbers": [
        7,
        13,
        22,
        37,
        38,
        45
      ],
      "confidence": 69.125
    },
    {
      "numbers": [
        1,
        13,
        14,
        24,
        37,
        45
      ],
      "confidence": 69.125
    },
    {
      "numbers": [
        3,
        13,
        22,
        24,
        29,
        45
      ],
      "confidence": 69.09166666666667
    },
    {
      "numbers": [
        13,
        14,
        18,
        25,
        31,
        45
      ],
      "confidence": 69.09166666666667
    },
    {
      "numbers": [
        3,
        13,
        14,
        19,
        38,
        45
      ],
      "confidence": 69.09166666666667
    },
    {
      "numbers": [
        7,
        14,
        19,
        23,
        24,
        45
      ],
      "confidence": 69.09166666666667
    },
    {
      "numbers": [
        7,
        14,
        19,
        22,
        27,
        45
      ],
      "confidence": 69.09166666666667
    },
    {
      "numbers": [
        1,
        14,
        17,
        22,
        27,
        45
      ],
      "confidence": 69.09166666666667
    },
    {
      "numbers": [
        3,
        14,
        23,
        31,
        37,
        38
      ],
      "confidence": 69.09166666666667
    },
    {
      "numbers": [
        3,
        14,
        19,
        23,
        27,
        38
      ],
      "confidence": 69.09166666666667
    },
    {
      "numbers": [
        3,
        7,
        14,
        15,
        22,
        45
      ],
      "confidence": 69.08997621720566
    },
    {
      "numbers": [
        1,
        22,
        23,
        25,
        31,
        38
      ],
      "confidence": 69.05833333333334
    },
    {
      "numbers": [
        14,
        18,
        19,
        23,
        25,
        45
      ],
      "confidence": 69.05833333333334
    },
    {
      "numbers": [
        1,
        7,
        14,
        18,
        25,
        39
      ],
      "confidence": 68.96497621720565
    },
    {
      "numbers": [
        3,
        14,
        15,
        23,
        38,
        45
      ],