{
  "latest_round": 795,
  "next_round": 796,
  "hot_cold": {
    "hot": [
      [
        12,
        15
      ],
      [
        6,
        11
      ],
      [
        19,
        11
      ],
      [
        24,
        10
      ],
      [
        34,
        10
      ],
      [
        3,
        9
      ],
      [
        7,
        9
      ],
      [
        10,
        9
      ],
      [
        16,
        9
      ],
      [
        21,
        9
      ]
    ],
    "cold": [
      [
        25,
        2
      ],
      [
        32,
        2
      ],
      [
        22,
        3
      ],
      [
        23,
        3
      ],
      [
        37,
        3
      ],
      [
        40,
        3
      ],
      [
        44,
        3
      ],
      [
        1,
        4
      ],
      [
        4,
        4
      ],
      [
        13,
        4
      ]
    ],
    "overdue": [
      [
        1,
        3.7220026350461137
      ],
      [
        44,
        3.7044854881266494
      ],
      [
        32,
        3.7003942181340337
      ],
      [
        22,
        3.5086551264980024
      ],
      [
        40,
        2.8929032258064518
      ],
      [
        37,
        2.472329472329472
      ],
      [
        9,
        1.9392764857881135
      ],
      [
        17,
        1.7674418604651163
      ],
      [
        14,
        1.6944801026957637
      ]
    ]
  },
  "engine_predictions": {
    "advancedpattern": [
      3,
      10,
      13,
      26,
      34,
      38
    ],
    "gap": [
      1,
      7,
      13,
      19,
      25,
      31
    ],
    "graph": [
      1,
      7,
      15,
      21,
      34,
      45
    ],
    "lstm": [
      2,
      6,
      7,
      10,
      19,
      38
    ],
    "ml": [
      1,
      10,
      13,
      18,
      26,
      38
    ],
    "numerology": [
      16,
      17,
      22,
      23,
      24,
      25
    ],
    "pattern": [
      1,
      11,
      13,
      21,
      31,
      41
    ],
    "sequencecorrelation": [
      1,
      11,
      14,
      26,
      35,
      45
    ],
    "statistical": [
      1,
      9,
      17,
      37,
      40,
      44
    ],
    "timeseries": [
      11,
      16,
      22,
      32,
      37,
      39
    ]
  },
  "predicted_sets": [
    {
      "numbers": [
        1,
        10,
        13,
        26,
        38,
        45
      ],
      "confidence": 74.0
    },
    {
      "numbers": [
        1,
        10,
        19,
        26,
        37,
        38
      ],
      "confidence": 71.96666666666667
    },
    {
      "numbers": [
        1,
        13,
        16,
        21,
        34,
        45
      ],
      "confidence": 71.125
    },
    {
      "numbers": [
        1,
        11,
        13,
        18,
        26,
        45
      ],
      "confidence": 71.09166666666667
    },
    {
      "numbers": [
        1,
        13,
        18,
        26,
        34,
        38
      ],
      "confidence": 71.09166666666667
    },
    {
      "numbers": [
        1,
        13,
        16,
        17,
        21,
        38
      ],
      "confidence": 70.89406164934937
    },
    {
      "numbers": [
        1,
        22,
        26,
        34,
        37,
        38
      ],
      "confidence": 70.6
    },
    {
      "numbers": [
        1,
        13,
        14,
        34,
        38,
        45
      ],
      "confidence": 70.42500000000001
    },
    {
      "numbers": [
        1,
        7,
        10,
        16,
        37,
        38
      ],
      "confidence": 70.39166666666667
    },
    {
      "numbers": [
        1,
        13,
        21,
        22,
        25,
        26
      ],
      "confidence": 70.39166666666667
    },
    {
      "numbers": [
        10,
        11,
        13,
        14,
        26,
        37
      ],
      "confidence": 69.96666666666667
    },
    {
      "numbers": [
        1,
        3,
        17,
        22,
        34,
        38
      ],
      "confidence": 69.96666666666667
    },
    {
      "numbers": [
        10,
        13,
        14,
        26,
        37,
        38
      ],
      "confidence": 69.96666666666667
    },
    {
      "numbers": [
        10,
        13,
        17,
        21,
        26,
        45
      ],
      "confidence": 69.96666666666667
    },
    {
      "numbers": [
        11,
        13,
        17,
        26,
        34,
        38
      ],
      "confidence": 69.93333333333334
    },
    {
      "numbers": [
        3,
        10,
        13,
        26,
        38,
        45
      ],
      "confidence": 69.79166666666667
    },
    {
      "numbers": [
        7,
        13,
        16,
        22,
        26,
        38
      ],
      "confidence": 69.75833333333334
    },
    {
      "numbers": [
        10,
        11,
        13,
        22,
        31,
        38
      ],
      "confidence": 69.75833333333334
    },
    {
      "numbers": [
        1,
        14,
        16,
        26,
        37,
        38
      ],
      "confidence": 69.75833333333334
    },
    {
      "numbers": [
        1,
        10,
        16,
        17,
        37,
        38
      ],
      "confidence": 69.725
    },
    {
      "numbers": [
        1,
        17,
        21,
        26,
        31,
        38
      ],
      "confidence": 69.55
    },
    {
      "numbers": [
        1,
        11,
        18,
        19,
        26,
        38
      ],
      "confidence": 69.55
    },
    {
      "numbers": [
        1,
        17,
        26,
        31,
        37,
        38
      ],
      "confidence": 69.55
    },
    {
      "numbers": [
        10,
        11,
        17,
        22,
        34,
        45
      ],
      "confidence": 69.33333333333334
    },
    {
      "numbers": [
        10,
        16,
        21,
        34,
        38,
        45
      ],
      "confidence": 69.33333333333334
    },
    {
      "numbers": [
        7,
        13,
        14,
        21,
        26,
        45
      ],
      "confidence": 69.3
    },
    {
      "numbers": [
        7,
        10,
        19,
        25,
        34,
        38
      ],
      "confidence": 69.3
    },
    {
      "numbers": [
        10,
        19,
        22,
        25,
        26,
        38
      ],
      "confidence": 69.3
    },
    {
      "numbers": [
        1,
        3,
        10,
        34,
        37,
        38
      ],
      "confidence": 69.23333333333333
    },
    {
      "numbers": [
        1,
        3,
        14,
        17,
        26,
        45
      ],
      "confidence": 69.1023949826827
    },
    {
      "numbers": [
        1,
        17,
        18,
        26,
        34,
        37
      ],
      "confidence": 69.09166666666667
    },
    {
      "numbers": [
        7,
        10,
        11,
        37,
        38,
        45
      ],
      "confidence": 69.09166666666667
    },
    {
      "numbers": [
        1,
        7,
        18,
        21,
        25,
        34
      ],
      "confidence": 68.89406164934937
    },
    {
      "numbers": [
        1,
        16,
        22,
        25,
        26,
        45
      ],
      "confidence": 68.88333333333333
    },
    {
      "numbers": [
        1,
        16,
        19,
        21,
        26,
        34
      ],
      "confidence": 68.88333333333333
    },
    {
      "numbers": [
        1,
        16,
        22,
        25,
        26,
        31
      ],
      "confidence": 68.88333333333333
    },
    {
      "numbers": [
        1,
        19,
        21,
        26,
        31,
        34
      ],
      "confidence": 68.88333333333333
    },
    {
      "numbers": [
        1,
        10,
        11,
        14,
        34,
        38
      ],
      "confidence": 68.85
    },
    {
      "numbers": [
        13,
        16,
        17,
        22,
        31,
        45
      ],