{
  "latest_round": 17,
  "next_round": 18,
  "hot_cold": {
    "hot": [
      [
        37,
        7
      ],
      [
        40,
        7
      ],
      [
        25,
        6
      ],
      [
        42,
        6
      ],
      [
        16,
        5
      ],
      [
        2,
        4
      ],
      [
        9,
        4
      ],
      [
        31,
        4
      ],
      [
        4,
        3
      ],
      [
        21,
        3
      ]
    ],
    "cold": [
      [
        5,
        0
      ],
      [
        18,
        0
      ],
      [
        20,
        0
      ],
      [
        28,
        0
      ],
      [
        35,
        0
      ],
      [
        43,
        0
      ],
      [
        1,
        1
      ],
      [
        8,
        1
      ],
      [
        10,
        1
      ],
      [
        12,
        1
      ]
    ],
    "overdue": [
      [
        26,
        10.0
      ],
      [
        27,
        7.333333333333333
      ],
      [
        14,
        5.5
      ],
      [
        29,
        3.0
      ],
      [
        36,
        3.0
      ],
      [
        39,
        2.5
      ],
      [
        41,
        2.0
      ],
      [
        25,
        1.8181818181818181
      ],
      [
        42,
        1.8181818181818181
      ],
      [
        19,
        1.8
      ]
    ]
  },
  "engine_predictions": {
    "advancedpattern": [
      6,
      7,
      9,
      24,
      37,
      38
    ],
    "gap": [
      2,
      8,
      14,
      20,
      26,
      32
    ],
    "graph": [
      2,
      16,
      25,
      37,
      40,
      42
    ],
    "lstm": [
      2,
      4,
      25,
      31,
      37,
      40
    ],
    "numerology": [
      13,
      22,
      23,
      24,
      25,
      31
    ],
    "pattern": [
      2,
      12,
      22,
      32,
      36,
      42
    ],
    "sequencecorrelation": [
      6,
      7,
      11,
      21,
      25,
      37
    ],
    "statistical": [
      14,
      25,
      27,
      39,
      41,
      42
    ],
    "timeseries": [
      3,
      6,
      7,
      25,
      39,
      41
    ]
  },
  "predicted_sets": [
    {
      "numbers": [
        6,
        9,
        14,
        25,
        37,
        42
      ],
      "confidence": 74.07407407407408
    },
    {
      "numbers": [
        2,
        7,
        24,
        25,
        40,
        41
      ],
      "confidence": 73.37407407407407
    },
    {
      "numbers": [
        2,
        14,
        25,
        37,
        38,
        39
      ],
      "confidence": 73.37407407407407
    },
    {
      "numbers": [
        6,
        24,
        25,
        37,
        38,
        42
      ],
      "confidence": 73.37407407407407
    },
    {
      "numbers": [
        3,
        14,
        25,
        37,
        40,
        42
      ],
      "confidence": 73.33333333333333
    },
    {
      "numbers": [
        2,
        16,
        22,
        25,
        37,
        42
      ],
      "confidence": 73.06481481481481
    },
    {
      "numbers": [
        3,
        14,
        22,
        25,
        37,
        41
      ],
      "confidence": 72.5925925925926
    },
    {
      "numbers": [
        2,
        7,
        25,
        32,
        39,
        41
      ],
      "confidence": 72.49907407407409
    },
    {
      "numbers": [
        2,
        6,
        25,
        38,
        41,
        42
      ],
      "confidence": 72.49907407407409
    },
    {
      "numbers": [
        2,
        16,
        25,
        32,
        37,
        39
      ],
      "confidence": 72.49907407407409
    },
    {
      "numbers": [
        3,
        7,
        14,
        25,
        40,
        41
      ],
      "confidence": 71.85185185185185
    },
    {
      "numbers": [
        3,
        4,
        16,
        25,
        37,
        42
      ],
      "confidence": 71.85185185185185
    },
    {
      "numbers": [
        2,
        6,
        25,
        31,
        32,
        39
      ],
      "confidence": 71.79907407407407
    },
    {
      "numbers": [
        14,
        24,
        25,
        32,
        37,
        41
      ],
      "confidence": 71.75833333333333
    },
    {
      "numbers": [
        7,
        14,
        22,
        25,
        38,
        42
      ],
      "confidence": 71.7175925925926
    },
    {
      "numbers": [
        2,
        22,
        25,
        32,
        37,
        40
      ],
      "confidence": 71.66481481481482
    },
    {
      "numbers": [
        9,
        24,
        25,
        31,
        32,
        37
      ],
      "confidence": 71.1925925925926
    },
    {
      "numbers": [
        4,
        9,
        25,
        32,
        37,
        41
      ],
      "confidence": 71.15185185185184
    },
    {
      "numbers": [
        4,
        16,
        25,
        31,
        32,
        37
      ],
      "confidence": 71.15185185185184
    },
    {
      "numbers": [
        2,
        9,
        16,
        25,
        38,
        41
      ],
      "confidence": 71.11111111111111
    },
    {
      "numbers": [
        2,
        9,
        25,
        32,
        41,
        42
      ],
      "confidence": 70.88333333333333
    },
    {
      "numbers": [
        7,
        16,
        22,
        24,
        25,
        38
      ],
      "confidence": 70.41111111111111
    },
    {
      "numbers": [
        2,
        17,
        22,
        25,
        31,
        40
      ],
      "confidence": 70.27685185185186
    },
    {
      "numbers": [
        3,
        4,
        14,
        25,
        39,
        42
      ],
      "confidence": 70.23611111111111
    },
    {
      "numbers": [
        3,
        16,
        25,
        32,
        39,
        42
      ],
      "confidence": 70.23611111111111
    },
    {
      "numbers": [
        2,
        3,
        6,
        25,
        39,
        42
      ],
      "confidence": 69.99882587131859
    },
    {
      "numbers": [
        3,
        6,
        24,
        25,
        31,
        32
      ],
      "confidence": 69.95160364909637
    },
    {
      "numbers": [
        2,
        6,
        7,
        38,
        39,
        41
      ],
      "confidence": 69.71111111111111
    },
    {
      "numbers": [
        2,
        4,
        16,
        37,
        40,
        41
      ],
      "confidence": 69.67037037037036
    },
    {
      "numbers": [
        2,
        9,
        24,
        25,
        38,
        39
      ],
      "confidence": 69.57685185185184
    },
    {
      "numbers": [
        3,
        4,
        24,
        25,
        37,
        40
      ],
      "confidence": 69.57685185185184
    },
    {
      "numbers": [
        14,
        17,
        25,
        32,
        39,
        42
      ],
      "confidence": 69.53611111111113
    },
    {
      "numbers": [
        3,
        6,
        22,
        37,
        40,
        42
      ],
      "confidence": 69.53611111111113
    },
    {
      "numbers": [
        6,
        16,
        25,
        38,
        39,
        40
      ],
      "confidence": 69.53611111111113
    },
    {
      "numbers": [
        6,
        7,
        24,
        32,
        39,
        42
      ],
      "confidence": 69.53611111111113
    },
    {
      "numbers": [
        4,
        9,
        24,
        25,
        31,
        42
      ],
      "confidence": 69.53611111111113
    },
    {
      "numbers": [
        14,
        17,
        25,
        37,
        38,
        41
      ],
      "confidence": 69.53611111111113
    },
    {
      "numbers": [
        6,
        7,
        16,
        24,
        39,
        42
      ],
      "confidence": 69.49537037037038
    },
    {
      "numbers": [
        2,
        16,
        32,
        37,
        39,
        42
      ],