{
  "latest_round": 810,
  "next_round": 811,
  "hot_cold": {
    "hot": [
      [
        12,
        15
      ],
      [
        6,
        12
      ],
      [
        10,
        12
      ],
      [
        21,
        12
      ],
      [
        34,
        11
      ],
      [
        31,
        10
      ],
      [
        15,
        9
      ],
      [
        18,
        9
      ],
      [
        19,
        9
      ],
      [
        41,
        9
      ]
    ],
    "cold": [
      [
        44,
        2
      ],
      [
        4,
        3
      ],
      [
        20,
        3
      ],
      [
        22,
        3
      ],
      [
        33,
        3
      ],
      [
        40,
        3
      ],
      [
        9,
        4
      ],
      [
        25,
        4
      ],
      [
        27,
        4
      ],
      [
        29,
        4
      ]
    ],
    "overdue": [
      [
        27,
        3.100381194409149
      ],
      [
        16,
        2.9043367346938775
      ],
      [
        8,
        2.8388746803069056
      ],
      [
        33,
        2.6215189873417724
      ],
      [
        7,
        2.247765006385696
      ],
      [
        19,
        2.225031605562579
      ],
      [
        29,
        2.184576485461441
      ],
      [
        2,
        1.6080910240202277
      ]
    ]
  },
  "engine_predictions": {
    "advancedpattern": [
      5,
      10,
      13,
      21,
      39,
      43
    ],
    "gap": [
      1,
      7,
      13,
      19,
      25,
      31
    ],
    "graph": [
      1,
      14,
      18,
      31,
      34,
      37
    ],
    "lstm": [
      10,
      13,
      21,
      31,
      32,
      43
    ],
    "ml": [
      2,
      12,
      17,
      18,
      23,
      34
    ],
    "numerology": [
      17,
      22,
      23,
      24,
      25,
      31
    ],
    "pattern": [
      1,
      11,
      13,
      21,
      31,
      41
    ],
    "sequencecorrelation": [
      11,
      12,
      18,
      21,
      27,
      36
    ],
    "statistical": [
      2,
      7,
      16,
      19,
      27,
      33
    ],
    "timeseries": [
      2,
      14,
      19,
      26,
      28,
      37
    ]
  },
  "predicted_sets": [
    {
      "numbers": [
        2,
        10,
        13,
        21,
        31,
        43
      ],
      "confidence": 71.58333333333334
    },
    {
      "numbers": [
        2,
        14,
        18,
        21,
        23,
        31
      ],
      "confidence": 71.09166666666667
    },
    {
      "numbers": [
        12,
        13,
        14,
        18,
        21,
        31
      ],
      "confidence": 71.05833333333334
    },
    {
      "numbers": [
        2,
        18,
        23,
        31,
        34,
        37
      ],
      "confidence": 70.63333333333333
    },
    {
      "numbers": [
        13,
        18,
        19,
        31,
        34,
        37
      ],
      "confidence": 70.56666666666666
    },
    {
      "numbers": [
        2,
        13,
        17,
        31,
        34,
        43
      ],
      "confidence": 70.42500000000001
    },
    {
      "numbers": [
        2,
        10,
        12,
        21,
        31,
        43
      ],
      "confidence": 70.25
    },
    {
      "numbers": [
        5,
        10,
        18,
        27,
        31,
        43
      ],
      "confidence": 70.0
    },
    {
      "numbers": [
        2,
        17,
        21,
        31,
        34,
        39
      ],
      "confidence": 69.75833333333334
    },
    {
      "numbers": [
        5,
        12,
        18,
        21,
        23,
        31
      ],
      "confidence": 69.75833333333334
    },
    {
      "numbers": [
        2,
        13,
        18,
        19,
        23,
        37
      ],
      "confidence": 69.75833333333334
    },
    {
      "numbers": [
        10,
        13,
        14,
        31,
        37,
        43
      ],
      "confidence": 69.75833333333334
    },
    {
      "numbers": [
        2,
        13,
        14,
        19,
        31,
        39
      ],
      "confidence": 69.725
    },
    {
      "numbers": [
        2,
        12,
        13,
        21,
        37,
        43
      ],
      "confidence": 69.58333333333334
    },
    {
      "numbers": [
        2,
        12,
        13,
        19,
        21,
        43
      ],
      "confidence": 69.55
    },
    {
      "numbers": [
        10,
        12,
        13,
        21,
        37,
        39
      ],
      "confidence": 69.3
    },
    {
      "numbers": [
        5,
        12,
        13,
        17,
        31,
        34
      ],
      "confidence": 69.26666666666668
    },
    {
      "numbers": [
        5,
        10,
        13,
        14,
        31,
        37
      ],
      "confidence": 69.26666666666668
    },
    {
      "numbers": [
        10,
        11,
        13,
        18,
        19,
        37
      ],
      "confidence": 69.26666666666668
    },
    {
      "numbers": [
        10,
        13,
        17,
        21,
        27,
        34
      ],
      "confidence": 69.09166666666667
    },
    {
      "numbers": [
        10,
        13,
        21,
        27,
        34,
        37
      ],
      "confidence": 69.09166666666667
    },
    {
      "numbers": [
        2,
        5,
        17,
        18,
        21,
        43
      ],
      "confidence": 69.0644183867124
    },
    {
      "numbers": [
        2,
        10,
        21,
        31,
        34,
        39
      ],
      "confidence": 69.05833333333334
    },
    {
      "numbers": [
        12,
        14,
        21,
        23,
        31,
        37
      ],
      "confidence": 69.05833333333334
    },
    {
      "numbers": [
        7,
        14,
        18,
        19,
        31,
        37
      ],
      "confidence": 69.05833333333334
    },
    {
      "numbers": [
        10,
        13,
        18,
        21,
        23,
        43
      ],
      "confidence": 68.88333333333333
    },
    {
      "numbers": [
        10,
        13,
        14,
        31,
        34,
        43
      ],
      "confidence": 68.88333333333333
    },
    {
      "numbers": [
        11,
        13,
        18,
        23,
        31,
        34
      ],
      "confidence": 68.85
    },
    {
      "numbers": [
        5,
        12,
        13,
        19,
        21,
        34
      ],
      "confidence": 68.73108505337908
    },
    {
      "numbers": [
        5,
        10,
        18,
        21,
        39,
        43
      ],
      "confidence": 68.66666666666666
    },
    {
      "numbers": [
        10,
        12,
        21,
        27,
        39,
        43
      ],
      "confidence": 68.66666666666666
    },
    {
      "numbers": [
        5,
        7,
        12,
        21,
        34,
        43
      ],
      "confidence": 68.66666666666666
    },
    {
      "numbers": [
        1,
        2,
        18,
        23,
        27,
        39
      ],
      "confidence": 68.63333333333333
    },
    {
      "numbers": [
        1,
        10,
        13,
        18,
        34,
        39
      ],
      "confidence": 68.6
    },
    {
      "numbers": [
        2,
        14,
        21,
        23,
        39,
        43
      ],
      "confidence": 68.45833333333334
    },
    {
      "numbers": [
        7,
        12,
        14,
        23,
        31,
        34
      ],
      "confidence": 68.42500000000001
    },
    {
      "numbers": [
        2,
        11,
        13,
        18,
        39,
        43
      ],
      "confidence": 68.42500000000001
    },
    {
      "numbers": [
        2,
        10,
        11,
        31,
        39,
        43
      ],
      "confidence": 68.42500000000001
    },
    {
      "numbers": [
        2,
        5,
        13,
        18,
        27,
        43
      ],