{
  "latest_round": 607,
  "next_round": 608,
  "hot_cold": {
    "hot": [
      [
        14,
        12
      ],
      [
        2,
        11
      ],
      [
        5,
        11
      ],
      [
        38,
        11
      ],
      [
        8,
        9
      ],
      [
        12,
        9
      ],
      [
        20,
        9
      ],
      [
        25,
        9
      ],
      [
        33,
        9
      ],
      [
        34,
        9
      ]
    ],
    "cold": [
      [
        9,
        3
      ],
      [
        36,
        3
      ],
      [
        21,
        4
      ],
      [
        22,
        4
      ],
      [
        23,
        4
      ],
      [
        28,
        4
      ],
      [
        42,
        4
      ],
      [
        3,
        5
      ],
      [
        19,
        5
      ],
      [
        24,
        5
      ]
    ],
    "overdue": [
      [
        42,
        3.3678756476683938
      ],
      [
        32,
        2.52991452991453
      ],
      [
        15,
        2.4810996563573884
      ],
      [
        37,
        2.038785834738617
      ],
      [
        41,
        2.005128205128205
      ],
      [
        40,
        1.9797979797979797
      ],
      [
        44,
        1.958762886597938
      ]
    ]
  },
  "engine_predictions": {
    "advancedpattern": [
      8,
      14,
      23,
      36,
      38,
      39
    ],
    "gap": [
      1,
      7,
      13,
      19,
      25,
      31
    ],
    "graph": [
      1,
      8,
      13,
      20,
      34,
      40
    ],
    "lstm": [
      1,
      2,
      5,
      14,
      38,
      39
    ],
    "ml": [
      8,
      14,
      26,
      31,
      36,
      40
    ],
    "numerology": [
      13,
      17,
      22,
      23,
      25,
      31
    ],
    "pattern": [
      5,
      15,
      25,
      33,
      35,
      45
    ],
    "sequencecorrelation": [
      4,
      8,
      20,
      30,
      40,
      45
    ],
    "statistical": [
      15,
      32,
      37,
      40,
      41,
      42
    ],
    "timeseries": [
      12,
      24,
      28,
      34,
      35,
      37
    ]
  },
  "predicted_sets": [
    {
      "numbers": [
        8,
        14,
        23,
        36,
        40,
        45
      ],
      "confidence": 71.33333333333334
    },
    {
      "numbers": [
        8,
        13,
        24,
        37,
        40,
        45
      ],
      "confidence": 70.66666666666667
    },
    {
      "numbers": [
        1,
        14,
        25,
        37,
        39,
        40
      ],
      "confidence": 70.63333333333333
    },
    {
      "numbers": [
        8,
        14,
        31,
        36,
        39,
        40
      ],
      "confidence": 70.6
    },
    {
      "numbers": [
        1,
        8,
        23,
        25,
        37,
        40
      ],
      "confidence": 70.6
    },
    {
      "numbers": [
        8,
        13,
        14,
        25,
        31,
        35
      ],
      "confidence": 70.42500000000001
    },
    {
      "numbers": [
        8,
        13,
        23,
        25,
        39,
        40
      ],
      "confidence": 70.42500000000001
    },
    {
      "numbers": [
        1,
        8,
        14,
        38,
        40,
        45
      ],
      "confidence": 70.42500000000001
    },
    {
      "numbers": [
        1,
        8,
        13,
        15,
        31,
        40
      ],
      "confidence": 70.39166666666667
    },
    {
      "numbers": [
        8,
        15,
        31,
        34,
        39,
        40
      ],
      "confidence": 69.93333333333334
    },
    {
      "numbers": [
        8,
        14,
        25,
        37,
        39,
        45
      ],
      "confidence": 69.79166666666667
    },
    {
      "numbers": [
        8,
        13,
        23,
        36,
        37,
        40
      ],
      "confidence": 69.75833333333334
    },
    {
      "numbers": [
        1,
        5,
        14,
        25,
        36,
        40
      ],
      "confidence": 69.75833333333334
    },
    {
      "numbers": [
        1,
        13,
        14,
        37,
        38,
        45
      ],
      "confidence": 69.3
    },
    {
      "numbers": [
        2,
        8,
        23,
        34,
        40,
        45
      ],
      "confidence": 69.3
    },
    {
      "numbers": [
        5,
        8,
        23,
        34,
        39,
        40
      ],
      "confidence": 69.26666666666668
    },
    {
      "numbers": [
        1,
        8,
        20,
        25,
        35,
        37
      ],
      "confidence": 69.09166666666667
    },
    {
      "numbers": [
        2,
        8,
        14,
        15,
        40,
        45
      ],
      "confidence": 69.09166666666667
    },
    {
      "numbers": [
        1,
        8,
        13,
        31,
        34,
        37
      ],
      "confidence": 69.05833333333334
    },
    {
      "numbers": [
        13,
        14,
        25,
        34,
        39,
        40
      ],
      "confidence": 69.05833333333334
    },
    {
      "numbers": [
        8,
        13,
        14,
        15,
        25,
        38
      ],
      "confidence": 68.88333333333333
    },
    {
      "numbers": [
        5,
        8,
        14,
        34,
        40,
        45
      ],
      "confidence": 68.88333333333333
    },
    {
      "numbers": [
        1,
        8,
        23,
        31,
        38,
        40
      ],
      "confidence": 68.85
    },
    {
      "numbers": [
        1,
        2,
        13,
        14,
        36,
        40
      ],
      "confidence": 68.64952531767895
    },
    {
      "numbers": [
        2,
        14,
        23,
        37,
        39,
        40
      ],
      "confidence": 68.63333333333333
    },
    {
      "numbers": [
        8,
        13,
        23,
        24,
        25,
        39
      ],
      "confidence": 68.42500000000001
    },
    {
      "numbers": [
        2,
        8,
        14,
        23,
        31,
        34
      ],
      "confidence": 68.42500000000001
    },
    {
      "numbers": [
        5,
        14,
        23,
        25,
        31,
        36
      ],
      "confidence": 68.42500000000001
    },
    {
      "numbers": [
        1,
        20,
        23,
        34,
        36,
        40
      ],
      "confidence": 68.42500000000001
    },
    {
      "numbers": [
        1,
        20,
        23,
        25,
        31,
        38
      ],
      "confidence": 68.42500000000001
    },
    {
      "numbers": [
        1,
        14,
        20,
        25,
        35,
        37
      ],
      "confidence": 68.42500000000001
    },
    {
      "numbers": [
        8,
        24,
        25,
        31,
        36,
        45
      ],
      "confidence": 68.4083528849497
    },
    {
      "numbers": [
        13,
        14,
        23,
        25,
        31,
        36
      ],
      "confidence": 68.39166666666668
    },
    {
      "numbers": [
        1,
        8,
        13,
        35,
        38,
        39
      ],
      "confidence": 68.39166666666668
    },
    {
      "numbers": [
        2,
        8,
        13,
        37,
        38,
        40
      ],
      "confidence": 68.39166666666668
    },
    {
      "numbers": [
        1,
        5,
        14,
        25,
        38,
        45
      ],
      "confidence": 68.25
    },
    {
      "numbers": [
        1,
        14,
        24,
        31,
        35,
        40
      ],
      "confidence": 68.21666666666667
    },
    {
      "numbers": [
        8,
        14,
        15,
        25,
        35,
        37
      ],
      "confidence": 68.21666666666667
    },
    {
      "numbers": [
        5,
        13,
        20,
        25,
        36,
        40
      ],