{
  "latest_round": 509,
  "next_round": 510,
  "hot_cold": {
    "hot": [
      [
        22,
        12
      ],
      [
        13,
        11
      ],
      [
        4,
        10
      ],
      [
        8,
        10
      ],
      [
        20,
        10
      ],
      [
        27,
        10
      ],
      [
        37,
        10
      ],
      [
        40,
        10
      ],
      [
        43,
        10
      ],
      [
        29,
        9
      ]
    ],
    "cold": [
      [
        19,
        2
      ],
      [
        21,
        2
      ],
      [
        7,
        3
      ],
      [
        9,
        3
      ],
      [
        18,
        3
      ],
      [
        11,
        4
      ],
      [
        16,
        4
      ],
      [
        2,
        5
      ],
      [
        3,
        5
      ],
      [
        5,
        5
      ]
    ],
    "overdue": [
      [
        18,
        4.670305676855895
      ],
      [
        21,
        4.384778012684989
      ],
      [
        45,
        3.760593220338983
      ],
      [
        16,
        3.4384133611691023
      ],
      [
        37,
        2.6016260162601625
      ],
      [
        2,
        2.5175983436853
      ],
      [
        8,
        2.067901234567901
      ],
      [
        15,
        1.9672131147540983
      ],
      [
        19,
        1.6761133603238867
      ]
    ]
  },
  "engine_predictions": {
    "advancedpattern": [
      12,
      25,
      29,
      35,
      42,
      43
    ],
    "gap": [
      1,
      7,
      13,
      19,
      25,
      31
    ],
    "graph": [
      3,
      17,
      20,
      27,
      37,
      40
    ],
    "lstm": [
      12,
      22,
      34,
      35,
      40,
      43
    ],
    "ml": [
      11,
      24,
      25,
      30,
      35,
      36
    ],
    "numerology": [
      17,
      22,
      23,
      24,
      25,
      31
    ],
    "pattern": [
      5,
      15,
      25,
      31,
      35,
      45
    ],
    "sequencecorrelation": [
      3,
      17,
      20,
      34,
      36,
      40
    ],
    "statistical": [
      2,
      4,
      8,
      15,
      37,
      45
    ],
    "timeseries": [
      1,
      2,
      3,
      4,
      17,
      19
    ]
  },
  "predicted_sets": [
    {
      "numbers": [
        4,
        17,
        25,
        35,
        40,
        43
      ],
      "confidence": 72.45833333333334
    },
    {
      "numbers": [
        4,
        17,
        25,
        31,
        35,
        40
      ],
      "confidence": 72.42500000000001
    },
    {
      "numbers": [
        3,
        17,
        22,
        25,
        31,
        34
      ],
      "confidence": 71.96666666666667
    },
    {
      "numbers": [
        4,
        17,
        19,
        25,
        35,
        40
      ],
      "confidence": 71.75833333333334
    },
    {
      "numbers": [
        3,
        17,
        22,
        31,
        34,
        35
      ],
      "confidence": 71.3
    },
    {
      "numbers": [
        3,
        17,
        20,
        24,
        35,
        42
      ],
      "confidence": 70.66666666666667
    },
    {
      "numbers": [
        17,
        19,
        20,
        25,
        36,
        43
      ],
      "confidence": 70.63333333333333
    },
    {
      "numbers": [
        4,
        17,
        25,
        31,
        36,
        37
      ],
      "confidence": 70.42500000000001
    },
    {
      "numbers": [
        2,
        17,
        20,
        25,
        29,
        35
      ],
      "confidence": 70.42500000000001
    },
    {
      "numbers": [
        4,
        17,
        22,
        25,
        34,
        40
      ],
      "confidence": 70.42500000000001
    },
    {
      "numbers": [
        3,
        20,
        22,
        25,
        35,
        43
      ],
      "confidence": 70.25
    },
    {
      "numbers": [
        2,
        17,
        20,
        25,
        29,
        36
      ],
      "confidence": 69.96666666666667
    },
    {
      "numbers": [
        17,
        22,
        25,
        29,
        36,
        40
      ],
      "confidence": 69.93333333333334
    },
    {
      "numbers": [
        2,
        17,
        19,
        24,
        25,
        34
      ],
      "confidence": 69.75833333333334
    },
    {
      "numbers": [
        1,
        12,
        20,
        25,
        34,
        35
      ],
      "confidence": 69.75833333333334
    },
    {
      "numbers": [
        4,
        12,
        19,
        20,
        25,
        35
      ],
      "confidence": 69.75833333333334
    },
    {
      "numbers": [
        2,
        20,
        25,
        34,
        35,
        36
      ],
      "confidence": 69.75833333333334
    },
    {
      "numbers": [
        2,
        17,
        19,
        22,
        35,
        40
      ],
      "confidence": 69.75833333333334
    },
    {
      "numbers": [
        1,
        2,
        17,
        31,
        35,
        40
      ],
      "confidence": 69.725
    },
    {
      "numbers": [
        12,
        17,
        20,
        25,
        31,
        37
      ],
      "confidence": 69.725
    },
    {
      "numbers": [
        12,
        17,
        25,
        35,
        40,
        42
      ],
      "confidence": 69.66427163065248
    },
    {
      "numbers": [
        1,
        12,
        35,
        36,
        40,
        43
      ],
      "confidence": 69.3
    },
    {
      "numbers": [
        3,
        20,
        31,
        34,
        35,
        42
      ],
      "confidence": 69.3
    },
    {
      "numbers": [
        3,
        4,
        12,
        17,
        25,
        43
      ],
      "confidence": 69.1329193058326
    },
    {
      "numbers": [
        3,
        12,
        20,
        25,
        36,
        42
      ],
      "confidence": 69.125
    },
    {
      "numbers": [
        3,
        12,
        17,
        35,
        36,
        42
      ],
      "confidence": 69.09166666666667
    },
    {
      "numbers": [
        17,
        22,
        25,
        29,
        31,
        42
      ],
      "confidence": 69.09166666666667
    },
    {
      "numbers": [
        4,
        20,
        24,
        25,
        31,
        37
      ],
      "confidence": 69.09166666666667
    },
    {
      "numbers": [
        1,
        12,
        17,
        22,
        35,
        36
      ],
      "confidence": 69.09166666666667
    },
    {
      "numbers": [
        4,
        17,
        31,
        35,
        36,
        37
      ],
      "confidence": 69.05833333333334
    },
    {
      "numbers": [
        1,
        12,
        24,
        25,
        29,
        36
      ],
      "confidence": 68.63333333333333
    },
    {
      "numbers": [
        3,
        19,
        20,
        22,
        31,
        34
      ],
      "confidence": 68.63333333333333
    },
    {
      "numbers": [
        1,
        3,
        22,
        35,
        36,
        37
      ],
      "confidence": 68.6
    },
    {
      "numbers": [
        2,
        4,
        19,
        31,
        35,
        36
      ],
      "confidence": 68.6
    },
    {
      "numbers": [
        3,
        20,
        31,
        35,
        40,
        42
      ],
      "confidence": 68.53927163065251
    },
    {
      "numbers": [
        3,
        4,
        20,
        29,
        35,
        43
      ],
      "confidence": 68.45833333333334
    },
    {
      "numbers": [
        4,
        17,
        22,
        31,
        36,
        42
      ],
      "confidence": 68.45833333333334
    },
    {
      "numbers": [
        4,
        19,
        24,
        25,
        31,
        34
      ],
      "confidence": 68.21666666666667
    },
    {
      "numbers": [
        12,
        22,
        25,
        29,
        35,
        40
      ],