{
  "latest_round": 833,
  "next_round": 834,
  "hot_cold": {
    "hot": [
      [
        12,
        14
      ],
      [
        10,
        13
      ],
      [
        31,
        11
      ],
      [
        13,
        10
      ],
      [
        18,
        9
      ],
      [
        19,
        9
      ],
      [
        21,
        9
      ],
      [
        25,
        9
      ],
      [
        38,
        9
      ],
      [
        39,
        9
      ]
    ],
    "cold": [
      [
        8,
        3
      ],
      [
        20,
        3
      ],
      [
        22,
        3
      ],
      [
        37,
        3
      ],
      [
        4,
        4
      ],
      [
        9,
        4
      ],
      [
        17,
        4
      ],
      [
        23,
        4
      ],
      [
        27,
        4
      ],
      [
        41,
        4
      ]
    ],
    "overdue": [
      [
        32,
        2.884615384615385
      ],
      [
        23,
        2.881188118811881
      ],
      [
        17,
        2.635235732009926
      ],
      [
        2,
        2.519206939281289
      ],
      [
        28,
        1.8204804045512009
      ],
      [
        1,
        1.748148148148148
      ],
      [
        27,
        1.6654456654456655
      ],
      [
        20,
        1.6596009975062345
      ]
    ]
  },
  "engine_predictions": {
    "advancedpattern": [
      12,
      18,
      30,
      39,
      41,
      42
    ],
    "gap": [
      1,
      7,
      13,
      19,
      25,
      31
    ],
    "graph": [
      3,
      8,
      14,
      27,
      33,
      34
    ],
    "lstm": [
      5,
      13,
      16,
      18,
      31,
      39
    ],
    "ml": [
      12,
      21,
      31,
      36,
      39,
      41
    ],
    "numerology": [
      17,
      22,
      23,
      24,
      25,
      31
    ],
    "pattern": [
      1,
      11,
      15,
      21,
      31,
      41
    ],
    "sequencecorrelation": [
      21,
      34,
      36,
      39,
      40,
      43
    ],
    "statistical": [
      1,
      2,
      17,
      21,
      23,
      32
    ],
    "timeseries": [
      9,
      16,
      24,
      29,
      31,
      33
    ]
  },
  "predicted_sets": [
    {
      "numbers": [
        1,
        12,
        18,
        21,
        31,
        39
      ],
      "confidence": 71.55
    },
    {
      "numbers": [
        5,
        18,
        30,
        31,
        39,
        41
      ],
      "confidence": 70.45833333333334
    },
    {
      "numbers": [
        1,
        13,
        30,
        31,
        34,
        39
      ],
      "confidence": 70.42500000000001
    },
    {
      "numbers": [
        1,
        12,
        17,
        30,
        31,
        39
      ],
      "confidence": 70.42500000000001
    },
    {
      "numbers": [
        12,
        21,
        25,
        31,
        34,
        41
      ],
      "confidence": 70.21666666666667
    },
    {
      "numbers": [
        1,
        13,
        21,
        24,
        31,
        36
      ],
      "confidence": 70.21666666666667
    },
    {
      "numbers": [
        5,
        13,
        18,
        30,
        31,
        39
      ],
      "confidence": 69.96666666666667
    },
    {
      "numbers": [
        12,
        13,
        18,
        31,
        36,
        39
      ],
      "confidence": 69.9
    },
    {
      "numbers": [
        5,
        12,
        16,
        21,
        31,
        43
      ],
      "confidence": 69.79166666666667
    },
    {
      "numbers": [
        1,
        18,
        21,
        23,
        39,
        42
      ],
      "confidence": 69.79166666666667
    },
    {
      "numbers": [
        12,
        16,
        23,
        31,
        34,
        41
      ],
      "confidence": 69.75833333333334
    },
    {
      "numbers": [
        1,
        12,
        18,
        23,
        31,
        34
      ],
      "confidence": 69.75833333333334
    },
    {
      "numbers": [
        5,
        16,
        17,
        18,
        21,
        31
      ],
      "confidence": 69.75833333333334
    },
    {
      "numbers": [
        1,
        18,
        30,
        31,
        33,
        41
      ],
      "confidence": 69.58333333333334
    },
    {
      "numbers": [
        12,
        18,
        21,
        31,
        41,
        43
      ],
      "confidence": 69.55
    },
    {
      "numbers": [
        1,
        12,
        21,
        25,
        30,
        31
      ],
      "confidence": 69.55
    },
    {
      "numbers": [
        1,
        17,
        18,
        24,
        36,
        39
      ],
      "confidence": 69.3
    },
    {
      "numbers": [
        12,
        17,
        18,
        25,
        39,
        41
      ],
      "confidence": 69.3
    },
    {
      "numbers": [
        16,
        18,
        23,
        24,
        31,
        42
      ],
      "confidence": 69.3
    },
    {
      "numbers": [
        12,
        16,
        17,
        18,
        25,
        31
      ],
      "confidence": 69.26666666666668
    },
    {
      "numbers": [
        1,
        16,
        18,
        31,
        34,
        42
      ],
      "confidence": 69.09166666666667
    },
    {
      "numbers": [
        1,
        12,
        17,
        25,
        30,
        31
      ],
      "confidence": 69.09166666666667
    },
    {
      "numbers": [
        1,
        13,
        18,
        31,
        36,
        42
      ],
      "confidence": 69.09166666666667
    },
    {
      "numbers": [
        1,
        12,
        17,
        18,
        30,
        31
      ],
      "confidence": 69.09166666666667
    },
    {
      "numbers": [
        12,
        13,
        21,
        30,
        31,
        34
      ],
      "confidence": 69.05833333333334
    },
    {
      "numbers": [
        12,
        13,
        23,
        30,
        31,
        39
      ],
      "confidence": 69.05833333333334
    },
    {
      "numbers": [
        12,
        13,
        16,
        31,
        39,
        43
      ],
      "confidence": 69.05833333333334
    },
    {
      "numbers": [
        12,
        13,
        16,
        31,
        36,
        39
      ],
      "confidence": 69.025
    },
    {
      "numbers": [
        1,
        18,
        21,
        25,
        34,
        41
      ],
      "confidence": 68.91666666666667
    },
    {
      "numbers": [
        12,
        16,
        25,
        31,
        36,
        41
      ],
      "confidence": 68.88333333333333
    },
    {
      "numbers": [
        1,
        21,
        30,
        31,
        34,
        43
      ],
      "confidence": 68.88333333333333
    },
    {
      "numbers": [
        1,
        12,
        24,
        31,
        33,
        34
      ],
      "confidence": 68.88333333333333
    },
    {
      "numbers": [
        1,
        13,
        18,
        23,
        31,
        34
      ],
      "confidence": 68.88333333333333
    },
    {
      "numbers": [
        13,
        23,
        24,
        31,
        34,
        39
      ],
      "confidence": 68.85
    },
    {
      "numbers": [
        17,
        18,
        30,
        31,
        36,
        39
      ],
      "confidence": 68.71545688620978
    },
    {
      "numbers": [
        13,
        17,
        21,
        30,
        39,
        42
      ],
      "confidence": 68.63333333333333
    },
    {
      "numbers": [
        1,
        18,
        25,
        30,
        33,
        39
      ],
      "confidence": 68.63333333333333
    },
    {
      "numbers": [
        5,
        12,
        33,
        34,
        39,
        41
      ],
      "confidence": 68.63333333333333
    },
    {
      "numbers": [
        13,
        17,
        18,
        31,
        34,
        42
      ],