{
  "latest_round": 194,
  "next_round": 195,
  "hot_cold": {
    "hot": [
      [
        18,
        13
      ],
      [
        34,
        13
      ],
      [
        2,
        11
      ],
      [
        13,
        11
      ],
      [
        19,
        11
      ],
      [
        21,
        10
      ],
      [
        39,
        10
      ],
      [
        42,
        10
      ],
      [
        1,
        9
      ],
      [
        45,
        9
      ]
    ],
    "cold": [
      [
        7,
        2
      ],
      [
        17,
        2
      ],
      [
        12,
        3
      ],
      [
        22,
        3
      ],
      [
        23,
        3
      ],
      [
        38,
        3
      ],
      [
        15,
        4
      ],
      [
        44,
        4
      ],
      [
        3,
        5
      ],
      [
        9,
        5
      ]
    ],
    "overdue": [
      [
        7,
        5.302631578947369
      ],
      [
        3,
        3.721518987341772
      ],
      [
        41,
        2.7664670658682633
      ],
      [
        28,
        2.5675675675675675
      ],
      [
        17,
        2.558823529411765
      ],
      [
        43,
        2.4375
      ],
      [
        22,
        2.2360248447204967
      ],
      [
        40,
        1.934065934065934
      ],
      [
        42,
        1.8839779005524862
      ],
      [
        12,
        1.7560975609756098
      ]
    ]
  },
  "engine_predictions": {
    "advancedpattern": [
      15,
      20,
      23,
      26,
      39,
      44
    ],
    "gap": [
      1,
      7,
      13,
      19,
      25,
      31
    ],
    "graph": [
      17,
      25,
      30,
      36,
      40,
      42
    ],
    "lstm": [
      8,
      14,
      18,
      26,
      37,
      39
    ],
    "ml": [
      20,
      23,
      26,
      32,
      39,
      44
    ],
    "numerology": [
      17,
      22,
      23,
      24,
      25,
      31
    ],
    "pattern": [
      3,
      13,
      23,
      33,
      35,
      43
    ],
    "sequencecorrelation": [
      2,
      3,
      4,
      18,
      36,
      42
    ],
    "statistical": [
      3,
      13,
      28,
      34,
      42,
      43
    ],
    "timeseries": [
      1,
      2,
      8,
      17,
      22,
      38
    ]
  },
  "predicted_sets": [
    {
      "numbers": [
        2,
        17,
        23,
        26,
        39,
        44
      ],
      "confidence": 71.33333333333334
    },
    {
      "numbers": [
        8,
        17,
        22,
        23,
        39,
        44
      ],
      "confidence": 70.66666666666667
    },
    {
      "numbers": [
        1,
        17,
        20,
        23,
        25,
        42
      ],
      "confidence": 70.63333333333333
    },
    {
      "numbers": [
        2,
        18,
        23,
        25,
        39,
        42
      ],
      "confidence": 70.45833333333334
    },
    {
      "numbers": [
        3,
        18,
        23,
        36,
        39,
        42
      ],
      "confidence": 70.45833333333334
    },
    {
      "numbers": [
        3,
        13,
        17,
        23,
        26,
        42
      ],
      "confidence": 70.21666666666667
    },
    {
      "numbers": [
        2,
        17,
        25,
        31,
        39,
        44
      ],
      "confidence": 70.0
    },
    {
      "numbers": [
        1,
        17,
        26,
        39,
        43,
        44
      ],
      "confidence": 70.0
    },
    {
      "numbers": [
        1,
        3,
        18,
        25,
        36,
        42
      ],
      "confidence": 70.0
    },
    {
      "numbers": [
        1,
        13,
        18,
        25,
        36,
        42
      ],
      "confidence": 70.0
    },
    {
      "numbers": [
        13,
        17,
        18,
        25,
        39,
        44
      ],
      "confidence": 69.96666666666667
    },
    {
      "numbers": [
        1,
        17,
        22,
        23,
        26,
        44
      ],
      "confidence": 69.96666666666667
    },
    {
      "numbers": [
        1,
        15,
        17,
        23,
        26,
        42
      ],
      "confidence": 69.96666666666667
    },
    {
      "numbers": [
        17,
        18,
        22,
        23,
        26,
        39
      ],
      "confidence": 69.93333333333334
    },
    {
      "numbers": [
        3,
        17,
        26,
        39,
        43,
        44
      ],
      "confidence": 69.79166666666667
    },
    {
      "numbers": [
        2,
        17,
        23,
        26,
        42,
        44
      ],
      "confidence": 69.75833333333334
    },
    {
      "numbers": [
        4,
        17,
        20,
        25,
        36,
        42
      ],
      "confidence": 69.33333333333334
    },
    {
      "numbers": [
        2,
        18,
        20,
        26,
        39,
        43
      ],
      "confidence": 69.33333333333334
    },
    {
      "numbers": [
        1,
        17,
        20,
        39,
        42,
        44
      ],
      "confidence": 69.3
    },
    {
      "numbers": [
        15,
        22,
        23,
        26,
        39,
        44
      ],
      "confidence": 69.3
    },
    {
      "numbers": [
        1,
        17,
        20,
        25,
        42,
        43
      ],
      "confidence": 69.3
    },
    {
      "numbers": [
        1,
        20,
        22,
        23,
        26,
        44
      ],
      "confidence": 69.3
    },
    {
      "numbers": [
        2,
        4,
        17,
        26,
        39,
        42
      ],
      "confidence": 69.125
    },
    {
      "numbers": [
        2,
        18,
        23,
        36,
        39,
        43
      ],
      "confidence": 69.125
    },
    {
      "numbers": [
        4,
        8,
        17,
        23,
        39,
        44
      ],
      "confidence": 69.125
    },
    {
      "numbers": [
        13,
        17,
        22,
        23,
        36,
        44
      ],
      "confidence": 69.09166666666667
    },
    {
      "numbers": [
        17,
        20,
        22,
        23,
        31,
        42
      ],
      "confidence": 69.09166666666667
    },
    {
      "numbers": [
        8,
        22,
        23,
        36,
        39,
        42
      ],
      "confidence": 69.09166666666667
    },
    {
      "numbers": [
        3,
        8,
        13,
        17,
        25,
        44
      ],
      "confidence": 69.09166666666667
    },
    {
      "numbers": [
        3,
        18,
        22,
        23,
        36,
        42
      ],
      "confidence": 68.91666666666667
    },
    {
      "numbers": [
        4,
        13,
        17,
        23,
        39,
        44
      ],
      "confidence": 68.91666666666667
    },
    {
      "numbers": [
        8,
        13,
        23,
        25,
        26,
        36
      ],
      "confidence": 68.88333333333333
    },
    {
      "numbers": [
        4,
        13,
        22,
        25,
        36,
        39
      ],
      "confidence": 68.63333333333333
    },
    {
      "numbers": [
        13,
        18,
        20,
        25,
        31,
        39
      ],
      "confidence": 68.6
    },
    {
      "numbers": [
        2,
        17,
        18,
        22,
        39,
        44
      ],
      "confidence": 68.45833333333334
    },
    {
      "numbers": [
        1,
        3,
        22,
        36,
        39,
        42
      ],
      "confidence": 68.42500000000001
    },
    {
      "numbers": [
        2,
        3,
        18,
        20,
        39,
        42
      ],
      "confidence": 68.42500000000001
    },
    {
      "numbers": [
        1,
        3,
        20,
        25,
        26,
        43
      ],
      "confidence": 68.42500000000001
    },
    {
      "numbers": [
        13,
        15,
        18,
        25,
        39,
        42
      ],