{
  "latest_round": 47,
  "next_round": 48,
  "hot_cold": {
    "hot": [
      [
        37,
        13
      ],
      [
        40,
        12
      ],
      [
        25,
        10
      ],
      [
        7,
        9
      ],
      [
        17,
        9
      ],
      [
        23,
        9
      ],
      [
        26,
        9
      ],
      [
        35,
        9
      ],
      [
        6,
        8
      ],
      [
        13,
        8
      ]
    ],
    "cold": [
      [
        22,
        2
      ],
      [
        24,
        2
      ],
      [
        12,
        3
      ],
      [
        15,
        3
      ],
      [
        28,
        3
      ],
      [
        29,
        3
      ],
      [
        34,
        3
      ],
      [
        45,
        3
      ],
      [
        5,
        4
      ],
      [
        10,
        4
      ]
    ],
    "overdue": [
      [
        5,
        7.7142857142857135
      ],
      [
        12,
        7.428571428571429
      ],
      [
        4,
        3.5
      ],
      [
        40,
        3.4571428571428573
      ],
      [
        37,
        2.918918918918919
      ],
      [
        42,
        2.84375
      ],
      [
        24,
        2.8181818181818183
      ],
      [
        28,
        2.4444444444444446
      ],
      [
        9,
        2.4375
      ],
      [
        2,
        2.142857142857143
      ]
    ]
  },
  "engine_predictions": {
    "advancedpattern": [
      17,
      23,
      26,
      31,
      33,
      45
    ],
    "gap": [
      2,
      8,
      14,
      20,
      26,
      32
    ],
    "graph": [
      7,
      23,
      25,
      35,
      37,
      40
    ],
    "lstm": [
      13,
      17,
      23,
      31,
      35,
      38
    ],
    "numerology": [
      17,
      22,
      23,
      25,
      26,
      31
    ],
    "pattern": [
      3,
      13,
      23,
      33,
      37,
      43
    ],
    "sequencecorrelation": [
      9,
      13,
      15,
      23,
      25,
      35
    ],
    "statistical": [
      4,
      7,
      18,
      37,
      40,
      43
    ],
    "timeseries": [
      7,
      12,
      18,
      22,
      28,
      43
    ]
  },
  "predicted_sets": [
    {
      "numbers": [
        7,
        18,
        23,
        26,
        31,
        45
      ],
      "confidence": 73.33333333333333
    },
    {
      "numbers": [
        17,
        23,
        25,
        26,
        31,
        38
      ],
      "confidence": 72.67407407407407
    },
    {
      "numbers": [
        17,
        22,
        23,
        26,
        40,
        43
      ],
      "confidence": 72.49907407407409
    },
    {
      "numbers": [
        7,
        17,
        22,
        23,
        40,
        43
      ],
      "confidence": 72.32407407407408
    },
    {
      "numbers": [
        7,
        14,
        23,
        26,
        31,
        38
      ],
      "confidence": 71.89259259259259
    },
    {
      "numbers": [
        9,
        14,
        23,
        26,
        31,
        37
      ],
      "confidence": 71.89259259259259
    },
    {
      "numbers": [
        13,
        17,
        18,
        23,
        25,
        40
      ],
      "confidence": 71.79907407407407
    },
    {
      "numbers": [
        17,
        23,
        25,
        26,
        33,
        40
      ],
      "confidence": 71.79907407407407
    },
    {
      "numbers": [
        9,
        22,
        23,
        26,
        31,
        43
      ],
      "confidence": 71.75833333333333
    },
    {
      "numbers": [
        14,
        23,
        26,
        31,
        37,
        38
      ],
      "confidence": 71.1925925925926
    },
    {
      "numbers": [
        7,
        18,
        22,
        23,
        31,
        36
      ],
      "confidence": 71.15185185185184
    },
    {
      "numbers": [
        14,
        17,
        18,
        23,
        31,
        45
      ],
      "confidence": 71.15185185185184
    },
    {
      "numbers": [
        7,
        22,
        23,
        25,
        28,
        37
      ],
      "confidence": 71.05833333333334
    },
    {
      "numbers": [
        13,
        17,
        22,
        23,
        31,
        38
      ],
      "confidence": 71.05833333333334
    },
    {
      "numbers": [
        7,
        9,
        17,
        18,
        23,
        40
      ],
      "confidence": 71.01759259259259
    },
    {
      "numbers": [
        13,
        17,
        23,
        26,
        28,
        43
      ],
      "confidence": 70.92407407407407
    },
    {
      "numbers": [
        7,
        14,
        17,
        23,
        37,
        40
      ],
      "confidence": 70.88333333333333
    },
    {
      "numbers": [
        9,
        23,
        25,
        31,
        38,
        40
      ],
      "confidence": 70.45185185185184
    },
    {
      "numbers": [
        7,
        14,
        18,
        25,
        40,
        43
      ],
      "confidence": 70.37037037037038
    },
    {
      "numbers": [
        13,
        17,
        18,
        23,
        35,
        36
      ],
      "confidence": 70.3175925925926
    },
    {
      "numbers": [
        7,
        13,
        18,
        22,
        35,
        37
      ],
      "confidence": 70.27685185185186
    },
    {
      "numbers": [
        13,
        17,
        22,
        35,
        40,
        43
      ],
      "confidence": 70.27685185185186
    },
    {
      "numbers": [
        14,
        18,
        23,
        26,
        33,
        43
      ],
      "confidence": 70.14259259259259
    },
    {
      "numbers": [
        13,
        14,
        23,
        37,
        38,
        43
      ],
      "confidence": 70.14259259259259
    },
    {
      "numbers": [
        13,
        22,
        25,
        26,
        35,
        43
      ],
      "confidence": 70.14259259259259
    },
    {
      "numbers": [
        13,
        17,
        22,
        31,
        35,
        38
      ],
      "confidence": 69.71111111111111
    },
    {
      "numbers": [
        7,
        9,
        14,
        25,
        40,
        43
      ],
      "confidence": 69.62962962962963
    },
    {
      "numbers": [
        17,
        25,
        26,
        28,
        31,
        35
      ],
      "confidence": 69.57685185185184
    },
    {
      "numbers": [
        13,
        17,
        18,
        26,
        37,
        40
      ],
      "confidence": 69.57685185185184
    },
    {
      "numbers": [
        13,
        22,
        25,
        26,
        31,
        33
      ],
      "confidence": 69.57685185185184
    },
    {
      "numbers": [
        13,
        22,
        25,
        26,
        33,
        37
      ],
      "confidence": 69.57685185185184
    },
    {
      "numbers": [
        13,
        18,
        22,
        23,
        35,
        36
      ],
      "confidence": 69.57685185185184
    },
    {
      "numbers": [
        7,
        18,
        31,
        35,
        38,
        43
      ],
      "confidence": 69.53611111111113
    },
    {
      "numbers": [
        9,
        17,
        22,
        23,
        26,
        36
      ],
      "confidence": 69.53611111111113
    },
    {
      "numbers": [
        14,
        17,
        26,
        31,
        33,
        43
      ],
      "confidence": 69.53611111111113
    },
    {
      "numbers": [
        7,
        13,
        26,
        28,
        37,
        45
      ],
      "confidence": 69.49537037037038
    },
    {
      "numbers": [
        9,
        13,
        18,
        23,
        26,
        38
      ],
      "confidence": 69.40185185185184
    },
    {
      "numbers": [
        7,
        14,
        17,
        26,
        31,
        37
      ],