{
  "latest_round": 434,
  "next_round": 435,
  "hot_cold": {
    "hot": [
      [
        22,
        12
      ],
      [
        40,
        12
      ],
      [
        28,
        11
      ],
      [
        20,
        10
      ],
      [
        34,
        10
      ],
      [
        1,
        9
      ],
      [
        7,
        9
      ],
      [
        9,
        9
      ],
      [
        11,
        9
      ],
      [
        26,
        9
      ]
    ],
    "cold": [
      [
        36,
        2
      ],
      [
        35,
        3
      ],
      [
        38,
        3
      ],
      [
        45,
        3
      ],
      [
        32,
        4
      ],
      [
        41,
        4
      ],
      [
        4,
        5
      ],
      [
        5,
        5
      ],
      [
        8,
        5
      ],
      [
        12,
        5
      ]
    ],
    "overdue": [
      [
        36,
        4.231738035264484
      ],
      [
        32,
        2.8823529411764706
      ],
      [
        41,
        2.4324324324324325
      ],
      [
        21,
        1.6285714285714286
      ],
      [
        9,
        1.6076555023923444
      ]
    ]
  },
  "engine_predictions": {
    "advancedpattern": [
      3,
      13,
      20,
      24,
      33,
      37
    ],
    "gap": [
      1,
      7,
      13,
      19,
      25,
      31
    ],
    "graph": [
      1,
      5,
      11,
      31,
      37,
      40
    ],
    "lstm": [
      3,
      18,
      27,
      33,
      37,
      39
    ],
    "ml": [
      1,
      18,
      20,
      21,
      32,
      33
    ],
    "numerology": [
      13,
      16,
      17,
      22,
      23,
      25
    ],
    "pattern": [
      5,
      11,
      15,
      25,
      35,
      45
    ],
    "sequencecorrelation": [
      1,
      11,
      14,
      18,
      31,
      40
    ],
    "statistical": [
      9,
      14,
      21,
      26,
      32,
      41
    ],
    "timeseries": [
      3,
      4,
      8,
      14,
      26,
      44
    ]
  },
  "predicted_sets": [
    {
      "numbers": [
        1,
        14,
        18,
        26,
        33,
        37
      ],
      "confidence": 71.3
    },
    {
      "numbers": [
        1,
        11,
        14,
        25,
        26,
        37
      ],
      "confidence": 70.42500000000001
    },
    {
      "numbers": [
        3,
        13,
        14,
        18,
        25,
        37
      ],
      "confidence": 70.42500000000001
    },
    {
      "numbers": [
        5,
        11,
        13,
        14,
        26,
        37
      ],
      "confidence": 69.96666666666667
    },
    {
      "numbers": [
        3,
        18,
        21,
        25,
        32,
        37
      ],
      "confidence": 69.96666666666667
    },
    {
      "numbers": [
        1,
        11,
        13,
        20,
        26,
        37
      ],
      "confidence": 69.75833333333334
    },
    {
      "numbers": [
        1,
        18,
        31,
        32,
        33,
        37
      ],
      "confidence": 69.725
    },
    {
      "numbers": [
        1,
        11,
        14,
        18,
        32,
        37
      ],
      "confidence": 69.725
    },
    {
      "numbers": [
        1,
        17,
        18,
        20,
        26,
        33
      ],
      "confidence": 69.3
    },
    {
      "numbers": [
        1,
        3,
        20,
        24,
        33,
        37
      ],
      "confidence": 69.09166666666667
    },
    {
      "numbers": [
        1,
        20,
        21,
        26,
        33,
        37
      ],
      "confidence": 69.09166666666667
    },
    {
      "numbers": [
        1,
        11,
        24,
        25,
        32,
        33
      ],
      "confidence": 69.09166666666667
    },
    {
      "numbers": [
        1,
        14,
        18,
        21,
        27,
        33
      ],
      "confidence": 69.09166666666667
    },
    {
      "numbers": [
        3,
        18,
        24,
        25,
        31,
        33
      ],
      "confidence": 69.09166666666667
    },
    {
      "numbers": [
        1,
        13,
        24,
        26,
        33,
        37
      ],
      "confidence": 69.09166666666667
    },
    {
      "numbers": [
        1,
        18,
        24,
        26,
        31,
        37
      ],
      "confidence": 69.09166666666667
    },
    {
      "numbers": [
        1,
        13,
        17,
        18,
        26,
        33
      ],
      "confidence": 69.09166666666667
    },
    {
      "numbers": [
        1,
        14,
        18,
        21,
        32,
        40
      ],
      "confidence": 69.09166666666667
    },
    {
      "numbers": [
        1,
        13,
        20,
        32,
        33,
        37
      ],
      "confidence": 69.05833333333334
    },
    {
      "numbers": [
        1,
        14,
        18,
        19,
        31,
        33
      ],
      "confidence": 69.05833333333334
    },
    {
      "numbers": [
        3,
        11,
        14,
        18,
        32,
        33
      ],
      "confidence": 69.05833333333334
    },
    {
      "numbers": [
        3,
        14,
        31,
        33,
        37,
        40
      ],
      "confidence": 69.05833333333334
    },
    {
      "numbers": [
        1,
        11,
        18,
        21,
        25,
        40
      ],
      "confidence": 68.88333333333333
    },
    {
      "numbers": [
        1,
        14,
        21,
        25,
        31,
        40
      ],
      "confidence": 68.88333333333333
    },
    {
      "numbers": [
        1,
        18,
        21,
        31,
        33,
        40
      ],
      "confidence": 68.88333333333333
    },
    {
      "numbers": [
        1,
        18,
        20,
        21,
        31,
        33
      ],
      "confidence": 68.88333333333333
    },
    {
      "numbers": [
        1,
        19,
        26,
        32,
        33,
        40
      ],
      "confidence": 68.63333333333333
    },
    {
      "numbers": [
        14,
        20,
        21,
        26,
        33,
        37
      ],
      "confidence": 68.6
    },
    {
      "numbers": [
        1,
        3,
        5,
        24,
        37,
        40
      ],
      "confidence": 68.6
    },
    {
      "numbers": [
        13,
        18,
        25,
        27,
        31,
        40
      ],
      "confidence": 68.6
    },
    {
      "numbers": [
        3,
        14,
        18,
        20,
        24,
        37
      ],
      "confidence": 68.42500000000001
    },
    {
      "numbers": [
        5,
        13,
        18,
        24,
        25,
        37
      ],
      "confidence": 68.42500000000001
    },
    {
      "numbers": [
        1,
        17,
        20,
        25,
        26,
        31
      ],
      "confidence": 68.42500000000001
    },
    {
      "numbers": [
        1,
        13,
        17,
        18,
        21,
        40
      ],
      "confidence": 68.42500000000001
    },
    {
      "numbers": [
        13,
        18,
        24,
        25,
        33,
        37
      ],
      "confidence": 68.39166666666668
    },
    {
      "numbers": [
        11,
        14,
        18,
        24,
        25,
        33
      ],
      "confidence": 68.39166666666668
    },
    {
      "numbers": [
        13,
        14,
        26,
        33,
        37,
        40
      ],
      "confidence": 68.39166666666668
    },
    {
      "numbers": [
        1,
        24,
        25,
        26,
        31,
        37
      ],
      "confidence": 68.39166666666668
    },
    {
      "numbers": [
        1,
        20,
        26,
        31,
        37,
        40
      ],
      "confidence": 68.21666666666667
    },
    {
      "numbers": [
        3,
        13,
        20,
        26,
        33,
        37
      ],