{
  "latest_round": 574,
  "next_round": 575,
  "hot_cold": {
    "hot": [
      [
        26,
        13
      ],
      [
        17,
        12
      ],
      [
        20,
        12
      ],
      [
        31,
        10
      ],
      [
        32,
        10
      ],
      [
        1,
        9
      ],
      [
        12,
        9
      ],
      [
        18,
        9
      ],
      [
        27,
        9
      ],
      [
        34,
        9
      ]
    ],
    "cold": [
      [
        2,
        2
      ],
      [
        9,
        2
      ],
      [
        30,
        2
      ],
      [
        8,
        3
      ],
      [
        22,
        3
      ],
      [
        38,
        3
      ],
      [
        28,
        4
      ],
      [
        36,
        4
      ],
      [
        41,
        4
      ],
      [
        16,
        5
      ]
    ],
    "overdue": [
      [
        9,
        4.47834274952919
      ],
      [
        8,
        3.799256505576208
      ],
      [
        22,
        3.387640449438202
      ],
      [
        39,
        2.8128440366972476
      ],
      [
        36,
        2.6446886446886446
      ],
      [
        30,
        2.217391304347826
      ],
      [
        28,
        1.9886792452830189
      ],
      [
        42,
        1.6744186046511627
      ],
      [
        7,
        1.6309090909090909
      ],
      [
        40,
        1.5
      ]
    ]
  },
  "engine_predictions": {
    "advancedpattern": [
      14,
      15,
      16,
      19,
      25,
      43
    ],
    "gap": [
      1,
      7,
      13,
      19,
      25,
      31
    ],
    "graph": [
      4,
      20,
      26,
      34,
      37,
      40
    ],
    "lstm": [
      1,
      3,
      4,
      18,
      26,
      43
    ],
    "ml": [
      1,
      2,
      18,
      20,
      33,
      45
    ],
    "numerology": [
      13,
      17,
      22,
      23,
      25,
      31
    ],
    "pattern": [
      5,
      13,
      15,
      25,
      35,
      45
    ],
    "sequencecorrelation": [
      13,
      18,
      20,
      27,
      40,
      45
    ],
    "statistical": [
      7,
      8,
      22,
      36,
      39,
      40
    ],
    "timeseries": [
      1,
      6,
      10,
      28,
      30,
      40
    ]
  },
  "predicted_sets": [
    {
      "numbers": [
        1,
        18,
        19,
        25,
        40,
        43
      ],
      "confidence": 72.66666666666666
    },
    {
      "numbers": [
        1,
        4,
        19,
        26,
        40,
        45
      ],
      "confidence": 71.33333333333334
    },
    {
      "numbers": [
        1,
        15,
        18,
        22,
        40,
        45
      ],
      "confidence": 71.125
    },
    {
      "numbers": [
        1,
        4,
        15,
        25,
        40,
        45
      ],
      "confidence": 70.91666666666666
    },
    {
      "numbers": [
        1,
        13,
        20,
        40,
        43,
        45
      ],
      "confidence": 70.88333333333333
    },
    {
      "numbers": [
        1,
        17,
        18,
        20,
        25,
        43
      ],
      "confidence": 70.63333333333333
    },
    {
      "numbers": [
        1,
        7,
        13,
        19,
        26,
        40
      ],
      "confidence": 70.59688598089988
    },
    {
      "numbers": [
        1,
        18,
        20,
        27,
        40,
        43
      ],
      "confidence": 70.45833333333334
    },
    {
      "numbers": [
        1,
        19,
        20,
        22,
        25,
        45
      ],
      "confidence": 70.42500000000001
    },
    {
      "numbers": [
        1,
        4,
        19,
        20,
        25,
        45
      ],
      "confidence": 70.42500000000001
    },
    {
      "numbers": [
        7,
        13,
        15,
        22,
        25,
        40
      ],
      "confidence": 70.42500000000001
    },
    {
      "numbers": [
        1,
        14,
        15,
        25,
        40,
        45
      ],
      "confidence": 70.25
    },
    {
      "numbers": [
        1,
        4,
        17,
        20,
        25,
        40
      ],
      "confidence": 70.22188598089988
    },
    {
      "numbers": [
        1,
        4,
        18,
        25,
        27,
        43
      ],
      "confidence": 69.96666666666667
    },
    {
      "numbers": [
        1,
        4,
        20,
        26,
        43,
        45
      ],
      "confidence": 69.96666666666667
    },
    {
      "numbers": [
        13,
        17,
        19,
        25,
        26,
        40
      ],
      "confidence": 69.93333333333334
    },
    {
      "numbers": [
        4,
        13,
        18,
        27,
        40,
        43
      ],
      "confidence": 69.79166666666667
    },
    {
      "numbers": [
        1,
        17,
        20,
        26,
        40,
        43
      ],
      "confidence": 69.79166666666667
    },
    {
      "numbers": [
        1,
        13,
        19,
        20,
        26,
        43
      ],
      "confidence": 69.75833333333334
    },
    {
      "numbers": [
        1,
        14,
        17,
        20,
        25,
        40
      ],
      "confidence": 69.75833333333334
    },
    {
      "numbers": [
        1,
        13,
        15,
        22,
        33,
        40
      ],
      "confidence": 69.75833333333334
    },
    {
      "numbers": [
        1,
        16,
        20,
        25,
        33,
        40
      ],
      "confidence": 69.75833333333334
    },
    {
      "numbers": [
        4,
        18,
        20,
        25,
        26,
        45
      ],
      "confidence": 69.75833333333334
    },
    {
      "numbers": [
        1,
        13,
        19,
        22,
        33,
        40
      ],
      "confidence": 69.75833333333334
    },
    {
      "numbers": [
        13,
        17,
        25,
        26,
        40,
        43
      ],
      "confidence": 69.75833333333334
    },
    {
      "numbers": [
        1,
        16,
        18,
        25,
        31,
        45
      ],
      "confidence": 69.58333333333334
    },
    {
      "numbers": [
        4,
        13,
        15,
        18,
        25,
        45
      ],
      "confidence": 69.55
    },
    {
      "numbers": [
        4,
        18,
        19,
        26,
        31,
        45
      ],
      "confidence": 69.33333333333334
    },
    {
      "numbers": [
        1,
        14,
        20,
        25,
        27,
        43
      ],
      "confidence": 69.3
    },
    {
      "numbers": [
        1,
        7,
        13,
        16,
        26,
        45
      ],
      "confidence": 69.09166666666667
    },
    {
      "numbers": [
        13,
        15,
        18,
        27,
        40,
        43
      ],
      "confidence": 69.09166666666667
    },
    {
      "numbers": [
        4,
        17,
        19,
        20,
        25,
        40
      ],
      "confidence": 69.09166666666667
    },
    {
      "numbers": [
        1,
        13,
        14,
        16,
        18,
        45
      ],
      "confidence": 69.06355264756655
    },
    {
      "numbers": [
        1,
        16,
        18,
        19,
        20,
        40
      ],
      "confidence": 69.05833333333334
    },
    {
      "numbers": [
        7,
        15,
        18,
        20,
        40,
        45
      ],
      "confidence": 68.88333333333333
    },
    {
      "numbers": [
        4,
        15,
        18,
        20,
        25,
        45
      ],
      "confidence": 68.88333333333333
    },
    {
      "numbers": [
        1,
        15,
        26,
        27,
        33,
        40
      ],
      "confidence": 68.63333333333333
    },
    {
      "numbers": [
        1,
        15,
        17,
        22,
        33,
        40
      ],