{
  "latest_round": 466,
  "next_round": 467,
  "hot_cold": {
    "hot": [
      [
        34,
        13
      ],
      [
        10,
        11
      ],
      [
        11,
        11
      ],
      [
        20,
        11
      ],
      [
        30,
        11
      ],
      [
        27,
        10
      ],
      [
        38,
        10
      ],
      [
        40,
        10
      ],
      [
        13,
        9
      ],
      [
        23,
        9
      ]
    ],
    "cold": [
      [
        5,
        2
      ],
      [
        2,
        3
      ],
      [
        21,
        3
      ],
      [
        36,
        3
      ],
      [
        41,
        3
      ],
      [
        42,
        3
      ],
      [
        7,
        4
      ],
      [
        9,
        4
      ],
      [
        16,
        4
      ],
      [
        17,
        4
      ]
    ],
    "overdue": [
      [
        5,
        5.307317073170732
      ],
      [
        16,
        3.8087557603686637
      ],
      [
        17,
        2.906392694063927
      ],
      [
        39,
        2.883295194508009
      ],
      [
        2,
        2.547727272727273
      ],
      [
        21,
        2.107142857142857
      ],
      [
        19,
        1.6305309734513274
      ]
    ]
  },
  "engine_predictions": {
    "advancedpattern": [
      4,
      10,
      13,
      23,
      32,
      44
    ],
    "gap": [
      1,
      7,
      13,
      19,
      25,
      31
    ],
    "graph": [
      17,
      24,
      31,
      37,
      40,
      45
    ],
    "lstm": [
      10,
      11,
      23,
      32,
      40,
      44
    ],
    "ml": [
      6,
      10,
      13,
      17,
      22,
      23
    ],
    "numerology": [
      17,
      22,
      23,
      24,
      25,
      31
    ],
    "pattern": [
      5,
      11,
      15,
      25,
      35,
      45
    ],
    "sequencecorrelation": [
      1,
      7,
      11,
      17,
      31,
      40
    ],
    "statistical": [
      16,
      17,
      19,
      21,
      39,
      40
    ],
    "timeseries": [
      18,
      21,
      25,
      36,
      40,
      45
    ]
  },
  "predicted_sets": [
    {
      "numbers": [
        10,
        17,
        22,
        23,
        25,
        31
      ],
      "confidence": 73.96666666666667
    },
    {
      "numbers": [
        13,
        17,
        23,
        25,
        40,
        44
      ],
      "confidence": 73.75833333333334
    },
    {
      "numbers": [
        11,
        17,
        23,
        32,
        40,
        44
      ],
      "confidence": 73.3
    },
    {
      "numbers": [
        13,
        17,
        21,
        32,
        40,
        45
      ],
      "confidence": 72.63333333333333
    },
    {
      "numbers": [
        1,
        17,
        19,
        25,
        32,
        40
      ],
      "confidence": 72.63333333333333
    },
    {
      "numbers": [
        10,
        11,
        23,
        25,
        31,
        44
      ],
      "confidence": 72.45833333333334
    },
    {
      "numbers": [
        13,
        17,
        18,
        23,
        31,
        40
      ],
      "confidence": 72.39166666666667
    },
    {
      "numbers": [
        10,
        13,
        17,
        19,
        25,
        44
      ],
      "confidence": 71.96666666666667
    },
    {
      "numbers": [
        17,
        21,
        23,
        24,
        32,
        40
      ],
      "confidence": 71.93333333333334
    },
    {
      "numbers": [
        10,
        13,
        17,
        23,
        32,
        44
      ],
      "confidence": 71.79166666666666
    },
    {
      "numbers": [
        7,
        17,
        18,
        23,
        40,
        44
      ],
      "confidence": 71.79166666666666
    },
    {
      "numbers": [
        10,
        11,
        17,
        31,
        32,
        45
      ],
      "confidence": 71.75833333333334
    },
    {
      "numbers": [
        1,
        10,
        17,
        40,
        44,
        45
      ],
      "confidence": 71.75833333333334
    },
    {
      "numbers": [
        1,
        10,
        13,
        25,
        40,
        45
      ],
      "confidence": 71.58333333333334
    },
    {
      "numbers": [
        7,
        10,
        11,
        25,
        31,
        40
      ],
      "confidence": 71.55
    },
    {
      "numbers": [
        10,
        22,
        23,
        31,
        40,
        44
      ],
      "confidence": 71.50614313222285
    },
    {
      "numbers": [
        6,
        13,
        17,
        19,
        24,
        40
      ],
      "confidence": 71.3
    },
    {
      "numbers": [
        10,
        11,
        17,
        22,
        24,
        45
      ],
      "confidence": 71.3
    },
    {
      "numbers": [
        1,
        13,
        17,
        18,
        40,
        44
      ],
      "confidence": 71.3
    },
    {
      "numbers": [
        13,
        17,
        18,
        25,
        31,
        32
      ],
      "confidence": 71.26666666666667
    },
    {
      "numbers": [
        4,
        6,
        13,
        17,
        31,
        40
      ],
      "confidence": 71.26666666666667
    },
    {
      "numbers": [
        11,
        17,
        19,
        22,
        24,
        40
      ],
      "confidence": 71.26666666666667
    },
    {
      "numbers": [
        7,
        10,
        13,
        22,
        40,
        45
      ],
      "confidence": 71.125
    },
    {
      "numbers": [
        1,
        11,
        23,
        32,
        40,
        44
      ],
      "confidence": 71.125
    },
    {
      "numbers": [
        7,
        13,
        17,
        21,
        32,
        40
      ],
      "confidence": 71.09166666666667
    },
    {
      "numbers": [
        17,
        21,
        22,
        25,
        31,
        44
      ],
      "confidence": 71.09166666666667
    },
    {
      "numbers": [
        10,
        13,
        18,
        23,
        25,
        31
      ],
      "confidence": 71.09166666666667
    },
    {
      "numbers": [
        10,
        22,
        23,
        24,
        31,
        40
      ],
      "confidence": 71.05833333333334
    },
    {
      "numbers": [
        7,
        10,
        17,
        18,
        23,
        40
      ],
      "confidence": 70.88333333333333
    },
    {
      "numbers": [
        11,
        13,
        17,
        22,
        44,
        45
      ],
      "confidence": 70.6
    },
    {
      "numbers": [
        6,
        10,
        17,
        21,
        31,
        44
      ],
      "confidence": 70.45833333333334
    },
    {
      "numbers": [
        1,
        13,
        24,
        40,
        44,
        45
      ],
      "confidence": 70.45833333333334
    },
    {
      "numbers": [
        4,
        17,
        21,
        22,
        40,
        44
      ],
      "confidence": 70.45833333333334
    },
    {
      "numbers": [
        1,
        17,
        18,
        23,
        31,
        32
      ],
      "confidence": 70.42500000000001
    },
    {
      "numbers": [
        1,
        4,
        23,
        25,
        40,
        44
      ],
      "confidence": 70.42500000000001
    },
    {
      "numbers": [
        6,
        7,
        13,
        17,
        40,
        44
      ],
      "confidence": 70.42500000000001
    },
    {
      "numbers": [
        1,
        10,
        13,
        25,
        31,
        32
      ],
      "confidence": 70.42500000000001
    },
    {
      "numbers": [
        11,
        13,
        18,
        23,
        40,
        44
      ],
      "confidence": 70.42500000000001
    },
    {
      "numbers": [
        10,
        11,
        17,
        19,
        31,
        32
      ],