{
  "latest_round": 1188,
  "next_round": 1189,
  "hot_cold": {
    "hot": [
      [
        27,
        11
      ],
      [
        37,
        11
      ],
      [
        3,
        10
      ],
      [
        7,
        10
      ],
      [
        8,
        9
      ],
      [
        12,
        9
      ],
      [
        6,
        8
      ],
      [
        11,
        8
      ],
      [
        13,
        8
      ],
      [
        15,
        8
      ]
    ],
    "cold": [
      [
        1,
        3
      ],
      [
        14,
        4
      ],
      [
        33,
        4
      ],
      [
        34,
        4
      ],
      [
        41,
        4
      ],
      [
        43,
        4
      ],
      [
        45,
        4
      ],
      [
        4,
        5
      ],
      [
        10,
        5
      ],
      [
        19,
        5
      ]
    ],
    "overdue": [
      [
        45,
        3.3313096270598437
      ],
      [
        34,
        2.7728055077452667
      ],
      [
        38,
        2.504753673292999
      ],
      [
        39,
        1.921097770154374
      ],
      [
        42,
        1.6624040920716112
      ],
      [
        35,
        1.606217616580311
      ],
      [
        7,
        1.5377358490566038
      ],
      [
        30,
        1.5358361774744027
      ]
    ]
  },
  "engine_predictions": {
    "advancedpattern": [
      3,
      4,
      12,
      19,
      22,
      27
    ],
    "gap": [
      1,
      7,
      13,
      19,
      25,
      31
    ],
    "graph": [
      1,
      6,
      13,
      27,
      33,
      34
    ],
    "lstm": [
      13,
      16,
      23,
      28,
      37,
      40
    ],
    "ml": [
      2,
      4,
      20,
      30,
      35,
      40
    ],
    "numerology": [
      17,
      22,
      23,
      24,
      25,
      31
    ],
    "pattern": [
      3,
      11,
      13,
      23,
      33,
      43
    ],
    "sequencecorrelation": [
      3,
      11,
      12,
      31,
      40,
      43
    ],
    "statistical": [
      7,
      30,
      34,
      38,
      39,
      42
    ],
    "timeseries": [
      18,
      24,
      39,
      42,
      43,
      44
    ]
  },
  "predicted_sets": [
    {
      "numbers": [
        3,
        19,
        27,
        31,
        40,
        42
      ],
      "confidence": 70.0
    },
    {
      "numbers": [
        4,
        13,
        23,
        25,
        40,
        42
      ],
      "confidence": 69.79166666666667
    },
    {
      "numbers": [
        4,
        12,
        13,
        27,
        31,
        43
      ],
      "confidence": 69.79166666666667
    },
    {
      "numbers": [
        7,
        13,
        19,
        22,
        30,
        31
      ],
      "confidence": 69.3
    },
    {
      "numbers": [
        4,
        12,
        19,
        23,
        31,
        40
      ],
      "confidence": 69.3
    },
    {
      "numbers": [
        3,
        4,
        12,
        27,
        40,
        43
      ],
      "confidence": 69.125
    },
    {
      "numbers": [
        3,
        19,
        27,
        34,
        40,
        43
      ],
      "confidence": 69.125
    },
    {
      "numbers": [
        3,
        13,
        25,
        30,
        34,
        42
      ],
      "confidence": 69.125
    },
    {
      "numbers": [
        4,
        7,
        13,
        30,
        31,
        40
      ],
      "confidence": 69.09166666666667
    },
    {
      "numbers": [
        13,
        23,
        24,
        27,
        31,
        40
      ],
      "confidence": 69.05833333333334
    },
    {
      "numbers": [
        3,
        11,
        12,
        23,
        40,
        43
      ],
      "confidence": 68.91666666666667
    },
    {
      "numbers": [
        3,
        12,
        13,
        25,
        31,
        42
      ],
      "confidence": 68.91666666666667
    },
    {
      "numbers": [
        3,
        12,
        13,
        23,
        25,
        40
      ],
      "confidence": 68.88333333333333
    },
    {
      "numbers": [
        3,
        11,
        12,
        25,
        27,
        40
      ],
      "confidence": 68.63333333333333
    },
    {
      "numbers": [
        11,
        12,
        13,
        19,
        27,
        40
      ],
      "confidence": 68.6
    },
    {
      "numbers": [
        3,
        11,
        30,
        31,
        39,
        42
      ],
      "confidence": 68.45833333333334
    },
    {
      "numbers": [
        3,
        7,
        22,
        39,
        40,
        43
      ],
      "confidence": 68.42500000000001
    },
    {
      "numbers": [
        4,
        12,
        13,
        19,
        22,
        40
      ],
      "confidence": 68.42500000000001
    },
    {
      "numbers": [
        4,
        11,
        13,
        27,
        34,
        40
      ],
      "confidence": 68.42500000000001
    },
    {
      "numbers": [
        3,
        11,
        12,
        19,
        40,
        43
      ],
      "confidence": 68.42500000000001
    },
    {
      "numbers": [
        4,
        7,
        13,
        24,
        25,
        40
      ],
      "confidence": 68.42500000000001
    },
    {
      "numbers": [
        13,
        19,
        24,
        30,
        31,
        40
      ],
      "confidence": 68.39166666666668
    },
    {
      "numbers": [
        13,
        22,
        24,
        31,
        34,
        40
      ],
      "confidence": 68.39166666666668
    },
    {
      "numbers": [
        3,
        7,
        12,
        27,
        40,
        43
      ],
      "confidence": 68.25
    },
    {
      "numbers": [
        12,
        13,
        23,
        25,
        34,
        43
      ],
      "confidence": 68.21666666666667
    },
    {
      "numbers": [
        7,
        11,
        19,
        24,
        42,
        43
      ],
      "confidence": 67.96666666666667
    },
    {
      "numbers": [
        3,
        11,
        25,
        27,
        30,
        42
      ],
      "confidence": 67.96666666666667
    },
    {
      "numbers": [
        3,
        4,
        25,
        27,
        39,
        40
      ],
      "confidence": 67.93333333333334
    },
    {
      "numbers": [
        4,
        11,
        13,
        25,
        27,
        30
      ],
      "confidence": 67.93333333333334
    },
    {
      "numbers": [
        4,
        7,
        23,
        25,
        30,
        31
      ],
      "confidence": 67.93333333333334
    },
    {
      "numbers": [
        4,
        13,
        19,
        24,
        25,
        42
      ],
      "confidence": 67.75833333333334
    },
    {
      "numbers": [
        3,
        12,
        19,
        22,
        24,
        40
      ],
      "confidence": 67.75833333333334
    },
    {
      "numbers": [
        3,
        4,
        11,
        22,
        25,
        43
      ],
      "confidence": 67.75833333333334
    },
    {
      "numbers": [
        3,
        19,
        24,
        27,
        42,
        43
      ],
      "confidence": 67.75833333333334
    },
    {
      "numbers": [
        11,
        12,
        27,
        31,
        34,
        43
      ],
      "confidence": 67.75833333333334
    },
    {
      "numbers": [
        3,
        23,
        27,
        30,
        39,
        42
      ],
      "confidence": 67.75833333333334
    },
    {
      "numbers": [
        13,
        22,
        24,
        27,
        30,
        43
      ],
      "confidence": 67.725
    },
    {
      "numbers": [
        13,
        22,
        25,
        30,
        34,
        40
      ],
      "confidence": 67.725
    },
    {
      "numbers": [
        4,
        12,
        13,
        34,
        39,
        40
      ],