{
  "latest_round": 955,
  "next_round": 956,
  "hot_cold": {
    "hot": [
      [
        22,
        11
      ],
      [
        3,
        10
      ],
      [
        44,
        10
      ],
      [
        4,
        9
      ],
      [
        27,
        9
      ],
      [
        12,
        8
      ],
      [
        13,
        8
      ],
      [
        18,
        8
      ],
      [
        33,
        8
      ],
      [
        36,
        8
      ]
    ],
    "cold": [
      [
        26,
        3
      ],
      [
        45,
        3
      ],
      [
        5,
        4
      ],
      [
        19,
        4
      ],
      [
        25,
        4
      ],
      [
        6,
        5
      ],
      [
        8,
        5
      ],
      [
        20,
        5
      ],
      [
        34,
        5
      ],
      [
        37,
        5
      ]
    ],
    "overdue": [
      [
        5,
        4.803114571746385
      ],
      [
        6,
        2.931372549019608
      ],
      [
        11,
        2.1709401709401708
      ],
      [
        25,
        1.8040468583599574
      ],
      [
        45,
        1.7013963480128895
      ]
    ]
  },
  "engine_predictions": {
    "advancedpattern": [
      4,
      9,
      23,
      26,
      29,
      33
    ],
    "gap": [
      1,
      7,
      13,
      19,
      25,
      31
    ],
    "graph": [
      3,
      10,
      33,
      34,
      40,
      43
    ],
    "lstm": [
      4,
      9,
      22,
      26,
      30,
      41
    ],
    "ml": [
      5,
      9,
      11,
      26,
      31,
      44
    ],
    "numerology": [
      17,
      22,
      23,
      24,
      25,
      31
    ],
    "pattern": [
      3,
      11,
      13,
      23,
      33,
      43
    ],
    "sequencecorrelation": [
      3,
      7,
      11,
      13,
      17,
      34
    ],
    "statistical": [
      6,
      10,
      11,
      18,
      25,
      45
    ],
    "timeseries": [
      8,
      18,
      19,
      25,
      40,
      45
    ]
  },
  "predicted_sets": [
    {
      "numbers": [
        4,
        9,
        11,
        26,
        33,
        45
      ],
      "confidence": 71.33333333333334
    },
    {
      "numbers": [
        9,
        13,
        18,
        26,
        31,
        45
      ],
      "confidence": 70.66666666666667
    },
    {
      "numbers": [
        9,
        18,
        23,
        25,
        26,
        34
      ],
      "confidence": 70.63333333333333
    },
    {
      "numbers": [
        3,
        17,
        18,
        25,
        26,
        31
      ],
      "confidence": 70.63333333333333
    },
    {
      "numbers": [
        7,
        10,
        11,
        25,
        33,
        34
      ],
      "confidence": 70.63333333333333
    },
    {
      "numbers": [
        10,
        11,
        23,
        25,
        34,
        45
      ],
      "confidence": 70.45833333333334
    },
    {
      "numbers": [
        4,
        11,
        23,
        25,
        40,
        45
      ],
      "confidence": 70.45833333333334
    },
    {
      "numbers": [
        3,
        11,
        26,
        33,
        40,
        45
      ],
      "confidence": 70.45833333333334
    },
    {
      "numbers": [
        11,
        23,
        25,
        26,
        40,
        45
      ],
      "confidence": 70.05649306882142
    },
    {
      "numbers": [
        4,
        18,
        25,
        31,
        40,
        43
      ],
      "confidence": 70.0
    },
    {
      "numbers": [
        3,
        10,
        17,
        25,
        26,
        34
      ],
      "confidence": 69.96666666666667
    },
    {
      "numbers": [
        9,
        10,
        23,
        26,
        31,
        45
      ],
      "confidence": 69.96666666666667
    },
    {
      "numbers": [
        4,
        13,
        18,
        25,
        26,
        40
      ],
      "confidence": 69.96666666666667
    },
    {
      "numbers": [
        7,
        9,
        25,
        26,
        31,
        34
      ],
      "confidence": 69.93333333333334
    },
    {
      "numbers": [
        10,
        11,
        19,
        25,
        34,
        45
      ],
      "confidence": 69.79166666666667
    },
    {
      "numbers": [
        10,
        19,
        23,
        25,
        26,
        33
      ],
      "confidence": 69.75833333333334
    },
    {
      "numbers": [
        3,
        25,
        26,
        31,
        34,
        45
      ],
      "confidence": 69.75833333333334
    },
    {
      "numbers": [
        4,
        9,
        18,
        23,
        25,
        33
      ],
      "confidence": 69.75833333333334
    },
    {
      "numbers": [
        3,
        9,
        25,
        26,
        34,
        45
      ],
      "confidence": 69.75833333333334
    },
    {
      "numbers": [
        9,
        17,
        26,
        33,
        40,
        45
      ],
      "confidence": 69.63149306882141
    },
    {
      "numbers": [
        3,
        10,
        11,
        25,
        40,
        45
      ],
      "confidence": 69.58333333333334
    },
    {
      "numbers": [
        10,
        11,
        25,
        33,
        40,
        45
      ],
      "confidence": 69.58333333333334
    },
    {
      "numbers": [
        3,
        13,
        25,
        26,
        40,
        43
      ],
      "confidence": 69.58333333333334
    },
    {
      "numbers": [
        4,
        7,
        11,
        13,
        26,
        45
      ],
      "confidence": 69.27041104438858
    },
    {
      "numbers": [
        4,
        9,
        17,
        18,
        25,
        33
      ],
      "confidence": 69.27041104438858
    },
    {
      "numbers": [
        7,
        9,
        26,
        31,
        33,
        40
      ],
      "confidence": 69.26666666666668
    },
    {
      "numbers": [
        4,
        7,
        11,
        23,
        34,
        45
      ],
      "confidence": 69.125
    },
    {
      "numbers": [
        4,
        11,
        13,
        19,
        26,
        43
      ],
      "confidence": 69.09166666666667
    },
    {
      "numbers": [
        11,
        19,
        23,
        26,
        40,
        43
      ],
      "confidence": 69.09166666666667
    },
    {
      "numbers": [
        10,
        19,
        23,
        25,
        26,
        43
      ],
      "confidence": 69.09166666666667
    },
    {
      "numbers": [
        9,
        10,
        13,
        26,
        33,
        34
      ],
      "confidence": 69.09166666666667
    },
    {
      "numbers": [
        3,
        10,
        18,
        23,
        25,
        34
      ],
      "confidence": 69.09166666666667
    },
    {
      "numbers": [
        11,
        13,
        17,
        26,
        31,
        40
      ],
      "confidence": 69.05833333333334
    },
    {
      "numbers": [
        4,
        9,
        11,
        23,
        34,
        43
      ],
      "confidence": 68.91666666666667
    },
    {
      "numbers": [
        11,
        13,
        26,
        33,
        40,
        43
      ],
      "confidence": 68.88333333333333
    },
    {
      "numbers": [
        4,
        11,
        17,
        25,
        31,
        34
      ],
      "confidence": 68.88333333333333
    },
    {
      "numbers": [
        9,
        10,
        11,
        23,
        33,
        40
      ],
      "confidence": 68.88333333333333
    },
    {
      "numbers": [
        3,
        10,
        13,
        25,
        31,
        40
      ],
      "confidence": 68.88333333333333
    },
    {
      "numbers": [
        11,
        17,
        26,
        29,
        34,
        45
      ],
      "confidence": 68.63333333333333
    },
    {
      "numbers": [
        10,
        18,
        19,
        23,
        26,
        34
      ],