{
  "latest_round": 872,
  "next_round": 873,
  "hot_cold": {
    "hot": [
      [
        39,
        13
      ],
      [
        43,
        13
      ],
      [
        33,
        12
      ],
      [
        38,
        11
      ],
      [
        28,
        10
      ],
      [
        30,
        10
      ],
      [
        13,
        9
      ],
      [
        16,
        9
      ],
      [
        26,
        8
      ],
      [
        2,
        7
      ]
    ],
    "cold": [
      [
        23,
        1
      ],
      [
        1,
        3
      ],
      [
        20,
        3
      ],
      [
        27,
        3
      ],
      [
        37,
        3
      ],
      [
        3,
        4
      ],
      [
        7,
        4
      ],
      [
        4,
        5
      ],
      [
        6,
        5
      ],
      [
        15,
        5
      ]
    ],
    "overdue": [
      [
        1,
        3.4695340501792113
      ],
      [
        5,
        3.2817412333736393
      ],
      [
        31,
        2.474735605170388
      ],
      [
        23,
        2.1854460093896715
      ],
      [
        18,
        1.7285714285714286
      ],
      [
        8,
        1.676056338028169
      ],
      [
        11,
        1.5384615384615383
      ]
    ]
  },
  "engine_predictions": {
    "advancedpattern": [
      2,
      4,
      30,
      32,
      33,
      43
    ],
    "gap": [
      1,
      7,
      13,
      19,
      25,
      31
    ],
    "graph": [
      1,
      8,
      13,
      14,
      19,
      45
    ],
    "lstm": [
      2,
      6,
      30,
      32,
      39,
      43
    ],
    "ml": [
      7,
      13,
      15,
      17,
      25,
      26
    ],
    "numerology": [
      23,
      24,
      25,
      26,
      27,
      31
    ],
    "pattern": [
      3,
      11,
      13,
      23,
      33,
      43
    ],
    "sequencecorrelation": [
      7,
      13,
      17,
      25,
      33,
      34
    ],
    "statistical": [
      1,
      5,
      8,
      16,
      18,
      31
    ],
    "timeseries": [
      3,
      8,
      10,
      15,
      17,
      23
    ]
  },
  "predicted_sets": [
    {
      "numbers": [
        8,
        13,
        17,
        25,
        26,
        32
      ],
      "confidence": 71.96666666666667
    },
    {
      "numbers": [
        8,
        13,
        19,
        26,
        31,
        43
      ],
      "confidence": 71.125
    },
    {
      "numbers": [
        8,
        17,
        25,
        32,
        33,
        43
      ],
      "confidence": 71.125
    },
    {
      "numbers": [
        8,
        13,
        15,
        30,
        31,
        43
      ],
      "confidence": 71.125
    },
    {
      "numbers": [
        2,
        13,
        25,
        30,
        33,
        43
      ],
      "confidence": 70.91666666666666
    },
    {
      "numbers": [
        2,
        8,
        25,
        30,
        31,
        43
      ],
      "confidence": 70.63333333333333
    },
    {
      "numbers": [
        7,
        13,
        26,
        31,
        34,
        43
      ],
      "confidence": 70.45833333333334
    },
    {
      "numbers": [
        1,
        7,
        13,
        30,
        34,
        43
      ],
      "confidence": 70.45833333333334
    },
    {
      "numbers": [
        4,
        13,
        17,
        25,
        32,
        33
      ],
      "confidence": 70.42500000000001
    },
    {
      "numbers": [
        7,
        13,
        15,
        25,
        26,
        32
      ],
      "confidence": 70.42500000000001
    },
    {
      "numbers": [
        13,
        17,
        25,
        30,
        32,
        33
      ],
      "confidence": 70.39166666666667
    },
    {
      "numbers": [
        7,
        8,
        13,
        17,
        32,
        43
      ],
      "confidence": 70.21666666666667
    },
    {
      "numbers": [
        8,
        25,
        26,
        30,
        32,
        43
      ],
      "confidence": 69.96666666666667
    },
    {
      "numbers": [
        2,
        8,
        25,
        26,
        31,
        33
      ],
      "confidence": 69.93333333333334
    },
    {
      "numbers": [
        2,
        7,
        17,
        26,
        31,
        43
      ],
      "confidence": 69.79166666666667
    },
    {
      "numbers": [
        2,
        5,
        13,
        30,
        31,
        43
      ],
      "confidence": 69.79166666666667
    },
    {
      "numbers": [
        4,
        13,
        15,
        25,
        31,
        32
      ],
      "confidence": 69.75833333333334
    },
    {
      "numbers": [
        7,
        8,
        17,
        23,
        30,
        31
      ],
      "confidence": 69.75833333333334
    },
    {
      "numbers": [
        1,
        7,
        8,
        30,
        33,
        43
      ],
      "confidence": 69.75833333333334
    },
    {
      "numbers": [
        4,
        13,
        25,
        26,
        30,
        33
      ],
      "confidence": 69.75833333333334
    },
    {
      "numbers": [
        8,
        13,
        17,
        19,
        32,
        33
      ],
      "confidence": 69.725
    },
    {
      "numbers": [
        13,
        17,
        26,
        30,
        31,
        33
      ],
      "confidence": 69.725
    },
    {
      "numbers": [
        13,
        19,
        25,
        26,
        30,
        43
      ],
      "confidence": 69.725
    },
    {
      "numbers": [
        1,
        8,
        13,
        23,
        30,
        31
      ],
      "confidence": 69.64079916266422
    },
    {
      "numbers": [
        2,
        13,
        17,
        23,
        34,
        43
      ],
      "confidence": 69.58333333333334
    },
    {
      "numbers": [
        2,
        13,
        17,
        31,
        32,
        43
      ],
      "confidence": 69.55
    },
    {
      "numbers": [
        2,
        7,
        8,
        13,
        31,
        43
      ],
      "confidence": 69.51579916266424
    },
    {
      "numbers": [
        5,
        7,
        13,
        30,
        31,
        34
      ],
      "confidence": 69.3
    },
    {
      "numbers": [
        1,
        13,
        26,
        30,
        32,
        34
      ],
      "confidence": 69.3
    },
    {
      "numbers": [
        8,
        17,
        23,
        26,
        31,
        34
      ],
      "confidence": 69.3
    },
    {
      "numbers": [
        1,
        4,
        19,
        25,
        30,
        33
      ],
      "confidence": 69.3
    },
    {
      "numbers": [
        8,
        15,
        17,
        19,
        30,
        43
      ],
      "confidence": 69.3
    },
    {
      "numbers": [
        4,
        25,
        26,
        30,
        31,
        43
      ],
      "confidence": 69.3
    },
    {
      "numbers": [
        2,
        8,
        23,
        25,
        31,
        34
      ],
      "confidence": 69.26666666666668
    },
    {
      "numbers": [
        5,
        8,
        13,
        17,
        30,
        33
      ],
      "confidence": 69.18246582933091
    },
    {
      "numbers": [
        7,
        15,
        26,
        30,
        33,
        43
      ],
      "confidence": 69.125
    },
    {
      "numbers": [
        4,
        19,
        23,
        25,
        32,
        43
      ],
      "confidence": 69.125
    },
    {
      "numbers": [
        1,
        15,
        25,
        30,
        32,
        33
      ],
      "confidence": 69.09166666666667
    },
    {
      "numbers": [
        7,
        8,
        26,
        30,
        33,
        43
      ],
      "confidence": 69.09166666666667
    },
    {
      "numbers": [
        2,
        13,
        15,
        19,
        30,
        33
      ],