{
  "latest_round": 118,
  "next_round": 119,
  "hot_cold": {
    "hot": [
      [
        1,
        11
      ],
      [
        17,
        11
      ],
      [
        34,
        11
      ],
      [
        5,
        10
      ],
      [
        22,
        10
      ],
      [
        24,
        10
      ],
      [
        29,
        10
      ],
      [
        3,
        9
      ],
      [
        33,
        9
      ],
      [
        4,
        8
      ]
    ],
    "cold": [
      [
        21,
        2
      ],
      [
        38,
        2
      ],
      [
        39,
        2
      ],
      [
        13,
        3
      ],
      [
        11,
        4
      ],
      [
        16,
        4
      ],
      [
        8,
        5
      ],
      [
        9,
        5
      ],
      [
        19,
        5
      ],
      [
        28,
        5
      ]
    ],
    "overdue": [
      [
        39,
        5.333333333333333
      ],
      [
        13,
        3.975903614457831
      ],
      [
        38,
        3.75
      ],
      [
        16,
        2.9473684210526314
      ],
      [
        35,
        2.857142857142857
      ],
      [
        21,
        2.5744680851063833
      ],
      [
        15,
        2.319587628865979
      ],
      [
        27,
        2.1
      ],
      [
        32,
        1.9215686274509804
      ],
      [
        8,
        1.7422680412371134
      ]
    ]
  },
  "engine_predictions": {
    "advancedpattern": [
      3,
      4,
      10,
      17,
      19,
      22
    ],
    "gap": [
      1,
      7,
      13,
      19,
      25,
      31
    ],
    "graph": [
      7,
      17,
      33,
      37,
      40,
      44
    ],
    "lstm": [
      4,
      10,
      22,
      28,
      34,
      36
    ],
    "ml": [
      4,
      7,
      18,
      19,
      23,
      29
    ],
    "numerology": [
      17,
      23,
      24,
      25,
      26,
      31
    ],
    "pattern": [
      3,
      13,
      23,
      33,
      37,
      43
    ],
    "sequencecorrelation": [
      5,
      6,
      7,
      10,
      15,
      29
    ],
    "statistical": [
      15,
      24,
      27,
      32,
      35,
      38
    ],
    "timeseries": [
      7,
      20,
      21,
      23,
      33,
      38
    ]
  },
  "predicted_sets": [
    {
      "numbers": [
        7,
        10,
        19,
        22,
        33,
        44
      ],
      "confidence": 71.33333333333334
    },
    {
      "numbers": [
        7,
        10,
        19,
        23,
        36,
        38
      ],
      "confidence": 71.3
    },
    {
      "numbers": [
        4,
        7,
        10,
        23,
        29,
        38
      ],
      "confidence": 71.26666666666667
    },
    {
      "numbers": [
        4,
        7,
        19,
        25,
        33,
        36
      ],
      "confidence": 70.63333333333333
    },
    {
      "numbers": [
        7,
        10,
        15,
        22,
        23,
        36
      ],
      "confidence": 70.63333333333333
    },
    {
      "numbers": [
        4,
        7,
        17,
        23,
        29,
        40
      ],
      "confidence": 70.42500000000001
    },
    {
      "numbers": [
        3,
        7,
        19,
        22,
        25,
        38
      ],
      "confidence": 69.96666666666667
    },
    {
      "numbers": [
        7,
        13,
        19,
        22,
        33,
        44
      ],
      "confidence": 69.79166666666667
    },
    {
      "numbers": [
        4,
        17,
        23,
        29,
        33,
        38
      ],
      "confidence": 69.75833333333334
    },
    {
      "numbers": [
        7,
        10,
        17,
        23,
        24,
        44
      ],
      "confidence": 69.55
    },
    {
      "numbers": [
        4,
        15,
        19,
        23,
        31,
        40
      ],
      "confidence": 69.3
    },
    {
      "numbers": [
        4,
        7,
        15,
        29,
        38,
        40
      ],
      "confidence": 69.3
    },
    {
      "numbers": [
        10,
        17,
        24,
        25,
        33,
        38
      ],
      "confidence": 69.3
    },
    {
      "numbers": [
        4,
        10,
        22,
        23,
        31,
        37
      ],
      "confidence": 69.26666666666668
    },
    {
      "numbers": [
        4,
        17,
        19,
        23,
        29,
        36
      ],
      "confidence": 69.09166666666667
    },
    {
      "numbers": [
        4,
        19,
        23,
        31,
        33,
        36
      ],
      "confidence": 69.09166666666667
    },
    {
      "numbers": [
        4,
        15,
        19,
        23,
        24,
        38
      ],
      "confidence": 69.09166666666667
    },
    {
      "numbers": [
        4,
        7,
        15,
        19,
        31,
        44
      ],
      "confidence": 69.09166666666667
    },
    {
      "numbers": [
        10,
        17,
        19,
        24,
        33,
        37
      ],
      "confidence": 69.09166666666667
    },
    {
      "numbers": [
        10,
        19,
        23,
        24,
        33,
        36
      ],
      "confidence": 69.09166666666667
    },
    {
      "numbers": [
        4,
        10,
        15,
        17,
        23,
        44
      ],
      "confidence": 69.09166666666667
    },
    {
      "numbers": [
        7,
        10,
        17,
        19,
        36,
        38
      ],
      "confidence": 69.05833333333334
    },
    {
      "numbers": [
        3,
        7,
        10,
        17,
        25,
        44
      ],
      "confidence": 68.99295463305833
    },
    {
      "numbers": [
        4,
        19,
        22,
        23,
        29,
        33
      ],
      "confidence": 68.88333333333333
    },
    {
      "numbers": [
        7,
        17,
        19,
        24,
        37,
        38
      ],
      "confidence": 68.88333333333333
    },
    {
      "numbers": [
        4,
        7,
        23,
        33,
        36,
        44
      ],
      "confidence": 68.88333333333333
    },
    {
      "numbers": [
        7,
        10,
        13,
        17,
        33,
        44
      ],
      "confidence": 68.88333333333333
    },
    {
      "numbers": [
        4,
        7,
        19,
        24,
        29,
        31
      ],
      "confidence": 68.88333333333333
    },
    {
      "numbers": [
        3,
        4,
        7,
        23,
        33,
        40
      ],
      "confidence": 68.85
    },
    {
      "numbers": [
        4,
        10,
        17,
        25,
        29,
        36
      ],
      "confidence": 68.63333333333333
    },
    {
      "numbers": [
        4,
        10,
        19,
        22,
        36,
        37
      ],
      "confidence": 68.63333333333333
    },
    {
      "numbers": [
        3,
        17,
        19,
        24,
        25,
        38
      ],
      "confidence": 68.63333333333333
    },
    {
      "numbers": [
        4,
        10,
        29,
        33,
        37,
        38
      ],
      "confidence": 68.6
    },
    {
      "numbers": [
        4,
        22,
        23,
        25,
        29,
        31
      ],
      "confidence": 68.6
    },
    {
      "numbers": [
        7,
        15,
        19,
        29,
        40,
        44
      ],
      "confidence": 68.45833333333334
    },
    {
      "numbers": [
        4,
        7,
        15,
        29,
        36,
        44
      ],
      "confidence": 68.45833333333334
    },
    {
      "numbers": [
        4,
        10,
        15,
        22,
        25,
        33
      ],
      "confidence": 68.42500000000001
    },
    {
      "numbers": [
        10,
        15,
        17,
        23,
        24,
        44
      ],
      "confidence": 68.42500000000001
    },
    {
      "numbers": [
        3,
        7,
        17,
        22,
        38,
        40
      ],