{
  "latest_round": 767,
  "next_round": 768,
  "hot_cold": {
    "hot": [
      [
        34,
        12
      ],
      [
        41,
        11
      ],
      [
        43,
        11
      ],
      [
        21,
        10
      ],
      [
        10,
        9
      ],
      [
        12,
        9
      ],
      [
        36,
        9
      ],
      [
        2,
        8
      ],
      [
        3,
        8
      ],
      [
        4,
        8
      ]
    ],
    "cold": [
      [
        25,
        1
      ],
      [
        38,
        2
      ],
      [
        29,
        3
      ],
      [
        6,
        4
      ],
      [
        26,
        4
      ],
      [
        39,
        4
      ],
      [
        40,
        4
      ],
      [
        5,
        5
      ],
      [
        18,
        5
      ],
      [
        22,
        5
      ]
    ],
    "overdue": [
      [
        25,
        4.888888888888889
      ],
      [
        38,
        3.68
      ],
      [
        23,
        2.4664879356568368
      ],
      [
        37,
        2.0664893617021276
      ],
      [
        19,
        1.8853333333333333
      ],
      [
        2,
        1.757697456492637
      ],
      [
        13,
        1.6892430278884463
      ],
      [
        29,
        1.5883134130146082
      ],
      [
        14,
        1.5797872340425532
      ],
      [
        18,
        1.5394021739130435
      ]
    ]
  },
  "engine_predictions": {
    "advancedpattern": [
      5,
      15,
      20,
      31,
      34,
      42
    ],
    "gap": [
      1,
      7,
      13,
      19,
      25,
      31
    ],
    "graph": [
      1,
      15,
      20,
      27,
      34,
      40
    ],
    "lstm": [
      3,
      12,
      31,
      34,
      42,
      43
    ],
    "ml": [
      2,
      5,
      25,
      34,
      44,
      45
    ],
    "numerology": [
      17,
      22,
      23,
      24,
      25,
      31
    ],
    "pattern": [
      3,
      11,
      13,
      23,
      33,
      43
    ],
    "sequencecorrelation": [
      5,
      7,
      14,
      27,
      34,
      45
    ],
    "statistical": [
      2,
      14,
      19,
      23,
      37,
      38
    ],
    "timeseries": [
      14,
      17,
      28,
      38,
      40,
      43
    ]
  },
  "predicted_sets": [
    {
      "numbers": [
        5,
        13,
        27,
        31,
        34,
        42
      ],
      "confidence": 72.0
    },
    {
      "numbers": [
        5,
        20,
        25,
        31,
        34,
        42
      ],
      "confidence": 71.79166666666666
    },
    {
      "numbers": [
        3,
        20,
        27,
        31,
        34,
        42
      ],
      "confidence": 71.33333333333334
    },
    {
      "numbers": [
        17,
        19,
        25,
        31,
        34,
        42
      ],
      "confidence": 71.3
    },
    {
      "numbers": [
        5,
        15,
        20,
        23,
        31,
        34
      ],
      "confidence": 71.09166666666667
    },
    {
      "numbers": [
        2,
        14,
        23,
        27,
        31,
        34
      ],
      "confidence": 71.09166666666667
    },
    {
      "numbers": [
        7,
        14,
        25,
        31,
        34,
        40
      ],
      "confidence": 71.09166666666667
    },
    {
      "numbers": [
        1,
        19,
        23,
        34,
        40,
        42
      ],
      "confidence": 70.66666666666667
    },
    {
      "numbers": [
        7,
        14,
        15,
        23,
        31,
        42
      ],
      "confidence": 70.66666666666667
    },
    {
      "numbers": [
        3,
        15,
        27,
        31,
        34,
        40
      ],
      "confidence": 70.63333333333333
    },
    {
      "numbers": [
        2,
        19,
        20,
        27,
        31,
        34
      ],
      "confidence": 70.63333333333333
    },
    {
      "numbers": [
        2,
        25,
        27,
        31,
        34,
        40
      ],
      "confidence": 70.6
    },
    {
      "numbers": [
        5,
        14,
        20,
        27,
        34,
        42
      ],
      "confidence": 70.45833333333334
    },
    {
      "numbers": [
        1,
        14,
        23,
        25,
        31,
        42
      ],
      "confidence": 70.45833333333334
    },
    {
      "numbers": [
        3,
        13,
        20,
        25,
        31,
        34
      ],
      "confidence": 70.42500000000001
    },
    {
      "numbers": [
        2,
        5,
        19,
        31,
        34,
        42
      ],
      "confidence": 70.42500000000001
    },
    {
      "numbers": [
        7,
        20,
        25,
        34,
        42,
        43
      ],
      "confidence": 70.26312633337875
    },
    {
      "numbers": [
        2,
        5,
        25,
        31,
        34,
        42
      ],
      "confidence": 70.21666666666667
    },
    {
      "numbers": [
        2,
        13,
        19,
        27,
        34,
        45
      ],
      "confidence": 70.0
    },
    {
      "numbers": [
        3,
        5,
        19,
        20,
        34,
        42
      ],
      "confidence": 69.96666666666667
    },
    {
      "numbers": [
        7,
        13,
        15,
        20,
        31,
        34
      ],
      "confidence": 69.93333333333334
    },
    {
      "numbers": [
        7,
        19,
        23,
        27,
        34,
        42
      ],
      "confidence": 69.79166666666667
    },
    {
      "numbers": [
        3,
        14,
        19,
        27,
        34,
        42
      ],
      "confidence": 69.79166666666667
    },
    {
      "numbers": [
        1,
        17,
        25,
        27,
        34,
        42
      ],
      "confidence": 69.79166666666667
    },
    {
      "numbers": [
        2,
        7,
        13,
        27,
        31,
        34
      ],
      "confidence": 69.75833333333334
    },
    {
      "numbers": [
        15,
        19,
        23,
        25,
        34,
        42
      ],
      "confidence": 69.75833333333334
    },
    {
      "numbers": [
        3,
        5,
        19,
        20,
        34,
        43
      ],
      "confidence": 69.75833333333334
    },
    {
      "numbers": [
        2,
        5,
        19,
        25,
        34,
        40
      ],
      "confidence": 69.75833333333334
    },
    {
      "numbers": [
        2,
        7,
        20,
        27,
        31,
        34
      ],
      "confidence": 69.75833333333334
    },
    {
      "numbers": [
        5,
        7,
        17,
        20,
        31,
        34
      ],
      "confidence": 69.725
    },
    {
      "numbers": [
        3,
        5,
        20,
        31,
        34,
        40
      ],
      "confidence": 69.725
    },
    {
      "numbers": [
        2,
        5,
        20,
        25,
        34,
        42
      ],
      "confidence": 69.58333333333334
    },
    {
      "numbers": [
        2,
        14,
        23,
        27,
        34,
        42
      ],
      "confidence": 69.58333333333334
    },
    {
      "numbers": [
        1,
        5,
        14,
        31,
        34,
        40
      ],
      "confidence": 69.51666666666667
    },
    {
      "numbers": [
        1,
        15,
        19,
        20,
        27,
        34
      ],
      "confidence": 69.3
    },
    {
      "numbers": [
        7,
        13,
        14,
        31,
        40,
        42
      ],
      "confidence": 69.3
    },
    {
      "numbers": [
        2,
        14,
        27,
        31,
        40,
        42
      ],
      "confidence": 69.125
    },
    {
      "numbers": [
        2,
        19,
        20,
        25,
        31,
        45
      ],
      "confidence": 69.125
    },
    {
      "numbers": [
        14,
        17,
        23,
        27,
        31,
        42
      ],