{
  "latest_round": 992,
  "next_round": 993,
  "hot_cold": {
    "hot": [
      [
        2,
        12
      ],
      [
        37,
        11
      ],
      [
        9,
        10
      ],
      [
        13,
        10
      ],
      [
        21,
        10
      ],
      [
        33,
        9
      ],
      [
        36,
        9
      ],
      [
        41,
        9
      ],
      [
        1,
        8
      ],
      [
        23,
        8
      ]
    ],
    "cold": [
      [
        5,
        2
      ],
      [
        8,
        3
      ],
      [
        19,
        3
      ],
      [
        32,
        3
      ],
      [
        38,
        4
      ],
      [
        6,
        5
      ],
      [
        11,
        5
      ],
      [
        14,
        5
      ],
      [
        27,
        5
      ],
      [
        39,
        5
      ]
    ],
    "overdue": [
      [
        19,
        3.957291666666667
      ],
      [
        40,
        3.3264462809917354
      ],
      [
        39,
        2.608695652173913
      ],
      [
        6,
        2.546972860125261
      ],
      [
        8,
        2.250258531540848
      ],
      [
        14,
        2.1120246659815005
      ],
      [
        1,
        1.9979317476732164
      ],
      [
        11,
        1.7581967213114755
      ],
      [
        22,
        1.742738589211618
      ],
      [
        9,
        1.6
      ]
    ]
  },
  "engine_predictions": {
    "advancedpattern": [
      12,
      20,
      26,
      33,
      44,
      45
    ],
    "gap": [
      1,
      7,
      13,
      19,
      25,
      31
    ],
    "graph": [
      4,
      8,
      11,
      18,
      25,
      33
    ],
    "lstm": [
      2,
      13,
      26,
      31,
      33,
      44
    ],
    "ml": [
      2,
      15,
      18,
      30,
      33,
      44
    ],
    "numerology": [
      17,
      22,
      23,
      24,
      25,
      31
    ],
    "pattern": [
      3,
      11,
      13,
      23,
      33,
      43
    ],
    "sequencecorrelation": [
      7,
      18,
      20,
      26,
      36,
      43
    ],
    "statistical": [
      1,
      6,
      9,
      14,
      39,
      40
    ],
    "timeseries": [
      5,
      6,
      14,
      23,
      32,
      34
    ]
  },
  "predicted_sets": [
    {
      "numbers": [
        7,
        18,
        20,
        26,
        33,
        44
      ],
      "confidence": 72.0
    },
    {
      "numbers": [
        2,
        11,
        20,
        25,
        33,
        44
      ],
      "confidence": 71.33333333333334
    },
    {
      "numbers": [
        7,
        18,
        20,
        25,
        26,
        33
      ],
      "confidence": 71.3
    },
    {
      "numbers": [
        17,
        20,
        25,
        26,
        33,
        44
      ],
      "confidence": 70.63333333333333
    },
    {
      "numbers": [
        2,
        14,
        20,
        25,
        31,
        33
      ],
      "confidence": 70.63333333333333
    },
    {
      "numbers": [
        2,
        11,
        14,
        25,
        33,
        44
      ],
      "confidence": 70.45833333333334
    },
    {
      "numbers": [
        2,
        11,
        18,
        26,
        31,
        33
      ],
      "confidence": 70.42500000000001
    },
    {
      "numbers": [
        7,
        14,
        25,
        26,
        31,
        43
      ],
      "confidence": 70.0
    },
    {
      "numbers": [
        1,
        12,
        17,
        26,
        33,
        44
      ],
      "confidence": 70.0
    },
    {
      "numbers": [
        6,
        18,
        20,
        23,
        25,
        44
      ],
      "confidence": 69.96666666666667
    },
    {
      "numbers": [
        7,
        11,
        18,
        23,
        25,
        44
      ],
      "confidence": 69.96666666666667
    },
    {
      "numbers": [
        1,
        18,
        19,
        20,
        33,
        44
      ],
      "confidence": 69.96666666666667
    },
    {
      "numbers": [
        2,
        11,
        13,
        18,
        25,
        44
      ],
      "confidence": 69.96666666666667
    },
    {
      "numbers": [
        13,
        17,
        25,
        26,
        31,
        44
      ],
      "confidence": 69.96666666666667
    },
    {
      "numbers": [
        1,
        2,
        18,
        25,
        26,
        44
      ],
      "confidence": 69.96666666666667
    },
    {
      "numbers": [
        12,
        17,
        18,
        26,
        33,
        44
      ],
      "confidence": 69.96666666666667
    },
    {
      "numbers": [
        1,
        11,
        14,
        25,
        26,
        33
      ],
      "confidence": 69.75833333333334
    },
    {
      "numbers": [
        11,
        12,
        23,
        25,
        33,
        44
      ],
      "confidence": 69.75833333333334
    },
    {
      "numbers": [
        1,
        2,
        13,
        20,
        33,
        44
      ],
      "confidence": 69.75833333333334
    },
    {
      "numbers": [
        14,
        19,
        25,
        26,
        33,
        44
      ],
      "confidence": 69.75833333333334
    },
    {
      "numbers": [
        7,
        20,
        25,
        31,
        43,
        44
      ],
      "confidence": 69.61475189130172
    },
    {
      "numbers": [
        6,
        13,
        26,
        31,
        33,
        45
      ],
      "confidence": 69.58333333333334
    },
    {
      "numbers": [
        6,
        13,
        14,
        26,
        31,
        33
      ],
      "confidence": 69.55
    },
    {
      "numbers": [
        2,
        14,
        18,
        23,
        31,
        45
      ],
      "confidence": 69.33333333333334
    },
    {
      "numbers": [
        7,
        18,
        19,
        23,
        26,
        44
      ],
      "confidence": 69.3
    },
    {
      "numbers": [
        7,
        12,
        25,
        33,
        44,
        45
      ],
      "confidence": 69.125
    },
    {
      "numbers": [
        6,
        13,
        17,
        20,
        25,
        33
      ],
      "confidence": 69.09166666666667
    },
    {
      "numbers": [
        6,
        17,
        18,
        20,
        26,
        33
      ],
      "confidence": 69.09166666666667
    },
    {
      "numbers": [
        12,
        17,
        23,
        31,
        33,
        44
      ],
      "confidence": 69.09166666666667
    },
    {
      "numbers": [
        14,
        18,
        19,
        23,
        26,
        33
      ],
      "confidence": 69.05833333333334
    },
    {
      "numbers": [
        11,
        12,
        25,
        26,
        31,
        33
      ],
      "confidence": 69.05833333333334
    },
    {
      "numbers": [
        13,
        14,
        18,
        20,
        31,
        33
      ],
      "confidence": 69.025
    },
    {
      "numbers": [
        2,
        11,
        18,
        31,
        33,
        43
      ],
      "confidence": 68.88333333333333
    },
    {
      "numbers": [
        2,
        6,
        26,
        33,
        43,
        44
      ],
      "confidence": 68.88333333333333
    },
    {
      "numbers": [
        1,
        6,
        7,
        20,
        33,
        45
      ],
      "confidence": 68.63333333333333
    },
    {
      "numbers": [
        6,
        11,
        17,
        23,
        25,
        44
      ],
      "confidence": 68.63333333333333
    },
    {
      "numbers": [
        7,
        12,
        13,
        20,
        25,
        44
      ],
      "confidence": 68.63333333333333
    },
    {
      "numbers": [
        11,
        12,
        14,
        20,
        26,
        33
      ],
      "confidence": 68.6
    },
    {
      "numbers": [
        1,
        7,
        12,
        23,
        31,
        44
      ],