{
  "latest_round": 1224,
  "next_round": 1225,
  "hot_cold": {
    "hot": [
      [
        27,
        13
      ],
      [
        16,
        11
      ],
      [
        3,
        10
      ],
      [
        15,
        10
      ],
      [
        28,
        10
      ],
      [
        1,
        8
      ],
      [
        6,
        8
      ],
      [
        23,
        8
      ],
      [
        31,
        8
      ],
      [
        4,
        7
      ]
    ],
    "cold": [
      [
        34,
        2
      ],
      [
        14,
        3
      ],
      [
        42,
        4
      ],
      [
        43,
        4
      ],
      [
        2,
        5
      ],
      [
        11,
        5
      ],
      [
        12,
        5
      ],
      [
        21,
        5
      ],
      [
        22,
        5
      ],
      [
        5,
        6
      ]
    ],
    "overdue": [
      [
        12,
        3.259259259259259
      ],
      [
        37,
        2.1109271523178808
      ],
      [
        7,
        1.9499582985821518
      ],
      [
        40,
        1.837190082644628
      ],
      [
        26,
        1.75850622406639
      ],
      [
        35,
        1.7435037720033528
      ],
      [
        38,
        1.5399999999999998
      ]
    ]
  },
  "engine_predictions": {
    "advancedpattern": [
      12,
      13,
      16,
      18,
      20,
      30
    ],
    "fourier": [
      7,
      12,
      19,
      23,
      26,
      35
    ],
    "gap": [
      1,
      7,
      13,
      19,
      25,
      31
    ],
    "graph": [
      12,
      14,
      17,
      24,
      27,
      34
    ],
    "lstm": [
      5,
      24,
      25,
      32,
      33,
      40
    ],
    "ml": [
      18,
      27,
      29,
      33,
      43,
      45
    ],
    "numerology": [
      17,
      22,
      23,
      24,
      25,
      31
    ],
    "pattern": [
      3,
      11,
      13,
      23,
      33,
      43
    ],
    "poisson": [
      12,
      14,
      21,
      34,
      42,
      43
    ],
    "sequencecorrelation": [
      1,
      18,
      33,
      34,
      37,
      40
    ],
    "statistical": [
      7,
      12,
      26,
      35,
      37,
      38
    ],
    "timeseries": [
      2,
      10,
      15,
      31,
      38,
      45
    ]
  },
  "final_weights": {
    "advancedpattern": 0.07130626088916414,
    "fourier": 0.09341120176480504,
    "gap": 0.003266125935832344,
    "graph": 0.04275882427444633,
    "lstm": 0.05463156603508268,
    "ml": 0.16400440004507752,
    "numerology": 0.03354286403840765,
    "pattern": 0.0112255003156424,
    "poisson": 0.0013962065069206967,
    "sequencecorrelation": 0.06981032534603483,
    "statistical": 0.24796627562911572,
    "timeseries": 0.20668044921947074
  },
  "dynamic_boosts": {
    "advancedpattern": 1.3,
    "fourier": 1.3,
    "gap": 1.190909090909091,
    "graph": 1.1363636363636362,
    "lstm": 1.0,
    "ml": 1.0,
    "numerology": 1.2181818181818183,
    "pattern": 1.2181818181818183,
    "poisson": 1.2727272727272727,
    "sequencecorrelation": 1.2727272727272727,
    "statistical": 1.2727272727272727,
    "timeseries": 1.190909090909091
  },
  "predicted_sets": [
    {
      "numbers": [
        7,
        12,
        24,
        31,
        33,
        45
      ],
      "confidence": 71.11111111111111
    },
    {
      "numbers": [
        7,
        12,
        25,
        33,
        34,
        38
      ],
      "confidence": 70.41111111111111
    },
    {
      "numbers": [
        7,
        12,
        26,
        33,
        34,
        35
      ],
      "confidence": 69.85555555555555
    },
    {
      "numbers": [
        7,
        12,
        25,
        31,
        34,
        45
      ],
      "confidence": 69.68055555555556
    },
    {
      "numbers": [
        7,
        12,
        24,
        25,
        31,
        34
      ],
      "confidence": 69.53611111111113
    },
    {
      "numbers": [
        7,
        12,
        13,
        19,
        26,
        34
      ],
      "confidence": 69.3
    },
    {
      "numbers": [
        1,
        12,
        25,
        33,
        37,
        40
      ],
      "confidence": 69.3
    },
    {
      "numbers": [
        7,
        12,
        13,
        24,
        38,
        40
      ],
      "confidence": 69.3
    },
    {
      "numbers": [
        1,
        7,
        12,
        24,
        26,
        43
      ],
      "confidence": 69.3
    },
    {
      "numbers": [
        12,
        19,
        24,
        25,
        33,
        37
      ],
      "confidence": 69.15555555555557
    },
    {
      "numbers": [
        7,
        18,
        23,
        31,
        34,
        43
      ],
      "confidence": 69.125
    },
    {
      "numbers": [
        7,
        12,
        27,
        31,
        38,
        43
      ],
      "confidence": 69.125
    },
    {
      "numbers": [
        1,
        12,
        24,
        33,
        34,
        35
      ],
      "confidence": 68.98055555555555
    },
    {
      "numbers": [
        7,
        12,
        25,
        31,
        34,
        37
      ],
      "confidence": 68.98055555555555
    },
    {
      "numbers": [
        12,
        23,
        26,
        31,
        33,
        43
      ],
      "confidence": 68.66111111111111
    },
    {
      "numbers": [
        7,
        18,
        24,
        33,
        43,
        45
      ],
      "confidence": 68.63892557718027
    },
    {
      "numbers": [
        12,
        19,
        24,
        26,
        33,
        37
      ],
      "confidence": 68.6
    },
    {
      "numbers": [
        12,
        23,
        24,
        26,
        31,
        35
      ],
      "confidence": 68.6
    },
    {
      "numbers": [
        7,
        18,
        26,
        33,
        40,
        43
      ],
      "confidence": 68.56944444444444
    },
    {
      "numbers": [
        1,
        18,
        23,
        25,
        34,
        43
      ],
      "confidence": 68.56944444444444
    },
    {
      "numbers": [
        12,
        13,
        23,
        31,
        40,
        45
      ],
      "confidence": 68.42500000000001
    },
    {
      "numbers": [
        1,
        12,
        13,
        24,
        31,
        37
      ],
      "confidence": 68.42500000000001
    },
    {
      "numbers": [
        7,
        12,
        27,
        33,
        35,
        40
      ],
      "confidence": 68.42500000000001
    },
    {
      "numbers": [
        12,
        25,
        31,
        33,
        34,
        35
      ],
      "confidence": 68.3500366882914
    },
    {
      "numbers": [
        12,
        18,
        25,
        33,
        35,
        37
      ],
      "confidence": 68.28055555555557
    },
    {
      "numbers": [
        12,
        23,
        24,
        31,
        34,
        38
      ],
      "confidence": 68.28055555555557
    },
    {
      "numbers": [
        1,
        12,
        18,
        31,
        33,
        35
      ],
      "confidence": 68.28055555555557
    },
    {
      "numbers": [
        12,
        23,
        25,
        26,
        33,
        38
      ],
      "confidence": 68.28055555555557
    },
    {
      "numbers": [
        7,
        18,
        19,
        31,
        40,
        43
      ],
      "confidence": 68.18888888888888
    },
    {
      "numbers": [
        1,
        7,
        24,
        25,
        33,
        38
      ],
      "confidence": 68.04444444444445
    },
    {
      "numbers": [
        12,
        18,
        19,
        35,
        37,
        43
      ],
      "confidence": 68.04444444444445
    },
    {
      "numbers": [
        1,
        12,
        13,
        37,
        40,
        43
      ],