{
  "latest_round": 36,
  "next_round": 37,
  "hot_cold": {
    "hot": [
      [
        40,
        12
      ],
      [
        37,
        11
      ],
      [
        25,
        9
      ],
      [
        42,
        8
      ],
      [
        4,
        7
      ],
      [
        9,
        7
      ],
      [
        26,
        7
      ],
      [
        2,
        6
      ],
      [
        6,
        6
      ],
      [
        7,
        6
      ]
    ],
    "cold": [
      [
        15,
        1
      ],
      [
        22,
        1
      ],
      [
        45,
        1
      ],
      [
        24,
        2
      ],
      [
        10,
        3
      ],
      [
        11,
        3
      ],
      [
        12,
        3
      ],
      [
        28,
        3
      ],
      [
        29,
        3
      ],
      [
        34,
        3
      ]
    ],
    "overdue": [
      [
        16,
        7.0
      ],
      [
        38,
        5.666666666666667
      ],
      [
        12,
        4.285714285714286
      ],
      [
        30,
        4.0
      ],
      [
        31,
        3.3333333333333335
      ],
      [
        5,
        3.0
      ],
      [
        18,
        2.2727272727272725
      ],
      [
        24,
        1.8181818181818181
      ],
      [
        20,
        1.7999999999999998
      ],
      [
        27,
        1.7142857142857142
      ]
    ]
  },
  "engine_predictions": {
    "advancedpattern": [
      1,
      9,
      10,
      23,
      26,
      40
    ],
    "gap": [
      2,
      8,
      14,
      20,
      26,
      32
    ],
    "graph": [
      9,
      25,
      26,
      37,
      40,
      42
    ],
    "lstm": [
      9,
      23,
      26,
      35,
      37,
      40
    ],
    "numerology": [
      13,
      17,
      22,
      23,
      25,
      31
    ],
    "pattern": [
      10,
      20,
      30,
      32,
      40,
      42
    ],
    "sequencecorrelation": [
      8,
      13,
      17,
      20,
      25,
      35
    ],
    "statistical": [
      5,
      16,
      18,
      30,
      31,
      39
    ],
    "timeseries": [
      5,
      15,
      18,
      20,
      22,
      24
    ]
  },
  "predicted_sets": [
    {
      "numbers": [
        9,
        20,
        23,
        26,
        40,
        42
      ],
      "confidence": 73.93981481481481
    },
    {
      "numbers": [
        8,
        9,
        20,
        23,
        26,
        31
      ],
      "confidence": 72.63333333333333
    },
    {
      "numbers": [
        8,
        17,
        23,
        25,
        26,
        40
      ],
      "confidence": 72.63333333333333
    },
    {
      "numbers": [
        5,
        20,
        23,
        26,
        31,
        32
      ],
      "confidence": 71.89259259259259
    },
    {
      "numbers": [
        5,
        9,
        18,
        26,
        32,
        40
      ],
      "confidence": 71.89259259259259
    },
    {
      "numbers": [
        17,
        18,
        20,
        25,
        26,
        40
      ],
      "confidence": 71.79907407407407
    },
    {
      "numbers": [
        5,
        9,
        20,
        23,
        37,
        40
      ],
      "confidence": 71.75833333333333
    },
    {
      "numbers": [
        5,
        9,
        20,
        26,
        35,
        42
      ],
      "confidence": 71.7175925925926
    },
    {
      "numbers": [
        5,
        23,
        26,
        32,
        37,
        40
      ],
      "confidence": 71.1925925925926
    },
    {
      "numbers": [
        5,
        9,
        13,
        18,
        26,
        40
      ],
      "confidence": 71.16263787141403
    },
    {
      "numbers": [
        9,
        18,
        23,
        26,
        35,
        37
      ],
      "confidence": 71.15185185185184
    },
    {
      "numbers": [
        8,
        9,
        20,
        23,
        31,
        35
      ],
      "confidence": 71.15185185185184
    },
    {
      "numbers": [
        5,
        13,
        26,
        32,
        37,
        40
      ],
      "confidence": 71.15185185185184
    },
    {
      "numbers": [
        8,
        17,
        23,
        35,
        40,
        42
      ],
      "confidence": 71.11111111111111
    },
    {
      "numbers": [
        20,
        23,
        25,
        31,
        32,
        40
      ],
      "confidence": 71.05833333333334
    },
    {
      "numbers": [
        10,
        18,
        20,
        25,
        26,
        31
      ],
      "confidence": 71.01759259259259
    },
    {
      "numbers": [
        10,
        18,
        20,
        23,
        25,
        40
      ],
      "confidence": 70.88333333333333
    },
    {
      "numbers": [
        1,
        9,
        13,
        20,
        26,
        42
      ],
      "confidence": 70.42189713067329
    },
    {
      "numbers": [
        9,
        13,
        18,
        20,
        37,
        42
      ],
      "confidence": 70.41111111111111
    },
    {
      "numbers": [
        10,
        17,
        18,
        23,
        26,
        32
      ],
      "confidence": 70.41111111111111
    },
    {
      "numbers": [
        5,
        13,
        26,
        28,
        40,
        42
      ],
      "confidence": 70.37037037037038
    },
    {
      "numbers": [
        13,
        17,
        23,
        26,
        31,
        40
      ],
      "confidence": 70.3175925925926
    },
    {
      "numbers": [
        13,
        18,
        25,
        26,
        30,
        40
      ],
      "confidence": 70.3175925925926
    },
    {
      "numbers": [
        10,
        20,
        23,
        25,
        31,
        32
      ],
      "confidence": 70.27685185185186
    },
    {
      "numbers": [
        9,
        10,
        13,
        25,
        32,
        40
      ],
      "confidence": 70.27685185185186
    },
    {
      "numbers": [
        8,
        9,
        20,
        23,
        30,
        32
      ],
      "confidence": 70.27685185185186
    },
    {
      "numbers": [
        10,
        17,
        18,
        20,
        26,
        35
      ],
      "confidence": 70.27685185185186
    },
    {
      "numbers": [
        9,
        10,
        17,
        23,
        31,
        40
      ],
      "confidence": 70.27685185185186
    },
    {
      "numbers": [
        9,
        18,
        20,
        25,
        30,
        42
      ],
      "confidence": 70.27685185185186
    },
    {
      "numbers": [
        9,
        20,
        31,
        35,
        37,
        40
      ],
      "confidence": 70.22652676030293
    },
    {
      "numbers": [
        1,
        10,
        20,
        26,
        35,
        40
      ],
      "confidence": 70.14259259259259
    },
    {
      "numbers": [
        5,
        10,
        20,
        25,
        26,
        42
      ],
      "confidence": 70.14259259259259
    },
    {
      "numbers": [
        1,
        9,
        20,
        25,
        30,
        40
      ],
      "confidence": 70.14259259259259
    },
    {
      "numbers": [
        1,
        8,
        26,
        32,
        35,
        40
      ],
      "confidence": 69.71111111111111
    },
    {
      "numbers": [
        1,
        20,
        23,
        26,
        28,
        37
      ],
      "confidence": 69.67037037037036
    },
    {
      "numbers": [
        8,
        13,
        20,
        32,
        37,
        40
      ],
      "confidence": 69.57685185185184
    },
    {
      "numbers": [
        10,
        23,
        25,
        32,
        37,
        40
      ],
      "confidence": 69.57685185185184
    },
    {
      "numbers": [
        13,
        17,
        20,
        23,
        25,
        32
      ],
      "confidence": 69.57685185185184
    },
    {
      "numbers": [
        1,
        8,
        9,
        20,
        37,
        40
      ],