{
  "latest_round": 1122,
  "next_round": 1123,
  "hot_cold": {
    "hot": [
      [
        30,
        12
      ],
      [
        38,
        11
      ],
      [
        6,
        10
      ],
      [
        7,
        10
      ],
      [
        13,
        10
      ],
      [
        16,
        10
      ],
      [
        40,
        10
      ],
      [
        44,
        10
      ],
      [
        3,
        8
      ],
      [
        12,
        8
      ]
    ],
    "cold": [
      [
        5,
        0
      ],
      [
        2,
        1
      ],
      [
        25,
        2
      ],
      [
        27,
        3
      ],
      [
        39,
        3
      ],
      [
        8,
        4
      ],
      [
        9,
        4
      ],
      [
        15,
        4
      ],
      [
        10,
        5
      ],
      [
        17,
        5
      ]
    ],
    "overdue": [
      [
        5,
        9.446601941747574
      ],
      [
        27,
        5.218836565096953
      ],
      [
        18,
        4.589552238805971
      ],
      [
        8,
        3.4774609015639375
      ],
      [
        28,
        2.620111731843575
      ],
      [
        29,
        2.0126696832579185
      ],
      [
        37,
        1.934959349593496
      ],
      [
        39,
        1.9345454545454546
      ],
      [
        40,
        1.8537906137184115
      ],
      [
        43,
        1.5714285714285714
      ]
    ]
  },
  "engine_predictions": {
    "advancedpattern": [
      3,
      6,
      21,
      30,
      34,
      35
    ],
    "gap": [
      1,
      7,
      13,
      19,
      25,
      31
    ],
    "graph": [
      18,
      31,
      33,
      34,
      37,
      38
    ],
    "lstm": [
      6,
      13,
      30,
      31,
      32,
      38
    ],
    "ml": [
      1,
      3,
      6,
      21,
      27,
      35
    ],
    "numerology": [
      17,
      23,
      24,
      25,
      26,
      31
    ],
    "pattern": [
      3,
      11,
      13,
      23,
      33,
      43
    ],
    "sequencecorrelation": [
      14,
      16,
      21,
      26,
      37,
      45
    ],
    "statistical": [
      18,
      28,
      29,
      37,
      40,
      43
    ],
    "timeseries": [
      5,
      10,
      29,
      32,
      39,
      40
    ]
  },
  "predicted_sets": [
    {
      "numbers": [
        6,
        13,
        18,
        31,
        37,
        43
      ],
      "confidence": 69.75833333333334
    },
    {
      "numbers": [
        6,
        18,
        21,
        30,
        35,
        43
      ],
      "confidence": 69.33333333333334
    },
    {
      "numbers": [
        3,
        6,
        25,
        31,
        34,
        38
      ],
      "confidence": 69.26666666666668
    },
    {
      "numbers": [
        3,
        18,
        21,
        31,
        32,
        34
      ],
      "confidence": 69.09166666666667
    },
    {
      "numbers": [
        3,
        18,
        21,
        31,
        32,
        40
      ],
      "confidence": 69.09166666666667
    },
    {
      "numbers": [
        6,
        21,
        29,
        34,
        37,
        43
      ],
      "confidence": 68.95035074745707
    },
    {
      "numbers": [
        6,
        13,
        23,
        31,
        38,
        43
      ],
      "confidence": 68.91666666666667
    },
    {
      "numbers": [
        3,
        6,
        13,
        23,
        31,
        34
      ],
      "confidence": 68.88333333333333
    },
    {
      "numbers": [
        13,
        25,
        26,
        29,
        31,
        34
      ],
      "confidence": 68.6
    },
    {
      "numbers": [
        3,
        6,
        21,
        32,
        35,
        40
      ],
      "confidence": 68.6
    },
    {
      "numbers": [
        6,
        21,
        29,
        32,
        34,
        37
      ],
      "confidence": 68.6
    },
    {
      "numbers": [
        6,
        29,
        30,
        31,
        33,
        38
      ],
      "confidence": 68.6
    },
    {
      "numbers": [
        3,
        18,
        21,
        34,
        35,
        43
      ],
      "confidence": 68.45833333333334
    },
    {
      "numbers": [
        3,
        18,
        29,
        30,
        37,
        43
      ],
      "confidence": 68.45833333333334
    },
    {
      "numbers": [
        6,
        13,
        18,
        21,
        30,
        40
      ],
      "confidence": 68.42500000000001
    },
    {
      "numbers": [
        6,
        25,
        26,
        30,
        31,
        43
      ],
      "confidence": 68.42500000000001
    },
    {
      "numbers": [
        1,
        6,
        29,
        31,
        32,
        43
      ],
      "confidence": 68.42500000000001
    },
    {
      "numbers": [
        13,
        18,
        21,
        31,
        32,
        40
      ],
      "confidence": 68.39166666666668
    },
    {
      "numbers": [
        13,
        21,
        26,
        31,
        32,
        40
      ],
      "confidence": 68.39166666666668
    },
    {
      "numbers": [
        3,
        18,
        31,
        33,
        34,
        37
      ],
      "confidence": 68.39166666666668
    },
    {
      "numbers": [
        3,
        21,
        25,
        31,
        32,
        34
      ],
      "confidence": 68.39166666666668
    },
    {
      "numbers": [
        6,
        21,
        25,
        31,
        32,
        34
      ],
      "confidence": 68.39166666666668
    },
    {
      "numbers": [
        3,
        6,
        18,
        23,
        37,
        43
      ],
      "confidence": 68.25
    },
    {
      "numbers": [
        6,
        13,
        23,
        26,
        31,
        38
      ],
      "confidence": 68.21666666666667
    },
    {
      "numbers": [
        3,
        18,
        21,
        31,
        38,
        40
      ],
      "confidence": 68.21666666666667
    },
    {
      "numbers": [
        6,
        21,
        26,
        31,
        34,
        37
      ],
      "confidence": 68.18333333333334
    },
    {
      "numbers": [
        1,
        13,
        18,
        26,
        29,
        32
      ],
      "confidence": 67.96666666666667
    },
    {
      "numbers": [
        1,
        6,
        25,
        29,
        40,
        43
      ],
      "confidence": 67.96666666666667
    },
    {
      "numbers": [
        1,
        13,
        18,
        29,
        32,
        35
      ],
      "confidence": 67.96666666666667
    },
    {
      "numbers": [
        18,
        23,
        30,
        31,
        32,
        35
      ],
      "confidence": 67.93333333333334
    },
    {
      "numbers": [
        3,
        21,
        29,
        30,
        32,
        35
      ],
      "confidence": 67.93333333333334
    },
    {
      "numbers": [
        3,
        21,
        25,
        26,
        32,
        40
      ],
      "confidence": 67.93333333333334
    },
    {
      "numbers": [
        6,
        18,
        21,
        25,
        30,
        35
      ],
      "confidence": 67.75833333333334
    },
    {
      "numbers": [
        6,
        13,
        26,
        34,
        35,
        38
      ],
      "confidence": 67.75833333333334
    },
    {
      "numbers": [
        1,
        6,
        13,
        32,
        34,
        43
      ],
      "confidence": 67.75833333333334
    },
    {
      "numbers": [
        6,
        18,
        21,
        25,
        34,
        35
      ],
      "confidence": 67.75833333333334
    },
    {
      "numbers": [
        6,
        18,
        21,
        30,
        35,
        38
      ],
      "confidence": 67.75833333333334
    },
    {
      "numbers": [
        3,
        6,
        21,
        30,
        33,
        35
      ],