{
  "latest_round": 544,
  "next_round": 545,
  "hot_cold": {
    "hot": [
      [
        23,
        11
      ],
      [
        5,
        10
      ],
      [
        12,
        10
      ],
      [
        13,
        10
      ],
      [
        26,
        10
      ],
      [
        27,
        10
      ],
      [
        32,
        10
      ],
      [
        34,
        10
      ],
      [
        29,
        9
      ],
      [
        41,
        9
      ]
    ],
    "cold": [
      [
        2,
        2
      ],
      [
        16,
        3
      ],
      [
        19,
        3
      ],
      [
        21,
        3
      ],
      [
        45,
        3
      ],
      [
        10,
        4
      ],
      [
        25,
        4
      ],
      [
        28,
        4
      ],
      [
        3,
        5
      ],
      [
        7,
        5
      ]
    ],
    "overdue": [
      [
        2,
        3.630648330058939
      ],
      [
        4,
        3.1050583657587545
      ],
      [
        40,
        2.7020872865275143
      ],
      [
        20,
        2.5343811394891946
      ],
      [
        1,
        2.05
      ],
      [
        27,
        2.018939393939394
      ],
      [
        35,
        1.6978557504873295
      ]
    ]
  },
  "engine_predictions": {
    "advancedpattern": [
      5,
      17,
      21,
      25,
      36,
      44
    ],
    "gap": [
      1,
      7,
      13,
      19,
      25,
      31
    ],
    "graph": [
      18,
      20,
      31,
      34,
      37,
      40
    ],
    "lstm": [
      13,
      18,
      26,
      31,
      34,
      36
    ],
    "ml": [
      3,
      5,
      17,
      20,
      25,
      44
    ],
    "numerology": [
      17,
      22,
      23,
      24,
      25,
      31
    ],
    "pattern": [
      5,
      15,
      25,
      33,
      35,
      45
    ],
    "sequencecorrelation": [
      1,
      5,
      20,
      22,
      37,
      44
    ],
    "statistical": [
      1,
      4,
      20,
      27,
      29,
      40
    ],
    "timeseries": [
      9,
      11,
      14,
      16,
      37,
      39
    ]
  },
  "predicted_sets": [
    {
      "numbers": [
        17,
        18,
        20,
        25,
        31,
        44
      ],
      "confidence": 73.3
    },
    {
      "numbers": [
        5,
        17,
        20,
        25,
        36,
        44
      ],
      "confidence": 73.125
    },
    {
      "numbers": [
        5,
        17,
        21,
        25,
        36,
        44
      ],
      "confidence": 71.125
    },
    {
      "numbers": [
        5,
        18,
        22,
        25,
        40,
        44
      ],
      "confidence": 71.125
    },
    {
      "numbers": [
        4,
        13,
        17,
        25,
        31,
        44
      ],
      "confidence": 71.125
    },
    {
      "numbers": [
        5,
        13,
        18,
        25,
        40,
        44
      ],
      "confidence": 71.125
    },
    {
      "numbers": [
        1,
        20,
        25,
        36,
        37,
        40
      ],
      "confidence": 71.09166666666667
    },
    {
      "numbers": [
        5,
        13,
        17,
        22,
        36,
        44
      ],
      "confidence": 70.66666666666667
    },
    {
      "numbers": [
        5,
        17,
        20,
        26,
        36,
        44
      ],
      "confidence": 70.45833333333334
    },
    {
      "numbers": [
        4,
        13,
        17,
        20,
        25,
        44
      ],
      "confidence": 70.42500000000001
    },
    {
      "numbers": [
        5,
        14,
        18,
        20,
        31,
        44
      ],
      "confidence": 70.42500000000001
    },
    {
      "numbers": [
        1,
        17,
        20,
        31,
        40,
        44
      ],
      "confidence": 70.21666666666667
    },
    {
      "numbers": [
        1,
        5,
        14,
        25,
        31,
        40
      ],
      "confidence": 70.21666666666667
    },
    {
      "numbers": [
        5,
        17,
        18,
        26,
        31,
        40
      ],
      "confidence": 69.96666666666667
    },
    {
      "numbers": [
        1,
        18,
        22,
        25,
        36,
        40
      ],
      "confidence": 69.96666666666667
    },
    {
      "numbers": [
        5,
        13,
        20,
        27,
        34,
        44
      ],
      "confidence": 69.79166666666667
    },
    {
      "numbers": [
        4,
        20,
        21,
        25,
        31,
        36
      ],
      "confidence": 69.75833333333334
    },
    {
      "numbers": [
        5,
        17,
        20,
        21,
        34,
        37
      ],
      "confidence": 69.75833333333334
    },
    {
      "numbers": [
        14,
        20,
        22,
        31,
        37,
        44
      ],
      "confidence": 69.75833333333334
    },
    {
      "numbers": [
        5,
        11,
        14,
        25,
        37,
        44
      ],
      "confidence": 69.58333333333334
    },
    {
      "numbers": [
        5,
        17,
        20,
        21,
        31,
        40
      ],
      "confidence": 69.55
    },
    {
      "numbers": [
        1,
        5,
        20,
        27,
        31,
        40
      ],
      "confidence": 69.55
    },
    {
      "numbers": [
        1,
        17,
        25,
        26,
        31,
        36
      ],
      "confidence": 69.55
    },
    {
      "numbers": [
        5,
        17,
        21,
        26,
        40,
        44
      ],
      "confidence": 69.33333333333334
    },
    {
      "numbers": [
        13,
        18,
        20,
        21,
        37,
        44
      ],
      "confidence": 69.3
    },
    {
      "numbers": [
        5,
        14,
        18,
        26,
        31,
        37
      ],
      "confidence": 69.3
    },
    {
      "numbers": [
        1,
        5,
        13,
        34,
        36,
        37
      ],
      "confidence": 69.26666666666668
    },
    {
      "numbers": [
        11,
        17,
        18,
        22,
        25,
        44
      ],
      "confidence": 69.26666666666668
    },
    {
      "numbers": [
        4,
        13,
        18,
        20,
        31,
        37
      ],
      "confidence": 69.26666666666668
    },
    {
      "numbers": [
        5,
        20,
        21,
        27,
        40,
        44
      ],
      "confidence": 69.125
    },
    {
      "numbers": [
        1,
        18,
        21,
        25,
        34,
        37
      ],
      "confidence": 69.09166666666667
    },
    {
      "numbers": [
        1,
        17,
        18,
        20,
        26,
        37
      ],
      "confidence": 69.09166666666667
    },
    {
      "numbers": [
        17,
        18,
        25,
        27,
        31,
        34
      ],
      "confidence": 69.05833333333334
    },
    {
      "numbers": [
        17,
        18,
        21,
        25,
        31,
        36
      ],
      "confidence": 69.05833333333334
    },
    {
      "numbers": [
        14,
        18,
        20,
        31,
        37,
        44
      ],
      "confidence": 69.05833333333334
    },
    {
      "numbers": [
        1,
        5,
        31,
        36,
        37,
        40
      ],
      "confidence": 69.025
    },
    {
      "numbers": [
        5,
        20,
        21,
        34,
        40,
        44
      ],
      "confidence": 68.91666666666667
    },
    {
      "numbers": [
        1,
        5,
        14,
        17,
        37,
        44
      ],
      "confidence": 68.88333333333333
    },
    {
      "numbers": [
        5,
        22,
        25,
        26,
        36,
        44
      ],
      "confidence": 68.88333333333333
    },
    {
      "numbers": [
        1,
        5,
        13,
        17,
        34,
        36
      ],