{
  "latest_round": 1113,
  "next_round": 1114,
  "hot_cold": {
    "hot": [
      [
        6,
        11
      ],
      [
        7,
        11
      ],
      [
        30,
        11
      ],
      [
        18,
        10
      ],
      [
        40,
        10
      ],
      [
        3,
        9
      ],
      [
        16,
        9
      ],
      [
        19,
        9
      ],
      [
        21,
        9
      ],
      [
        22,
        9
      ]
    ],
    "cold": [
      [
        5,
        0
      ],
      [
        2,
        1
      ],
      [
        25,
        1
      ],
      [
        15,
        2
      ],
      [
        9,
        3
      ],
      [
        27,
        3
      ],
      [
        39,
        3
      ],
      [
        8,
        4
      ],
      [
        17,
        4
      ],
      [
        24,
        5
      ]
    ],
    "overdue": [
      [
        5,
        8.232038834951457
      ],
      [
        2,
        5.565789473684211
      ],
      [
        27,
        3.914127423822715
      ],
      [
        9,
        3.410565338276182
      ],
      [
        25,
        3.3874538745387452
      ],
      [
        18,
        3.2126865671641793
      ],
      [
        15,
        2.532169117647059
      ],
      [
        8,
        2.3183072677092915
      ],
      [
        23,
        2.0803652968036532
      ],
      [
        24,
        2.017383348581885
      ]
    ]
  },
  "engine_predictions": {
    "advancedpattern": [
      11,
      13,
      20,
      21,
      32,
      44
    ],
    "gap": [
      1,
      7,
      13,
      19,
      25,
      31
    ],
    "graph": [
      18,
      33,
      34,
      37,
      38,
      39
    ],
    "lstm": [
      3,
      7,
      11,
      13,
      20,
      44
    ],
    "ml": [
      9,
      13,
      14,
      20,
      30,
      40
    ],
    "numerology": [
      17,
      23,
      24,
      25,
      26,
      31
    ],
    "pattern": [
      3,
      11,
      13,
      23,
      33,
      43
    ],
    "sequencecorrelation": [
      14,
      18,
      26,
      27,
      31,
      40
    ],
    "statistical": [
      8,
      17,
      18,
      23,
      24,
      27
    ],
    "timeseries": [
      5,
      15,
      17,
      25,
      34,
      39
    ]
  },
  "predicted_sets": [
    {
      "numbers": [
        7,
        13,
        18,
        20,
        25,
        34
      ],
      "confidence": 71.3
    },
    {
      "numbers": [
        11,
        13,
        20,
        25,
        31,
        44
      ],
      "confidence": 71.09166666666667
    },
    {
      "numbers": [
        7,
        11,
        13,
        18,
        39,
        44
      ],
      "confidence": 70.63333333333333
    },
    {
      "numbers": [
        11,
        13,
        20,
        23,
        39,
        44
      ],
      "confidence": 70.42500000000001
    },
    {
      "numbers": [
        11,
        13,
        17,
        23,
        40,
        44
      ],
      "confidence": 70.42500000000001
    },
    {
      "numbers": [
        11,
        13,
        17,
        18,
        23,
        44
      ],
      "confidence": 70.39166666666667
    },
    {
      "numbers": [
        7,
        18,
        23,
        25,
        39,
        44
      ],
      "confidence": 70.0
    },
    {
      "numbers": [
        11,
        17,
        20,
        23,
        25,
        44
      ],
      "confidence": 69.93333333333334
    },
    {
      "numbers": [
        11,
        13,
        17,
        18,
        32,
        44
      ],
      "confidence": 69.93333333333334
    },
    {
      "numbers": [
        3,
        13,
        18,
        20,
        39,
        44
      ],
      "confidence": 69.75833333333334
    },
    {
      "numbers": [
        13,
        20,
        26,
        31,
        34,
        44
      ],
      "confidence": 69.75833333333334
    },
    {
      "numbers": [
        7,
        13,
        20,
        21,
        32,
        44
      ],
      "confidence": 69.33333333333334
    },
    {
      "numbers": [
        7,
        11,
        18,
        20,
        26,
        44
      ],
      "confidence": 69.3
    },
    {
      "numbers": [
        13,
        17,
        25,
        26,
        32,
        40
      ],
      "confidence": 69.26666666666668
    },
    {
      "numbers": [
        11,
        13,
        20,
        32,
        39,
        44
      ],
      "confidence": 69.26666666666668
    },
    {
      "numbers": [
        13,
        17,
        23,
        32,
        39,
        44
      ],
      "confidence": 69.09166666666667
    },
    {
      "numbers": [
        17,
        18,
        20,
        25,
        40,
        44
      ],
      "confidence": 69.09166666666667
    },
    {
      "numbers": [
        7,
        11,
        18,
        23,
        31,
        40
      ],
      "confidence": 69.09166666666667
    },
    {
      "numbers": [
        7,
        13,
        17,
        18,
        21,
        40
      ],
      "confidence": 69.09166666666667
    },
    {
      "numbers": [
        13,
        17,
        23,
        31,
        32,
        34
      ],
      "confidence": 69.05833333333334
    },
    {
      "numbers": [
        3,
        13,
        17,
        20,
        34,
        39
      ],
      "confidence": 69.05833333333334
    },
    {
      "numbers": [
        11,
        13,
        20,
        26,
        39,
        40
      ],
      "confidence": 69.05833333333334
    },
    {
      "numbers": [
        13,
        18,
        20,
        23,
        26,
        27
      ],
      "confidence": 69.025
    },
    {
      "numbers": [
        11,
        13,
        18,
        20,
        39,
        40
      ],
      "confidence": 69.025
    },
    {
      "numbers": [
        13,
        17,
        23,
        24,
        39,
        44
      ],
      "confidence": 68.88333333333333
    },
    {
      "numbers": [
        3,
        13,
        17,
        20,
        31,
        40
      ],
      "confidence": 68.85
    },
    {
      "numbers": [
        3,
        18,
        20,
        26,
        27,
        44
      ],
      "confidence": 68.63333333333333
    },
    {
      "numbers": [
        13,
        18,
        21,
        26,
        27,
        39
      ],
      "confidence": 68.6
    },
    {
      "numbers": [
        17,
        18,
        20,
        23,
        32,
        39
      ],
      "confidence": 68.6
    },
    {
      "numbers": [
        13,
        18,
        27,
        32,
        34,
        44
      ],
      "confidence": 68.42500000000001
    },
    {
      "numbers": [
        7,
        13,
        24,
        27,
        39,
        40
      ],
      "confidence": 68.42500000000001
    },
    {
      "numbers": [
        3,
        20,
        23,
        24,
        31,
        39
      ],
      "confidence": 68.42500000000001
    },
    {
      "numbers": [
        3,
        18,
        23,
        31,
        34,
        40
      ],
      "confidence": 68.42500000000001
    },
    {
      "numbers": [
        3,
        18,
        23,
        24,
        31,
        39
      ],
      "confidence": 68.42500000000001
    },
    {
      "numbers": [
        13,
        25,
        26,
        32,
        34,
        40
      ],
      "confidence": 68.29320848524137
    },
    {
      "numbers": [
        13,
        20,
        23,
        32,
        39,
        44
      ],
      "confidence": 68.28487515190804
    },
    {
      "numbers": [
        3,
        13,
        14,
        18,
        39,
        44
      ],
      "confidence": 68.21666666666667
    },
    {
      "numbers": [
        13,
        18,
        23,
        24,
        32,
        44
      ],