{
  "latest_round": 540,
  "next_round": 541,
  "hot_cold": {
    "hot": [
      [
        23,
        11
      ],
      [
        27,
        11
      ],
      [
        12,
        10
      ],
      [
        22,
        10
      ],
      [
        43,
        10
      ],
      [
        5,
        9
      ],
      [
        20,
        9
      ],
      [
        29,
        9
      ],
      [
        32,
        9
      ],
      [
        40,
        9
      ]
    ],
    "cold": [
      [
        2,
        2
      ],
      [
        19,
        2
      ],
      [
        21,
        2
      ],
      [
        45,
        2
      ],
      [
        16,
        3
      ],
      [
        25,
        3
      ],
      [
        28,
        3
      ],
      [
        10,
        4
      ],
      [
        3,
        5
      ],
      [
        6,
        5
      ]
    ],
    "overdue": [
      [
        2,
        3.1119842829076623
      ],
      [
        4,
        2.5136186770428015
      ],
      [
        28,
        2.3529411764705883
      ],
      [
        45,
        2.28125
      ],
      [
        40,
        2.0265654648956355
      ],
      [
        20,
        1.8585461689587426
      ],
      [
        25,
        1.6197718631178708
      ]
    ]
  },
  "engine_predictions": {
    "advancedpattern": [
      3,
      12,
      13,
      15,
      34,
      36
    ],
    "gap": [
      1,
      7,
      13,
      19,
      25,
      31
    ],
    "graph": [
      18,
      20,
      27,
      34,
      37,
      40
    ],
    "lstm": [
      3,
      12,
      15,
      18,
      31,
      43
    ],
    "ml": [
      1,
      12,
      13,
      17,
      27,
      45
    ],
    "numerology": [
      17,
      22,
      23,
      24,
      25,
      31
    ],
    "pattern": [
      3,
      13,
      23,
      33,
      35,
      43
    ],
    "sequencecorrelation": [
      1,
      3,
      14,
      17,
      40,
      43
    ],
    "statistical": [
      2,
      4,
      20,
      28,
      40,
      45
    ],
    "timeseries": [
      9,
      16,
      17,
      21,
      28,
      45
    ]
  },
  "predicted_sets": [
    {
      "numbers": [
        3,
        12,
        27,
        28,
        40,
        45
      ],
      "confidence": 71.33333333333334
    },
    {
      "numbers": [
        3,
        12,
        13,
        27,
        34,
        45
      ],
      "confidence": 71.125
    },
    {
      "numbers": [
        1,
        12,
        13,
        17,
        31,
        40
      ],
      "confidence": 71.05833333333334
    },
    {
      "numbers": [
        3,
        12,
        17,
        18,
        25,
        31
      ],
      "confidence": 70.81649065781345
    },
    {
      "numbers": [
        1,
        13,
        14,
        17,
        25,
        40
      ],
      "confidence": 70.63333333333333
    },
    {
      "numbers": [
        1,
        3,
        12,
        28,
        31,
        40
      ],
      "confidence": 70.42500000000001
    },
    {
      "numbers": [
        3,
        13,
        17,
        28,
        36,
        40
      ],
      "confidence": 70.42500000000001
    },
    {
      "numbers": [
        3,
        13,
        14,
        31,
        40,
        45
      ],
      "confidence": 70.42500000000001
    },
    {
      "numbers": [
        12,
        13,
        27,
        34,
        40,
        45
      ],
      "confidence": 70.00537954670233
    },
    {
      "numbers": [
        1,
        15,
        27,
        28,
        40,
        43
      ],
      "confidence": 70.0
    },
    {
      "numbers": [
        1,
        12,
        17,
        20,
        36,
        43
      ],
      "confidence": 69.96666666666667
    },
    {
      "numbers": [
        3,
        12,
        14,
        17,
        20,
        45
      ],
      "confidence": 69.93333333333334
    },
    {
      "numbers": [
        3,
        12,
        17,
        34,
        36,
        40
      ],
      "confidence": 69.93333333333334
    },
    {
      "numbers": [
        13,
        17,
        28,
        31,
        40,
        45
      ],
      "confidence": 69.83871288003567
    },
    {
      "numbers": [
        1,
        12,
        18,
        27,
        31,
        43
      ],
      "confidence": 69.79166666666667
    },
    {
      "numbers": [
        1,
        13,
        17,
        18,
        27,
        34
      ],
      "confidence": 69.75833333333334
    },
    {
      "numbers": [
        1,
        3,
        12,
        18,
        34,
        43
      ],
      "confidence": 69.75833333333334
    },
    {
      "numbers": [
        1,
        3,
        18,
        27,
        31,
        40
      ],
      "confidence": 69.75833333333334
    },
    {
      "numbers": [
        1,
        3,
        12,
        23,
        28,
        45
      ],
      "confidence": 69.75833333333334
    },
    {
      "numbers": [
        12,
        17,
        18,
        28,
        31,
        45
      ],
      "confidence": 69.75833333333334
    },
    {
      "numbers": [
        12,
        17,
        20,
        25,
        31,
        45
      ],
      "confidence": 69.75833333333334
    },
    {
      "numbers": [
        3,
        12,
        14,
        17,
        27,
        45
      ],
      "confidence": 69.75833333333334
    },
    {
      "numbers": [
        13,
        14,
        17,
        27,
        40,
        45
      ],
      "confidence": 69.75833333333334
    },
    {
      "numbers": [
        12,
        13,
        18,
        25,
        31,
        45
      ],
      "confidence": 69.75833333333334
    },
    {
      "numbers": [
        1,
        13,
        17,
        23,
        28,
        34
      ],
      "confidence": 69.75833333333334
    },
    {
      "numbers": [
        12,
        13,
        20,
        31,
        40,
        45
      ],
      "confidence": 69.725
    },
    {
      "numbers": [
        3,
        13,
        31,
        36,
        40,
        43
      ],
      "confidence": 69.55
    },
    {
      "numbers": [
        12,
        13,
        27,
        28,
        36,
        45
      ],
      "confidence": 69.3
    },
    {
      "numbers": [
        3,
        12,
        20,
        34,
        37,
        45
      ],
      "confidence": 69.3
    },
    {
      "numbers": [
        1,
        3,
        20,
        25,
        36,
        43
      ],
      "confidence": 69.125
    },
    {
      "numbers": [
        3,
        14,
        15,
        28,
        40,
        45
      ],
      "confidence": 69.125
    },
    {
      "numbers": [
        1,
        13,
        14,
        15,
        40,
        43
      ],
      "confidence": 69.09166666666667
    },
    {
      "numbers": [
        12,
        17,
        18,
        27,
        34,
        45
      ],
      "confidence": 69.09166666666667
    },
    {
      "numbers": [
        3,
        12,
        20,
        25,
        28,
        40
      ],
      "confidence": 69.09166666666667
    },
    {
      "numbers": [
        1,
        12,
        17,
        20,
        27,
        34
      ],
      "confidence": 69.09166666666667
    },
    {
      "numbers": [
        12,
        13,
        17,
        25,
        27,
        34
      ],
      "confidence": 69.05833333333334
    },
    {
      "numbers": [
        13,
        15,
        18,
        31,
        40,
        45
      ],
      "confidence": 69.05833333333334
    },
    {
      "numbers": [
        13,
        17,
        18,
        23,
        34,
        43
      ],
      "confidence": 68.88333333333333
    },
    {
      "numbers": [
        3,
        12,
        20,
        25,
        43,
        45
      ],