{
  "latest_round": 367,
  "next_round": 368,
  "hot_cold": {
    "hot": [
      [
        5,
        14
      ],
      [
        14,
        14
      ],
      [
        16,
        11
      ],
      [
        29,
        11
      ],
      [
        17,
        10
      ],
      [
        20,
        10
      ],
      [
        25,
        10
      ],
      [
        34,
        10
      ],
      [
        45,
        10
      ],
      [
        1,
        9
      ]
    ],
    "cold": [
      [
        7,
        2
      ],
      [
        11,
        2
      ],
      [
        41,
        2
      ],
      [
        6,
        3
      ],
      [
        28,
        3
      ],
      [
        31,
        3
      ],
      [
        37,
        3
      ],
      [
        4,
        4
      ],
      [
        38,
        4
      ],
      [
        12,
        5
      ]
    ],
    "overdue": [
      [
        6,
        3.6184615384615384
      ],
      [
        39,
        3.264094955489614
      ],
      [
        42,
        2.898550724637681
      ],
      [
        28,
        2.6119873817034702
      ],
      [
        31,
        2.533333333333333
      ],
      [
        34,
        2.518950437317784
      ],
      [
        17,
        2.4052478134110786
      ],
      [
        13,
        2.3861671469740635
      ],
      [
        33,
        2.33810888252149
      ],
      [
        43,
        1.7850746268656716
      ]
    ]
  },
  "engine_predictions": {
    "advancedpattern": [
      3,
      22,
      25,
      29,
      32,
      44
    ],
    "gap": [
      1,
      7,
      13,
      19,
      25,
      31
    ],
    "graph": [
      1,
      3,
      5,
      14,
      34,
      36
    ],
    "lstm": [
      5,
      12,
      25,
      27,
      40,
      44
    ],
    "ml": [
      3,
      7,
      13,
      25,
      32,
      44
    ],
    "numerology": [
      16,
      17,
      22,
      23,
      24,
      25
    ],
    "pattern": [
      5,
      13,
      15,
      25,
      35,
      45
    ],
    "sequencecorrelation": [
      5,
      7,
      14,
      36,
      37,
      45
    ],
    "statistical": [
      13,
      17,
      33,
      34,
      42,
      45
    ],
    "timeseries": [
      1,
      10,
      31,
      35,
      37,
      40
    ]
  },
  "predicted_sets": [
    {
      "numbers": [
        5,
        13,
        25,
        29,
        32,
        44
      ],
      "confidence": 72.45833333333334
    },
    {
      "numbers": [
        1,
        13,
        22,
        25,
        36,
        45
      ],
      "confidence": 72.45833333333334
    },
    {
      "numbers": [
        3,
        13,
        25,
        31,
        40,
        44
      ],
      "confidence": 72.45833333333334
    },
    {
      "numbers": [
        1,
        5,
        13,
        25,
        32,
        36
      ],
      "confidence": 72.42500000000001
    },
    {
      "numbers": [
        7,
        13,
        22,
        25,
        29,
        44
      ],
      "confidence": 71.96666666666667
    },
    {
      "numbers": [
        3,
        13,
        25,
        29,
        32,
        44
      ],
      "confidence": 71.79166666666666
    },
    {
      "numbers": [
        3,
        17,
        25,
        32,
        44,
        45
      ],
      "confidence": 71.79166666666666
    },
    {
      "numbers": [
        3,
        5,
        25,
        40,
        44,
        45
      ],
      "confidence": 71.55
    },
    {
      "numbers": [
        5,
        13,
        22,
        36,
        37,
        44
      ],
      "confidence": 71.33333333333334
    },
    {
      "numbers": [
        1,
        13,
        25,
        29,
        32,
        36
      ],
      "confidence": 71.3
    },
    {
      "numbers": [
        1,
        3,
        22,
        25,
        32,
        44
      ],
      "confidence": 71.09166666666667
    },
    {
      "numbers": [
        3,
        7,
        22,
        25,
        34,
        44
      ],
      "confidence": 71.09166666666667
    },
    {
      "numbers": [
        7,
        13,
        25,
        32,
        35,
        36
      ],
      "confidence": 71.09166666666667
    },
    {
      "numbers": [
        1,
        5,
        7,
        25,
        34,
        40
      ],
      "confidence": 71.05833333333334
    },
    {
      "numbers": [
        5,
        14,
        22,
        25,
        31,
        45
      ],
      "confidence": 70.91666666666666
    },
    {
      "numbers": [
        3,
        7,
        14,
        25,
        34,
        44
      ],
      "confidence": 70.91666666666666
    },
    {
      "numbers": [
        1,
        7,
        14,
        25,
        44,
        45
      ],
      "confidence": 70.88333333333333
    },
    {
      "numbers": [
        3,
        5,
        25,
        34,
        37,
        44
      ],
      "confidence": 70.88333333333333
    },
    {
      "numbers": [
        1,
        5,
        22,
        25,
        36,
        45
      ],
      "confidence": 70.88333333333333
    },
    {
      "numbers": [
        3,
        5,
        17,
        22,
        36,
        44
      ],
      "confidence": 70.66666666666667
    },
    {
      "numbers": [
        3,
        22,
        25,
        27,
        40,
        44
      ],
      "confidence": 70.63333333333333
    },
    {
      "numbers": [
        3,
        7,
        25,
        31,
        32,
        40
      ],
      "confidence": 70.6
    },
    {
      "numbers": [
        3,
        5,
        13,
        32,
        40,
        44
      ],
      "confidence": 70.42500000000001
    },
    {
      "numbers": [
        5,
        17,
        25,
        31,
        32,
        34
      ],
      "confidence": 70.42500000000001
    },
    {
      "numbers": [
        5,
        22,
        25,
        29,
        37,
        44
      ],
      "confidence": 70.42500000000001
    },
    {
      "numbers": [
        3,
        5,
        22,
        25,
        31,
        34
      ],
      "confidence": 70.39166666666667
    },
    {
      "numbers": [
        13,
        14,
        17,
        22,
        25,
        44
      ],
      "confidence": 70.39166666666667
    },
    {
      "numbers": [
        5,
        22,
        25,
        34,
        36,
        44
      ],
      "confidence": 70.21666666666667
    },
    {
      "numbers": [
        1,
        17,
        25,
        29,
        32,
        40
      ],
      "confidence": 69.96666666666667
    },
    {
      "numbers": [
        5,
        13,
        14,
        22,
        37,
        40
      ],
      "confidence": 69.96666666666667
    },
    {
      "numbers": [
        1,
        5,
        13,
        22,
        27,
        40
      ],
      "confidence": 69.96666666666667
    },
    {
      "numbers": [
        1,
        3,
        25,
        29,
        32,
        34
      ],
      "confidence": 69.93333333333334
    },
    {
      "numbers": [
        3,
        5,
        7,
        14,
        40,
        45
      ],
      "confidence": 69.75833333333334
    },
    {
      "numbers": [
        5,
        13,
        32,
        36,
        37,
        45
      ],
      "confidence": 69.75833333333334
    },
    {
      "numbers": [
        1,
        22,
        25,
        29,
        32,
        44
      ],
      "confidence": 69.75833333333334
    },
    {
      "numbers": [
        3,
        7,
        14,
        25,
        27,
        36
      ],
      "confidence": 69.75833333333334
    },
    {
      "numbers": [
        13,
        22,
        25,
        32,
        34,
        40
      ],
      "confidence": 69.725
    },
    {
      "numbers": [
        1,
        5,
        25,
        27,
        34,
        40
      ],