{
  "latest_round": 615,
  "next_round": 616,
  "hot_cold": {
    "hot": [
      [
        8,
        13
      ],
      [
        2,
        12
      ],
      [
        14,
        12
      ],
      [
        33,
        11
      ],
      [
        38,
        11
      ],
      [
        5,
        9
      ],
      [
        25,
        9
      ],
      [
        34,
        9
      ],
      [
        6,
        8
      ],
      [
        18,
        8
      ]
    ],
    "cold": [
      [
        42,
        3
      ],
      [
        45,
        3
      ],
      [
        9,
        4
      ],
      [
        26,
        4
      ],
      [
        29,
        4
      ],
      [
        31,
        4
      ],
      [
        32,
        4
      ],
      [
        1,
        5
      ],
      [
        3,
        5
      ],
      [
        11,
        5
      ]
    ],
    "overdue": [
      [
        42,
        4.404145077720208
      ],
      [
        32,
        3.5418803418803417
      ],
      [
        15,
        3.5257731958762886
      ],
      [
        3,
        2.5834767641996557
      ],
      [
        45,
        2.378839590443686
      ],
      [
        24,
        2.2360876897133224
      ],
      [
        12,
        2.1606837606837606
      ],
      [
        29,
        1.9532554257095158
      ],
      [
        35,
        1.8970840480274442
      ],
      [
        31,
        1.8963210702341138
      ]
    ]
  },
  "engine_predictions": {
    "advancedpattern": [
      10,
      17,
      18,
      19,
      23,
      27
    ],
    "gap": [
      1,
      7,
      13,
      19,
      25,
      31
    ],
    "graph": [
      1,
      8,
      34,
      36,
      39,
      40
    ],
    "lstm": [
      8,
      18,
      19,
      27,
      39,
      44
    ],
    "ml": [
      10,
      12,
      17,
      18,
      19,
      23
    ],
    "numerology": [
      13,
      17,
      22,
      23,
      25,
      31
    ],
    "pattern": [
      5,
      15,
      25,
      33,
      35,
      45
    ],
    "sequencecorrelation": [
      4,
      12,
      13,
      27,
      40,
      43
    ],
    "statistical": [
      12,
      13,
      15,
      24,
      32,
      45
    ],
    "timeseries": [
      12,
      14,
      24,
      29,
      36,
      39
    ]
  },
  "predicted_sets": [
    {
      "numbers": [
        8,
        12,
        13,
        19,
        27,
        45
      ],
      "confidence": 71.96666666666667
    },
    {
      "numbers": [
        10,
        12,
        13,
        19,
        27,
        36
      ],
      "confidence": 71.96666666666667
    },
    {
      "numbers": [
        8,
        12,
        17,
        23,
        39,
        45
      ],
      "confidence": 71.33333333333334
    },
    {
      "numbers": [
        10,
        12,
        18,
        19,
        25,
        36
      ],
      "confidence": 71.3
    },
    {
      "numbers": [
        10,
        12,
        13,
        27,
        36,
        39
      ],
      "confidence": 71.3
    },
    {
      "numbers": [
        10,
        18,
        23,
        27,
        39,
        45
      ],
      "confidence": 70.66666666666667
    },
    {
      "numbers": [
        10,
        12,
        24,
        27,
        39,
        45
      ],
      "confidence": 70.66666666666667
    },
    {
      "numbers": [
        1,
        12,
        18,
        23,
        27,
        40
      ],
      "confidence": 70.63333333333333
    },
    {
      "numbers": [
        8,
        12,
        15,
        19,
        27,
        36
      ],
      "confidence": 70.63333333333333
    },
    {
      "numbers": [
        8,
        13,
        19,
        24,
        25,
        27
      ],
      "confidence": 70.6
    },
    {
      "numbers": [
        12,
        15,
        18,
        19,
        27,
        31
      ],
      "confidence": 70.6
    },
    {
      "numbers": [
        12,
        13,
        15,
        19,
        25,
        36
      ],
      "confidence": 70.39166666666667
    },
    {
      "numbers": [
        10,
        13,
        17,
        18,
        19,
        39
      ],
      "confidence": 70.39166666666667
    },
    {
      "numbers": [
        10,
        12,
        15,
        27,
        36,
        39
      ],
      "confidence": 69.96666666666667
    },
    {
      "numbers": [
        8,
        12,
        27,
        31,
        39,
        40
      ],
      "confidence": 69.96666666666667
    },
    {
      "numbers": [
        8,
        13,
        27,
        31,
        36,
        39
      ],
      "confidence": 69.96666666666667
    },
    {
      "numbers": [
        1,
        12,
        15,
        23,
        27,
        40
      ],
      "confidence": 69.96666666666667
    },
    {
      "numbers": [
        13,
        17,
        24,
        25,
        36,
        39
      ],
      "confidence": 69.93333333333334
    },
    {
      "numbers": [
        18,
        19,
        23,
        25,
        31,
        36
      ],
      "confidence": 69.93333333333334
    },
    {
      "numbers": [
        12,
        18,
        23,
        25,
        31,
        40
      ],
      "confidence": 69.93333333333334
    },
    {
      "numbers": [
        4,
        13,
        17,
        18,
        19,
        45
      ],
      "confidence": 69.93333333333334
    },
    {
      "numbers": [
        12,
        18,
        23,
        27,
        31,
        40
      ],
      "confidence": 69.93333333333334
    },
    {
      "numbers": [
        10,
        12,
        18,
        19,
        23,
        24
      ],
      "confidence": 69.92714001502304
    },
    {
      "numbers": [
        13,
        14,
        18,
        19,
        25,
        27
      ],
      "confidence": 69.9
    },
    {
      "numbers": [
        8,
        18,
        19,
        23,
        31,
        45
      ],
      "confidence": 69.79166666666667
    },
    {
      "numbers": [
        10,
        13,
        18,
        23,
        24,
        39
      ],
      "confidence": 69.75833333333334
    },
    {
      "numbers": [
        10,
        12,
        19,
        24,
        36,
        39
      ],
      "confidence": 69.75833333333334
    },
    {
      "numbers": [
        8,
        13,
        23,
        24,
        27,
        39
      ],
      "confidence": 69.75833333333334
    },
    {
      "numbers": [
        8,
        12,
        19,
        36,
        39,
        45
      ],
      "confidence": 69.75833333333334
    },
    {
      "numbers": [
        4,
        12,
        15,
        19,
        23,
        39
      ],
      "confidence": 69.75833333333334
    },
    {
      "numbers": [
        8,
        12,
        17,
        27,
        31,
        39
      ],
      "confidence": 69.75833333333334
    },
    {
      "numbers": [
        10,
        12,
        17,
        25,
        27,
        36
      ],
      "confidence": 69.75833333333334
    },
    {
      "numbers": [
        18,
        19,
        23,
        27,
        39,
        40
      ],
      "confidence": 69.725
    },
    {
      "numbers": [
        12,
        15,
        18,
        25,
        27,
        39
      ],
      "confidence": 69.725
    },
    {
      "numbers": [
        8,
        10,
        15,
        23,
        27,
        39
      ],
      "confidence": 69.3
    },
    {
      "numbers": [
        4,
        10,
        12,
        17,
        39,
        45
      ],
      "confidence": 69.3
    },
    {
      "numbers": [
        10,
        12,
        17,
        31,
        36,
        45
      ],
      "confidence": 69.3
    },
    {
      "numbers": [
        4,
        10,
        18,
        23,
        27,
        39
      ],
      "confidence": 69.3
    },
    {
      "numbers": [
        4,
        8,
        19,
        25,
        27,
        40
      ],