{
  "latest_round": 631,
  "next_round": 632,
  "hot_cold": {
    "hot": [
      [
        8,
        15
      ],
      [
        2,
        14
      ],
      [
        38,
        11
      ],
      [
        39,
        11
      ],
      [
        14,
        10
      ],
      [
        27,
        10
      ],
      [
        6,
        9
      ],
      [
        7,
        9
      ],
      [
        13,
        9
      ],
      [
        33,
        9
      ]
    ],
    "cold": [
      [
        3,
        2
      ],
      [
        32,
        2
      ],
      [
        11,
        3
      ],
      [
        26,
        3
      ],
      [
        29,
        3
      ],
      [
        37,
        3
      ],
      [
        42,
        3
      ],
      [
        15,
        4
      ],
      [
        20,
        4
      ],
      [
        22,
        4
      ]
    ],
    "overdue": [
      [
        29,
        4.036727879799666
      ],
      [
        37,
        3.081967213114754
      ],
      [
        36,
        2.691029900332226
      ],
      [
        18,
        2.164429530201342
      ],
      [
        10,
        2.1368078175895766
      ],
      [
        5,
        2.0941176470588236
      ],
      [
        11,
        1.8013029315960913
      ]
    ]
  },
  "engine_predictions": {
    "advancedpattern": [
      1,
      2,
      4,
      23,
      31,
      34
    ],
    "gap": [
      1,
      7,
      13,
      19,
      25,
      31
    ],
    "graph": [
      5,
      8,
      20,
      27,
      34,
      40
    ],
    "lstm": [
      1,
      2,
      7,
      21,
      23,
      31
    ],
    "ml": [
      1,
      2,
      10,
      23,
      24,
      31
    ],
    "numerology": [
      13,
      17,
      22,
      23,
      25,
      31
    ],
    "pattern": [
      5,
      13,
      15,
      25,
      35,
      45
    ],
    "sequencecorrelation": [
      1,
      14,
      17,
      24,
      31,
      34
    ],
    "statistical": [
      5,
      10,
      18,
      36,
      37,
      39
    ],
    "timeseries": [
      7,
      11,
      16,
      18,
      26,
      36
    ]
  },
  "predicted_sets": [
    {
      "numbers": [
        1,
        18,
        23,
        31,
        34,
        45
      ],
      "confidence": 73.125
    },
    {
      "numbers": [
        1,
        2,
        23,
        31,
        34,
        45
      ],
      "confidence": 73.09166666666667
    },
    {
      "numbers": [
        1,
        10,
        17,
        25,
        31,
        34
      ],
      "confidence": 72.42500000000001
    },
    {
      "numbers": [
        1,
        2,
        18,
        23,
        31,
        37
      ],
      "confidence": 72.42500000000001
    },
    {
      "numbers": [
        1,
        23,
        24,
        25,
        31,
        36
      ],
      "confidence": 72.39166666666667
    },
    {
      "numbers": [
        2,
        7,
        18,
        23,
        31,
        40
      ],
      "confidence": 71.96666666666667
    },
    {
      "numbers": [
        1,
        5,
        10,
        23,
        31,
        34
      ],
      "confidence": 71.52531978962372
    },
    {
      "numbers": [
        1,
        2,
        10,
        23,
        34,
        45
      ],
      "confidence": 71.3
    },
    {
      "numbers": [
        1,
        2,
        17,
        25,
        34,
        36
      ],
      "confidence": 71.3
    },
    {
      "numbers": [
        2,
        7,
        13,
        27,
        31,
        34
      ],
      "confidence": 71.09166666666667
    },
    {
      "numbers": [
        7,
        13,
        24,
        31,
        34,
        36
      ],
      "confidence": 71.09166666666667
    },
    {
      "numbers": [
        2,
        4,
        17,
        23,
        31,
        34
      ],
      "confidence": 71.09166666666667
    },
    {
      "numbers": [
        1,
        7,
        18,
        31,
        34,
        40
      ],
      "confidence": 71.05833333333334
    },
    {
      "numbers": [
        1,
        18,
        25,
        31,
        36,
        45
      ],
      "confidence": 70.91666666666666
    },
    {
      "numbers": [
        1,
        13,
        21,
        31,
        34,
        36
      ],
      "confidence": 70.88333333333333
    },
    {
      "numbers": [
        1,
        21,
        23,
        31,
        34,
        36
      ],
      "confidence": 70.85
    },
    {
      "numbers": [
        2,
        5,
        7,
        23,
        31,
        34
      ],
      "confidence": 70.73365312295707
    },
    {
      "numbers": [
        4,
        18,
        23,
        25,
        31,
        40
      ],
      "confidence": 70.63333333333333
    },
    {
      "numbers": [
        10,
        13,
        18,
        25,
        27,
        31
      ],
      "confidence": 70.63333333333333
    },
    {
      "numbers": [
        10,
        13,
        21,
        25,
        31,
        34
      ],
      "confidence": 70.42500000000001
    },
    {
      "numbers": [
        2,
        4,
        17,
        25,
        31,
        34
      ],
      "confidence": 70.42500000000001
    },
    {
      "numbers": [
        7,
        10,
        13,
        23,
        25,
        34
      ],
      "confidence": 70.42500000000001
    },
    {
      "numbers": [
        1,
        2,
        23,
        24,
        34,
        36
      ],
      "confidence": 70.39166666666667
    },
    {
      "numbers": [
        2,
        7,
        21,
        23,
        24,
        31
      ],
      "confidence": 70.39166666666667
    },
    {
      "numbers": [
        2,
        5,
        25,
        31,
        34,
        45
      ],
      "confidence": 70.21666666666667
    },
    {
      "numbers": [
        1,
        2,
        10,
        23,
        31,
        37
      ],
      "confidence": 70.1919864562904
    },
    {
      "numbers": [
        1,
        5,
        21,
        31,
        34,
        36
      ],
      "confidence": 70.18333333333334
    },
    {
      "numbers": [
        1,
        2,
        18,
        34,
        36,
        45
      ],
      "confidence": 69.96666666666667
    },
    {
      "numbers": [
        1,
        2,
        23,
        36,
        40,
        45
      ],
      "confidence": 69.96666666666667
    },
    {
      "numbers": [
        10,
        18,
        27,
        31,
        34,
        36
      ],
      "confidence": 69.96666666666667
    },
    {
      "numbers": [
        5,
        17,
        23,
        25,
        34,
        36
      ],
      "confidence": 69.75833333333334
    },
    {
      "numbers": [
        5,
        7,
        31,
        34,
        36,
        45
      ],
      "confidence": 69.725
    },
    {
      "numbers": [
        7,
        13,
        21,
        24,
        31,
        34
      ],
      "confidence": 69.55
    },
    {
      "numbers": [
        2,
        5,
        18,
        23,
        36,
        37
      ],
      "confidence": 69.3
    },
    {
      "numbers": [
        1,
        7,
        13,
        18,
        36,
        40
      ],
      "confidence": 69.26666666666668
    },
    {
      "numbers": [
        5,
        10,
        13,
        18,
        27,
        31
      ],
      "confidence": 69.10031978962373
    },
    {
      "numbers": [
        2,
        5,
        18,
        25,
        34,
        36
      ],
      "confidence": 69.09166666666667
    },
    {
      "numbers": [
        5,
        13,
        17,
        23,
        34,
        40
      ],
      "confidence": 69.09166666666667
    },
    {
      "numbers": [
        2,
        10,
        13,
        23,
        27,
        34
      ],
      "confidence": 69.09166666666667
    },
    {
      "numbers": [
        7,
        17,
        18,
        31,
        36,
        45
      ],