{
  "latest_round": 417,
  "next_round": 418,
  "hot_cold": {
    "hot": [
      [
        22,
        15
      ],
      [
        40,
        13
      ],
      [
        20,
        11
      ],
      [
        1,
        10
      ],
      [
        15,
        10
      ],
      [
        24,
        10
      ],
      [
        7,
        9
      ],
      [
        9,
        9
      ],
      [
        11,
        9
      ],
      [
        26,
        9
      ]
    ],
    "cold": [
      [
        3,
        2
      ],
      [
        38,
        2
      ],
      [
        30,
        3
      ],
      [
        33,
        3
      ],
      [
        23,
        4
      ],
      [
        29,
        4
      ],
      [
        35,
        4
      ],
      [
        36,
        4
      ],
      [
        44,
        4
      ],
      [
        2,
        5
      ]
    ],
    "overdue": [
      [
        29,
        3.6718346253229974
      ],
      [
        19,
        2.2932330827067666
      ],
      [
        38,
        1.731958762886598
      ],
      [
        36,
        1.6624685138539044
      ],
      [
        33,
        1.6451612903225805
      ],
      [
        10,
        1.6039603960396038
      ],
      [
        28,
        1.6010638297872342
      ],
      [
        27,
        1.5285359801488834
      ]
    ]
  },
  "engine_predictions": {
    "advancedpattern": [
      4,
      5,
      14,
      20,
      22,
      43
    ],
    "gap": [
      1,
      7,
      13,
      19,
      25,
      31
    ],
    "graph": [
      1,
      3,
      5,
      20,
      37,
      40
    ],
    "lstm": [
      5,
      14,
      20,
      22,
      26,
      40
    ],
    "ml": [
      5,
      12,
      19,
      22,
      34,
      43
    ],
    "numerology": [
      13,
      16,
      17,
      22,
      23,
      25
    ],
    "pattern": [
      5,
      11,
      15,
      25,
      35,
      45
    ],
    "sequencecorrelation": [
      5,
      7,
      18,
      24,
      29,
      44
    ],
    "statistical": [
      1,
      10,
      19,
      28,
      29,
      36
    ],
    "timeseries": [
      19,
      21,
      33,
      36,
      40,
      41
    ]
  },
  "predicted_sets": [
    {
      "numbers": [
        5,
        7,
        19,
        22,
        40,
        43
      ],
      "confidence": 74.0
    },
    {
      "numbers": [
        5,
        14,
        19,
        22,
        36,
        40
      ],
      "confidence": 73.3
    },
    {
      "numbers": [
        1,
        5,
        19,
        20,
        22,
        36
      ],
      "confidence": 72.74293222339203
    },
    {
      "numbers": [
        5,
        14,
        20,
        22,
        36,
        43
      ],
      "confidence": 72.66666666666666
    },
    {
      "numbers": [
        5,
        19,
        20,
        22,
        29,
        43
      ],
      "confidence": 72.42500000000001
    },
    {
      "numbers": [
        5,
        20,
        21,
        22,
        36,
        43
      ],
      "confidence": 72.0
    },
    {
      "numbers": [
        1,
        19,
        20,
        22,
        25,
        40
      ],
      "confidence": 71.75833333333334
    },
    {
      "numbers": [
        1,
        5,
        18,
        22,
        37,
        43
      ],
      "confidence": 71.33333333333334
    },
    {
      "numbers": [
        1,
        14,
        19,
        22,
        25,
        36
      ],
      "confidence": 71.3
    },
    {
      "numbers": [
        5,
        13,
        22,
        36,
        37,
        40
      ],
      "confidence": 71.3
    },
    {
      "numbers": [
        5,
        7,
        13,
        22,
        36,
        43
      ],
      "confidence": 71.125
    },
    {
      "numbers": [
        4,
        5,
        20,
        22,
        25,
        43
      ],
      "confidence": 71.09166666666667
    },
    {
      "numbers": [
        5,
        7,
        22,
        25,
        36,
        40
      ],
      "confidence": 71.05833333333334
    },
    {
      "numbers": [
        5,
        13,
        20,
        22,
        25,
        43
      ],
      "confidence": 70.88333333333333
    },
    {
      "numbers": [
        5,
        14,
        19,
        25,
        29,
        40
      ],
      "confidence": 70.88333333333333
    },
    {
      "numbers": [
        1,
        14,
        22,
        36,
        40,
        43
      ],
      "confidence": 70.66666666666667
    },
    {
      "numbers": [
        5,
        19,
        22,
        24,
        33,
        37
      ],
      "confidence": 70.63333333333333
    },
    {
      "numbers": [
        5,
        20,
        22,
        24,
        36,
        37
      ],
      "confidence": 70.63333333333333
    },
    {
      "numbers": [
        4,
        5,
        14,
        22,
        29,
        40
      ],
      "confidence": 70.42500000000001
    },
    {
      "numbers": [
        1,
        5,
        19,
        24,
        31,
        40
      ],
      "confidence": 70.42500000000001
    },
    {
      "numbers": [
        5,
        20,
        22,
        24,
        33,
        40
      ],
      "confidence": 70.42500000000001
    },
    {
      "numbers": [
        5,
        7,
        18,
        19,
        20,
        40
      ],
      "confidence": 70.39166666666667
    },
    {
      "numbers": [
        1,
        18,
        22,
        36,
        40,
        43
      ],
      "confidence": 70.0
    },
    {
      "numbers": [
        5,
        7,
        18,
        22,
        33,
        36
      ],
      "confidence": 69.96666666666667
    },
    {
      "numbers": [
        4,
        5,
        13,
        22,
        31,
        43
      ],
      "confidence": 69.79166666666667
    },
    {
      "numbers": [
        5,
        14,
        22,
        24,
        37,
        43
      ],
      "confidence": 69.79166666666667
    },
    {
      "numbers": [
        5,
        7,
        19,
        20,
        24,
        37
      ],
      "confidence": 69.75833333333334
    },
    {
      "numbers": [
        4,
        5,
        22,
        25,
        37,
        43
      ],
      "confidence": 69.75833333333334
    },
    {
      "numbers": [
        13,
        19,
        20,
        22,
        36,
        40
      ],
      "confidence": 69.725
    },
    {
      "numbers": [
        4,
        5,
        20,
        31,
        36,
        43
      ],
      "confidence": 69.3
    },
    {
      "numbers": [
        4,
        19,
        21,
        22,
        25,
        36
      ],
      "confidence": 69.3
    },
    {
      "numbers": [
        5,
        7,
        14,
        31,
        36,
        40
      ],
      "confidence": 69.26666666666668
    },
    {
      "numbers": [
        4,
        5,
        20,
        29,
        33,
        43
      ],
      "confidence": 69.125
    },
    {
      "numbers": [
        4,
        5,
        20,
        31,
        40,
        43
      ],
      "confidence": 69.09166666666667
    },
    {
      "numbers": [
        4,
        5,
        20,
        25,
        33,
        36
      ],
      "confidence": 69.09166666666667
    },
    {
      "numbers": [
        4,
        5,
        14,
        22,
        31,
        36
      ],
      "confidence": 69.09166666666667
    },
    {
      "numbers": [
        4,
        5,
        14,
        21,
        22,
        43
      ],
      "confidence": 69.09166666666667
    },
    {
      "numbers": [
        7,
        19,
        20,
        22,
        36,
        37
      ],
      "confidence": 69.09166666666667
    },
    {
      "numbers": [
        19,
        20,
        21,
        22,
        36,
        40
      ],
      "confidence": 69.05833333333334
    },
    {
      "numbers": [
        5,
        7,
        18,
        19,
        20,
        37
      ],