{
  "latest_round": 1226,
  "next_round": 1227,
  "hot_cold": {
    "hot": [
      [
        27,
        13
      ],
      [
        16,
        11
      ],
      [
        28,
        11
      ],
      [
        15,
        10
      ],
      [
        3,
        9
      ],
      [
        1,
        8
      ],
      [
        6,
        8
      ],
      [
        19,
        8
      ],
      [
        23,
        8
      ],
      [
        31,
        8
      ]
    ],
    "cold": [
      [
        34,
        2
      ],
      [
        14,
        3
      ],
      [
        11,
        4
      ],
      [
        21,
        4
      ],
      [
        42,
        4
      ],
      [
        43,
        4
      ],
      [
        2,
        5
      ],
      [
        7,
        5
      ],
      [
        12,
        5
      ],
      [
        22,
        5
      ]
    ],
    "overdue": [
      [
        12,
        3.5555555555555554
      ],
      [
        37,
        2.392384105960265
      ],
      [
        7,
        2.2285237698081737
      ],
      [
        40,
        2.1198347107438016
      ],
      [
        35,
        2.0117351215423303
      ],
      [
        38,
        1.8199999999999998
      ],
      [
        5,
        1.6591099916036944
      ]
    ]
  },
  "engine_predictions": {
    "advancedpattern": [
      1,
      11,
      25,
      26,
      28,
      31
    ],
    "fourier": [
      2,
      3,
      5,
      15,
      34,
      43
    ],
    "gap": [
      1,
      7,
      13,
      19,
      25,
      31
    ],
    "graph": [
      3,
      13,
      14,
      17,
      27,
      34
    ],
    "lstm": [
      18,
      24,
      30,
      31,
      41,
      43
    ],
    "ml": [
      13,
      20,
      23,
      27,
      40,
      45
    ],
    "numerology": [
      17,
      22,
      23,
      24,
      25,
      31
    ],
    "pattern": [
      3,
      11,
      13,
      23,
      33,
      43
    ],
    "poisson": [
      11,
      12,
      14,
      21,
      34,
      43
    ],
    "sequencecorrelation": [
      11,
      20,
      21,
      24,
      26,
      27
    ],
    "statistical": [
      5,
      7,
      35,
      37,
      38,
      40
    ],
    "timeseries": [
      2,
      10,
      15,
      31,
      35,
      38
    ]
  },
  "final_weights": {
    "advancedpattern": 0.07030845726370734,
    "fourier": 0.09578824217607487,
    "gap": 0.003374805948657952,
    "graph": 0.042443809480954844,
    "lstm": 0.056021778747722,
    "ml": 0.16817782977478793,
    "numerology": 0.03388305172452584,
    "pattern": 0.010866875154678603,
    "poisson": 0.001378045762368664,
    "sequencecorrelation": 0.06890228811843319,
    "statistical": 0.2397462145926609,
    "timeseries": 0.20910860125542782
  },
  "dynamic_boosts": {
    "advancedpattern": 1.25,
    "fourier": 1.3,
    "gap": 1.2,
    "graph": 1.1,
    "lstm": 1.0,
    "ml": 1.0,
    "numerology": 1.2,
    "pattern": 1.15,
    "poisson": 1.225,
    "sequencecorrelation": 1.225,
    "statistical": 1.2,
    "timeseries": 1.175
  },
  "predicted_sets": [
    {
      "numbers": [
        2,
        15,
        27,
        31,
        38,
        43
      ],
      "confidence": 70.0
    },
    {
      "numbers": [
        2,
        11,
        25,
        38,
        40,
        43
      ],
      "confidence": 69.44444444444444
    },
    {
      "numbers": [
        3,
        20,
        23,
        31,
        34,
        43
      ],
      "confidence": 69.36111111111111
    },
    {
      "numbers": [
        5,
        11,
        23,
        24,
        40,
        43
      ],
      "confidence": 69.125
    },
    {
      "numbers": [
        2,
        11,
        25,
        27,
        31,
        38
      ],
      "confidence": 68.98055555555555
    },
    {
      "numbers": [
        11,
        23,
        25,
        31,
        34,
        38
      ],
      "confidence": 68.83611111111111
    },
    {
      "numbers": [
        11,
        13,
        24,
        31,
        35,
        38
      ],
      "confidence": 68.83611111111111
    },
    {
      "numbers": [
        7,
        20,
        23,
        31,
        34,
        38
      ],
      "confidence": 68.74444444444444
    },
    {
      "numbers": [
        13,
        24,
        25,
        27,
        34,
        43
      ],
      "confidence": 68.66111111111111
    },
    {
      "numbers": [
        3,
        5,
        27,
        31,
        34,
        38
      ],
      "confidence": 68.6
    },
    {
      "numbers": [
        2,
        5,
        15,
        31,
        34,
        43
      ],
      "confidence": 68.42500000000001
    },
    {
      "numbers": [
        3,
        13,
        24,
        31,
        37,
        40
      ],
      "confidence": 68.42500000000001
    },
    {
      "numbers": [
        2,
        7,
        23,
        31,
        40,
        43
      ],
      "confidence": 68.42500000000001
    },
    {
      "numbers": [
        3,
        24,
        25,
        31,
        34,
        40
      ],
      "confidence": 68.28055555555557
    },
    {
      "numbers": [
        3,
        11,
        20,
        27,
        35,
        38
      ],
      "confidence": 68.18888888888888
    },
    {
      "numbers": [
        4,
        6,
        13,
        25,
        31,
        43
      ],
      "confidence": 68.01388888888889
    },
    {
      "numbers": [
        2,
        3,
        15,
        27,
        38,
        43
      ],
      "confidence": 68.01388888888889
    },
    {
      "numbers": [
        7,
        20,
        23,
        31,
        34,
        40
      ],
      "confidence": 67.86944444444444
    },
    {
      "numbers": [
        3,
        13,
        27,
        34,
        35,
        40
      ],
      "confidence": 67.86944444444444
    },
    {
      "numbers": [
        2,
        3,
        13,
        24,
        27,
        40
      ],
      "confidence": 67.86944444444444
    },
    {
      "numbers": [
        1,
        3,
        15,
        24,
        31,
        40
      ],
      "confidence": 67.86944444444444
    },
    {
      "numbers": [
        5,
        11,
        23,
        24,
        25,
        38
      ],
      "confidence": 67.86944444444444
    },
    {
      "numbers": [
        3,
        20,
        23,
        24,
        31,
        37
      ],
      "confidence": 67.86944444444444
    },
    {
      "numbers": [
        7,
        25,
        27,
        31,
        34,
        38
      ],
      "confidence": 67.725
    },
    {
      "numbers": [
        2,
        7,
        24,
        25,
        31,
        34
      ],
      "confidence": 67.725
    },
    {
      "numbers": [
        11,
        13,
        20,
        23,
        24,
        38
      ],
      "confidence": 67.725
    },
    {
      "numbers": [
        1,
        13,
        20,
        24,
        40,
        43
      ],
      "confidence": 67.69444444444444
    },
    {
      "numbers": [
        3,
        20,
        23,
        25,
        38,
        43
      ],
      "confidence": 67.69444444444444
    },
    {
      "numbers": [
        1,
        13,
        27,
        35,
        38,
        40
      ],
      "confidence": 67.63333333333333
    },
    {
      "numbers": [
        7,
        13,
        15,
        24,
        38,
        40
      ],
      "confidence": 67.63333333333333
    },
    {
      "numbers": [
        5,
        11,
        20,
        23,
        24,
        37
      ],
      "confidence": 67.63333333333333
    },
    {
      "numbers": [
        2,
        11,
        20,
        23,
        34,
        37
      ],
      "confidence": 67.63333333333333
    },
    {
      "numbers": [
        7,
        23,
        24,
        25,
        34,
        43
      ],