{
  "latest_round": 126,
  "next_round": 127,
  "hot_cold": {
    "hot": [
      [
        17,
        12
      ],
      [
        1,
        11
      ],
      [
        34,
        11
      ],
      [
        29,
        10
      ],
      [
        33,
        10
      ],
      [
        36,
        10
      ],
      [
        4,
        9
      ],
      [
        22,
        9
      ],
      [
        24,
        9
      ],
      [
        3,
        8
      ]
    ],
    "cold": [
      [
        39,
        1
      ],
      [
        15,
        3
      ],
      [
        19,
        3
      ],
      [
        21,
        3
      ],
      [
        38,
        3
      ],
      [
        9,
        4
      ],
      [
        13,
        4
      ],
      [
        8,
        5
      ],
      [
        12,
        5
      ],
      [
        16,
        5
      ]
    ],
    "overdue": [
      [
        39,
        6.666666666666667
      ],
      [
        15,
        3.556701030927835
      ],
      [
        24,
        2.5742574257425743
      ],
      [
        26,
        2.111111111111111
      ]
    ]
  },
  "engine_predictions": {
    "advancedpattern": [
      7,
      20,
      22,
      27,
      40,
      43
    ],
    "gap": [
      1,
      7,
      13,
      19,
      25,
      31
    ],
    "graph": [
      7,
      17,
      33,
      36,
      37,
      40
    ],
    "lstm": [
      4,
      7,
      17,
      22,
      36,
      40
    ],
    "ml": [
      7,
      18,
      20,
      27,
      40,
      43
    ],
    "numerology": [
      16,
      17,
      22,
      23,
      24,
      25
    ],
    "pattern": [
      3,
      13,
      23,
      33,
      37,
      43
    ],
    "sequencecorrelation": [
      7,
      17,
      18,
      26,
      36,
      40
    ],
    "statistical": [
      3,
      6,
      15,
      17,
      24,
      26
    ],
    "timeseries": [
      10,
      11,
      19,
      26,
      31,
      39
    ]
  },
  "predicted_sets": [
    {
      "numbers": [
        7,
        17,
        22,
        26,
        40,
        43
      ],
      "confidence": 75.79166666666667
    },
    {
      "numbers": [
        7,
        17,
        18,
        22,
        25,
        40
      ],
      "confidence": 73.75833333333334
    },
    {
      "numbers": [
        7,
        17,
        22,
        23,
        25,
        40
      ],
      "confidence": 73.75833333333334
    },
    {
      "numbers": [
        7,
        17,
        22,
        26,
        27,
        40
      ],
      "confidence": 73.55
    },
    {
      "numbers": [
        7,
        18,
        20,
        26,
        40,
        43
      ],
      "confidence": 73.125
    },
    {
      "numbers": [
        7,
        17,
        18,
        23,
        31,
        40
      ],
      "confidence": 73.09166666666667
    },
    {
      "numbers": [
        7,
        17,
        20,
        22,
        33,
        40
      ],
      "confidence": 72.88333333333333
    },
    {
      "numbers": [
        7,
        17,
        22,
        23,
        33,
        40
      ],
      "confidence": 72.88333333333333
    },
    {
      "numbers": [
        7,
        22,
        24,
        26,
        33,
        40
      ],
      "confidence": 72.6
    },
    {
      "numbers": [
        7,
        18,
        19,
        27,
        40,
        43
      ],
      "confidence": 72.45833333333334
    },
    {
      "numbers": [
        3,
        7,
        20,
        22,
        26,
        40
      ],
      "confidence": 72.42500000000001
    },
    {
      "numbers": [
        7,
        18,
        26,
        33,
        36,
        40
      ],
      "confidence": 72.42500000000001
    },
    {
      "numbers": [
        7,
        10,
        17,
        24,
        26,
        40
      ],
      "confidence": 72.21666666666667
    },
    {
      "numbers": [
        7,
        17,
        18,
        27,
        33,
        40
      ],
      "confidence": 72.21666666666667
    },
    {
      "numbers": [
        7,
        17,
        18,
        20,
        36,
        40
      ],
      "confidence": 72.18333333333334
    },
    {
      "numbers": [
        7,
        19,
        20,
        22,
        31,
        43
      ],
      "confidence": 72.0
    },
    {
      "numbers": [
        3,
        7,
        25,
        26,
        31,
        40
      ],
      "confidence": 71.93333333333334
    },
    {
      "numbers": [
        7,
        20,
        26,
        31,
        36,
        43
      ],
      "confidence": 71.79166666666666
    },
    {
      "numbers": [
        4,
        7,
        17,
        22,
        26,
        31
      ],
      "confidence": 71.75833333333334
    },
    {
      "numbers": [
        4,
        7,
        22,
        24,
        40,
        43
      ],
      "confidence": 71.75833333333334
    },
    {
      "numbers": [
        3,
        7,
        18,
        22,
        23,
        40
      ],
      "confidence": 71.75833333333334
    },
    {
      "numbers": [
        7,
        17,
        18,
        26,
        31,
        36
      ],
      "confidence": 71.55
    },
    {
      "numbers": [
        7,
        20,
        26,
        31,
        36,
        40
      ],
      "confidence": 71.55
    },
    {
      "numbers": [
        4,
        7,
        17,
        18,
        24,
        40
      ],
      "confidence": 71.55
    },
    {
      "numbers": [
        7,
        18,
        24,
        25,
        31,
        43
      ],
      "confidence": 71.33333333333334
    },
    {
      "numbers": [
        17,
        18,
        22,
        26,
        31,
        43
      ],
      "confidence": 71.3
    },
    {
      "numbers": [
        7,
        22,
        24,
        27,
        36,
        43
      ],
      "confidence": 71.09166666666667
    },
    {
      "numbers": [
        7,
        10,
        17,
        22,
        25,
        31
      ],
      "confidence": 71.09166666666667
    },
    {
      "numbers": [
        17,
        22,
        25,
        26,
        36,
        43
      ],
      "confidence": 71.09166666666667
    },
    {
      "numbers": [
        17,
        19,
        25,
        26,
        36,
        40
      ],
      "confidence": 71.05833333333334
    },
    {
      "numbers": [
        4,
        7,
        22,
        27,
        36,
        40
      ],
      "confidence": 71.05833333333334
    },
    {
      "numbers": [
        7,
        18,
        19,
        22,
        31,
        33
      ],
      "confidence": 70.63333333333333
    },
    {
      "numbers": [
        7,
        18,
        24,
        25,
        33,
        36
      ],
      "confidence": 70.63333333333333
    },
    {
      "numbers": [
        3,
        7,
        20,
        25,
        31,
        36
      ],
      "confidence": 70.63333333333333
    },
    {
      "numbers": [
        17,
        22,
        23,
        24,
        36,
        43
      ],
      "confidence": 70.42500000000001
    },
    {
      "numbers": [
        7,
        19,
        20,
        24,
        26,
        36
      ],
      "confidence": 70.42500000000001
    },
    {
      "numbers": [
        4,
        7,
        25,
        27,
        36,
        40
      ],
      "confidence": 70.39166666666667
    },
    {
      "numbers": [
        17,
        18,
        20,
        23,
        26,
        40
      ],
      "confidence": 70.39166666666667
    },
    {
      "numbers": [
        4,
        7,
        17,
        22,
        27,
        31
      ],
      "confidence": 70.21666666666667
    },
    {
      "numbers": [
        17,
        20,
        25,
        31,
        36,
        43
      ],
      "confidence": 69.79863967788509
    },
    {
      "numbers": [
        10,
        18,
        22,
        37,
        40,
        43
      ],