{
  "latest_round": 870,
  "next_round": 871,
  "hot_cold": {
    "hot": [
      [
        39,
        13
      ],
      [
        43,
        12
      ],
      [
        33,
        11
      ],
      [
        38,
        11
      ],
      [
        13,
        10
      ],
      [
        28,
        10
      ],
      [
        16,
        9
      ],
      [
        9,
        8
      ],
      [
        18,
        8
      ],
      [
        24,
        8
      ]
    ],
    "cold": [
      [
        23,
        1
      ],
      [
        37,
        3
      ],
      [
        1,
        4
      ],
      [
        3,
        4
      ],
      [
        4,
        4
      ],
      [
        6,
        4
      ],
      [
        7,
        4
      ],
      [
        20,
        4
      ],
      [
        27,
        4
      ],
      [
        2,
        5
      ]
    ],
    "overdue": [
      [
        1,
        3.1804062126642774
      ],
      [
        5,
        2.9963724304715837
      ],
      [
        26,
        2.3081463990554902
      ],
      [
        31,
        2.199764982373678
      ],
      [
        23,
        1.9553990610328638
      ]
    ]
  },
  "engine_predictions": {
    "advancedpattern": [
      21,
      25,
      30,
      32,
      40,
      42
    ],
    "gap": [
      1,
      7,
      13,
      19,
      25,
      31
    ],
    "graph": [
      1,
      8,
      14,
      19,
      36,
      45
    ],
    "lstm": [
      17,
      21,
      25,
      39,
      40,
      43
    ],
    "ml": [
      15,
      20,
      21,
      30,
      35,
      40
    ],
    "numerology": [
      23,
      24,
      25,
      26,
      27,
      31
    ],
    "pattern": [
      3,
      11,
      13,
      23,
      33,
      43
    ],
    "sequencecorrelation": [
      10,
      20,
      21,
      27,
      37,
      40
    ],
    "statistical": [
      1,
      5,
      8,
      26,
      31,
      38
    ],
    "timeseries": [
      1,
      10,
      15,
      22,
      23,
      34
    ]
  },
  "predicted_sets": [
    {
      "numbers": [
        1,
        13,
        21,
        25,
        40,
        42
      ],
      "confidence": 71.79166666666666
    },
    {
      "numbers": [
        1,
        17,
        21,
        25,
        26,
        40
      ],
      "confidence": 71.09166666666667
    },
    {
      "numbers": [
        1,
        8,
        15,
        21,
        25,
        40
      ],
      "confidence": 70.88333333333333
    },
    {
      "numbers": [
        1,
        21,
        25,
        31,
        40,
        42
      ],
      "confidence": 70.88333333333333
    },
    {
      "numbers": [
        1,
        20,
        23,
        25,
        26,
        31
      ],
      "confidence": 70.42500000000001
    },
    {
      "numbers": [
        10,
        21,
        25,
        26,
        40,
        43
      ],
      "confidence": 70.42500000000001
    },
    {
      "numbers": [
        1,
        20,
        25,
        31,
        40,
        42
      ],
      "confidence": 70.25
    },
    {
      "numbers": [
        1,
        19,
        23,
        25,
        26,
        32
      ],
      "confidence": 69.96666666666667
    },
    {
      "numbers": [
        1,
        8,
        17,
        23,
        40,
        43
      ],
      "confidence": 69.79166666666667
    },
    {
      "numbers": [
        1,
        15,
        21,
        37,
        40,
        42
      ],
      "confidence": 69.79166666666667
    },
    {
      "numbers": [
        8,
        13,
        25,
        27,
        40,
        43
      ],
      "confidence": 69.79166666666667
    },
    {
      "numbers": [
        1,
        19,
        23,
        32,
        40,
        43
      ],
      "confidence": 69.79166666666667
    },
    {
      "numbers": [
        1,
        17,
        25,
        26,
        30,
        40
      ],
      "confidence": 69.75833333333334
    },
    {
      "numbers": [
        1,
        8,
        21,
        40,
        42,
        43
      ],
      "confidence": 69.75833333333334
    },
    {
      "numbers": [
        1,
        15,
        20,
        23,
        27,
        40
      ],
      "confidence": 69.75833333333334
    },
    {
      "numbers": [
        1,
        8,
        10,
        19,
        25,
        43
      ],
      "confidence": 69.38811184560825
    },
    {
      "numbers": [
        1,
        10,
        15,
        21,
        32,
        43
      ],
      "confidence": 69.125
    },
    {
      "numbers": [
        8,
        15,
        21,
        30,
        40,
        42
      ],
      "confidence": 69.125
    },
    {
      "numbers": [
        10,
        15,
        21,
        25,
        32,
        43
      ],
      "confidence": 69.125
    },
    {
      "numbers": [
        17,
        20,
        21,
        25,
        40,
        42
      ],
      "confidence": 69.09166666666667
    },
    {
      "numbers": [
        1,
        15,
        23,
        25,
        30,
        42
      ],
      "confidence": 69.09166666666667
    },
    {
      "numbers": [
        1,
        26,
        27,
        31,
        40,
        42
      ],
      "confidence": 69.09166666666667
    },
    {
      "numbers": [
        1,
        15,
        21,
        23,
        26,
        30
      ],
      "confidence": 69.05833333333334
    },
    {
      "numbers": [
        1,
        8,
        25,
        27,
        37,
        40
      ],
      "confidence": 69.05833333333334
    },
    {
      "numbers": [
        10,
        20,
        21,
        23,
        25,
        27
      ],
      "confidence": 69.05833333333334
    },
    {
      "numbers": [
        15,
        20,
        21,
        23,
        27,
        40
      ],
      "confidence": 69.05833333333334
    },
    {
      "numbers": [
        1,
        10,
        15,
        19,
        21,
        40
      ],
      "confidence": 68.97144517894158
    },
    {
      "numbers": [
        10,
        19,
        25,
        31,
        42,
        43
      ],
      "confidence": 68.9501808111255
    },
    {
      "numbers": [
        10,
        15,
        21,
        30,
        40,
        43
      ],
      "confidence": 68.91666666666667
    },
    {
      "numbers": [
        1,
        19,
        26,
        30,
        31,
        40
      ],
      "confidence": 68.88333333333333
    },
    {
      "numbers": [
        1,
        8,
        20,
        21,
        27,
        31
      ],
      "confidence": 68.88333333333333
    },
    {
      "numbers": [
        8,
        17,
        25,
        26,
        31,
        42
      ],
      "confidence": 68.66666666666666
    },
    {
      "numbers": [
        1,
        19,
        26,
        30,
        31,
        42
      ],
      "confidence": 68.45833333333334
    },
    {
      "numbers": [
        8,
        13,
        21,
        30,
        32,
        40
      ],
      "confidence": 68.42500000000001
    },
    {
      "numbers": [
        1,
        13,
        20,
        21,
        27,
        32
      ],
      "confidence": 68.42500000000001
    },
    {
      "numbers": [
        17,
        20,
        23,
        25,
        40,
        42
      ],
      "confidence": 68.42500000000001
    },
    {
      "numbers": [
        8,
        10,
        21,
        25,
        31,
        37
      ],
      "confidence": 68.39166666666668
    },
    {
      "numbers": [
        15,
        17,
        21,
        26,
        31,
        40
      ],
      "confidence": 68.39166666666668
    },
    {
      "numbers": [
        1,
        10,
        23,
        25,
        27,
        30
      ],
      "confidence": 68.35833333333333
    },
    {
      "numbers": [
        1,
        10,
        17,
        27,
        40,
        43
      ],