{
  "latest_round": 537,
  "next_round": 538,
  "hot_cold": {
    "hot": [
      [
        27,
        12
      ],
      [
        23,
        11
      ],
      [
        20,
        10
      ],
      [
        29,
        10
      ],
      [
        40,
        10
      ],
      [
        43,
        10
      ],
      [
        4,
        9
      ],
      [
        5,
        9
      ],
      [
        12,
        9
      ],
      [
        22,
        9
      ]
    ],
    "cold": [
      [
        19,
        1
      ],
      [
        21,
        2
      ],
      [
        45,
        2
      ],
      [
        3,
        3
      ],
      [
        10,
        3
      ],
      [
        16,
        3
      ],
      [
        25,
        3
      ],
      [
        28,
        3
      ],
      [
        6,
        4
      ],
      [
        18,
        4
      ]
    ],
    "overdue": [
      [
        19,
        5.587044534412955
      ],
      [
        34,
        3.0176470588235293
      ],
      [
        2,
        2.7229862475442044
      ],
      [
        3,
        2.2450592885375493
      ],
      [
        6,
        2.1386138613861387
      ],
      [
        13,
        2.076923076923077
      ],
      [
        4,
        2.0700389105058363
      ],
      [
        28,
        2.0
      ],
      [
        45,
        1.853515625
      ],
      [
        40,
        1.5199240986717268
      ]
    ]
  },
  "engine_predictions": {
    "advancedpattern": [
      12,
      23,
      26,
      30,
      36,
      43
    ],
    "gap": [
      1,
      7,
      13,
      19,
      25,
      31
    ],
    "graph": [
      18,
      20,
      27,
      35,
      37,
      40
    ],
    "lstm": [
      12,
      18,
      23,
      26,
      29,
      43
    ],
    "ml": [
      3,
      12,
      15,
      23,
      25,
      30
    ],
    "numerology": [
      17,
      22,
      23,
      24,
      25,
      31
    ],
    "pattern": [
      5,
      15,
      25,
      33,
      35,
      45
    ],
    "sequencecorrelation": [
      4,
      8,
      13,
      17,
      20,
      40
    ],
    "statistical": [
      3,
      4,
      13,
      28,
      34,
      40
    ],
    "timeseries": [
      3,
      16,
      17,
      21,
      28,
      45
    ]
  },
  "predicted_sets": [
    {
      "numbers": [
        4,
        12,
        23,
        25,
        40,
        43
      ],
      "confidence": 71.125
    },
    {
      "numbers": [
        4,
        17,
        23,
        25,
        26,
        31
      ],
      "confidence": 70.63333333333333
    },
    {
      "numbers": [
        1,
        17,
        18,
        23,
        25,
        40
      ],
      "confidence": 70.63333333333333
    },
    {
      "numbers": [
        3,
        12,
        13,
        25,
        40,
        43
      ],
      "confidence": 70.25
    },
    {
      "numbers": [
        3,
        13,
        23,
        25,
        28,
        40
      ],
      "confidence": 70.21666666666667
    },
    {
      "numbers": [
        1,
        3,
        12,
        25,
        28,
        40
      ],
      "confidence": 69.96666666666667
    },
    {
      "numbers": [
        12,
        15,
        17,
        23,
        28,
        40
      ],
      "confidence": 69.93333333333334
    },
    {
      "numbers": [
        4,
        12,
        17,
        23,
        31,
        43
      ],
      "confidence": 69.79166666666667
    },
    {
      "numbers": [
        4,
        13,
        23,
        25,
        28,
        31
      ],
      "confidence": 69.75833333333334
    },
    {
      "numbers": [
        4,
        12,
        20,
        23,
        25,
        45
      ],
      "confidence": 69.75833333333334
    },
    {
      "numbers": [
        12,
        13,
        17,
        23,
        35,
        40
      ],
      "confidence": 69.725
    },
    {
      "numbers": [
        3,
        4,
        17,
        28,
        31,
        45
      ],
      "confidence": 69.33333333333334
    },
    {
      "numbers": [
        3,
        12,
        17,
        20,
        28,
        35
      ],
      "confidence": 69.3
    },
    {
      "numbers": [
        12,
        20,
        25,
        26,
        31,
        43
      ],
      "confidence": 69.3
    },
    {
      "numbers": [
        12,
        17,
        18,
        23,
        36,
        45
      ],
      "confidence": 69.3
    },
    {
      "numbers": [
        4,
        12,
        13,
        17,
        31,
        40
      ],
      "confidence": 69.26666666666668
    },
    {
      "numbers": [
        3,
        13,
        17,
        18,
        40,
        45
      ],
      "confidence": 69.09166666666667
    },
    {
      "numbers": [
        3,
        12,
        17,
        23,
        28,
        36
      ],
      "confidence": 69.09166666666667
    },
    {
      "numbers": [
        4,
        12,
        13,
        18,
        25,
        45
      ],
      "confidence": 69.09166666666667
    },
    {
      "numbers": [
        3,
        4,
        15,
        25,
        28,
        40
      ],
      "confidence": 69.09166666666667
    },
    {
      "numbers": [
        1,
        12,
        23,
        25,
        28,
        45
      ],
      "confidence": 69.09166666666667
    },
    {
      "numbers": [
        12,
        13,
        25,
        31,
        35,
        40
      ],
      "confidence": 69.05833333333334
    },
    {
      "numbers": [
        3,
        18,
        23,
        25,
        26,
        30
      ],
      "confidence": 69.05833333333334
    },
    {
      "numbers": [
        3,
        12,
        18,
        25,
        35,
        43
      ],
      "confidence": 68.91666666666667
    },
    {
      "numbers": [
        3,
        4,
        15,
        23,
        40,
        43
      ],
      "confidence": 68.91666666666667
    },
    {
      "numbers": [
        3,
        17,
        23,
        25,
        26,
        36
      ],
      "confidence": 68.88333333333333
    },
    {
      "numbers": [
        3,
        15,
        17,
        23,
        30,
        40
      ],
      "confidence": 68.88333333333333
    },
    {
      "numbers": [
        3,
        23,
        25,
        28,
        30,
        40
      ],
      "confidence": 68.85
    },
    {
      "numbers": [
        12,
        13,
        23,
        25,
        26,
        43
      ],
      "confidence": 68.85
    },
    {
      "numbers": [
        3,
        23,
        25,
        26,
        30,
        40
      ],
      "confidence": 68.85
    },
    {
      "numbers": [
        4,
        12,
        13,
        30,
        36,
        45
      ],
      "confidence": 68.66666666666666
    },
    {
      "numbers": [
        1,
        17,
        23,
        35,
        36,
        40
      ],
      "confidence": 68.63333333333333
    },
    {
      "numbers": [
        1,
        12,
        17,
        25,
        28,
        45
      ],
      "confidence": 68.42500000000001
    },
    {
      "numbers": [
        4,
        13,
        18,
        23,
        36,
        40
      ],
      "confidence": 68.42500000000001
    },
    {
      "numbers": [
        3,
        17,
        23,
        28,
        35,
        36
      ],
      "confidence": 68.42500000000001
    },
    {
      "numbers": [
        4,
        15,
        17,
        23,
        28,
        35
      ],
      "confidence": 68.42500000000001
    },
    {
      "numbers": [
        3,
        13,
        15,
        28,
        40,
        43
      ],
      "confidence": 68.25
    },
    {
      "numbers": [
        18,
        23,
        25,
        28,
        31,
        45
      ],
      "confidence": 68.12554362570415
    },
    {
      "numbers": [
        1,
        17,
        26,
        28,
        35,
        40
      ],