{
  "latest_round": 1064,
  "next_round": 1065,
  "hot_cold": {
    "hot": [
      [
        45,
        13
      ],
      [
        12,
        12
      ],
      [
        35,
        12
      ],
      [
        22,
        11
      ],
      [
        6,
        10
      ],
      [
        32,
        10
      ],
      [
        5,
        9
      ],
      [
        14,
        9
      ],
      [
        29,
        9
      ],
      [
        3,
        8
      ]
    ],
    "cold": [
      [
        1,
        2
      ],
      [
        43,
        2
      ],
      [
        4,
        3
      ],
      [
        8,
        3
      ],
      [
        10,
        3
      ],
      [
        28,
        3
      ],
      [
        44,
        4
      ],
      [
        2,
        5
      ],
      [
        9,
        5
      ],
      [
        11,
        5
      ]
    ],
    "overdue": [
      [
        1,
        4.544564152791382
      ],
      [
        15,
        2.615014436958614
      ],
      [
        16,
        2.364333652924257
      ],
      [
        44,
        2.2950819672131146
      ],
      [
        39,
        2.2923076923076926
      ],
      [
        2,
        2.2884615384615383
      ],
      [
        42,
        2.228708133971292
      ],
      [
        43,
        1.9961202715809894
      ],
      [
        21,
        1.7473784556720686
      ],
      [
        17,
        1.7372962607861937
      ]
    ]
  },
  "engine_predictions": {
    "advancedpattern": [
      3,
      6,
      9,
      18,
      22,
      35
    ],
    "gap": [
      1,
      7,
      13,
      19,
      25,
      31
    ],
    "graph": [
      5,
      14,
      18,
      20,
      27,
      37
    ],
    "lstm": [
      3,
      6,
      22,
      24,
      40,
      45
    ],
    "ml": [
      7,
      14,
      18,
      22,
      28,
      33
    ],
    "numerology": [
      17,
      22,
      23,
      24,
      25,
      31
    ],
    "pattern": [
      3,
      13,
      15,
      23,
      33,
      43
    ],
    "sequencecorrelation": [
      3,
      12,
      14,
      21,
      33,
      34
    ],
    "statistical": [
      2,
      5,
      15,
      16,
      17,
      44
    ],
    "timeseries": [
      21,
      24,
      28,
      36,
      40,
      43
    ]
  },
  "predicted_sets": [
    {
      "numbers": [
        3,
        15,
        17,
        18,
        22,
        40
      ],
      "confidence": 70.63333333333333
    },
    {
      "numbers": [
        3,
        6,
        18,
        22,
        35,
        43
      ],
      "confidence": 69.79166666666667
    },
    {
      "numbers": [
        3,
        17,
        22,
        28,
        40,
        43
      ],
      "confidence": 69.79166666666667
    },
    {
      "numbers": [
        3,
        6,
        18,
        22,
        25,
        43
      ],
      "confidence": 69.75833333333334
    },
    {
      "numbers": [
        3,
        6,
        14,
        22,
        33,
        35
      ],
      "confidence": 69.75833333333334
    },
    {
      "numbers": [
        9,
        14,
        18,
        22,
        24,
        33
      ],
      "confidence": 69.75833333333334
    },
    {
      "numbers": [
        6,
        7,
        18,
        22,
        35,
        43
      ],
      "confidence": 69.33333333333334
    },
    {
      "numbers": [
        7,
        14,
        22,
        23,
        28,
        40
      ],
      "confidence": 69.3
    },
    {
      "numbers": [
        18,
        21,
        22,
        24,
        33,
        35
      ],
      "confidence": 69.26666666666668
    },
    {
      "numbers": [
        7,
        14,
        15,
        22,
        24,
        40
      ],
      "confidence": 69.09166666666667
    },
    {
      "numbers": [
        14,
        18,
        22,
        24,
        35,
        43
      ],
      "confidence": 69.09166666666667
    },
    {
      "numbers": [
        3,
        6,
        15,
        24,
        28,
        33
      ],
      "confidence": 69.09166666666667
    },
    {
      "numbers": [
        3,
        14,
        17,
        22,
        23,
        43
      ],
      "confidence": 68.88333333333333
    },
    {
      "numbers": [
        6,
        13,
        21,
        22,
        28,
        40
      ],
      "confidence": 68.63333333333333
    },
    {
      "numbers": [
        6,
        15,
        22,
        23,
        28,
        40
      ],
      "confidence": 68.63333333333333
    },
    {
      "numbers": [
        6,
        15,
        17,
        22,
        23,
        40
      ],
      "confidence": 68.63333333333333
    },
    {
      "numbers": [
        6,
        14,
        17,
        22,
        23,
        35
      ],
      "confidence": 68.63333333333333
    },
    {
      "numbers": [
        6,
        9,
        18,
        22,
        24,
        35
      ],
      "confidence": 68.63333333333333
    },
    {
      "numbers": [
        14,
        17,
        21,
        22,
        33,
        35
      ],
      "confidence": 68.6
    },
    {
      "numbers": [
        3,
        6,
        15,
        21,
        40,
        43
      ],
      "confidence": 68.45833333333334
    },
    {
      "numbers": [
        7,
        18,
        22,
        25,
        35,
        43
      ],
      "confidence": 68.45833333333334
    },
    {
      "numbers": [
        3,
        6,
        17,
        24,
        33,
        35
      ],
      "confidence": 68.42500000000001
    },
    {
      "numbers": [
        3,
        9,
        18,
        22,
        23,
        35
      ],
      "confidence": 68.42500000000001
    },
    {
      "numbers": [
        3,
        7,
        9,
        22,
        40,
        43
      ],
      "confidence": 68.42500000000001
    },
    {
      "numbers": [
        3,
        6,
        22,
        28,
        35,
        43
      ],
      "confidence": 68.42500000000001
    },
    {
      "numbers": [
        7,
        21,
        22,
        33,
        40,
        43
      ],
      "confidence": 68.42500000000001
    },
    {
      "numbers": [
        3,
        17,
        23,
        24,
        28,
        40
      ],
      "confidence": 68.42500000000001
    },
    {
      "numbers": [
        5,
        7,
        18,
        24,
        28,
        33
      ],
      "confidence": 68.42500000000001
    },
    {
      "numbers": [
        3,
        13,
        18,
        24,
        35,
        40
      ],
      "confidence": 68.42500000000001
    },
    {
      "numbers": [
        3,
        14,
        21,
        24,
        35,
        40
      ],
      "confidence": 68.42500000000001
    },
    {
      "numbers": [
        5,
        18,
        21,
        22,
        25,
        40
      ],
      "confidence": 68.42500000000001
    },
    {
      "numbers": [
        7,
        15,
        22,
        24,
        25,
        40
      ],
      "confidence": 68.42500000000001
    },
    {
      "numbers": [
        5,
        14,
        22,
        23,
        25,
        40
      ],
      "confidence": 68.42500000000001
    },
    {
      "numbers": [
        7,
        9,
        18,
        22,
        28,
        33
      ],
      "confidence": 68.42500000000001
    },
    {
      "numbers": [
        6,
        14,
        21,
        22,
        24,
        25
      ],
      "confidence": 68.39166666666668
    },
    {
      "numbers": [
        3,
        6,
        7,
        22,
        28,
        43
      ],
      "confidence": 68.39166666666668
    },
    {
      "numbers": [
        7,
        15,
        18,
        22,
        24,
        28
      ],
      "confidence": 68.39166666666668
    },
    {
      "numbers": [
        3,
        7,
        21,
        22,
        23,
        40
      ],