{
  "latest_round": 535,
  "next_round": 536,
  "hot_cold": {
    "hot": [
      [
        27,
        13
      ],
      [
        23,
        11
      ],
      [
        40,
        11
      ],
      [
        4,
        10
      ],
      [
        20,
        10
      ],
      [
        29,
        10
      ],
      [
        5,
        9
      ],
      [
        22,
        9
      ],
      [
        41,
        9
      ],
      [
        1,
        8
      ]
    ],
    "cold": [
      [
        19,
        1
      ],
      [
        21,
        2
      ],
      [
        45,
        2
      ],
      [
        3,
        3
      ],
      [
        10,
        3
      ],
      [
        16,
        3
      ],
      [
        18,
        3
      ],
      [
        28,
        3
      ],
      [
        6,
        4
      ],
      [
        9,
        5
      ]
    ],
    "overdue": [
      [
        19,
        5.3076923076923075
      ],
      [
        34,
        2.6999999999999997
      ],
      [
        2,
        2.463654223968566
      ],
      [
        43,
        2.2399999999999998
      ],
      [
        8,
        2.191780821917808
      ],
      [
        30,
        2.050485436893204
      ],
      [
        36,
        1.96875
      ],
      [
        3,
        1.9644268774703557
      ],
      [
        6,
        1.9009900990099011
      ],
      [
        13,
        1.8
      ]
    ]
  },
  "engine_predictions": {
    "advancedpattern": [
      11,
      12,
      14,
      15,
      18,
      39
    ],
    "gap": [
      1,
      7,
      13,
      19,
      25,
      31
    ],
    "graph": [
      18,
      20,
      27,
      35,
      37,
      40
    ],
    "lstm": [
      14,
      15,
      17,
      24,
      29,
      39
    ],
    "ml": [
      3,
      15,
      16,
      18,
      25,
      29
    ],
    "numerology": [
      17,
      22,
      23,
      24,
      25,
      31
    ],
    "pattern": [
      5,
      15,
      25,
      33,
      35,
      45
    ],
    "sequencecorrelation": [
      1,
      5,
      14,
      39,
      40,
      45
    ],
    "statistical": [
      4,
      8,
      13,
      30,
      34,
      43
    ],
    "timeseries": [
      3,
      6,
      19,
      28,
      42,
      45
    ]
  },
  "predicted_sets": [
    {
      "numbers": [
        3,
        14,
        18,
        25,
        39,
        45
      ],
      "confidence": 71.125
    },
    {
      "numbers": [
        1,
        14,
        17,
        18,
        25,
        45
      ],
      "confidence": 69.75833333333334
    },
    {
      "numbers": [
        3,
        14,
        18,
        25,
        35,
        45
      ],
      "confidence": 69.58333333333334
    },
    {
      "numbers": [
        1,
        12,
        17,
        18,
        25,
        39
      ],
      "confidence": 69.3
    },
    {
      "numbers": [
        1,
        17,
        18,
        25,
        29,
        40
      ],
      "confidence": 69.3
    },
    {
      "numbers": [
        1,
        18,
        24,
        29,
        39,
        45
      ],
      "confidence": 69.125
    },
    {
      "numbers": [
        3,
        15,
        18,
        19,
        24,
        45
      ],
      "confidence": 69.09166666666667
    },
    {
      "numbers": [
        13,
        14,
        25,
        29,
        40,
        45
      ],
      "confidence": 69.09166666666667
    },
    {
      "numbers": [
        1,
        13,
        14,
        15,
        40,
        45
      ],
      "confidence": 69.09166666666667
    },
    {
      "numbers": [
        15,
        18,
        25,
        29,
        31,
        40
      ],
      "confidence": 69.05833333333334
    },
    {
      "numbers": [
        5,
        14,
        15,
        18,
        39,
        40
      ],
      "confidence": 69.05833333333334
    },
    {
      "numbers": [
        1,
        14,
        15,
        18,
        35,
        39
      ],
      "confidence": 69.05833333333334
    },
    {
      "numbers": [
        1,
        13,
        18,
        24,
        39,
        40
      ],
      "confidence": 68.63333333333333
    },
    {
      "numbers": [
        3,
        12,
        17,
        24,
        25,
        39
      ],
      "confidence": 68.63333333333333
    },
    {
      "numbers": [
        13,
        14,
        19,
        25,
        31,
        40
      ],
      "confidence": 68.6
    },
    {
      "numbers": [
        14,
        15,
        17,
        18,
        31,
        40
      ],
      "confidence": 68.56666666666666
    },
    {
      "numbers": [
        1,
        17,
        18,
        24,
        35,
        45
      ],
      "confidence": 68.45833333333334
    },
    {
      "numbers": [
        3,
        5,
        14,
        18,
        31,
        45
      ],
      "confidence": 68.42500000000001
    },
    {
      "numbers": [
        1,
        12,
        14,
        24,
        25,
        39
      ],
      "confidence": 68.42500000000001
    },
    {
      "numbers": [
        3,
        15,
        18,
        19,
        29,
        40
      ],
      "confidence": 68.42500000000001
    },
    {
      "numbers": [
        3,
        14,
        15,
        29,
        35,
        40
      ],
      "confidence": 68.42500000000001
    },
    {
      "numbers": [
        13,
        14,
        15,
        18,
        24,
        40
      ],
      "confidence": 68.39166666666668
    },
    {
      "numbers": [
        12,
        14,
        15,
        18,
        29,
        39
      ],
      "confidence": 68.39166666666668
    },
    {
      "numbers": [
        17,
        18,
        24,
        25,
        29,
        39
      ],
      "confidence": 68.39166666666668
    },
    {
      "numbers": [
        12,
        15,
        18,
        39,
        40,
        45
      ],
      "confidence": 68.39166666666668
    },
    {
      "numbers": [
        5,
        15,
        18,
        19,
        24,
        39
      ],
      "confidence": 68.21666666666667
    },
    {
      "numbers": [
        14,
        15,
        24,
        25,
        29,
        31
      ],
      "confidence": 68.18333333333334
    },
    {
      "numbers": [
        3,
        5,
        14,
        17,
        39,
        40
      ],
      "confidence": 67.93333333333334
    },
    {
      "numbers": [
        3,
        14,
        18,
        31,
        35,
        40
      ],
      "confidence": 67.93333333333334
    },
    {
      "numbers": [
        13,
        17,
        24,
        31,
        40,
        45
      ],
      "confidence": 67.85362085690656
    },
    {
      "numbers": [
        5,
        14,
        29,
        31,
        39,
        40
      ],
      "confidence": 67.75833333333334
    },
    {
      "numbers": [
        3,
        13,
        14,
        18,
        29,
        35
      ],
      "confidence": 67.75833333333334
    },
    {
      "numbers": [
        5,
        12,
        18,
        24,
        25,
        40
      ],
      "confidence": 67.75833333333334
    },
    {
      "numbers": [
        14,
        18,
        23,
        24,
        31,
        45
      ],
      "confidence": 67.75833333333334
    },
    {
      "numbers": [
        3,
        11,
        14,
        18,
        29,
        39
      ],
      "confidence": 67.75833333333334
    },
    {
      "numbers": [
        12,
        14,
        17,
        24,
        39,
        45
      ],
      "confidence": 67.75833333333334
    },
    {
      "numbers": [
        5,
        14,
        15,
        17,
        23,
        40
      ],
      "confidence": 67.75833333333334
    },
    {
      "numbers": [
        14,
        15,
        17,
        24,
        31,
        40
      ],