{
  "latest_round": 446,
  "next_round": 447,
  "hot_cold": {
    "hot": [
      [
        22,
        12
      ],
      [
        20,
        11
      ],
      [
        34,
        11
      ],
      [
        11,
        10
      ],
      [
        26,
        9
      ],
      [
        28,
        9
      ],
      [
        30,
        9
      ],
      [
        40,
        9
      ],
      [
        44,
        9
      ],
      [
        6,
        8
      ]
    ],
    "cold": [
      [
        32,
        2
      ],
      [
        8,
        4
      ],
      [
        36,
        4
      ],
      [
        41,
        4
      ],
      [
        42,
        4
      ],
      [
        3,
        5
      ],
      [
        4,
        5
      ],
      [
        5,
        5
      ],
      [
        7,
        5
      ],
      [
        16,
        5
      ]
    ],
    "overdue": [
      [
        32,
        4.323529411764706
      ],
      [
        15,
        2.5724465558194773
      ],
      [
        7,
        2.512019230769231
      ],
      [
        42,
        2.3489461358313815
      ],
      [
        18,
        2.2992700729927007
      ],
      [
        5,
        2.1853658536585368
      ],
      [
        2,
        1.9105882352941177
      ],
      [
        3,
        1.775656324582339
      ],
      [
        24,
        1.6223776223776225
      ]
    ]
  },
  "engine_predictions": {
    "advancedpattern": [
      1,
      11,
      14,
      20,
      26,
      35
    ],
    "gap": [
      1,
      7,
      13,
      19,
      25,
      31
    ],
    "graph": [
      1,
      5,
      17,
      31,
      37,
      45
    ],
    "lstm": [
      11,
      13,
      20,
      30,
      35,
      45
    ],
    "ml": [
      1,
      6,
      14,
      20,
      27,
      28
    ],
    "numerology": [
      17,
      22,
      23,
      24,
      25,
      31
    ],
    "pattern": [
      5,
      11,
      15,
      25,
      35,
      45
    ],
    "sequencecorrelation": [
      3,
      14,
      19,
      20,
      34,
      40
    ],
    "statistical": [
      3,
      5,
      7,
      15,
      18,
      42
    ],
    "timeseries": [
      3,
      8,
      16,
      29,
      38,
      44
    ]
  },
  "predicted_sets": [
    {
      "numbers": [
        3,
        7,
        14,
        20,
        31,
        45
      ],
      "confidence": 71.3
    },
    {
      "numbers": [
        1,
        14,
        20,
        26,
        35,
        45
      ],
      "confidence": 71.125
    },
    {
      "numbers": [
        1,
        14,
        17,
        28,
        35,
        45
      ],
      "confidence": 69.79166666666667
    },
    {
      "numbers": [
        1,
        13,
        20,
        25,
        26,
        35
      ],
      "confidence": 69.75833333333334
    },
    {
      "numbers": [
        1,
        12,
        14,
        20,
        31,
        45
      ],
      "confidence": 69.75833333333334
    },
    {
      "numbers": [
        1,
        3,
        14,
        28,
        31,
        35
      ],
      "confidence": 69.75833333333334
    },
    {
      "numbers": [
        1,
        11,
        13,
        20,
        26,
        35
      ],
      "confidence": 69.75833333333334
    },
    {
      "numbers": [
        1,
        11,
        17,
        20,
        28,
        45
      ],
      "confidence": 69.75833333333334
    },
    {
      "numbers": [
        1,
        14,
        25,
        28,
        35,
        45
      ],
      "confidence": 69.58333333333334
    },
    {
      "numbers": [
        1,
        20,
        31,
        34,
        35,
        45
      ],
      "confidence": 69.55
    },
    {
      "numbers": [
        17,
        19,
        20,
        26,
        31,
        45
      ],
      "confidence": 69.3
    },
    {
      "numbers": [
        11,
        13,
        14,
        20,
        26,
        35
      ],
      "confidence": 69.26666666666668
    },
    {
      "numbers": [
        3,
        14,
        19,
        26,
        35,
        45
      ],
      "confidence": 69.125
    },
    {
      "numbers": [
        5,
        11,
        17,
        20,
        28,
        35
      ],
      "confidence": 69.09166666666667
    },
    {
      "numbers": [
        5,
        11,
        13,
        20,
        25,
        34
      ],
      "confidence": 69.09166666666667
    },
    {
      "numbers": [
        5,
        7,
        20,
        25,
        26,
        31
      ],
      "confidence": 69.09166666666667
    },
    {
      "numbers": [
        3,
        5,
        14,
        25,
        28,
        31
      ],
      "confidence": 69.09166666666667
    },
    {
      "numbers": [
        3,
        13,
        14,
        20,
        28,
        31
      ],
      "confidence": 69.09166666666667
    },
    {
      "numbers": [
        5,
        11,
        20,
        25,
        28,
        35
      ],
      "confidence": 68.88333333333333
    },
    {
      "numbers": [
        5,
        14,
        15,
        20,
        31,
        35
      ],
      "confidence": 68.85
    },
    {
      "numbers": [
        1,
        14,
        17,
        26,
        28,
        35
      ],
      "confidence": 68.63333333333333
    },
    {
      "numbers": [
        12,
        14,
        20,
        27,
        31,
        45
      ],
      "confidence": 68.63333333333333
    },
    {
      "numbers": [
        1,
        5,
        19,
        26,
        34,
        45
      ],
      "confidence": 68.45833333333334
    },
    {
      "numbers": [
        1,
        19,
        26,
        28,
        31,
        45
      ],
      "confidence": 68.45833333333334
    },
    {
      "numbers": [
        3,
        20,
        25,
        27,
        28,
        35
      ],
      "confidence": 68.42500000000001
    },
    {
      "numbers": [
        5,
        11,
        14,
        19,
        26,
        45
      ],
      "confidence": 68.42500000000001
    },
    {
      "numbers": [
        1,
        12,
        14,
        20,
        34,
        45
      ],
      "confidence": 68.42500000000001
    },
    {
      "numbers": [
        1,
        12,
        14,
        19,
        35,
        45
      ],
      "confidence": 68.42500000000001
    },
    {
      "numbers": [
        14,
        17,
        20,
        25,
        27,
        31
      ],
      "confidence": 68.39166666666668
    },
    {
      "numbers": [
        1,
        13,
        15,
        20,
        34,
        35
      ],
      "confidence": 68.39166666666668
    },
    {
      "numbers": [
        11,
        14,
        15,
        20,
        26,
        35
      ],
      "confidence": 68.39166666666668
    },
    {
      "numbers": [
        11,
        13,
        14,
        20,
        26,
        31
      ],
      "confidence": 68.39166666666668
    },
    {
      "numbers": [
        14,
        15,
        20,
        27,
        35,
        45
      ],
      "confidence": 68.21666666666667
    },
    {
      "numbers": [
        1,
        7,
        19,
        25,
        26,
        34
      ],
      "confidence": 67.96666666666667
    },
    {
      "numbers": [
        7,
        14,
        26,
        28,
        31,
        35
      ],
      "confidence": 67.96666666666667
    },
    {
      "numbers": [
        3,
        5,
        19,
        26,
        34,
        45
      ],
      "confidence": 67.79166666666666
    },
    {
      "numbers": [
        5,
        12,
        14,
        28,
        31,
        45
      ],
      "confidence": 67.79166666666666
    },
    {
      "numbers": [
        3,
        14,
        15,
        19,
        28,
        35
      ],
      "confidence": 67.75833333333334
    },
    {
      "numbers": [
        11,
        14,
        26,
        28,
        35,
        45
      ],