{
  "latest_round": 927,
  "next_round": 928,
  "hot_cold": {
    "hot": [
      [
        18,
        12
      ],
      [
        38,
        10
      ],
      [
        3,
        9
      ],
      [
        16,
        9
      ],
      [
        23,
        9
      ],
      [
        27,
        9
      ],
      [
        39,
        9
      ],
      [
        42,
        9
      ],
      [
        4,
        8
      ],
      [
        7,
        8
      ]
    ],
    "cold": [
      [
        10,
        2
      ],
      [
        30,
        2
      ],
      [
        40,
        3
      ],
      [
        8,
        4
      ],
      [
        9,
        4
      ],
      [
        15,
        4
      ],
      [
        20,
        4
      ],
      [
        25,
        4
      ],
      [
        29,
        4
      ],
      [
        11,
        5
      ]
    ],
    "overdue": [
      [
        45,
        3.3262331838565022
      ],
      [
        40,
        2.891832229580574
      ],
      [
        30,
        2.1878453038674035
      ],
      [
        29,
        2.180616740088106
      ],
      [
        8,
        2.040929203539823
      ],
      [
        19,
        1.8122941822173437
      ],
      [
        37,
        1.6542669584245078
      ]
    ]
  },
  "engine_predictions": {
    "advancedpattern": [
      4,
      15,
      22,
      38,
      41,
      43
    ],
    "gap": [
      1,
      7,
      13,
      19,
      25,
      31
    ],
    "graph": [
      5,
      8,
      11,
      20,
      26,
      34
    ],
    "lstm": [
      3,
      18,
      34,
      41,
      42,
      43
    ],
    "ml": [
      9,
      17,
      23,
      24,
      32,
      43
    ],
    "numerology": [
      17,
      22,
      23,
      24,
      25,
      31
    ],
    "pattern": [
      3,
      11,
      13,
      23,
      33,
      43
    ],
    "sequencecorrelation": [
      5,
      12,
      18,
      24,
      34,
      43
    ],
    "statistical": [
      8,
      21,
      29,
      30,
      40,
      45
    ],
    "timeseries": [
      8,
      12,
      30,
      33,
      35,
      40
    ]
  },
  "predicted_sets": [
    {
      "numbers": [
        8,
        17,
        22,
        34,
        41,
        43
      ],
      "confidence": 71.33333333333334
    },
    {
      "numbers": [
        8,
        11,
        22,
        30,
        34,
        43
      ],
      "confidence": 71.33333333333334
    },
    {
      "numbers": [
        5,
        12,
        24,
        30,
        33,
        43
      ],
      "confidence": 69.79166666666667
    },
    {
      "numbers": [
        3,
        17,
        22,
        34,
        41,
        43
      ],
      "confidence": 69.79166666666667
    },
    {
      "numbers": [
        8,
        11,
        17,
        34,
        41,
        43
      ],
      "confidence": 69.75833333333334
    },
    {
      "numbers": [
        5,
        12,
        22,
        23,
        34,
        43
      ],
      "confidence": 69.58333333333334
    },
    {
      "numbers": [
        8,
        11,
        15,
        22,
        30,
        43
      ],
      "confidence": 69.3
    },
    {
      "numbers": [
        3,
        17,
        22,
        34,
        38,
        43
      ],
      "confidence": 69.125
    },
    {
      "numbers": [
        3,
        5,
        17,
        24,
        38,
        43
      ],
      "confidence": 69.125
    },
    {
      "numbers": [
        4,
        5,
        18,
        30,
        34,
        43
      ],
      "confidence": 69.125
    },
    {
      "numbers": [
        3,
        17,
        24,
        38,
        41,
        43
      ],
      "confidence": 69.125
    },
    {
      "numbers": [
        3,
        15,
        22,
        34,
        40,
        43
      ],
      "confidence": 69.125
    },
    {
      "numbers": [
        11,
        13,
        18,
        30,
        34,
        43
      ],
      "confidence": 69.09166666666667
    },
    {
      "numbers": [
        8,
        12,
        17,
        33,
        41,
        43
      ],
      "confidence": 69.09166666666667
    },
    {
      "numbers": [
        5,
        8,
        11,
        18,
        22,
        43
      ],
      "confidence": 68.96126802235824
    },
    {
      "numbers": [
        3,
        11,
        15,
        24,
        34,
        43
      ],
      "confidence": 68.91666666666667
    },
    {
      "numbers": [
        4,
        12,
        18,
        30,
        41,
        43
      ],
      "confidence": 68.63333333333333
    },
    {
      "numbers": [
        11,
        15,
        17,
        34,
        40,
        43
      ],
      "confidence": 68.6
    },
    {
      "numbers": [
        8,
        17,
        24,
        30,
        40,
        41
      ],
      "confidence": 68.45833333333334
    },
    {
      "numbers": [
        3,
        18,
        24,
        34,
        40,
        41
      ],
      "confidence": 68.45833333333334
    },
    {
      "numbers": [
        3,
        17,
        18,
        22,
        41,
        43
      ],
      "confidence": 68.42500000000001
    },
    {
      "numbers": [
        4,
        12,
        17,
        23,
        41,
        43
      ],
      "confidence": 68.42500000000001
    },
    {
      "numbers": [
        4,
        5,
        17,
        18,
        34,
        43
      ],
      "confidence": 68.42500000000001
    },
    {
      "numbers": [
        11,
        18,
        22,
        24,
        38,
        43
      ],
      "confidence": 68.42500000000001
    },
    {
      "numbers": [
        3,
        8,
        12,
        30,
        38,
        43
      ],
      "confidence": 68.25
    },
    {
      "numbers": [
        3,
        15,
        24,
        33,
        40,
        43
      ],
      "confidence": 68.25
    },
    {
      "numbers": [
        5,
        12,
        13,
        22,
        40,
        43
      ],
      "confidence": 68.25
    },
    {
      "numbers": [
        8,
        12,
        15,
        22,
        23,
        43
      ],
      "confidence": 68.21666666666667
    },
    {
      "numbers": [
        4,
        8,
        30,
        33,
        34,
        43
      ],
      "confidence": 68.21666666666667
    },
    {
      "numbers": [
        5,
        12,
        24,
        33,
        38,
        41
      ],
      "confidence": 68.0
    },
    {
      "numbers": [
        8,
        13,
        17,
        24,
        30,
        40
      ],
      "confidence": 67.75833333333334
    },
    {
      "numbers": [
        5,
        11,
        13,
        22,
        23,
        34
      ],
      "confidence": 67.75833333333334
    },
    {
      "numbers": [
        3,
        8,
        30,
        33,
        34,
        41
      ],
      "confidence": 67.75833333333334
    },
    {
      "numbers": [
        3,
        8,
        13,
        24,
        30,
        41
      ],
      "confidence": 67.75833333333334
    },
    {
      "numbers": [
        5,
        8,
        23,
        30,
        34,
        40
      ],
      "confidence": 67.725
    },
    {
      "numbers": [
        4,
        8,
        18,
        23,
        34,
        41
      ],
      "confidence": 67.58333333333334
    },
    {
      "numbers": [
        4,
        5,
        18,
        24,
        38,
        43
      ],
      "confidence": 67.58333333333334
    },
    {
      "numbers": [
        4,
        13,
        22,
        23,
        38,
        43
      ],
      "confidence": 67.58333333333334
    },
    {
      "numbers": [
        3,
        12,
        13,
        15,
        34,
        43
      ],
      "confidence": 67.55
    },
    {
      "numbers": [
        13,
        18,
        22,
        33,
        40,
        43
      ],