{
  "latest_round": 229,
  "next_round": 230,
  "hot_cold": {
    "hot": [
      [
        20,
        14
      ],
      [
        14,
        13
      ],
      [
        2,
        11
      ],
      [
        37,
        10
      ],
      [
        3,
        9
      ],
      [
        5,
        9
      ],
      [
        11,
        9
      ],
      [
        18,
        9
      ],
      [
        19,
        9
      ],
      [
        35,
        9
      ]
    ],
    "cold": [
      [
        9,
        1
      ],
      [
        28,
        2
      ],
      [
        10,
        3
      ],
      [
        41,
        3
      ],
      [
        43,
        3
      ],
      [
        13,
        4
      ],
      [
        17,
        4
      ],
      [
        23,
        4
      ],
      [
        42,
        4
      ],
      [
        6,
        5
      ]
    ],
    "overdue": [
      [
        45,
        3.6458333333333335
      ],
      [
        32,
        2.575609756097561
      ],
      [
        10,
        2.5454545454545454
      ],
      [
        41,
        2.0970873786407767
      ],
      [
        12,
        2.0606060606060606
      ],
      [
        24,
        1.8461538461538463
      ]
    ]
  },
  "engine_predictions": {
    "advancedpattern": [
      4,
      5,
      11,
      17,
      23,
      35
    ],
    "gap": [
      1,
      7,
      13,
      19,
      25,
      31
    ],
    "graph": [
      2,
      3,
      20,
      35,
      36,
      37
    ],
    "lstm": [
      4,
      5,
      11,
      19,
      22,
      36
    ],
    "ml": [
      2,
      11,
      23,
      35,
      40,
      44
    ],
    "numerology": [
      13,
      16,
      17,
      22,
      23,
      25
    ],
    "pattern": [
      3,
      13,
      23,
      33,
      35,
      43
    ],
    "sequencecorrelation": [
      3,
      14,
      17,
      19,
      35,
      44
    ],
    "statistical": [
      3,
      12,
      20,
      24,
      41,
      45
    ],
    "timeseries": [
      7,
      26,
      28,
      33,
      41,
      43
    ]
  },
  "predicted_sets": [
    {
      "numbers": [
        2,
        11,
        19,
        20,
        23,
        35
      ],
      "confidence": 71.96666666666667
    },
    {
      "numbers": [
        3,
        17,
        20,
        35,
        36,
        41
      ],
      "confidence": 71.3
    },
    {
      "numbers": [
        2,
        3,
        19,
        23,
        35,
        40
      ],
      "confidence": 71.09166666666667
    },
    {
      "numbers": [
        7,
        11,
        19,
        35,
        36,
        44
      ],
      "confidence": 70.63333333333333
    },
    {
      "numbers": [
        4,
        5,
        11,
        23,
        35,
        44
      ],
      "confidence": 70.25
    },
    {
      "numbers": [
        2,
        4,
        11,
        20,
        35,
        43
      ],
      "confidence": 69.96666666666667
    },
    {
      "numbers": [
        4,
        17,
        20,
        25,
        35,
        41
      ],
      "confidence": 69.79166666666667
    },
    {
      "numbers": [
        2,
        9,
        19,
        23,
        35,
        44
      ],
      "confidence": 69.79166666666667
    },
    {
      "numbers": [
        3,
        11,
        20,
        23,
        25,
        44
      ],
      "confidence": 69.75833333333334
    },
    {
      "numbers": [
        3,
        19,
        25,
        35,
        36,
        40
      ],
      "confidence": 69.75833333333334
    },
    {
      "numbers": [
        4,
        17,
        19,
        25,
        35,
        44
      ],
      "confidence": 69.58333333333334
    },
    {
      "numbers": [
        2,
        7,
        19,
        23,
        25,
        44
      ],
      "confidence": 69.3
    },
    {
      "numbers": [
        2,
        5,
        17,
        19,
        23,
        40
      ],
      "confidence": 69.3
    },
    {
      "numbers": [
        4,
        9,
        23,
        35,
        36,
        41
      ],
      "confidence": 69.3
    },
    {
      "numbers": [
        2,
        3,
        4,
        19,
        35,
        40
      ],
      "confidence": 69.20646003277844
    },
    {
      "numbers": [
        2,
        11,
        20,
        23,
        36,
        41
      ],
      "confidence": 69.125
    },
    {
      "numbers": [
        2,
        13,
        25,
        35,
        40,
        41
      ],
      "confidence": 69.125
    },
    {
      "numbers": [
        5,
        11,
        17,
        35,
        40,
        44
      ],
      "confidence": 69.09166666666667
    },
    {
      "numbers": [
        11,
        19,
        20,
        23,
        36,
        43
      ],
      "confidence": 69.09166666666667
    },
    {
      "numbers": [
        4,
        20,
        23,
        35,
        40,
        43
      ],
      "confidence": 68.91666666666667
    },
    {
      "numbers": [
        5,
        13,
        25,
        35,
        36,
        44
      ],
      "confidence": 68.91666666666667
    },
    {
      "numbers": [
        2,
        4,
        19,
        25,
        35,
        44
      ],
      "confidence": 68.91666666666667
    },
    {
      "numbers": [
        5,
        20,
        23,
        25,
        35,
        36
      ],
      "confidence": 68.88333333333333
    },
    {
      "numbers": [
        3,
        11,
        20,
        23,
        43,
        44
      ],
      "confidence": 68.88333333333333
    },
    {
      "numbers": [
        4,
        23,
        25,
        35,
        36,
        43
      ],
      "confidence": 68.88333333333333
    },
    {
      "numbers": [
        2,
        3,
        7,
        19,
        40,
        41
      ],
      "confidence": 68.63333333333333
    },
    {
      "numbers": [
        4,
        9,
        17,
        20,
        35,
        41
      ],
      "confidence": 68.63333333333333
    },
    {
      "numbers": [
        5,
        19,
        23,
        36,
        40,
        43
      ],
      "confidence": 68.45833333333334
    },
    {
      "numbers": [
        4,
        7,
        11,
        35,
        40,
        44
      ],
      "confidence": 68.42500000000001
    },
    {
      "numbers": [
        5,
        11,
        19,
        20,
        23,
        40
      ],
      "confidence": 68.42500000000001
    },
    {
      "numbers": [
        2,
        4,
        19,
        23,
        41,
        44
      ],
      "confidence": 68.42500000000001
    },
    {
      "numbers": [
        3,
        4,
        5,
        11,
        35,
        44
      ],
      "confidence": 68.3231266994451
    },
    {
      "numbers": [
        3,
        19,
        23,
        33,
        36,
        40
      ],
      "confidence": 68.21666666666667
    },
    {
      "numbers": [
        3,
        20,
        23,
        25,
        33,
        36
      ],
      "confidence": 68.21666666666667
    },
    {
      "numbers": [
        2,
        5,
        11,
        20,
        23,
        43
      ],
      "confidence": 68.19812669944511
    },
    {
      "numbers": [
        2,
        19,
        20,
        33,
        36,
        44
      ],
      "confidence": 67.96666666666667
    },
    {
      "numbers": [
        4,
        5,
        19,
        20,
        36,
        41
      ],
      "confidence": 67.96666666666667
    },
    {
      "numbers": [
        2,
        5,
        11,
        17,
        43,
        44
      ],
      "confidence": 67.93333333333334
    },
    {
      "numbers": [
        3,
        4,
        7,
        19,
        36,
        40
      ],
      "confidence": 67.93333333333334
    },
    {
      "numbers": [
        3,
        4,
        20,
        36,
        41,
        43
      ],