{
  "latest_round": 482,
  "next_round": 483,
  "hot_cold": {
    "hot": [
      [
        13,
        12
      ],
      [
        20,
        12
      ],
      [
        10,
        11
      ],
      [
        23,
        11
      ],
      [
        29,
        10
      ],
      [
        30,
        10
      ],
      [
        38,
        10
      ],
      [
        40,
        10
      ],
      [
        8,
        9
      ],
      [
        37,
        9
      ]
    ],
    "cold": [
      [
        5,
        1
      ],
      [
        2,
        2
      ],
      [
        7,
        3
      ],
      [
        42,
        3
      ],
      [
        15,
        4
      ],
      [
        17,
        4
      ],
      [
        19,
        4
      ],
      [
        21,
        4
      ],
      [
        28,
        4
      ],
      [
        39,
        4
      ]
    ],
    "overdue": [
      [
        19,
        4.002212389380531
      ],
      [
        7,
        3.3887640449438203
      ],
      [
        11,
        2.391774891774892
      ],
      [
        34,
        2.0867678958785247
      ],
      [
        2,
        1.9565217391304348
      ],
      [
        28,
        1.6825396825396828
      ],
      [
        42,
        1.5897435897435896
      ],
      [
        20,
        1.5099337748344372
      ]
    ]
  },
  "engine_predictions": {
    "advancedpattern": [
      1,
      10,
      16,
      24,
      25,
      35
    ],
    "gap": [
      1,
      7,
      13,
      19,
      25,
      31
    ],
    "graph": [
      10,
      18,
      31,
      37,
      40,
      45
    ],
    "lstm": [
      3,
      10,
      23,
      25,
      29,
      35
    ],
    "ml": [
      6,
      10,
      16,
      24,
      36,
      45
    ],
    "numerology": [
      17,
      22,
      23,
      24,
      25,
      31
    ],
    "pattern": [
      5,
      11,
      15,
      25,
      35,
      45
    ],
    "sequencecorrelation": [
      1,
      11,
      20,
      27,
      37,
      40
    ],
    "statistical": [
      7,
      11,
      19,
      20,
      28,
      34
    ],
    "timeseries": [
      2,
      13,
      14,
      15,
      18,
      42
    ]
  },
  "predicted_sets": [
    {
      "numbers": [
        1,
        10,
        16,
        24,
        25,
        37
      ],
      "confidence": 71.96666666666667
    },
    {
      "numbers": [
        1,
        10,
        16,
        25,
        35,
        45
      ],
      "confidence": 71.58333333333334
    },
    {
      "numbers": [
        1,
        10,
        18,
        24,
        35,
        45
      ],
      "confidence": 71.125
    },
    {
      "numbers": [
        7,
        11,
        24,
        25,
        40,
        45
      ],
      "confidence": 71.125
    },
    {
      "numbers": [
        10,
        20,
        24,
        25,
        37,
        45
      ],
      "confidence": 70.91666666666666
    },
    {
      "numbers": [
        10,
        11,
        18,
        24,
        35,
        37
      ],
      "confidence": 70.63333333333333
    },
    {
      "numbers": [
        1,
        10,
        18,
        24,
        25,
        29
      ],
      "confidence": 70.6
    },
    {
      "numbers": [
        7,
        10,
        19,
        23,
        24,
        25
      ],
      "confidence": 70.6
    },
    {
      "numbers": [
        1,
        16,
        20,
        25,
        37,
        45
      ],
      "confidence": 70.45833333333334
    },
    {
      "numbers": [
        10,
        11,
        16,
        24,
        40,
        45
      ],
      "confidence": 70.45833333333334
    },
    {
      "numbers": [
        10,
        13,
        19,
        20,
        25,
        31
      ],
      "confidence": 70.42500000000001
    },
    {
      "numbers": [
        7,
        16,
        24,
        25,
        35,
        45
      ],
      "confidence": 70.25
    },
    {
      "numbers": [
        10,
        15,
        24,
        25,
        31,
        40
      ],
      "confidence": 70.21666666666667
    },
    {
      "numbers": [
        1,
        10,
        16,
        19,
        24,
        35
      ],
      "confidence": 70.08619014949147
    },
    {
      "numbers": [
        10,
        23,
        24,
        29,
        31,
        45
      ],
      "confidence": 69.96666666666667
    },
    {
      "numbers": [
        10,
        15,
        16,
        19,
        24,
        31
      ],
      "confidence": 69.96666666666667
    },
    {
      "numbers": [
        16,
        20,
        24,
        25,
        31,
        37
      ],
      "confidence": 69.93333333333334
    },
    {
      "numbers": [
        10,
        13,
        19,
        24,
        40,
        45
      ],
      "confidence": 69.79166666666667
    },
    {
      "numbers": [
        7,
        11,
        18,
        24,
        35,
        45
      ],
      "confidence": 69.79166666666667
    },
    {
      "numbers": [
        10,
        11,
        18,
        27,
        31,
        45
      ],
      "confidence": 69.79166666666667
    },
    {
      "numbers": [
        1,
        10,
        24,
        27,
        31,
        45
      ],
      "confidence": 69.75833333333334
    },
    {
      "numbers": [
        10,
        11,
        18,
        25,
        27,
        40
      ],
      "confidence": 69.75833333333334
    },
    {
      "numbers": [
        10,
        16,
        18,
        31,
        35,
        45
      ],
      "confidence": 69.75833333333334
    },
    {
      "numbers": [
        1,
        11,
        16,
        18,
        25,
        40
      ],
      "confidence": 69.75833333333334
    },
    {
      "numbers": [
        1,
        18,
        24,
        25,
        29,
        35
      ],
      "confidence": 69.75833333333334
    },
    {
      "numbers": [
        1,
        10,
        13,
        25,
        29,
        40
      ],
      "confidence": 69.75833333333334
    },
    {
      "numbers": [
        11,
        16,
        23,
        24,
        25,
        45
      ],
      "confidence": 69.725
    },
    {
      "numbers": [
        11,
        13,
        20,
        24,
        25,
        31
      ],
      "confidence": 69.725
    },
    {
      "numbers": [
        1,
        10,
        24,
        25,
        29,
        40
      ],
      "confidence": 69.725
    },
    {
      "numbers": [
        1,
        11,
        16,
        24,
        35,
        45
      ],
      "confidence": 69.58333333333334
    },
    {
      "numbers": [
        10,
        15,
        25,
        31,
        37,
        40
      ],
      "confidence": 69.55
    },
    {
      "numbers": [
        10,
        13,
        18,
        23,
        25,
        45
      ],
      "confidence": 69.55
    },
    {
      "numbers": [
        1,
        10,
        19,
        20,
        25,
        40
      ],
      "confidence": 69.55
    },
    {
      "numbers": [
        1,
        10,
        23,
        25,
        35,
        40
      ],
      "confidence": 69.51666666666667
    },
    {
      "numbers": [
        1,
        7,
        16,
        18,
        24,
        45
      ],
      "confidence": 69.3
    },
    {
      "numbers": [
        13,
        24,
        25,
        27,
        31,
        40
      ],
      "confidence": 69.26666666666668
    },
    {
      "numbers": [
        7,
        13,
        24,
        35,
        40,
        45
      ],
      "confidence": 69.125
    },
    {
      "numbers": [
        10,
        13,
        18,
        24,
        31,
        40
      ],
      "confidence": 69.09166666666667
    },
    {
      "numbers": [
        10,
        16,
        19,
        20,
        24,
        45
      ],