{
  "latest_round": 337,
  "next_round": 338,
  "hot_cold": {
    "hot": [
      [
        17,
        15
      ],
      [
        45,
        13
      ],
      [
        5,
        10
      ],
      [
        18,
        10
      ],
      [
        20,
        10
      ],
      [
        32,
        10
      ],
      [
        1,
        9
      ],
      [
        9,
        9
      ],
      [
        19,
        9
      ],
      [
        33,
        9
      ]
    ],
    "cold": [
      [
        24,
        1
      ],
      [
        40,
        1
      ],
      [
        22,
        2
      ],
      [
        31,
        3
      ],
      [
        26,
        4
      ],
      [
        29,
        4
      ],
      [
        44,
        4
      ],
      [
        2,
        5
      ],
      [
        6,
        5
      ],
      [
        7,
        5
      ]
    ],
    "overdue": [
      [
        40,
        6.303030303030303
      ],
      [
        24,
        3.3986928104575163
      ],
      [
        11,
        2.7388535031847137
      ],
      [
        8,
        2.257234726688103
      ],
      [
        41,
        2.104761904761905
      ],
      [
        2,
        1.886435331230284
      ],
      [
        38,
        1.796116504854369
      ],
      [
        10,
        1.7826086956521738
      ],
      [
        7,
        1.681528662420382
      ],
      [
        22,
        1.6470588235294117
      ]
    ]
  },
  "engine_predictions": {
    "advancedpattern": [
      1,
      5,
      14,
      18,
      32,
      37
    ],
    "gap": [
      1,
      7,
      13,
      19,
      25,
      31
    ],
    "graph": [
      4,
      17,
      19,
      34,
      36,
      45
    ],
    "lstm": [
      5,
      9,
      14,
      16,
      17,
      34
    ],
    "ml": [
      5,
      20,
      25,
      33,
      34,
      35
    ],
    "numerology": [
      17,
      22,
      23,
      24,
      25,
      31
    ],
    "pattern": [
      5,
      15,
      25,
      33,
      35,
      45
    ],
    "sequencecorrelation": [
      5,
      11,
      17,
      18,
      35,
      37
    ],
    "statistical": [
      8,
      11,
      19,
      24,
      25,
      41
    ],
    "timeseries": [
      4,
      9,
      16,
      17,
      22,
      25
    ]
  },
  "predicted_sets": [
    {
      "numbers": [
        5,
        17,
        18,
        25,
        34,
        45
      ],
      "confidence": 73.58333333333334
    },
    {
      "numbers": [
        5,
        17,
        24,
        25,
        33,
        34
      ],
      "confidence": 72.88333333333333
    },
    {
      "numbers": [
        5,
        14,
        17,
        25,
        31,
        32
      ],
      "confidence": 72.42500000000001
    },
    {
      "numbers": [
        5,
        16,
        19,
        22,
        25,
        35
      ],
      "confidence": 71.55
    },
    {
      "numbers": [
        4,
        9,
        17,
        25,
        34,
        35
      ],
      "confidence": 71.55
    },
    {
      "numbers": [
        5,
        11,
        17,
        22,
        34,
        37
      ],
      "confidence": 71.09166666666667
    },
    {
      "numbers": [
        5,
        16,
        17,
        31,
        34,
        35
      ],
      "confidence": 71.05833333333334
    },
    {
      "numbers": [
        4,
        17,
        22,
        25,
        34,
        37
      ],
      "confidence": 70.88333333333333
    },
    {
      "numbers": [
        14,
        17,
        19,
        24,
        25,
        34
      ],
      "confidence": 70.85
    },
    {
      "numbers": [
        5,
        22,
        25,
        34,
        35,
        37
      ],
      "confidence": 70.85
    },
    {
      "numbers": [
        5,
        17,
        22,
        31,
        32,
        34
      ],
      "confidence": 70.42500000000001
    },
    {
      "numbers": [
        1,
        5,
        18,
        25,
        32,
        33
      ],
      "confidence": 70.42500000000001
    },
    {
      "numbers": [
        17,
        18,
        22,
        24,
        25,
        45
      ],
      "confidence": 70.39166666666667
    },
    {
      "numbers": [
        5,
        9,
        16,
        17,
        34,
        37
      ],
      "confidence": 70.39166666666667
    },
    {
      "numbers": [
        9,
        18,
        19,
        25,
        34,
        45
      ],
      "confidence": 70.25
    },
    {
      "numbers": [
        5,
        14,
        25,
        32,
        35,
        37
      ],
      "confidence": 70.21666666666667
    },
    {
      "numbers": [
        5,
        9,
        17,
        24,
        34,
        37
      ],
      "confidence": 70.21666666666667
    },
    {
      "numbers": [
        5,
        17,
        18,
        34,
        35,
        37
      ],
      "confidence": 70.18333333333334
    },
    {
      "numbers": [
        1,
        5,
        18,
        24,
        25,
        32
      ],
      "confidence": 70.0170187647712
    },
    {
      "numbers": [
        9,
        17,
        18,
        22,
        33,
        45
      ],
      "confidence": 70.0
    },
    {
      "numbers": [
        1,
        17,
        18,
        19,
        24,
        45
      ],
      "confidence": 69.96666666666667
    },
    {
      "numbers": [
        4,
        9,
        18,
        22,
        25,
        34
      ],
      "confidence": 69.75833333333334
    },
    {
      "numbers": [
        9,
        14,
        18,
        25,
        31,
        35
      ],
      "confidence": 69.75833333333334
    },
    {
      "numbers": [
        1,
        11,
        22,
        25,
        33,
        34
      ],
      "confidence": 69.75833333333334
    },
    {
      "numbers": [
        11,
        18,
        25,
        33,
        34,
        35
      ],
      "confidence": 69.725
    },
    {
      "numbers": [
        11,
        14,
        18,
        19,
        25,
        34
      ],
      "confidence": 69.725
    },
    {
      "numbers": [
        1,
        5,
        24,
        25,
        32,
        37
      ],
      "confidence": 69.725
    },
    {
      "numbers": [
        9,
        14,
        16,
        25,
        34,
        35
      ],
      "confidence": 69.55
    },
    {
      "numbers": [
        5,
        9,
        18,
        22,
        25,
        32
      ],
      "confidence": 69.55
    },
    {
      "numbers": [
        4,
        5,
        17,
        31,
        34,
        37
      ],
      "confidence": 69.51666666666667
    },
    {
      "numbers": [
        4,
        5,
        25,
        32,
        35,
        37
      ],
      "confidence": 69.51666666666667
    },
    {
      "numbers": [
        5,
        11,
        14,
        19,
        22,
        34
      ],
      "confidence": 69.35035209810454
    },
    {
      "numbers": [
        9,
        14,
        16,
        25,
        32,
        33
      ],
      "confidence": 69.3
    },
    {
      "numbers": [
        4,
        11,
        16,
        25,
        32,
        33
      ],
      "confidence": 69.3
    },
    {
      "numbers": [
        1,
        17,
        18,
        32,
        34,
        45
      ],
      "confidence": 69.3
    },
    {
      "numbers": [
        11,
        17,
        18,
        24,
        33,
        35
      ],
      "confidence": 69.26666666666668
    },
    {
      "numbers": [
        1,
        5,
        18,
        22,
        37,
        45
      ],
      "confidence": 69.125
    },
    {
      "numbers": [
        4,
        17,
        18,
        22,
        35,
        37
      ],
      "confidence": 69.09166666666667
    },
    {
      "numbers": [
        4,
        17,
        18,
        22,
        33,
        34
      ],