{
  "latest_round": 201,
  "next_round": 202,
  "hot_cold": {
    "hot": [
      [
        34,
        12
      ],
      [
        45,
        12
      ],
      [
        18,
        11
      ],
      [
        19,
        11
      ],
      [
        39,
        10
      ],
      [
        13,
        9
      ],
      [
        30,
        9
      ],
      [
        1,
        8
      ],
      [
        5,
        8
      ],
      [
        14,
        8
      ]
    ],
    "cold": [
      [
        17,
        3
      ],
      [
        23,
        3
      ],
      [
        7,
        4
      ],
      [
        15,
        4
      ],
      [
        28,
        4
      ],
      [
        38,
        4
      ],
      [
        3,
        5
      ],
      [
        9,
        5
      ],
      [
        10,
        5
      ],
      [
        12,
        5
      ]
    ],
    "overdue": [
      [
        43,
        3.5749999999999997
      ],
      [
        28,
        3.513513513513513
      ],
      [
        33,
        2.6010928961748636
      ],
      [
        2,
        2.3333333333333335
      ],
      [
        9,
        2.23728813559322
      ],
      [
        1,
        2.0681818181818183
      ],
      [
        29,
        1.8817204301075268
      ],
      [
        27,
        1.7567567567567566
      ]
    ]
  },
  "engine_predictions": {
    "advancedpattern": [
      3,
      11,
      14,
      24,
      38,
      39
    ],
    "gap": [
      1,
      7,
      13,
      19,
      25,
      31
    ],
    "graph": [
      4,
      17,
      25,
      30,
      36,
      42
    ],
    "lstm": [
      14,
      20,
      36,
      39,
      44,
      45
    ],
    "ml": [
      3,
      10,
      17,
      28,
      35,
      39
    ],
    "numerology": [
      17,
      22,
      23,
      24,
      25,
      31
    ],
    "pattern": [
      3,
      13,
      23,
      33,
      35,
      43
    ],
    "sequencecorrelation": [
      3,
      6,
      15,
      19,
      36,
      45
    ],
    "statistical": [
      1,
      2,
      9,
      18,
      33,
      43
    ],
    "timeseries": [
      2,
      4,
      15,
      23,
      37,
      45
    ]
  },
  "predicted_sets": [
    {
      "numbers": [
        3,
        17,
        24,
        36,
        39,
        45
      ],
      "confidence": 72.0
    },
    {
      "numbers": [
        2,
        14,
        25,
        36,
        39,
        45
      ],
      "confidence": 69.79166666666667
    },
    {
      "numbers": [
        3,
        4,
        15,
        17,
        36,
        45
      ],
      "confidence": 69.75833333333334
    },
    {
      "numbers": [
        3,
        14,
        23,
        24,
        39,
        45
      ],
      "confidence": 69.58333333333334
    },
    {
      "numbers": [
        3,
        14,
        25,
        36,
        43,
        45
      ],
      "confidence": 69.58333333333334
    },
    {
      "numbers": [
        1,
        2,
        14,
        25,
        36,
        43
      ],
      "confidence": 69.33333333333334
    },
    {
      "numbers": [
        4,
        19,
        23,
        36,
        38,
        45
      ],
      "confidence": 69.33333333333334
    },
    {
      "numbers": [
        4,
        11,
        23,
        25,
        36,
        39
      ],
      "confidence": 69.3
    },
    {
      "numbers": [
        1,
        17,
        23,
        24,
        35,
        36
      ],
      "confidence": 69.3
    },
    {
      "numbers": [
        14,
        17,
        23,
        35,
        36,
        39
      ],
      "confidence": 69.26666666666668
    },
    {
      "numbers": [
        2,
        3,
        17,
        36,
        38,
        39
      ],
      "confidence": 69.26666666666668
    },
    {
      "numbers": [
        1,
        2,
        3,
        17,
        39,
        44
      ],
      "confidence": 69.17404088210566
    },
    {
      "numbers": [
        3,
        17,
        23,
        35,
        36,
        38
      ],
      "confidence": 69.09166666666667
    },
    {
      "numbers": [
        2,
        3,
        14,
        17,
        35,
        45
      ],
      "confidence": 69.09166666666667
    },
    {
      "numbers": [
        4,
        17,
        25,
        35,
        36,
        39
      ],
      "confidence": 69.09166666666667
    },
    {
      "numbers": [
        1,
        3,
        4,
        25,
        36,
        43
      ],
      "confidence": 69.09166666666667
    },
    {
      "numbers": [
        3,
        15,
        23,
        36,
        44,
        45
      ],
      "confidence": 68.91666666666667
    },
    {
      "numbers": [
        3,
        17,
        23,
        24,
        36,
        44
      ],
      "confidence": 68.91666666666667
    },
    {
      "numbers": [
        3,
        14,
        23,
        25,
        39,
        44
      ],
      "confidence": 68.91666666666667
    },
    {
      "numbers": [
        2,
        11,
        17,
        23,
        24,
        36
      ],
      "confidence": 68.63333333333333
    },
    {
      "numbers": [
        2,
        3,
        11,
        24,
        35,
        36
      ],
      "confidence": 68.63333333333333
    },
    {
      "numbers": [
        3,
        4,
        11,
        23,
        38,
        45
      ],
      "confidence": 68.45833333333334
    },
    {
      "numbers": [
        1,
        3,
        15,
        24,
        38,
        45
      ],
      "confidence": 68.45833333333334
    },
    {
      "numbers": [
        2,
        19,
        23,
        39,
        44,
        45
      ],
      "confidence": 68.45833333333334
    },
    {
      "numbers": [
        4,
        11,
        23,
        33,
        36,
        45
      ],
      "confidence": 68.45833333333334
    },
    {
      "numbers": [
        3,
        15,
        17,
        36,
        43,
        44
      ],
      "confidence": 68.42500000000001
    },
    {
      "numbers": [
        3,
        15,
        17,
        35,
        36,
        44
      ],
      "confidence": 68.42500000000001
    },
    {
      "numbers": [
        3,
        11,
        14,
        24,
        25,
        36
      ],
      "confidence": 68.42500000000001
    },
    {
      "numbers": [
        2,
        17,
        33,
        36,
        39,
        43
      ],
      "confidence": 68.42500000000001
    },
    {
      "numbers": [
        3,
        17,
        19,
        36,
        38,
        39
      ],
      "confidence": 68.39166666666668
    },
    {
      "numbers": [
        2,
        3,
        15,
        19,
        36,
        39
      ],
      "confidence": 68.39166666666668
    },
    {
      "numbers": [
        4,
        14,
        24,
        36,
        39,
        45
      ],
      "confidence": 68.25
    },
    {
      "numbers": [
        3,
        17,
        24,
        33,
        44,
        45
      ],
      "confidence": 68.25
    },
    {
      "numbers": [
        3,
        4,
        17,
        24,
        43,
        45
      ],
      "confidence": 68.21666666666667
    },
    {
      "numbers": [
        3,
        4,
        14,
        15,
        39,
        45
      ],
      "confidence": 68.21666666666667
    },
    {
      "numbers": [
        15,
        17,
        23,
        36,
        38,
        45
      ],
      "confidence": 68.13486177762806
    },
    {
      "numbers": [
        2,
        11,
        24,
        36,
        38,
        45
      ],
      "confidence": 68.0
    },
    {
      "numbers": [
        1,
        2,
        17,
        25,
        38,
        44
      ],
      "confidence": 68.0
    },
    {
      "numbers": [
        4,
        11,
        19,
        33,
        36,
        45
      ],