{
  "latest_round": 1125,
  "next_round": 1126,
  "hot_cold": {
    "hot": [
      [
        30,
        12
      ],
      [
        13,
        11
      ],
      [
        40,
        11
      ],
      [
        7,
        10
      ],
      [
        16,
        10
      ],
      [
        33,
        10
      ],
      [
        38,
        10
      ],
      [
        44,
        10
      ],
      [
        3,
        9
      ],
      [
        6,
        9
      ]
    ],
    "cold": [
      [
        5,
        0
      ],
      [
        2,
        1
      ],
      [
        27,
        2
      ],
      [
        25,
        3
      ],
      [
        39,
        3
      ],
      [
        9,
        4
      ],
      [
        15,
        4
      ],
      [
        28,
        4
      ],
      [
        41,
        4
      ],
      [
        1,
        5
      ]
    ],
    "overdue": [
      [
        5,
        9.85145631067961
      ],
      [
        27,
        5.653739612188366
      ],
      [
        18,
        5.048507462686567
      ],
      [
        28,
        2.994413407821229
      ],
      [
        29,
        2.3900452488687782
      ],
      [
        37,
        2.3495934959349594
      ],
      [
        39,
        2.349090909090909
      ],
      [
        43,
        2.0
      ],
      [
        22,
        1.818596171376481
      ],
      [
        42,
        1.6747747747747748
      ]
    ]
  },
  "engine_predictions": {
    "advancedpattern": [
      6,
      14,
      25,
      33,
      40,
      44
    ],
    "gap": [
      1,
      7,
      13,
      19,
      25,
      31
    ],
    "graph": [
      18,
      20,
      33,
      34,
      38,
      40
    ],
    "lstm": [
      3,
      6,
      13,
      30,
      33,
      34
    ],
    "ml": [
      10,
      24,
      25,
      30,
      41,
      44
    ],
    "numerology": [
      17,
      23,
      24,
      25,
      26,
      31
    ],
    "pattern": [
      3,
      11,
      13,
      23,
      33,
      43
    ],
    "sequencecorrelation": [
      7,
      10,
      16,
      24,
      33,
      41
    ],
    "statistical": [
      22,
      28,
      29,
      37,
      39,
      43
    ],
    "timeseries": [
      5,
      10,
      15,
      31,
      39,
      45
    ]
  },
  "predicted_sets": [
    {
      "numbers": [
        6,
        13,
        25,
        33,
        40,
        44
      ],
      "confidence": 71.125
    },
    {
      "numbers": [
        6,
        13,
        24,
        25,
        33,
        43
      ],
      "confidence": 70.91666666666666
    },
    {
      "numbers": [
        10,
        13,
        25,
        33,
        34,
        44
      ],
      "confidence": 70.91666666666666
    },
    {
      "numbers": [
        6,
        14,
        25,
        31,
        33,
        40
      ],
      "confidence": 70.63333333333333
    },
    {
      "numbers": [
        7,
        25,
        30,
        31,
        33,
        34
      ],
      "confidence": 70.6
    },
    {
      "numbers": [
        6,
        7,
        25,
        30,
        31,
        33
      ],
      "confidence": 70.6
    },
    {
      "numbers": [
        10,
        13,
        24,
        25,
        34,
        41
      ],
      "confidence": 70.45833333333334
    },
    {
      "numbers": [
        6,
        10,
        25,
        33,
        41,
        43
      ],
      "confidence": 70.42500000000001
    },
    {
      "numbers": [
        7,
        13,
        14,
        25,
        30,
        33
      ],
      "confidence": 69.75833333333334
    },
    {
      "numbers": [
        6,
        23,
        24,
        25,
        33,
        39
      ],
      "confidence": 69.725
    },
    {
      "numbers": [
        6,
        7,
        13,
        24,
        33,
        44
      ],
      "confidence": 69.58333333333334
    },
    {
      "numbers": [
        7,
        14,
        25,
        31,
        40,
        43
      ],
      "confidence": 69.33333333333334
    },
    {
      "numbers": [
        7,
        10,
        14,
        25,
        31,
        39
      ],
      "confidence": 69.3
    },
    {
      "numbers": [
        7,
        10,
        14,
        33,
        39,
        41
      ],
      "confidence": 69.3
    },
    {
      "numbers": [
        7,
        13,
        24,
        25,
        40,
        45
      ],
      "confidence": 69.125
    },
    {
      "numbers": [
        6,
        13,
        14,
        25,
        31,
        44
      ],
      "confidence": 69.125
    },
    {
      "numbers": [
        7,
        14,
        30,
        31,
        33,
        41
      ],
      "confidence": 69.125
    },
    {
      "numbers": [
        3,
        6,
        13,
        24,
        25,
        40
      ],
      "confidence": 69.09166666666667
    },
    {
      "numbers": [
        6,
        23,
        25,
        33,
        39,
        40
      ],
      "confidence": 69.05833333333334
    },
    {
      "numbers": [
        7,
        15,
        31,
        33,
        40,
        44
      ],
      "confidence": 68.94323988609365
    },
    {
      "numbers": [
        6,
        7,
        13,
        23,
        33,
        44
      ],
      "confidence": 68.91666666666667
    },
    {
      "numbers": [
        10,
        13,
        24,
        31,
        40,
        44
      ],
      "confidence": 68.91666666666667
    },
    {
      "numbers": [
        7,
        13,
        15,
        24,
        33,
        44
      ],
      "confidence": 68.91666666666667
    },
    {
      "numbers": [
        6,
        13,
        24,
        25,
        34,
        44
      ],
      "confidence": 68.91666666666667
    },
    {
      "numbers": [
        7,
        10,
        24,
        33,
        40,
        44
      ],
      "confidence": 68.88333333333333
    },
    {
      "numbers": [
        3,
        6,
        23,
        25,
        33,
        44
      ],
      "confidence": 68.88333333333333
    },
    {
      "numbers": [
        6,
        7,
        25,
        30,
        39,
        43
      ],
      "confidence": 68.63333333333333
    },
    {
      "numbers": [
        6,
        15,
        23,
        33,
        34,
        41
      ],
      "confidence": 68.45833333333334
    },
    {
      "numbers": [
        7,
        14,
        30,
        33,
        39,
        43
      ],
      "confidence": 68.45833333333334
    },
    {
      "numbers": [
        6,
        15,
        30,
        33,
        40,
        41
      ],
      "confidence": 68.45833333333334
    },
    {
      "numbers": [
        7,
        13,
        24,
        39,
        40,
        43
      ],
      "confidence": 68.45833333333334
    },
    {
      "numbers": [
        3,
        7,
        10,
        25,
        40,
        44
      ],
      "confidence": 68.42500000000001
    },
    {
      "numbers": [
        6,
        7,
        24,
        33,
        34,
        39
      ],
      "confidence": 68.39166666666668
    },
    {
      "numbers": [
        7,
        13,
        14,
        30,
        33,
        43
      ],
      "confidence": 68.25
    },
    {
      "numbers": [
        3,
        10,
        14,
        31,
        33,
        44
      ],
      "confidence": 68.21666666666667
    },
    {
      "numbers": [
        7,
        13,
        24,
        25,
        43,
        44
      ],
      "confidence": 68.21666666666667
    },
    {
      "numbers": [
        7,
        10,
        13,
        25,
        30,
        40
      ],
      "confidence": 68.21666666666667
    },
    {
      "numbers": [
        3,
        10,
        24,
        25,
        34,
        44
      ],
      "confidence": 68.21666666666667
    },
    {
      "numbers": [
        6,
        14,
        25,
        30,
        34,
        41
      ],