{
  "latest_round": 892,
  "next_round": 893,
  "hot_cold": {
    "hot": [
      [
        39,
        14
      ],
      [
        43,
        11
      ],
      [
        17,
        10
      ],
      [
        28,
        10
      ],
      [
        34,
        10
      ],
      [
        45,
        10
      ],
      [
        18,
        9
      ],
      [
        42,
        9
      ],
      [
        16,
        8
      ],
      [
        19,
        8
      ]
    ],
    "cold": [
      [
        11,
        3
      ],
      [
        6,
        4
      ],
      [
        7,
        4
      ],
      [
        20,
        4
      ],
      [
        35,
        4
      ],
      [
        36,
        4
      ],
      [
        5,
        5
      ],
      [
        9,
        5
      ],
      [
        10,
        5
      ],
      [
        12,
        5
      ]
    ],
    "overdue": [
      [
        40,
        3.240506329113924
      ],
      [
        5,
        2.1228070175438596
      ],
      [
        30,
        2.107921928817451
      ],
      [
        21,
        2.1052631578947367
      ],
      [
        11,
        1.936
      ],
      [
        2,
        1.8484500574052811
      ],
      [
        25,
        1.8378995433789953
      ],
      [
        10,
        1.8359908883826879
      ],
      [
        16,
        1.792
      ],
      [
        6,
        1.7824074074074074
      ]
    ]
  },
  "engine_predictions": {
    "advancedpattern": [
      4,
      9,
      17,
      18,
      26,
      42
    ],
    "gap": [
      1,
      7,
      13,
      19,
      25,
      31
    ],
    "graph": [
      8,
      11,
      12,
      13,
      34,
      45
    ],
    "lstm": [
      4,
      9,
      18,
      37,
      39,
      42
    ],
    "ml": [
      9,
      18,
      26,
      29,
      33,
      37
    ],
    "numerology": [
      17,
      22,
      23,
      24,
      25,
      31
    ],
    "pattern": [
      3,
      13,
      15,
      23,
      33,
      43
    ],
    "sequencecorrelation": [
      11,
      18,
      24,
      27,
      33,
      34
    ],
    "statistical": [
      5,
      15,
      21,
      30,
      40,
      43
    ],
    "timeseries": [
      5,
      6,
      21,
      27,
      37,
      45
    ]
  },
  "predicted_sets": [
    {
      "numbers": [
        4,
        9,
        18,
        26,
        37,
        42
      ],
      "confidence": 70.66666666666667
    },
    {
      "numbers": [
        5,
        9,
        18,
        24,
        37,
        42
      ],
      "confidence": 70.66666666666667
    },
    {
      "numbers": [
        4,
        5,
        18,
        26,
        33,
        37
      ],
      "confidence": 69.96666666666667
    },
    {
      "numbers": [
        9,
        13,
        18,
        31,
        34,
        42
      ],
      "confidence": 69.96666666666667
    },
    {
      "numbers": [
        9,
        18,
        23,
        33,
        34,
        45
      ],
      "confidence": 69.79166666666667
    },
    {
      "numbers": [
        13,
        18,
        25,
        33,
        37,
        42
      ],
      "confidence": 69.75833333333334
    },
    {
      "numbers": [
        9,
        13,
        21,
        26,
        34,
        45
      ],
      "confidence": 69.33333333333334
    },
    {
      "numbers": [
        5,
        17,
        18,
        26,
        34,
        42
      ],
      "confidence": 69.33333333333334
    },
    {
      "numbers": [
        4,
        9,
        17,
        18,
        26,
        45
      ],
      "confidence": 69.3
    },
    {
      "numbers": [
        9,
        18,
        21,
        25,
        27,
        42
      ],
      "confidence": 69.3
    },
    {
      "numbers": [
        5,
        9,
        18,
        24,
        27,
        43
      ],
      "confidence": 69.3
    },
    {
      "numbers": [
        5,
        9,
        18,
        27,
        42,
        43
      ],
      "confidence": 69.3
    },
    {
      "numbers": [
        4,
        18,
        21,
        24,
        37,
        42
      ],
      "confidence": 69.125
    },
    {
      "numbers": [
        5,
        9,
        18,
        33,
        34,
        45
      ],
      "confidence": 69.09166666666667
    },
    {
      "numbers": [
        9,
        18,
        23,
        26,
        27,
        33
      ],
      "confidence": 69.09166666666667
    },
    {
      "numbers": [
        17,
        18,
        21,
        33,
        37,
        42
      ],
      "confidence": 69.09166666666667
    },
    {
      "numbers": [
        4,
        18,
        33,
        34,
        37,
        42
      ],
      "confidence": 69.09166666666667
    },
    {
      "numbers": [
        4,
        9,
        18,
        27,
        31,
        37
      ],
      "confidence": 69.09166666666667
    },
    {
      "numbers": [
        4,
        5,
        18,
        21,
        23,
        42
      ],
      "confidence": 68.63333333333333
    },
    {
      "numbers": [
        18,
        21,
        23,
        27,
        34,
        45
      ],
      "confidence": 68.63333333333333
    },
    {
      "numbers": [
        13,
        18,
        21,
        24,
        26,
        42
      ],
      "confidence": 68.6
    },
    {
      "numbers": [
        18,
        21,
        25,
        27,
        33,
        34
      ],
      "confidence": 68.6
    },
    {
      "numbers": [
        9,
        11,
        17,
        24,
        37,
        42
      ],
      "confidence": 68.45833333333334
    },
    {
      "numbers": [
        4,
        9,
        11,
        18,
        34,
        43
      ],
      "confidence": 68.42500000000001
    },
    {
      "numbers": [
        5,
        11,
        18,
        31,
        37,
        42
      ],
      "confidence": 68.42500000000001
    },
    {
      "numbers": [
        11,
        18,
        25,
        31,
        37,
        42
      ],
      "confidence": 68.42500000000001
    },
    {
      "numbers": [
        4,
        5,
        18,
        25,
        26,
        37
      ],
      "confidence": 68.42500000000001
    },
    {
      "numbers": [
        4,
        9,
        11,
        18,
        23,
        43
      ],
      "confidence": 68.42500000000001
    },
    {
      "numbers": [
        4,
        13,
        18,
        21,
        42,
        43
      ],
      "confidence": 68.42500000000001
    },
    {
      "numbers": [
        4,
        17,
        18,
        31,
        37,
        43
      ],
      "confidence": 68.42500000000001
    },
    {
      "numbers": [
        4,
        18,
        25,
        31,
        33,
        34
      ],
      "confidence": 68.42500000000001
    },
    {
      "numbers": [
        5,
        9,
        18,
        25,
        26,
        34
      ],
      "confidence": 68.42500000000001
    },
    {
      "numbers": [
        4,
        13,
        26,
        31,
        33,
        37
      ],
      "confidence": 68.42500000000001
    },
    {
      "numbers": [
        9,
        13,
        17,
        18,
        24,
        27
      ],
      "confidence": 68.39166666666668
    },
    {
      "numbers": [
        4,
        13,
        17,
        18,
        27,
        33
      ],
      "confidence": 68.21666666666667
    },
    {
      "numbers": [
        13,
        18,
        21,
        31,
        33,
        42
      ],
      "confidence": 68.21666666666667
    },
    {
      "numbers": [
        4,
        13,
        17,
        18,
        33,
        37
      ],
      "confidence": 68.18333333333334
    },
    {
      "numbers": [
        4,
        9,
        11,
        26,
        42,
        43
      ],
      "confidence": 67.96666666666667
    },
    {
      "numbers": [
        4,
        11,
        13,
        17,
        26,
        42
      ],