{
  "latest_round": 730,
  "next_round": 731,
  "hot_cold": {
    "hot": [
      [
        33,
        14
      ],
      [
        11,
        11
      ],
      [
        1,
        10
      ],
      [
        28,
        10
      ],
      [
        7,
        9
      ],
      [
        10,
        9
      ],
      [
        15,
        9
      ],
      [
        30,
        9
      ],
      [
        34,
        9
      ],
      [
        43,
        9
      ]
    ],
    "cold": [
      [
        9,
        1
      ],
      [
        26,
        3
      ],
      [
        31,
        3
      ],
      [
        32,
        3
      ],
      [
        40,
        3
      ],
      [
        42,
        3
      ],
      [
        5,
        4
      ],
      [
        14,
        4
      ],
      [
        22,
        4
      ],
      [
        12,
        5
      ]
    ],
    "overdue": [
      [
        38,
        3.7936046511627906
      ],
      [
        42,
        3.185185185185185
      ],
      [
        40,
        2.5357643758765778
      ],
      [
        24,
        2.5297450424929178
      ],
      [
        5,
        2.4848046309696095
      ],
      [
        27,
        2.317415730337079
      ],
      [
        9,
        2.0056497175141246
      ],
      [
        25,
        1.7818181818181817
      ],
      [
        16,
        1.7279102384291727
      ],
      [
        13,
        1.5341701534170153
      ]
    ]
  },
  "engine_predictions": {
    "advancedpattern": [
      4,
      10,
      14,
      15,
      18,
      22
    ],
    "gap": [
      1,
      7,
      13,
      19,
      25,
      31
    ],
    "graph": [
      1,
      17,
      20,
      25,
      34,
      40
    ],
    "lstm": [
      10,
      11,
      21,
      30,
      34,
      44
    ],
    "ml": [
      4,
      5,
      10,
      12,
      18,
      34
    ],
    "numerology": [
      13,
      17,
      22,
      23,
      25,
      31
    ],
    "pattern": [
      5,
      13,
      15,
      25,
      35,
      45
    ],
    "sequencecorrelation": [
      1,
      5,
      8,
      24,
      32,
      40
    ],
    "statistical": [
      5,
      16,
      24,
      27,
      33,
      38
    ],
    "timeseries": [
      5,
      9,
      20,
      21,
      35,
      41
    ]
  },
  "predicted_sets": [
    {
      "numbers": [
        1,
        13,
        17,
        20,
        25,
        34
      ],
      "confidence": 70.63333333333333
    },
    {
      "numbers": [
        5,
        10,
        15,
        25,
        31,
        34
      ],
      "confidence": 70.21666666666667
    },
    {
      "numbers": [
        5,
        10,
        18,
        22,
        31,
        44
      ],
      "confidence": 70.0
    },
    {
      "numbers": [
        1,
        13,
        20,
        25,
        34,
        40
      ],
      "confidence": 69.75833333333334
    },
    {
      "numbers": [
        5,
        13,
        18,
        20,
        25,
        44
      ],
      "confidence": 69.75833333333334
    },
    {
      "numbers": [
        5,
        10,
        18,
        24,
        25,
        35
      ],
      "confidence": 69.55
    },
    {
      "numbers": [
        5,
        15,
        18,
        25,
        34,
        40
      ],
      "confidence": 69.55
    },
    {
      "numbers": [
        5,
        10,
        19,
        22,
        31,
        44
      ],
      "confidence": 69.33333333333334
    },
    {
      "numbers": [
        4,
        5,
        13,
        21,
        40,
        44
      ],
      "confidence": 69.125
    },
    {
      "numbers": [
        1,
        4,
        13,
        25,
        34,
        44
      ],
      "confidence": 68.91666666666667
    },
    {
      "numbers": [
        5,
        17,
        24,
        25,
        31,
        44
      ],
      "confidence": 68.91666666666667
    },
    {
      "numbers": [
        5,
        21,
        22,
        25,
        34,
        44
      ],
      "confidence": 68.88333333333333
    },
    {
      "numbers": [
        5,
        10,
        15,
        21,
        24,
        34
      ],
      "confidence": 68.88333333333333
    },
    {
      "numbers": [
        10,
        13,
        15,
        25,
        34,
        40
      ],
      "confidence": 68.88333333333333
    },
    {
      "numbers": [
        5,
        10,
        15,
        21,
        31,
        34
      ],
      "confidence": 68.88333333333333
    },
    {
      "numbers": [
        5,
        10,
        21,
        24,
        25,
        40
      ],
      "confidence": 68.85
    },
    {
      "numbers": [
        13,
        18,
        20,
        25,
        31,
        44
      ],
      "confidence": 68.63333333333333
    },
    {
      "numbers": [
        1,
        5,
        10,
        13,
        34,
        40
      ],
      "confidence": 68.56176635234151
    },
    {
      "numbers": [
        1,
        13,
        14,
        21,
        25,
        40
      ],
      "confidence": 68.42500000000001
    },
    {
      "numbers": [
        10,
        13,
        17,
        20,
        25,
        44
      ],
      "confidence": 68.42500000000001
    },
    {
      "numbers": [
        5,
        10,
        18,
        19,
        22,
        35
      ],
      "confidence": 68.42500000000001
    },
    {
      "numbers": [
        10,
        17,
        19,
        24,
        25,
        34
      ],
      "confidence": 68.42500000000001
    },
    {
      "numbers": [
        5,
        17,
        21,
        22,
        24,
        31
      ],
      "confidence": 68.42500000000001
    },
    {
      "numbers": [
        4,
        5,
        10,
        18,
        31,
        44
      ],
      "confidence": 68.42500000000001
    },
    {
      "numbers": [
        1,
        10,
        13,
        22,
        24,
        40
      ],
      "confidence": 68.42500000000001
    },
    {
      "numbers": [
        5,
        13,
        15,
        18,
        21,
        44
      ],
      "confidence": 68.42500000000001
    },
    {
      "numbers": [
        1,
        13,
        17,
        20,
        24,
        34
      ],
      "confidence": 68.42500000000001
    },
    {
      "numbers": [
        4,
        10,
        18,
        21,
        25,
        31
      ],
      "confidence": 68.42500000000001
    },
    {
      "numbers": [
        4,
        13,
        21,
        25,
        31,
        40
      ],
      "confidence": 68.42500000000001
    },
    {
      "numbers": [
        5,
        13,
        15,
        18,
        22,
        35
      ],
      "confidence": 68.21666666666667
    },
    {
      "numbers": [
        10,
        13,
        15,
        21,
        22,
        44
      ],
      "confidence": 67.96666666666667
    },
    {
      "numbers": [
        1,
        15,
        17,
        18,
        34,
        40
      ],
      "confidence": 67.93333333333334
    },
    {
      "numbers": [
        13,
        17,
        18,
        22,
        31,
        34
      ],
      "confidence": 67.93333333333334
    },
    {
      "numbers": [
        4,
        10,
        13,
        17,
        25,
        34
      ],
      "confidence": 67.92843301900818
    },
    {
      "numbers": [
        10,
        13,
        15,
        24,
        31,
        44
      ],
      "confidence": 67.79166666666666
    },
    {
      "numbers": [
        1,
        15,
        17,
        22,
        25,
        44
      ],
      "confidence": 67.75833333333334
    },
    {
      "numbers": [
        4,
        10,
        13,
        22,
        35,
        40
      ],
      "confidence": 67.75833333333334
    },
    {
      "numbers": [
        4,
        10,
        13,
        22,
        24,
        35
      ],