{
  "latest_round": 1022,
  "next_round": 1023,
  "hot_cold": {
    "hot": [
      [
        44,
        10
      ],
      [
        45,
        10
      ],
      [
        11,
        9
      ],
      [
        13,
        9
      ],
      [
        15,
        9
      ],
      [
        18,
        9
      ],
      [
        29,
        9
      ],
      [
        37,
        9
      ],
      [
        42,
        9
      ],
      [
        1,
        8
      ]
    ],
    "cold": [
      [
        40,
        2
      ],
      [
        5,
        3
      ],
      [
        19,
        3
      ],
      [
        28,
        3
      ],
      [
        32,
        3
      ],
      [
        43,
        3
      ],
      [
        6,
        4
      ],
      [
        10,
        4
      ],
      [
        30,
        5
      ],
      [
        36,
        5
      ]
    ],
    "overdue": [
      [
        2,
        2.990936555891239
      ],
      [
        10,
        2.898
      ],
      [
        43,
        2.7997967479674797
      ],
      [
        32,
        2.4909819639278554
      ],
      [
        7,
        2.392749244712991
      ],
      [
        8,
        1.996996996996997
      ],
      [
        16,
        1.9721115537848604
      ],
      [
        44,
        1.7697697697697699
      ]
    ]
  },
  "engine_predictions": {
    "advancedpattern": [
      5,
      6,
      11,
      29,
      42,
      45
    ],
    "gap": [
      1,
      7,
      13,
      19,
      25,
      31
    ],
    "graph": [
      5,
      12,
      21,
      34,
      42,
      45
    ],
    "lstm": [
      12,
      17,
      29,
      34,
      41,
      45
    ],
    "ml": [
      3,
      14,
      16,
      24,
      31,
      45
    ],
    "numerology": [
      17,
      22,
      23,
      24,
      25,
      31
    ],
    "pattern": [
      3,
      11,
      13,
      23,
      33,
      43
    ],
    "sequencecorrelation": [
      5,
      14,
      16,
      21,
      27,
      36
    ],
    "statistical": [
      2,
      7,
      8,
      10,
      16,
      44
    ],
    "timeseries": [
      8,
      14,
      26,
      32,
      34,
      40
    ]
  },
  "predicted_sets": [
    {
      "numbers": [
        8,
        16,
        23,
        29,
        31,
        45
      ],
      "confidence": 70.66666666666667
    },
    {
      "numbers": [
        3,
        7,
        16,
        31,
        42,
        45
      ],
      "confidence": 69.96666666666667
    },
    {
      "numbers": [
        5,
        11,
        29,
        34,
        42,
        45
      ],
      "confidence": 69.79166666666667
    },
    {
      "numbers": [
        5,
        6,
        14,
        29,
        31,
        45
      ],
      "confidence": 69.79166666666667
    },
    {
      "numbers": [
        5,
        8,
        14,
        16,
        23,
        45
      ],
      "confidence": 69.75833333333334
    },
    {
      "numbers": [
        5,
        8,
        13,
        31,
        34,
        45
      ],
      "confidence": 69.75833333333334
    },
    {
      "numbers": [
        6,
        7,
        12,
        21,
        34,
        45
      ],
      "confidence": 69.33333333333334
    },
    {
      "numbers": [
        8,
        11,
        12,
        14,
        29,
        45
      ],
      "confidence": 69.3
    },
    {
      "numbers": [
        8,
        16,
        23,
        24,
        42,
        45
      ],
      "confidence": 69.3
    },
    {
      "numbers": [
        6,
        11,
        14,
        29,
        34,
        45
      ],
      "confidence": 69.125
    },
    {
      "numbers": [
        3,
        14,
        16,
        24,
        29,
        45
      ],
      "confidence": 69.09166666666667
    },
    {
      "numbers": [
        11,
        13,
        16,
        21,
        34,
        45
      ],
      "confidence": 69.09166666666667
    },
    {
      "numbers": [
        11,
        12,
        16,
        23,
        31,
        45
      ],
      "confidence": 69.09166666666667
    },
    {
      "numbers": [
        11,
        16,
        25,
        31,
        34,
        45
      ],
      "confidence": 68.88333333333333
    },
    {
      "numbers": [
        5,
        7,
        14,
        21,
        29,
        42
      ],
      "confidence": 68.63333333333333
    },
    {
      "numbers": [
        5,
        16,
        17,
        23,
        29,
        42
      ],
      "confidence": 68.63333333333333
    },
    {
      "numbers": [
        5,
        7,
        16,
        23,
        24,
        31
      ],
      "confidence": 68.61192981940403
    },
    {
      "numbers": [
        7,
        8,
        16,
        21,
        31,
        42
      ],
      "confidence": 68.45833333333334
    },
    {
      "numbers": [
        3,
        11,
        14,
        29,
        31,
        42
      ],
      "confidence": 68.45833333333334
    },
    {
      "numbers": [
        11,
        12,
        23,
        25,
        34,
        45
      ],
      "confidence": 68.42500000000001
    },
    {
      "numbers": [
        7,
        11,
        16,
        25,
        42,
        45
      ],
      "confidence": 68.42500000000001
    },
    {
      "numbers": [
        7,
        12,
        14,
        25,
        31,
        34
      ],
      "confidence": 68.42500000000001
    },
    {
      "numbers": [
        5,
        12,
        16,
        24,
        29,
        34
      ],
      "confidence": 68.42500000000001
    },
    {
      "numbers": [
        5,
        16,
        17,
        21,
        25,
        34
      ],
      "confidence": 68.42500000000001
    },
    {
      "numbers": [
        3,
        11,
        14,
        25,
        42,
        45
      ],
      "confidence": 68.42500000000001
    },
    {
      "numbers": [
        6,
        7,
        11,
        31,
        34,
        45
      ],
      "confidence": 68.42500000000001
    },
    {
      "numbers": [
        5,
        11,
        17,
        24,
        42,
        45
      ],
      "confidence": 68.42500000000001
    },
    {
      "numbers": [
        14,
        16,
        24,
        31,
        42,
        45
      ],
      "confidence": 68.38435317230686
    },
    {
      "numbers": [
        8,
        16,
        29,
        34,
        42,
        45
      ],
      "confidence": 68.29268650564019
    },
    {
      "numbers": [
        5,
        11,
        12,
        16,
        25,
        45
      ],
      "confidence": 68.21666666666667
    },
    {
      "numbers": [
        5,
        8,
        25,
        29,
        34,
        45
      ],
      "confidence": 68.21666666666667
    },
    {
      "numbers": [
        6,
        11,
        12,
        13,
        24,
        45
      ],
      "confidence": 67.96666666666667
    },
    {
      "numbers": [
        6,
        8,
        17,
        21,
        24,
        45
      ],
      "confidence": 67.96666666666667
    },
    {
      "numbers": [
        7,
        8,
        11,
        23,
        25,
        34
      ],
      "confidence": 67.96666666666667
    },
    {
      "numbers": [
        7,
        16,
        23,
        25,
        29,
        42
      ],
      "confidence": 67.96666666666667
    },
    {
      "numbers": [
        3,
        16,
        17,
        21,
        29,
        42
      ],
      "confidence": 67.96666666666667
    },
    {
      "numbers": [
        5,
        6,
        17,
        21,
        31,
        42
      ],
      "confidence": 67.79166666666666
    },
    {
      "numbers": [
        5,
        6,
        12,
        24,
        31,
        42
      ],
      "confidence": 67.79166666666666
    },
    {
      "numbers": [
        7,
        14,
        16,
        17,
        29,
        42
      ],