{
  "latest_round": 749,
  "next_round": 750,
  "hot_cold": {
    "hot": [
      [
        10,
        12
      ],
      [
        2,
        11
      ],
      [
        33,
        11
      ],
      [
        41,
        10
      ],
      [
        44,
        10
      ],
      [
        45,
        10
      ],
      [
        19,
        9
      ],
      [
        21,
        9
      ],
      [
        34,
        9
      ],
      [
        3,
        8
      ]
    ],
    "cold": [
      [
        25,
        3
      ],
      [
        26,
        3
      ],
      [
        38,
        3
      ],
      [
        40,
        3
      ],
      [
        5,
        4
      ],
      [
        9,
        4
      ],
      [
        20,
        4
      ],
      [
        31,
        4
      ],
      [
        39,
        4
      ],
      [
        42,
        4
      ]
    ],
    "overdue": [
      [
        20,
        4.253200568990043
      ],
      [
        39,
        3.7058823529411766
      ],
      [
        30,
        2.4944751381215466
      ],
      [
        25,
        2.4444444444444446
      ],
      [
        6,
        1.8958333333333333
      ],
      [
        11,
        1.8090040927694406
      ],
      [
        43,
        1.545201668984701
      ]
    ]
  },
  "engine_predictions": {
    "advancedpattern": [
      12,
      14,
      24,
      26,
      34,
      45
    ],
    "gap": [
      1,
      7,
      13,
      19,
      25,
      31
    ],
    "graph": [
      15,
      20,
      31,
      34,
      40,
      45
    ],
    "lstm": [
      3,
      10,
      12,
      14,
      34,
      45
    ],
    "ml": [
      8,
      17,
      24,
      26,
      30,
      37
    ],
    "numerology": [
      17,
      22,
      23,
      24,
      25,
      31
    ],
    "pattern": [
      3,
      13,
      15,
      23,
      33,
      43
    ],
    "sequencecorrelation": [
      1,
      8,
      15,
      18,
      40,
      43
    ],
    "statistical": [
      6,
      11,
      25,
      30,
      39,
      43
    ],
    "timeseries": [
      5,
      8,
      9,
      17,
      40,
      43
    ]
  },
  "predicted_sets": [
    {
      "numbers": [
        8,
        12,
        26,
        34,
        43,
        45
      ],
      "confidence": 71.33333333333334
    },
    {
      "numbers": [
        8,
        14,
        15,
        24,
        40,
        43
      ],
      "confidence": 71.125
    },
    {
      "numbers": [
        1,
        8,
        14,
        17,
        25,
        43
      ],
      "confidence": 70.63333333333333
    },
    {
      "numbers": [
        12,
        15,
        26,
        31,
        34,
        43
      ],
      "confidence": 70.63333333333333
    },
    {
      "numbers": [
        1,
        8,
        25,
        26,
        40,
        43
      ],
      "confidence": 70.63333333333333
    },
    {
      "numbers": [
        1,
        14,
        17,
        25,
        34,
        43
      ],
      "confidence": 70.45833333333334
    },
    {
      "numbers": [
        8,
        14,
        30,
        31,
        43,
        45
      ],
      "confidence": 70.2877637582985
    },
    {
      "numbers": [
        5,
        8,
        14,
        26,
        40,
        43
      ],
      "confidence": 70.0
    },
    {
      "numbers": [
        8,
        12,
        14,
        31,
        40,
        45
      ],
      "confidence": 69.96666666666667
    },
    {
      "numbers": [
        8,
        17,
        23,
        24,
        26,
        45
      ],
      "confidence": 69.96666666666667
    },
    {
      "numbers": [
        8,
        13,
        14,
        25,
        40,
        45
      ],
      "confidence": 69.79166666666667
    },
    {
      "numbers": [
        1,
        14,
        17,
        23,
        40,
        43
      ],
      "confidence": 69.79166666666667
    },
    {
      "numbers": [
        3,
        15,
        26,
        31,
        34,
        45
      ],
      "confidence": 69.79166666666667
    },
    {
      "numbers": [
        1,
        8,
        17,
        31,
        40,
        45
      ],
      "confidence": 69.75833333333334
    },
    {
      "numbers": [
        8,
        13,
        24,
        30,
        43,
        45
      ],
      "confidence": 69.75833333333334
    },
    {
      "numbers": [
        1,
        12,
        30,
        34,
        37,
        43
      ],
      "confidence": 69.33333333333334
    },
    {
      "numbers": [
        1,
        3,
        12,
        30,
        34,
        45
      ],
      "confidence": 69.33333333333334
    },
    {
      "numbers": [
        13,
        24,
        25,
        26,
        31,
        45
      ],
      "confidence": 69.09166666666667
    },
    {
      "numbers": [
        8,
        13,
        24,
        25,
        30,
        40
      ],
      "confidence": 69.09166666666667
    },
    {
      "numbers": [
        3,
        17,
        24,
        25,
        26,
        45
      ],
      "confidence": 69.09166666666667
    },
    {
      "numbers": [
        12,
        17,
        23,
        25,
        34,
        45
      ],
      "confidence": 69.09166666666667
    },
    {
      "numbers": [
        3,
        5,
        8,
        17,
        34,
        43
      ],
      "confidence": 69.09166666666667
    },
    {
      "numbers": [
        3,
        8,
        24,
        26,
        43,
        45
      ],
      "confidence": 69.05833333333334
    },
    {
      "numbers": [
        12,
        14,
        17,
        24,
        43,
        45
      ],
      "confidence": 69.05833333333334
    },
    {
      "numbers": [
        1,
        8,
        31,
        34,
        40,
        45
      ],
      "confidence": 69.05833333333334
    },
    {
      "numbers": [
        1,
        3,
        8,
        24,
        43,
        45
      ],
      "confidence": 69.05833333333334
    },
    {
      "numbers": [
        3,
        12,
        15,
        25,
        40,
        45
      ],
      "confidence": 68.91666666666667
    },
    {
      "numbers": [
        1,
        14,
        23,
        24,
        40,
        43
      ],
      "confidence": 68.91666666666667
    },
    {
      "numbers": [
        8,
        15,
        24,
        34,
        37,
        45
      ],
      "confidence": 68.91666666666667
    },
    {
      "numbers": [
        12,
        15,
        23,
        24,
        34,
        43
      ],
      "confidence": 68.88333333333333
    },
    {
      "numbers": [
        3,
        8,
        23,
        34,
        43,
        45
      ],
      "confidence": 68.88333333333333
    },
    {
      "numbers": [
        8,
        14,
        15,
        17,
        25,
        45
      ],
      "confidence": 68.88333333333333
    },
    {
      "numbers": [
        14,
        15,
        17,
        23,
        34,
        43
      ],
      "confidence": 68.88333333333333
    },
    {
      "numbers": [
        3,
        24,
        25,
        31,
        34,
        45
      ],
      "confidence": 68.88333333333333
    },
    {
      "numbers": [
        1,
        12,
        26,
        30,
        37,
        43
      ],
      "confidence": 68.66666666666666
    },
    {
      "numbers": [
        8,
        13,
        15,
        26,
        34,
        37
      ],
      "confidence": 68.63333333333333
    },
    {
      "numbers": [
        3,
        8,
        15,
        30,
        31,
        37
      ],
      "confidence": 68.63333333333333
    },
    {
      "numbers": [
        8,
        15,
        17,
        23,
        26,
        30
      ],
      "confidence": 68.6
    },
    {
      "numbers": [
        12,
        13,
        14,
        25,
        31,
        40
      ],