{
  "latest_round": 252,
  "next_round": 253,
  "hot_cold": {
    "hot": [
      [
        11,
        11
      ],
      [
        37,
        11
      ],
      [
        3,
        10
      ],
      [
        20,
        10
      ],
      [
        31,
        10
      ],
      [
        2,
        9
      ],
      [
        4,
        9
      ],
      [
        5,
        9
      ],
      [
        19,
        9
      ],
      [
        21,
        9
      ]
    ],
    "cold": [
      [
        9,
        3
      ],
      [
        30,
        3
      ],
      [
        42,
        3
      ],
      [
        6,
        4
      ],
      [
        10,
        4
      ],
      [
        29,
        4
      ],
      [
        34,
        4
      ],
      [
        41,
        4
      ],
      [
        18,
        5
      ],
      [
        22,
        5
      ]
    ],
    "overdue": [
      [
        33,
        3.3624454148471616
      ],
      [
        5,
        3.114832535885167
      ],
      [
        29,
        2.7860262008733625
      ],
      [
        1,
        2.1902654867256635
      ],
      [
        22,
        1.9144144144144142
      ],
      [
        35,
        1.7264573991031391
      ],
      [
        4,
        1.630901287553648
      ],
      [
        10,
        1.5564853556485354
      ],
      [
        20,
        1.5315315315315317
      ]
    ]
  },
  "engine_predictions": {
    "advancedpattern": [
      6,
      14,
      23,
      26,
      31,
      39
    ],
    "gap": [
      1,
      7,
      13,
      19,
      25,
      31
    ],
    "graph": [
      2,
      3,
      4,
      25,
      26,
      37
    ],
    "lstm": [
      19,
      23,
      31,
      38,
      39,
      45
    ],
    "ml": [
      9,
      10,
      20,
      26,
      35,
      39
    ],
    "numerology": [
      17,
      22,
      23,
      24,
      25,
      31
    ],
    "pattern": [
      3,
      13,
      23,
      33,
      35,
      43
    ],
    "sequencecorrelation": [
      6,
      25,
      31,
      36,
      37,
      44
    ],
    "statistical": [
      1,
      4,
      5,
      20,
      22,
      33
    ],
    "timeseries": [
      4,
      10,
      16,
      36,
      38,
      42
    ]
  },
  "predicted_sets": [
    {
      "numbers": [
        4,
        19,
        23,
        26,
        31,
        45
      ],
      "confidence": 72.0
    },
    {
      "numbers": [
        10,
        14,
        23,
        25,
        31,
        37
      ],
      "confidence": 71.3
    },
    {
      "numbers": [
        4,
        13,
        20,
        23,
        26,
        31
      ],
      "confidence": 71.09166666666667
    },
    {
      "numbers": [
        4,
        6,
        19,
        22,
        23,
        31
      ],
      "confidence": 71.08112737520497
    },
    {
      "numbers": [
        4,
        19,
        22,
        25,
        31,
        45
      ],
      "confidence": 70.45833333333334
    },
    {
      "numbers": [
        4,
        20,
        22,
        25,
        31,
        45
      ],
      "confidence": 70.45833333333334
    },
    {
      "numbers": [
        4,
        25,
        26,
        31,
        37,
        45
      ],
      "confidence": 70.42500000000001
    },
    {
      "numbers": [
        4,
        14,
        20,
        23,
        26,
        31
      ],
      "confidence": 70.42500000000001
    },
    {
      "numbers": [
        14,
        23,
        25,
        26,
        31,
        35
      ],
      "confidence": 70.39166666666667
    },
    {
      "numbers": [
        6,
        22,
        25,
        26,
        31,
        39
      ],
      "confidence": 70.39166666666667
    },
    {
      "numbers": [
        6,
        22,
        23,
        26,
        31,
        39
      ],
      "confidence": 70.39166666666667
    },
    {
      "numbers": [
        14,
        22,
        23,
        26,
        31,
        37
      ],
      "confidence": 69.93333333333334
    },
    {
      "numbers": [
        6,
        23,
        25,
        37,
        38,
        39
      ],
      "confidence": 69.93333333333334
    },
    {
      "numbers": [
        3,
        10,
        22,
        25,
        31,
        36
      ],
      "confidence": 69.93333333333334
    },
    {
      "numbers": [
        3,
        14,
        25,
        26,
        31,
        45
      ],
      "confidence": 69.79166666666667
    },
    {
      "numbers": [
        4,
        14,
        26,
        31,
        39,
        45
      ],
      "confidence": 69.79166666666667
    },
    {
      "numbers": [
        3,
        4,
        13,
        22,
        31,
        39
      ],
      "confidence": 69.75833333333334
    },
    {
      "numbers": [
        4,
        14,
        26,
        31,
        37,
        39
      ],
      "confidence": 69.75833333333334
    },
    {
      "numbers": [
        6,
        19,
        23,
        31,
        36,
        38
      ],
      "confidence": 69.75833333333334
    },
    {
      "numbers": [
        3,
        13,
        22,
        25,
        31,
        36
      ],
      "confidence": 69.75833333333334
    },
    {
      "numbers": [
        14,
        22,
        23,
        25,
        31,
        35
      ],
      "confidence": 69.725
    },
    {
      "numbers": [
        6,
        20,
        23,
        26,
        31,
        36
      ],
      "confidence": 69.55
    },
    {
      "numbers": [
        3,
        4,
        20,
        22,
        25,
        37
      ],
      "confidence": 69.3
    },
    {
      "numbers": [
        10,
        14,
        23,
        26,
        38,
        39
      ],
      "confidence": 69.3
    },
    {
      "numbers": [
        10,
        14,
        23,
        31,
        33,
        45
      ],
      "confidence": 69.125
    },
    {
      "numbers": [
        10,
        19,
        26,
        31,
        35,
        36
      ],
      "confidence": 69.09166666666667
    },
    {
      "numbers": [
        10,
        20,
        22,
        31,
        36,
        39
      ],
      "confidence": 69.09166666666667
    },
    {
      "numbers": [
        6,
        20,
        22,
        23,
        26,
        39
      ],
      "confidence": 69.09166666666667
    },
    {
      "numbers": [
        10,
        22,
        23,
        31,
        33,
        35
      ],
      "confidence": 69.05833333333334
    },
    {
      "numbers": [
        4,
        6,
        10,
        26,
        31,
        37
      ],
      "confidence": 69.05833333333334
    },
    {
      "numbers": [
        14,
        22,
        25,
        31,
        35,
        39
      ],
      "confidence": 69.05833333333334
    },
    {
      "numbers": [
        22,
        23,
        26,
        31,
        33,
        35
      ],
      "confidence": 69.025
    },
    {
      "numbers": [
        4,
        22,
        31,
        33,
        39,
        45
      ],
      "confidence": 68.85096864504627
    },
    {
      "numbers": [
        3,
        4,
        19,
        26,
        38,
        45
      ],
      "confidence": 68.66666666666666
    },
    {
      "numbers": [
        6,
        19,
        22,
        23,
        38,
        45
      ],
      "confidence": 68.66666666666666
    },
    {
      "numbers": [
        10,
        14,
        22,
        25,
        37,
        39
      ],
      "confidence": 68.63333333333333
    },
    {
      "numbers": [
        3,
        10,
        31,
        36,
        39,
        45
      ],
      "confidence": 68.6
    },
    {
      "numbers": [
        13,
        20,
        25,
        37,
        38,
        39
      ],
      "confidence": 68.48430197837959
    },
    {
      "numbers": [
        10,
        13,
        25,
        26,
        38,
        45
      ],