{
  "latest_round": 286,
  "next_round": 287,
  "hot_cold": {
    "hot": [
      [
        31,
        13
      ],
      [
        24,
        12
      ],
      [
        27,
        10
      ],
      [
        37,
        10
      ],
      [
        15,
        9
      ],
      [
        19,
        9
      ],
      [
        38,
        9
      ],
      [
        39,
        9
      ],
      [
        40,
        9
      ],
      [
        41,
        9
      ]
    ],
    "cold": [
      [
        22,
        1
      ],
      [
        33,
        2
      ],
      [
        17,
        3
      ],
      [
        29,
        3
      ],
      [
        26,
        4
      ],
      [
        30,
        4
      ],
      [
        35,
        4
      ],
      [
        2,
        5
      ],
      [
        10,
        5
      ],
      [
        18,
        5
      ]
    ],
    "overdue": [
      [
        17,
        5.882845188284518
      ],
      [
        28,
        2.826271186440678
      ],
      [
        27,
        2.0817843866171004
      ],
      [
        22,
        2.0553359683794468
      ],
      [
        34,
        1.9132075471698113
      ],
      [
        26,
        1.7014925373134329
      ],
      [
        20,
        1.6392156862745098
      ],
      [
        35,
        1.6264591439688716
      ]
    ]
  },
  "engine_predictions": {
    "advancedpattern": [
      15,
      19,
      40,
      42,
      44,
      45
    ],
    "gap": [
      1,
      7,
      13,
      19,
      25,
      31
    ],
    "graph": [
      1,
      3,
      27,
      31,
      37,
      40
    ],
    "lstm": [
      15,
      31,
      37,
      40,
      41,
      45
    ],
    "ml": [
      15,
      16,
      27,
      31,
      35,
      41
    ],
    "numerology": [
      17,
      22,
      23,
      24,
      25,
      31
    ],
    "pattern": [
      5,
      15,
      25,
      31,
      35,
      45
    ],
    "sequencecorrelation": [
      11,
      16,
      21,
      25,
      35,
      42
    ],
    "statistical": [
      9,
      20,
      27,
      28,
      34,
      35
    ],
    "timeseries": [
      10,
      20,
      22,
      29,
      35,
      36
    ]
  },
  "predicted_sets": [
    {
      "numbers": [
        15,
        16,
        27,
        31,
        35,
        40
      ],
      "confidence": 73.05833333333334
    },
    {
      "numbers": [
        1,
        15,
        27,
        31,
        40,
        42
      ],
      "confidence": 72.45833333333334
    },
    {
      "numbers": [
        16,
        19,
        22,
        31,
        35,
        40
      ],
      "confidence": 71.93333333333334
    },
    {
      "numbers": [
        1,
        16,
        27,
        35,
        40,
        42
      ],
      "confidence": 71.33333333333334
    },
    {
      "numbers": [
        1,
        16,
        19,
        31,
        35,
        42
      ],
      "confidence": 71.09166666666667
    },
    {
      "numbers": [
        1,
        15,
        22,
        31,
        37,
        40
      ],
      "confidence": 71.09166666666667
    },
    {
      "numbers": [
        7,
        15,
        16,
        20,
        31,
        35
      ],
      "confidence": 71.05833333333334
    },
    {
      "numbers": [
        1,
        20,
        31,
        35,
        40,
        42
      ],
      "confidence": 70.88333333333333
    },
    {
      "numbers": [
        15,
        17,
        25,
        31,
        40,
        44
      ],
      "confidence": 70.77644752311058
    },
    {
      "numbers": [
        1,
        27,
        31,
        35,
        36,
        42
      ],
      "confidence": 70.77644752311058
    },
    {
      "numbers": [
        3,
        19,
        31,
        35,
        36,
        40
      ],
      "confidence": 70.6
    },
    {
      "numbers": [
        7,
        20,
        25,
        27,
        31,
        44
      ],
      "confidence": 70.45833333333334
    },
    {
      "numbers": [
        7,
        16,
        31,
        35,
        37,
        42
      ],
      "confidence": 70.42500000000001
    },
    {
      "numbers": [
        3,
        15,
        20,
        22,
        31,
        40
      ],
      "confidence": 70.42500000000001
    },
    {
      "numbers": [
        7,
        15,
        16,
        25,
        35,
        42
      ],
      "confidence": 70.25
    },
    {
      "numbers": [
        1,
        16,
        31,
        35,
        41,
        42
      ],
      "confidence": 70.21666666666667
    },
    {
      "numbers": [
        1,
        15,
        25,
        35,
        36,
        40
      ],
      "confidence": 70.21666666666667
    },
    {
      "numbers": [
        16,
        22,
        27,
        31,
        35,
        44
      ],
      "confidence": 70.15144752311056
    },
    {
      "numbers": [
        3,
        15,
        22,
        35,
        40,
        44
      ],
      "confidence": 69.79166666666667
    },
    {
      "numbers": [
        3,
        15,
        19,
        25,
        40,
        42
      ],
      "confidence": 69.79166666666667
    },
    {
      "numbers": [
        1,
        15,
        19,
        35,
        40,
        44
      ],
      "confidence": 69.75833333333334
    },
    {
      "numbers": [
        1,
        15,
        20,
        25,
        27,
        42
      ],
      "confidence": 69.75833333333334
    },
    {
      "numbers": [
        15,
        16,
        17,
        27,
        31,
        44
      ],
      "confidence": 69.75833333333334
    },
    {
      "numbers": [
        17,
        19,
        20,
        31,
        35,
        40
      ],
      "confidence": 69.69166666666666
    },
    {
      "numbers": [
        1,
        22,
        25,
        31,
        36,
        45
      ],
      "confidence": 69.55
    },
    {
      "numbers": [
        1,
        15,
        20,
        22,
        35,
        40
      ],
      "confidence": 69.55
    },
    {
      "numbers": [
        3,
        16,
        20,
        31,
        37,
        42
      ],
      "confidence": 69.3
    },
    {
      "numbers": [
        16,
        19,
        22,
        27,
        40,
        45
      ],
      "confidence": 69.3
    },
    {
      "numbers": [
        1,
        15,
        27,
        36,
        42,
        45
      ],
      "confidence": 69.125
    },
    {
      "numbers": [
        3,
        20,
        25,
        27,
        40,
        41
      ],
      "confidence": 69.125
    },
    {
      "numbers": [
        16,
        19,
        27,
        31,
        40,
        41
      ],
      "confidence": 69.1097808564439
    },
    {
      "numbers": [
        7,
        15,
        19,
        20,
        35,
        42
      ],
      "confidence": 69.09166666666667
    },
    {
      "numbers": [
        1,
        3,
        15,
        31,
        42,
        44
      ],
      "confidence": 69.09166666666667
    },
    {
      "numbers": [
        3,
        16,
        22,
        25,
        35,
        37
      ],
      "confidence": 69.09166666666667
    },
    {
      "numbers": [
        1,
        16,
        22,
        35,
        42,
        45
      ],
      "confidence": 68.91666666666667
    },
    {
      "numbers": [
        1,
        15,
        20,
        31,
        41,
        44
      ],
      "confidence": 68.88333333333333
    },
    {
      "numbers": [
        3,
        19,
        22,
        35,
        44,
        45
      ],
      "confidence": 68.45833333333334
    },
    {
      "numbers": [
        3,
        7,
        22,
        31,
        40,
        41
      ],
      "confidence": 68.42500000000001
    },
    {
      "numbers": [
        1,
        15,
        16,
        17,
        27,
        40
      ],