{
  "latest_round": 335,
  "next_round": 336,
  "hot_cold": {
    "hot": [
      [
        17,
        15
      ],
      [
        45,
        13
      ],
      [
        19,
        10
      ],
      [
        1,
        9
      ],
      [
        9,
        9
      ],
      [
        18,
        9
      ],
      [
        20,
        9
      ],
      [
        32,
        9
      ],
      [
        33,
        9
      ],
      [
        5,
        8
      ]
    ],
    "cold": [
      [
        22,
        2
      ],
      [
        24,
        2
      ],
      [
        40,
        2
      ],
      [
        31,
        3
      ],
      [
        26,
        4
      ],
      [
        29,
        4
      ],
      [
        44,
        4
      ],
      [
        2,
        5
      ],
      [
        7,
        5
      ],
      [
        8,
        5
      ]
    ],
    "overdue": [
      [
        40,
        5.97979797979798
      ],
      [
        37,
        4.925081433224756
      ],
      [
        24,
        3.1372549019607843
      ],
      [
        11,
        2.464968152866242
      ],
      [
        18,
        2.109271523178808
      ],
      [
        8,
        2.0064308681672025
      ],
      [
        41,
        1.8571428571428572
      ],
      [
        2,
        1.5962145110410095
      ],
      [
        38,
        1.5566343042071198
      ],
      [
        10,
        1.5279503105590062
      ]
    ]
  },
  "engine_predictions": {
    "advancedpattern": [
      5,
      9,
      23,
      26,
      27,
      45
    ],
    "gap": [
      1,
      7,
      13,
      19,
      25,
      31
    ],
    "graph": [
      4,
      17,
      19,
      34,
      36,
      45
    ],
    "lstm": [
      5,
      9,
      16,
      17,
      39,
      45
    ],
    "ml": [
      5,
      13,
      23,
      25,
      29,
      34
    ],
    "numerology": [
      17,
      22,
      23,
      24,
      25,
      31
    ],
    "pattern": [
      5,
      15,
      25,
      33,
      35,
      45
    ],
    "sequencecorrelation": [
      8,
      17,
      19,
      25,
      27,
      40
    ],
    "statistical": [
      8,
      11,
      18,
      24,
      37,
      41
    ],
    "timeseries": [
      2,
      11,
      17,
      22,
      25,
      32
    ]
  },
  "predicted_sets": [
    {
      "numbers": [
        8,
        9,
        17,
        22,
        25,
        45
      ],
      "confidence": 72.42500000000001
    },
    {
      "numbers": [
        5,
        19,
        22,
        23,
        25,
        34
      ],
      "confidence": 71.75833333333334
    },
    {
      "numbers": [
        9,
        16,
        17,
        23,
        34,
        45
      ],
      "confidence": 71.33333333333334
    },
    {
      "numbers": [
        11,
        16,
        17,
        23,
        25,
        34
      ],
      "confidence": 71.26666666666667
    },
    {
      "numbers": [
        8,
        19,
        24,
        25,
        36,
        45
      ],
      "confidence": 71.125
    },
    {
      "numbers": [
        4,
        17,
        22,
        24,
        25,
        45
      ],
      "confidence": 70.88333333333333
    },
    {
      "numbers": [
        5,
        8,
        11,
        24,
        25,
        45
      ],
      "confidence": 70.88333333333333
    },
    {
      "numbers": [
        16,
        17,
        19,
        22,
        34,
        45
      ],
      "confidence": 70.63333333333333
    },
    {
      "numbers": [
        9,
        17,
        19,
        22,
        36,
        45
      ],
      "confidence": 70.45833333333334
    },
    {
      "numbers": [
        9,
        23,
        24,
        25,
        36,
        45
      ],
      "confidence": 70.42500000000001
    },
    {
      "numbers": [
        9,
        17,
        25,
        27,
        34,
        36
      ],
      "confidence": 70.42500000000001
    },
    {
      "numbers": [
        4,
        17,
        19,
        22,
        25,
        37
      ],
      "confidence": 70.42500000000001
    },
    {
      "numbers": [
        13,
        17,
        22,
        23,
        24,
        25
      ],
      "confidence": 70.35833333333333
    },
    {
      "numbers": [
        5,
        16,
        22,
        25,
        37,
        45
      ],
      "confidence": 70.25
    },
    {
      "numbers": [
        5,
        16,
        17,
        25,
        34,
        37
      ],
      "confidence": 70.21666666666667
    },
    {
      "numbers": [
        5,
        9,
        17,
        25,
        34,
        45
      ],
      "confidence": 70.08333333333334
    },
    {
      "numbers": [
        11,
        19,
        23,
        25,
        34,
        36
      ],
      "confidence": 69.93333333333334
    },
    {
      "numbers": [
        5,
        16,
        23,
        24,
        31,
        45
      ],
      "confidence": 69.79166666666667
    },
    {
      "numbers": [
        9,
        25,
        26,
        27,
        34,
        45
      ],
      "confidence": 69.75833333333334
    },
    {
      "numbers": [
        4,
        5,
        22,
        25,
        27,
        45
      ],
      "confidence": 69.51666666666667
    },
    {
      "numbers": [
        4,
        8,
        16,
        23,
        25,
        31
      ],
      "confidence": 69.3
    },
    {
      "numbers": [
        9,
        11,
        17,
        22,
        23,
        36
      ],
      "confidence": 69.3
    },
    {
      "numbers": [
        8,
        23,
        25,
        26,
        27,
        34
      ],
      "confidence": 69.26666666666668
    },
    {
      "numbers": [
        4,
        8,
        13,
        17,
        24,
        45
      ],
      "confidence": 69.09166666666667
    },
    {
      "numbers": [
        8,
        9,
        17,
        19,
        24,
        31
      ],
      "confidence": 69.09166666666667
    },
    {
      "numbers": [
        9,
        13,
        23,
        25,
        26,
        34
      ],
      "confidence": 69.09166666666667
    },
    {
      "numbers": [
        4,
        9,
        11,
        23,
        25,
        34
      ],
      "confidence": 69.09166666666667
    },
    {
      "numbers": [
        5,
        9,
        16,
        17,
        23,
        36
      ],
      "confidence": 69.09166666666667
    },
    {
      "numbers": [
        9,
        13,
        19,
        25,
        34,
        36
      ],
      "confidence": 69.09166666666667
    },
    {
      "numbers": [
        5,
        8,
        23,
        34,
        36,
        45
      ],
      "confidence": 69.09166666666667
    },
    {
      "numbers": [
        17,
        19,
        23,
        24,
        31,
        34
      ],
      "confidence": 69.05833333333334
    },
    {
      "numbers": [
        16,
        19,
        23,
        25,
        26,
        45
      ],
      "confidence": 68.85
    },
    {
      "numbers": [
        9,
        13,
        22,
        25,
        26,
        37
      ],
      "confidence": 68.63333333333333
    },
    {
      "numbers": [
        5,
        11,
        19,
        23,
        24,
        26
      ],
      "confidence": 68.6
    },
    {
      "numbers": [
        4,
        13,
        19,
        27,
        34,
        45
      ],
      "confidence": 68.45833333333334
    },
    {
      "numbers": [
        5,
        8,
        9,
        16,
        24,
        45
      ],
      "confidence": 68.42500000000001
    },
    {
      "numbers": [
        5,
        17,
        22,
        24,
        36,
        37
      ],
      "confidence": 68.42500000000001
    },
    {
      "numbers": [
        9,
        16,
        23,
        25,
        26,
        34
      ],