{
  "latest_round": 690,
  "next_round": 691,
  "hot_cold": {
    "hot": [
      [
        7,
        11
      ],
      [
        38,
        11
      ],
      [
        15,
        10
      ],
      [
        17,
        10
      ],
      [
        5,
        9
      ],
      [
        11,
        9
      ],
      [
        24,
        9
      ],
      [
        27,
        9
      ],
      [
        40,
        9
      ],
      [
        43,
        9
      ]
    ],
    "cold": [
      [
        22,
        2
      ],
      [
        30,
        2
      ],
      [
        2,
        3
      ],
      [
        35,
        3
      ],
      [
        20,
        4
      ],
      [
        32,
        4
      ],
      [
        34,
        4
      ],
      [
        1,
        5
      ],
      [
        9,
        5
      ],
      [
        14,
        5
      ]
    ],
    "overdue": [
      [
        16,
        4.269525267993874
      ],
      [
        2,
        3.1320182094081943
      ],
      [
        31,
        2.241430700447094
      ],
      [
        18,
        2.152671755725191
      ],
      [
        45,
        1.9186746987951808
      ],
      [
        37,
        1.7902511078286558
      ],
      [
        9,
        1.6666666666666667
      ],
      [
        14,
        1.6296296296296295
      ],
      [
        26,
        1.5690936106983655
      ],
      [
        41,
        1.5476190476190474
      ]
    ]
  },
  "engine_predictions": {
    "advancedpattern": [
      24,
      25,
      33,
      34,
      38,
      39
    ],
    "gap": [
      1,
      7,
      13,
      19,
      25,
      31
    ],
    "graph": [
      1,
      20,
      31,
      34,
      39,
      40
    ],
    "lstm": [
      7,
      15,
      17,
      24,
      25,
      38
    ],
    "ml": [
      1,
      4,
      19,
      24,
      32,
      41
    ],
    "numerology": [
      13,
      17,
      22,
      23,
      25,
      31
    ],
    "pattern": [
      5,
      13,
      15,
      25,
      35,
      45
    ],
    "sequencecorrelation": [
      1,
      11,
      14,
      19,
      20,
      27
    ],
    "statistical": [
      2,
      9,
      14,
      18,
      27,
      31
    ],
    "timeseries": [
      2,
      20,
      27,
      28,
      29,
      45
    ]
  },
  "predicted_sets": [
    {
      "numbers": [
        1,
        2,
        20,
        25,
        27,
        39
      ],
      "confidence": 71.96666666666667
    },
    {
      "numbers": [
        1,
        20,
        24,
        25,
        38,
        45
      ],
      "confidence": 71.79166666666666
    },
    {
      "numbers": [
        19,
        20,
        24,
        25,
        31,
        45
      ],
      "confidence": 71.75833333333334
    },
    {
      "numbers": [
        2,
        13,
        24,
        25,
        27,
        39
      ],
      "confidence": 71.3
    },
    {
      "numbers": [
        1,
        19,
        24,
        25,
        34,
        38
      ],
      "confidence": 71.09166666666667
    },
    {
      "numbers": [
        1,
        14,
        19,
        27,
        38,
        45
      ],
      "confidence": 70.66666666666667
    },
    {
      "numbers": [
        1,
        2,
        20,
        25,
        33,
        39
      ],
      "confidence": 70.63333333333333
    },
    {
      "numbers": [
        2,
        15,
        20,
        25,
        31,
        39
      ],
      "confidence": 70.42500000000001
    },
    {
      "numbers": [
        1,
        2,
        24,
        25,
        38,
        45
      ],
      "confidence": 70.42500000000001
    },
    {
      "numbers": [
        13,
        19,
        20,
        24,
        38,
        45
      ],
      "confidence": 69.96666666666667
    },
    {
      "numbers": [
        2,
        11,
        20,
        25,
        27,
        39
      ],
      "confidence": 69.96666666666667
    },
    {
      "numbers": [
        2,
        4,
        13,
        25,
        31,
        34
      ],
      "confidence": 69.75833333333334
    },
    {
      "numbers": [
        7,
        14,
        19,
        20,
        25,
        39
      ],
      "confidence": 69.75833333333334
    },
    {
      "numbers": [
        13,
        14,
        19,
        24,
        31,
        45
      ],
      "confidence": 69.75833333333334
    },
    {
      "numbers": [
        2,
        19,
        25,
        27,
        34,
        39
      ],
      "confidence": 69.75833333333334
    },
    {
      "numbers": [
        2,
        15,
        20,
        25,
        27,
        39
      ],
      "confidence": 69.75833333333334
    },
    {
      "numbers": [
        1,
        2,
        20,
        27,
        31,
        33
      ],
      "confidence": 69.75833333333334
    },
    {
      "numbers": [
        4,
        19,
        20,
        24,
        25,
        27
      ],
      "confidence": 69.725
    },
    {
      "numbers": [
        7,
        15,
        19,
        20,
        24,
        38
      ],
      "confidence": 69.3
    },
    {
      "numbers": [
        1,
        17,
        20,
        24,
        33,
        38
      ],
      "confidence": 69.3
    },
    {
      "numbers": [
        1,
        2,
        17,
        20,
        25,
        38
      ],
      "confidence": 69.26935770039356
    },
    {
      "numbers": [
        2,
        13,
        14,
        19,
        31,
        38
      ],
      "confidence": 69.26666666666668
    },
    {
      "numbers": [
        1,
        4,
        19,
        20,
        24,
        45
      ],
      "confidence": 69.09166666666667
    },
    {
      "numbers": [
        4,
        7,
        20,
        25,
        27,
        38
      ],
      "confidence": 69.09166666666667
    },
    {
      "numbers": [
        7,
        19,
        20,
        24,
        27,
        45
      ],
      "confidence": 69.09166666666667
    },
    {
      "numbers": [
        7,
        20,
        24,
        25,
        33,
        34
      ],
      "confidence": 69.09166666666667
    },
    {
      "numbers": [
        2,
        17,
        20,
        24,
        31,
        34
      ],
      "confidence": 69.09166666666667
    },
    {
      "numbers": [
        15,
        20,
        25,
        27,
        38,
        39
      ],
      "confidence": 69.05833333333334
    },
    {
      "numbers": [
        4,
        20,
        25,
        27,
        34,
        45
      ],
      "confidence": 68.91666666666667
    },
    {
      "numbers": [
        1,
        19,
        20,
        24,
        34,
        39
      ],
      "confidence": 68.88333333333333
    },
    {
      "numbers": [
        1,
        17,
        24,
        31,
        34,
        39
      ],
      "confidence": 68.88333333333333
    },
    {
      "numbers": [
        1,
        4,
        24,
        25,
        31,
        33
      ],
      "confidence": 68.85
    },
    {
      "numbers": [
        2,
        14,
        19,
        20,
        27,
        33
      ],
      "confidence": 68.63333333333333
    },
    {
      "numbers": [
        13,
        15,
        20,
        27,
        34,
        38
      ],
      "confidence": 68.6
    },
    {
      "numbers": [
        2,
        20,
        31,
        33,
        38,
        45
      ],
      "confidence": 68.53457509169792
    },
    {
      "numbers": [
        2,
        7,
        24,
        25,
        33,
        45
      ],
      "confidence": 68.42500000000001
    },
    {
      "numbers": [
        7,
        17,
        24,
        25,
        33,
        38
      ],
      "confidence": 68.42500000000001
    },
    {
      "numbers": [
        13,
        20,
        24,
        31,
        33,
        39
      ],