{
  "latest_round": 1009,
  "next_round": 1010,
  "hot_cold": {
    "hot": [
      [
        2,
        10
      ],
      [
        13,
        10
      ],
      [
        29,
        10
      ],
      [
        37,
        10
      ],
      [
        44,
        10
      ],
      [
        1,
        9
      ],
      [
        16,
        9
      ],
      [
        18,
        9
      ],
      [
        21,
        9
      ],
      [
        24,
        9
      ]
    ],
    "cold": [
      [
        5,
        2
      ],
      [
        19,
        3
      ],
      [
        40,
        3
      ],
      [
        22,
        4
      ],
      [
        32,
        4
      ],
      [
        10,
        5
      ],
      [
        12,
        5
      ],
      [
        26,
        5
      ],
      [
        27,
        5
      ],
      [
        28,
        5
      ]
    ],
    "overdue": [
      [
        5,
        3.6281250000000003
      ],
      [
        36,
        2.575942915392457
      ],
      [
        26,
        2.2586206896551726
      ]
    ]
  },
  "engine_predictions": {
    "advancedpattern": [
      15,
      23,
      29,
      34,
      40,
      44
    ],
    "gap": [
      1,
      7,
      13,
      19,
      25,
      31
    ],
    "graph": [
      3,
      8,
      17,
      18,
      20,
      34
    ],
    "lstm": [
      8,
      11,
      15,
      16,
      29,
      44
    ],
    "ml": [
      3,
      10,
      35,
      36,
      40,
      44
    ],
    "numerology": [
      17,
      22,
      23,
      24,
      25,
      31
    ],
    "pattern": [
      3,
      11,
      13,
      23,
      33,
      43
    ],
    "sequencecorrelation": [
      10,
      16,
      36,
      40,
      43,
      45
    ],
    "statistical": [
      5,
      13,
      20,
      26,
      36,
      42
    ],
    "timeseries": [
      8,
      14,
      20,
      32,
      42,
      45
    ]
  },
  "predicted_sets": [
    {
      "numbers": [
        8,
        15,
        23,
        36,
        40,
        44
      ],
      "confidence": 71.33333333333334
    },
    {
      "numbers": [
        8,
        11,
        16,
        23,
        40,
        44
      ],
      "confidence": 70.66666666666667
    },
    {
      "numbers": [
        8,
        13,
        23,
        25,
        36,
        44
      ],
      "confidence": 70.45833333333334
    },
    {
      "numbers": [
        8,
        15,
        17,
        23,
        40,
        42
      ],
      "confidence": 70.0
    },
    {
      "numbers": [
        8,
        15,
        20,
        29,
        36,
        42
      ],
      "confidence": 70.0
    },
    {
      "numbers": [
        3,
        11,
        15,
        29,
        40,
        44
      ],
      "confidence": 70.0
    },
    {
      "numbers": [
        10,
        11,
        15,
        23,
        36,
        44
      ],
      "confidence": 70.0
    },
    {
      "numbers": [
        3,
        8,
        17,
        29,
        36,
        40
      ],
      "confidence": 69.96666666666667
    },
    {
      "numbers": [
        8,
        17,
        23,
        34,
        36,
        44
      ],
      "confidence": 69.79166666666667
    },
    {
      "numbers": [
        3,
        13,
        29,
        31,
        40,
        44
      ],
      "confidence": 69.79166666666667
    },
    {
      "numbers": [
        8,
        13,
        15,
        23,
        36,
        40
      ],
      "confidence": 69.75833333333334
    },
    {
      "numbers": [
        3,
        8,
        17,
        20,
        40,
        44
      ],
      "confidence": 69.75833333333334
    },
    {
      "numbers": [
        10,
        13,
        15,
        29,
        31,
        44
      ],
      "confidence": 69.33333333333334
    },
    {
      "numbers": [
        8,
        15,
        17,
        40,
        43,
        44
      ],
      "confidence": 69.3
    },
    {
      "numbers": [
        11,
        15,
        16,
        23,
        40,
        44
      ],
      "confidence": 69.3
    },
    {
      "numbers": [
        8,
        13,
        15,
        17,
        36,
        42
      ],
      "confidence": 69.3
    },
    {
      "numbers": [
        8,
        17,
        23,
        31,
        43,
        44
      ],
      "confidence": 69.125
    },
    {
      "numbers": [
        3,
        11,
        13,
        15,
        40,
        44
      ],
      "confidence": 69.09166666666667
    },
    {
      "numbers": [
        3,
        8,
        20,
        23,
        29,
        31
      ],
      "confidence": 69.09166666666667
    },
    {
      "numbers": [
        10,
        11,
        13,
        20,
        36,
        44
      ],
      "confidence": 69.09166666666667
    },
    {
      "numbers": [
        3,
        8,
        10,
        23,
        36,
        45
      ],
      "confidence": 69.09166666666667
    },
    {
      "numbers": [
        3,
        10,
        23,
        36,
        44,
        45
      ],
      "confidence": 69.09166666666667
    },
    {
      "numbers": [
        3,
        13,
        23,
        31,
        40,
        42
      ],
      "confidence": 68.91666666666667
    },
    {
      "numbers": [
        3,
        15,
        23,
        25,
        36,
        44
      ],
      "confidence": 68.91666666666667
    },
    {
      "numbers": [
        3,
        8,
        13,
        23,
        34,
        42
      ],
      "confidence": 68.91666666666667
    },
    {
      "numbers": [
        3,
        8,
        17,
        31,
        42,
        45
      ],
      "confidence": 68.63333333333333
    },
    {
      "numbers": [
        8,
        11,
        15,
        20,
        29,
        43
      ],
      "confidence": 68.63333333333333
    },
    {
      "numbers": [
        13,
        15,
        17,
        31,
        40,
        44
      ],
      "confidence": 68.6
    },
    {
      "numbers": [
        8,
        17,
        31,
        34,
        36,
        40
      ],
      "confidence": 68.6
    },
    {
      "numbers": [
        3,
        16,
        17,
        20,
        42,
        44
      ],
      "confidence": 68.6
    },
    {
      "numbers": [
        3,
        8,
        10,
        25,
        31,
        36
      ],
      "confidence": 68.6
    },
    {
      "numbers": [
        11,
        13,
        17,
        20,
        29,
        36
      ],
      "confidence": 68.6
    },
    {
      "numbers": [
        11,
        20,
        23,
        25,
        29,
        36
      ],
      "confidence": 68.6
    },
    {
      "numbers": [
        8,
        10,
        13,
        25,
        31,
        45
      ],
      "confidence": 68.45833333333334
    },
    {
      "numbers": [
        10,
        15,
        23,
        34,
        40,
        42
      ],
      "confidence": 68.45833333333334
    },
    {
      "numbers": [
        3,
        13,
        17,
        34,
        36,
        42
      ],
      "confidence": 68.42500000000001
    },
    {
      "numbers": [
        13,
        16,
        25,
        29,
        36,
        44
      ],
      "confidence": 68.42500000000001
    },
    {
      "numbers": [
        3,
        15,
        17,
        20,
        25,
        36
      ],
      "confidence": 68.42500000000001
    },
    {
      "numbers": [
        3,
        10,
        11,
        40,
        44,
        45
      ],
      "confidence": 68.42500000000001
    },
    {
      "numbers": [
        8,
        13,
        17,
        20,
        31,
        40
      ],
      "confidence": 68.39166666666668
    },
    {
      "numbers": [
        3,
        8,
        15,
        20,
        34,
        40
      ],
      "confidence": 68.39166666666668
    },
    {
      "numbers": [
        3,
        13,
        17,
        20,
        44,
        45
      ],