{
  "latest_round": 66,
  "next_round": 67,
  "hot_cold": {
    "hot": [
      [
        7,
        11
      ],
      [
        17,
        10
      ],
      [
        18,
        10
      ],
      [
        26,
        10
      ],
      [
        35,
        10
      ],
      [
        37,
        10
      ],
      [
        40,
        10
      ],
      [
        43,
        10
      ],
      [
        33,
        9
      ],
      [
        36,
        9
      ]
    ],
    "cold": [
      [
        24,
        2
      ],
      [
        34,
        2
      ],
      [
        41,
        2
      ],
      [
        11,
        3
      ],
      [
        12,
        3
      ],
      [
        22,
        3
      ],
      [
        28,
        3
      ],
      [
        42,
        3
      ],
      [
        45,
        3
      ],
      [
        5,
        4
      ]
    ],
    "overdue": [
      [
        5,
        15.857142857142856
      ],
      [
        28,
        6.666666666666667
      ],
      [
        9,
        6.0
      ],
      [
        13,
        3.181818181818182
      ],
      [
        34,
        2.8333333333333335
      ],
      [
        37,
        2.7272727272727275
      ],
      [
        31,
        1.6981132075471697
      ],
      [
        32,
        1.5294117647058822
      ],
      [
        16,
        1.5
      ],
      [
        44,
        1.5
      ]
    ]
  },
  "engine_predictions": {
    "advancedpattern": [
      2,
      3,
      7,
      17,
      33,
      40
    ],
    "gap": [
      2,
      8,
      14,
      20,
      26,
      32
    ],
    "graph": [
      7,
      25,
      30,
      33,
      37,
      40
    ],
    "lstm": [
      2,
      3,
      15,
      25,
      36,
      40
    ],
    "numerology": [
      17,
      22,
      23,
      25,
      26,
      31
    ],
    "pattern": [
      3,
      13,
      23,
      33,
      37,
      43
    ],
    "sequencecorrelation": [
      2,
      6,
      25,
      26,
      37,
      40
    ],
    "statistical": [
      10,
      13,
      16,
      31,
      37,
      44
    ],
    "timeseries": [
      10,
      16,
      31,
      36,
      39,
      44
    ]
  },
  "predicted_sets": [
    {
      "numbers": [
        3,
        25,
        26,
        31,
        37,
        40
      ],
      "confidence": 74.15555555555557
    },
    {
      "numbers": [
        2,
        3,
        17,
        25,
        40,
        44
      ],
      "confidence": 74.07407407407408
    },
    {
      "numbers": [
        2,
        3,
        13,
        25,
        37,
        44
      ],
      "confidence": 73.19907407407408
    },
    {
      "numbers": [
        2,
        17,
        31,
        33,
        40,
        44
      ],
      "confidence": 72.63333333333333
    },
    {
      "numbers": [
        2,
        15,
        25,
        26,
        31,
        40
      ],
      "confidence": 72.49907407407409
    },
    {
      "numbers": [
        2,
        25,
        31,
        36,
        37,
        39
      ],
      "confidence": 71.93333333333334
    },
    {
      "numbers": [
        2,
        7,
        23,
        25,
        31,
        44
      ],
      "confidence": 71.89259259259259
    },
    {
      "numbers": [
        2,
        10,
        15,
        26,
        37,
        44
      ],
      "confidence": 71.85185185185185
    },
    {
      "numbers": [
        10,
        16,
        23,
        25,
        37,
        44
      ],
      "confidence": 71.85185185185185
    },
    {
      "numbers": [
        3,
        23,
        25,
        26,
        31,
        40
      ],
      "confidence": 71.79907407407407
    },
    {
      "numbers": [
        2,
        7,
        13,
        25,
        36,
        37
      ],
      "confidence": 71.75833333333333
    },
    {
      "numbers": [
        2,
        17,
        25,
        26,
        36,
        44
      ],
      "confidence": 71.7175925925926
    },
    {
      "numbers": [
        2,
        26,
        31,
        37,
        39,
        40
      ],
      "confidence": 71.3610498265898
    },
    {
      "numbers": [
        3,
        7,
        16,
        22,
        25,
        40
      ],
      "confidence": 71.15185185185184
    },
    {
      "numbers": [
        3,
        10,
        17,
        25,
        31,
        36
      ],
      "confidence": 71.15185185185184
    },
    {
      "numbers": [
        2,
        3,
        16,
        24,
        31,
        40
      ],
      "confidence": 71.15185185185184
    },
    {
      "numbers": [
        2,
        10,
        13,
        23,
        25,
        37
      ],
      "confidence": 71.06652120706119
    },
    {
      "numbers": [
        13,
        16,
        25,
        26,
        31,
        40
      ],
      "confidence": 71.05833333333334
    },
    {
      "numbers": [
        2,
        24,
        25,
        31,
        37,
        44
      ],
      "confidence": 71.01759259259259
    },
    {
      "numbers": [
        2,
        26,
        31,
        33,
        36,
        44
      ],
      "confidence": 71.01759259259259
    },
    {
      "numbers": [
        3,
        16,
        26,
        37,
        39,
        40
      ],
      "confidence": 71.01759259259259
    },
    {
      "numbers": [
        2,
        3,
        15,
        22,
        37,
        40
      ],
      "confidence": 71.01759259259259
    },
    {
      "numbers": [
        7,
        13,
        25,
        26,
        36,
        40
      ],
      "confidence": 71.01759259259259
    },
    {
      "numbers": [
        3,
        7,
        16,
        25,
        33,
        44
      ],
      "confidence": 70.97685185185185
    },
    {
      "numbers": [
        3,
        7,
        10,
        25,
        37,
        40
      ],
      "confidence": 70.92407407407407
    },
    {
      "numbers": [
        3,
        13,
        16,
        25,
        26,
        40
      ],
      "confidence": 70.88333333333333
    },
    {
      "numbers": [
        2,
        3,
        13,
        23,
        40,
        44
      ],
      "confidence": 70.8425925925926
    },
    {
      "numbers": [
        15,
        16,
        31,
        33,
        37,
        40
      ],
      "confidence": 70.49259259259259
    },
    {
      "numbers": [
        7,
        13,
        31,
        36,
        40,
        44
      ],
      "confidence": 70.41111111111111
    },
    {
      "numbers": [
        2,
        13,
        17,
        24,
        31,
        40
      ],
      "confidence": 70.41111111111111
    },
    {
      "numbers": [
        2,
        7,
        10,
        31,
        33,
        40
      ],
      "confidence": 70.35833333333332
    },
    {
      "numbers": [
        3,
        7,
        26,
        37,
        39,
        40
      ],
      "confidence": 70.3175925925926
    },
    {
      "numbers": [
        2,
        3,
        26,
        31,
        33,
        39
      ],
      "confidence": 70.3175925925926
    },
    {
      "numbers": [
        2,
        23,
        31,
        33,
        39,
        40
      ],
      "confidence": 70.3175925925926
    },
    {
      "numbers": [
        3,
        7,
        17,
        22,
        25,
        40
      ],
      "confidence": 70.27685185185186
    },
    {
      "numbers": [
        2,
        13,
        17,
        31,
        33,
        44
      ],
      "confidence": 70.27685185185186
    },
    {
      "numbers": [
        2,
        3,
        16,
        22,
        25,
        44
      ],
      "confidence": 70.27685185185186
    },
    {
      "numbers": [
        2,
        17,
        23,
        33,
        36,
        37
      ],
      "confidence": 70.14259259259259
    },
    {
      "numbers": [
        13,
        17,
        26,
        33,
        40,
        44
      ],