{
  "latest_round": 116,
  "next_round": 117,
  "hot_cold": {
    "hot": [
      [
        1,
        11
      ],
      [
        17,
        10
      ],
      [
        24,
        10
      ],
      [
        29,
        10
      ],
      [
        34,
        10
      ],
      [
        3,
        9
      ],
      [
        5,
        9
      ],
      [
        33,
        9
      ],
      [
        6,
        8
      ],
      [
        15,
        8
      ]
    ],
    "cold": [
      [
        21,
        2
      ],
      [
        13,
        3
      ],
      [
        38,
        3
      ],
      [
        39,
        3
      ],
      [
        11,
        4
      ],
      [
        19,
        4
      ],
      [
        8,
        5
      ],
      [
        9,
        5
      ],
      [
        16,
        5
      ],
      [
        28,
        5
      ]
    ],
    "overdue": [
      [
        39,
        5.0
      ],
      [
        13,
        3.7349397590361444
      ],
      [
        38,
        3.4499999999999997
      ],
      [
        3,
        2.9651162790697674
      ],
      [
        16,
        2.6526315789473687
      ],
      [
        17,
        2.526315789473684
      ],
      [
        35,
        2.5
      ],
      [
        21,
        2.3404255319148937
      ],
      [
        15,
        2.0103092783505154
      ],
      [
        27,
        1.8199999999999998
      ]
    ]
  },
  "engine_predictions": {
    "advancedpattern": [
      2,
      4,
      25,
      31,
      34,
      37
    ],
    "gap": [
      1,
      7,
      13,
      19,
      25,
      31
    ],
    "graph": [
      7,
      17,
      26,
      33,
      37,
      40
    ],
    "lstm": [
      2,
      4,
      25,
      28,
      31,
      33
    ],
    "ml": [
      2,
      4,
      7,
      23,
      31,
      37
    ],
    "numerology": [
      17,
      23,
      24,
      25,
      26,
      31
    ],
    "pattern": [
      3,
      13,
      23,
      33,
      37,
      43
    ],
    "sequencecorrelation": [
      2,
      7,
      9,
      17,
      25,
      37
    ],
    "statistical": [
      3,
      15,
      17,
      32,
      35,
      38
    ],
    "timeseries": [
      7,
      21,
      23,
      36,
      38,
      44
    ]
  },
  "predicted_sets": [
    {
      "numbers": [
        2,
        17,
        25,
        31,
        37,
        44
      ],
      "confidence": 75.125
    },
    {
      "numbers": [
        2,
        7,
        25,
        26,
        31,
        38
      ],
      "confidence": 73.93333333333334
    },
    {
      "numbers": [
        2,
        4,
        17,
        26,
        31,
        37
      ],
      "confidence": 73.75833333333334
    },
    {
      "numbers": [
        4,
        7,
        25,
        31,
        36,
        37
      ],
      "confidence": 73.725
    },
    {
      "numbers": [
        4,
        17,
        25,
        31,
        33,
        36
      ],
      "confidence": 73.3
    },
    {
      "numbers": [
        2,
        13,
        17,
        25,
        31,
        36
      ],
      "confidence": 73.3
    },
    {
      "numbers": [
        2,
        7,
        9,
        25,
        31,
        38
      ],
      "confidence": 73.26666666666667
    },
    {
      "numbers": [
        7,
        17,
        23,
        26,
        31,
        38
      ],
      "confidence": 73.09166666666667
    },
    {
      "numbers": [
        2,
        17,
        25,
        33,
        37,
        40
      ],
      "confidence": 73.09166666666667
    },
    {
      "numbers": [
        2,
        7,
        17,
        26,
        33,
        37
      ],
      "confidence": 72.88333333333333
    },
    {
      "numbers": [
        2,
        17,
        23,
        31,
        34,
        38
      ],
      "confidence": 72.63333333333333
    },
    {
      "numbers": [
        4,
        23,
        25,
        26,
        31,
        38
      ],
      "confidence": 72.6
    },
    {
      "numbers": [
        2,
        7,
        13,
        25,
        33,
        44
      ],
      "confidence": 72.45833333333334
    },
    {
      "numbers": [
        1,
        2,
        17,
        25,
        26,
        37
      ],
      "confidence": 72.42500000000001
    },
    {
      "numbers": [
        1,
        2,
        25,
        26,
        31,
        37
      ],
      "confidence": 72.39166666666667
    },
    {
      "numbers": [
        2,
        4,
        17,
        23,
        26,
        31
      ],
      "confidence": 72.0059968086361
    },
    {
      "numbers": [
        1,
        2,
        25,
        26,
        33,
        37
      ],
      "confidence": 71.93333333333334
    },
    {
      "numbers": [
        2,
        7,
        26,
        31,
        33,
        35
      ],
      "confidence": 71.93333333333334
    },
    {
      "numbers": [
        4,
        9,
        23,
        25,
        37,
        38
      ],
      "confidence": 71.93333333333334
    },
    {
      "numbers": [
        2,
        9,
        23,
        25,
        31,
        34
      ],
      "confidence": 71.93333333333334
    },
    {
      "numbers": [
        2,
        23,
        31,
        35,
        36,
        37
      ],
      "confidence": 71.93333333333334
    },
    {
      "numbers": [
        3,
        7,
        17,
        25,
        38,
        44
      ],
      "confidence": 71.79166666666666
    },
    {
      "numbers": [
        7,
        17,
        23,
        31,
        34,
        40
      ],
      "confidence": 71.75833333333334
    },
    {
      "numbers": [
        2,
        25,
        31,
        34,
        35,
        37
      ],
      "confidence": 71.725
    },
    {
      "numbers": [
        2,
        7,
        31,
        36,
        37,
        44
      ],
      "confidence": 71.725
    },
    {
      "numbers": [
        2,
        3,
        17,
        31,
        37,
        40
      ],
      "confidence": 71.725
    },
    {
      "numbers": [
        4,
        7,
        9,
        23,
        25,
        38
      ],
      "confidence": 71.47266347530277
    },
    {
      "numbers": [
        4,
        9,
        17,
        25,
        26,
        33
      ],
      "confidence": 71.3
    },
    {
      "numbers": [
        4,
        7,
        26,
        31,
        33,
        40
      ],
      "confidence": 71.26666666666667
    },
    {
      "numbers": [
        2,
        3,
        7,
        25,
        38,
        40
      ],
      "confidence": 71.26666666666667
    },
    {
      "numbers": [
        4,
        25,
        31,
        35,
        36,
        37
      ],
      "confidence": 71.05833333333334
    },
    {
      "numbers": [
        4,
        13,
        17,
        25,
        34,
        37
      ],
      "confidence": 70.88333333333333
    },
    {
      "numbers": [
        4,
        17,
        25,
        26,
        36,
        37
      ],
      "confidence": 70.88333333333333
    },
    {
      "numbers": [
        2,
        7,
        17,
        25,
        34,
        35
      ],
      "confidence": 70.88333333333333
    },
    {
      "numbers": [
        7,
        26,
        31,
        33,
        36,
        37
      ],
      "confidence": 70.85
    },
    {
      "numbers": [
        2,
        7,
        9,
        13,
        31,
        44
      ],
      "confidence": 70.83933014196943
    },
    {
      "numbers": [
        2,
        7,
        9,
        25,
        26,
        44
      ],
      "confidence": 70.6
    },
    {
      "numbers": [
        2,
        4,
        7,
        25,
        26,
        40
      ],
      "confidence": 70.47266347530277
    },
    {
      "numbers": [
        4,
        17,
        25,
        33,
        40,
        44
      ],