{
  "latest_round": 774,
  "next_round": 775,
  "hot_cold": {
    "hot": [
      [
        21,
        12
      ],
      [
        34,
        12
      ],
      [
        41,
        11
      ],
      [
        7,
        10
      ],
      [
        10,
        10
      ],
      [
        12,
        10
      ],
      [
        27,
        9
      ],
      [
        42,
        9
      ],
      [
        43,
        9
      ],
      [
        3,
        8
      ]
    ],
    "cold": [
      [
        25,
        1
      ],
      [
        20,
        3
      ],
      [
        38,
        3
      ],
      [
        39,
        3
      ],
      [
        26,
        4
      ],
      [
        29,
        4
      ],
      [
        32,
        4
      ],
      [
        35,
        4
      ],
      [
        40,
        4
      ],
      [
        22,
        5
      ]
    ],
    "overdue": [
      [
        25,
        5.839506172839506
      ],
      [
        37,
        3.0997340425531914
      ],
      [
        2,
        2.7041499330655956
      ],
      [
        13,
        2.6746347941567064
      ],
      [
        40,
        2.3153034300791555
      ],
      [
        33,
        2.0976253298153034
      ],
      [
        4,
        1.8843085106382977
      ],
      [
        26,
        1.619047619047619
      ]
    ]
  },
  "engine_predictions": {
    "advancedpattern": [
      12,
      15,
      18,
      28,
      34,
      42
    ],
    "gap": [
      1,
      7,
      13,
      19,
      25,
      31
    ],
    "graph": [
      1,
      15,
      20,
      27,
      34,
      40
    ],
    "lstm": [
      5,
      12,
      21,
      34,
      41,
      42
    ],
    "ml": [
      1,
      3,
      12,
      34,
      36,
      45
    ],
    "numerology": [
      16,
      17,
      22,
      23,
      25,
      31
    ],
    "pattern": [
      3,
      11,
      13,
      23,
      33,
      43
    ],
    "sequencecorrelation": [
      3,
      5,
      8,
      33,
      40,
      43
    ],
    "statistical": [
      2,
      4,
      13,
      33,
      37,
      40
    ],
    "timeseries": [
      20,
      25,
      26,
      30,
      39,
      40
    ]
  },
  "predicted_sets": [
    {
      "numbers": [
        3,
        12,
        25,
        34,
        40,
        42
      ],
      "confidence": 71.79166666666666
    },
    {
      "numbers": [
        5,
        12,
        28,
        34,
        40,
        43
      ],
      "confidence": 70.66666666666667
    },
    {
      "numbers": [
        1,
        12,
        25,
        33,
        34,
        36
      ],
      "confidence": 70.63333333333333
    },
    {
      "numbers": [
        1,
        3,
        20,
        25,
        33,
        34
      ],
      "confidence": 70.42500000000001
    },
    {
      "numbers": [
        1,
        3,
        15,
        34,
        40,
        43
      ],
      "confidence": 70.42500000000001
    },
    {
      "numbers": [
        1,
        12,
        13,
        20,
        25,
        40
      ],
      "confidence": 70.42500000000001
    },
    {
      "numbers": [
        3,
        12,
        13,
        15,
        34,
        40
      ],
      "confidence": 70.39166666666667
    },
    {
      "numbers": [
        1,
        3,
        33,
        34,
        40,
        42
      ],
      "confidence": 70.39166666666667
    },
    {
      "numbers": [
        3,
        13,
        15,
        25,
        34,
        40
      ],
      "confidence": 70.21666666666667
    },
    {
      "numbers": [
        3,
        5,
        26,
        34,
        40,
        42
      ],
      "confidence": 69.96666666666667
    },
    {
      "numbers": [
        1,
        15,
        18,
        33,
        34,
        40
      ],
      "confidence": 69.93333333333334
    },
    {
      "numbers": [
        1,
        3,
        13,
        28,
        34,
        42
      ],
      "confidence": 69.79166666666667
    },
    {
      "numbers": [
        3,
        15,
        25,
        26,
        34,
        40
      ],
      "confidence": 69.75833333333334
    },
    {
      "numbers": [
        12,
        13,
        25,
        33,
        40,
        42
      ],
      "confidence": 69.55
    },
    {
      "numbers": [
        12,
        13,
        25,
        26,
        31,
        34
      ],
      "confidence": 69.26666666666668
    },
    {
      "numbers": [
        3,
        13,
        20,
        28,
        34,
        42
      ],
      "confidence": 69.125
    },
    {
      "numbers": [
        5,
        15,
        26,
        34,
        40,
        42
      ],
      "confidence": 69.125
    },
    {
      "numbers": [
        1,
        13,
        15,
        26,
        33,
        34
      ],
      "confidence": 69.09166666666667
    },
    {
      "numbers": [
        3,
        18,
        23,
        31,
        34,
        40
      ],
      "confidence": 69.09166666666667
    },
    {
      "numbers": [
        3,
        23,
        26,
        34,
        40,
        42
      ],
      "confidence": 69.09166666666667
    },
    {
      "numbers": [
        1,
        13,
        15,
        40,
        42,
        43
      ],
      "confidence": 69.09166666666667
    },
    {
      "numbers": [
        3,
        28,
        31,
        33,
        34,
        40
      ],
      "confidence": 68.92726021350482
    },
    {
      "numbers": [
        3,
        12,
        20,
        25,
        33,
        43
      ],
      "confidence": 68.91666666666667
    },
    {
      "numbers": [
        1,
        3,
        13,
        28,
        33,
        34
      ],
      "confidence": 68.88333333333333
    },
    {
      "numbers": [
        3,
        12,
        13,
        26,
        33,
        34
      ],
      "confidence": 68.88333333333333
    },
    {
      "numbers": [
        1,
        5,
        18,
        40,
        42,
        43
      ],
      "confidence": 68.63333333333333
    },
    {
      "numbers": [
        1,
        12,
        15,
        28,
        40,
        45
      ],
      "confidence": 68.45833333333334
    },
    {
      "numbers": [
        1,
        12,
        18,
        25,
        28,
        40
      ],
      "confidence": 68.42500000000001
    },
    {
      "numbers": [
        1,
        13,
        20,
        25,
        28,
        33
      ],
      "confidence": 68.42500000000001
    },
    {
      "numbers": [
        3,
        15,
        20,
        26,
        33,
        34
      ],
      "confidence": 68.42500000000001
    },
    {
      "numbers": [
        3,
        12,
        13,
        25,
        28,
        31
      ],
      "confidence": 68.42500000000001
    },
    {
      "numbers": [
        1,
        13,
        18,
        31,
        40,
        42
      ],
      "confidence": 68.42500000000001
    },
    {
      "numbers": [
        3,
        5,
        33,
        34,
        36,
        40
      ],
      "confidence": 68.35833333333333
    },
    {
      "numbers": [
        1,
        12,
        20,
        23,
        33,
        42
      ],
      "confidence": 68.25
    },
    {
      "numbers": [
        5,
        15,
        23,
        25,
        40,
        42
      ],
      "confidence": 68.25
    },
    {
      "numbers": [
        5,
        13,
        25,
        28,
        33,
        34
      ],
      "confidence": 68.21666666666667
    },
    {
      "numbers": [
        13,
        18,
        25,
        33,
        34,
        43
      ],
      "confidence": 68.21666666666667
    },
    {
      "numbers": [
        3,
        13,
        33,
        34,
        36,
        42
      ],
      "confidence": 68.21666666666667
    },
    {
      "numbers": [
        1,
        12,
        31,
        34,
        42,
        43
      ],