{
  "latest_round": 319,
  "next_round": 320,
  "hot_cold": {
    "hot": [
      [
        45,
        12
      ],
      [
        1,
        10
      ],
      [
        37,
        10
      ],
      [
        38,
        10
      ],
      [
        3,
        9
      ],
      [
        12,
        9
      ],
      [
        15,
        9
      ],
      [
        17,
        9
      ],
      [
        18,
        9
      ],
      [
        33,
        9
      ]
    ],
    "cold": [
      [
        22,
        2
      ],
      [
        44,
        2
      ],
      [
        16,
        3
      ],
      [
        25,
        3
      ],
      [
        23,
        4
      ],
      [
        26,
        4
      ],
      [
        29,
        4
      ],
      [
        24,
        5
      ],
      [
        28,
        5
      ],
      [
        30,
        5
      ]
    ],
    "overdue": [
      [
        44,
        4.423913043478261
      ],
      [
        40,
        3.393939393939394
      ],
      [
        29,
        2.4040404040404044
      ],
      [
        7,
        2.047619047619048
      ],
      [
        26,
        2.013422818791946
      ],
      [
        37,
        2.006514657980456
      ],
      [
        16,
        1.744186046511628
      ],
      [
        25,
        1.6524590163934427
      ],
      [
        30,
        1.6357615894039734
      ],
      [
        18,
        1.6262975778546713
      ]
    ]
  },
  "engine_predictions": {
    "advancedpattern": [
      5,
      8,
      22,
      33,
      36,
      42
    ],
    "gap": [
      1,
      7,
      13,
      19,
      25,
      31
    ],
    "graph": [
      3,
      17,
      19,
      34,
      36,
      37
    ],
    "lstm": [
      5,
      17,
      19,
      28,
      34,
      45
    ],
    "ml": [
      1,
      5,
      17,
      21,
      33,
      41
    ],
    "numerology": [
      13,
      17,
      22,
      23,
      24,
      25
    ],
    "pattern": [
      5,
      15,
      25,
      31,
      35,
      45
    ],
    "sequencecorrelation": [
      1,
      5,
      17,
      19,
      36,
      45
    ],
    "statistical": [
      7,
      18,
      26,
      29,
      37,
      40
    ],
    "timeseries": [
      4,
      18,
      23,
      26,
      30,
      44
    ]
  },
  "predicted_sets": [
    {
      "numbers": [
        5,
        17,
        18,
        19,
        22,
        26
      ],
      "confidence": 71.93333333333334
    },
    {
      "numbers": [
        5,
        17,
        23,
        28,
        36,
        45
      ],
      "confidence": 71.79166666666666
    },
    {
      "numbers": [
        5,
        17,
        18,
        26,
        36,
        45
      ],
      "confidence": 71.58333333333334
    },
    {
      "numbers": [
        1,
        5,
        17,
        28,
        33,
        42
      ],
      "confidence": 71.33333333333334
    },
    {
      "numbers": [
        17,
        18,
        19,
        22,
        33,
        45
      ],
      "confidence": 71.3
    },
    {
      "numbers": [
        17,
        18,
        19,
        23,
        34,
        45
      ],
      "confidence": 71.3
    },
    {
      "numbers": [
        1,
        5,
        19,
        22,
        28,
        36
      ],
      "confidence": 71.3
    },
    {
      "numbers": [
        1,
        17,
        26,
        33,
        36,
        45
      ],
      "confidence": 71.125
    },
    {
      "numbers": [
        5,
        17,
        25,
        28,
        34,
        36
      ],
      "confidence": 71.09166666666667
    },
    {
      "numbers": [
        5,
        13,
        17,
        22,
        36,
        37
      ],
      "confidence": 71.09166666666667
    },
    {
      "numbers": [
        5,
        19,
        23,
        28,
        36,
        42
      ],
      "confidence": 70.66666666666667
    },
    {
      "numbers": [
        5,
        8,
        19,
        23,
        31,
        36
      ],
      "confidence": 70.63333333333333
    },
    {
      "numbers": [
        1,
        8,
        17,
        25,
        33,
        36
      ],
      "confidence": 70.63333333333333
    },
    {
      "numbers": [
        5,
        7,
        18,
        19,
        23,
        34
      ],
      "confidence": 70.63333333333333
    },
    {
      "numbers": [
        1,
        5,
        19,
        28,
        33,
        34
      ],
      "confidence": 70.63333333333333
    },
    {
      "numbers": [
        5,
        8,
        17,
        19,
        42,
        45
      ],
      "confidence": 70.39166666666667
    },
    {
      "numbers": [
        17,
        19,
        25,
        28,
        33,
        42
      ],
      "confidence": 69.96666666666667
    },
    {
      "numbers": [
        1,
        5,
        18,
        26,
        33,
        34
      ],
      "confidence": 69.96666666666667
    },
    {
      "numbers": [
        5,
        19,
        22,
        34,
        37,
        42
      ],
      "confidence": 69.79166666666667
    },
    {
      "numbers": [
        5,
        17,
        22,
        23,
        26,
        42
      ],
      "confidence": 69.75833333333334
    },
    {
      "numbers": [
        1,
        7,
        17,
        19,
        28,
        34
      ],
      "confidence": 69.75833333333334
    },
    {
      "numbers": [
        1,
        5,
        19,
        28,
        31,
        34
      ],
      "confidence": 69.75833333333334
    },
    {
      "numbers": [
        5,
        8,
        17,
        31,
        36,
        37
      ],
      "confidence": 69.725
    },
    {
      "numbers": [
        1,
        5,
        19,
        22,
        42,
        45
      ],
      "confidence": 69.55
    },
    {
      "numbers": [
        1,
        19,
        26,
        33,
        37,
        42
      ],
      "confidence": 69.33333333333334
    },
    {
      "numbers": [
        1,
        19,
        22,
        33,
        34,
        37
      ],
      "confidence": 69.3
    },
    {
      "numbers": [
        1,
        19,
        26,
        31,
        42,
        45
      ],
      "confidence": 69.125
    },
    {
      "numbers": [
        1,
        7,
        19,
        22,
        36,
        42
      ],
      "confidence": 69.125
    },
    {
      "numbers": [
        5,
        19,
        23,
        28,
        42,
        45
      ],
      "confidence": 69.09166666666667
    },
    {
      "numbers": [
        8,
        17,
        18,
        25,
        33,
        36
      ],
      "confidence": 69.09166666666667
    },
    {
      "numbers": [
        5,
        13,
        19,
        28,
        33,
        34
      ],
      "confidence": 69.09166666666667
    },
    {
      "numbers": [
        1,
        7,
        19,
        23,
        26,
        36
      ],
      "confidence": 69.09166666666667
    },
    {
      "numbers": [
        5,
        13,
        18,
        19,
        28,
        34
      ],
      "confidence": 69.09166666666667
    },
    {
      "numbers": [
        5,
        8,
        19,
        23,
        25,
        26
      ],
      "confidence": 69.05833333333334
    },
    {
      "numbers": [
        1,
        5,
        13,
        18,
        22,
        45
      ],
      "confidence": 68.94544684411369
    },
    {
      "numbers": [
        5,
        13,
        23,
        36,
        42,
        45
      ],
      "confidence": 68.91666666666667
    },
    {
      "numbers": [
        7,
        17,
        25,
        34,
        42,
        45
      ],
      "confidence": 68.91666666666667
    },
    {
      "numbers": [
        1,
        5,
        13,
        26,
        33,
        36
      ],
      "confidence": 68.88333333333333
    },
    {
      "numbers": [
        5,
        8,
        17,
        18,
        19,
        37
      ],