{
  "latest_round": 559,
  "next_round": 560,
  "hot_cold": {
    "hot": [
      [
        26,
        12
      ],
      [
        12,
        11
      ],
      [
        32,
        11
      ],
      [
        23,
        10
      ],
      [
        17,
        9
      ],
      [
        20,
        9
      ],
      [
        27,
        9
      ],
      [
        29,
        9
      ],
      [
        44,
        9
      ],
      [
        1,
        8
      ]
    ],
    "cold": [
      [
        2,
        3
      ],
      [
        16,
        3
      ],
      [
        19,
        3
      ],
      [
        9,
        4
      ],
      [
        10,
        4
      ],
      [
        22,
        4
      ],
      [
        25,
        4
      ],
      [
        30,
        4
      ],
      [
        3,
        5
      ],
      [
        6,
        5
      ]
    ],
    "overdue": [
      [
        33,
        3.274436090225564
      ],
      [
        16,
        3.2665406427221173
      ],
      [
        9,
        2.839924670433145
      ],
      [
        18,
        2.294455066921606
      ],
      [
        5,
        2.1839080459770117
      ],
      [
        8,
        1.7639405204460967
      ],
      [
        22,
        1.5056179775280898
      ]
    ]
  },
  "engine_predictions": {
    "advancedpattern": [
      11,
      12,
      25,
      32,
      44,
      45
    ],
    "gap": [
      1,
      7,
      13,
      19,
      25,
      31
    ],
    "graph": [
      18,
      20,
      26,
      31,
      34,
      40
    ],
    "lstm": [
      12,
      20,
      26,
      32,
      40,
      44
    ],
    "ml": [
      7,
      12,
      25,
      26,
      35,
      44
    ],
    "numerology": [
      17,
      22,
      23,
      24,
      25,
      31
    ],
    "pattern": [
      5,
      15,
      25,
      33,
      35,
      45
    ],
    "sequencecorrelation": [
      1,
      14,
      17,
      20,
      26,
      40
    ],
    "statistical": [
      5,
      8,
      9,
      18,
      33,
      34
    ],
    "timeseries": [
      7,
      10,
      18,
      20,
      31,
      34
    ]
  },
  "predicted_sets": [
    {
      "numbers": [
        7,
        12,
        25,
        26,
        40,
        44
      ],
      "confidence": 74.0
    },
    {
      "numbers": [
        9,
        12,
        20,
        25,
        31,
        44
      ],
      "confidence": 73.33333333333334
    },
    {
      "numbers": [
        1,
        12,
        20,
        26,
        31,
        44
      ],
      "confidence": 72.45833333333334
    },
    {
      "numbers": [
        1,
        7,
        18,
        26,
        40,
        44
      ],
      "confidence": 72.0
    },
    {
      "numbers": [
        5,
        7,
        20,
        26,
        32,
        44
      ],
      "confidence": 72.0
    },
    {
      "numbers": [
        5,
        7,
        20,
        26,
        31,
        45
      ],
      "confidence": 71.79166666666666
    },
    {
      "numbers": [
        1,
        20,
        25,
        31,
        35,
        44
      ],
      "confidence": 71.58333333333334
    },
    {
      "numbers": [
        1,
        11,
        20,
        25,
        26,
        34
      ],
      "confidence": 71.09166666666667
    },
    {
      "numbers": [
        1,
        18,
        20,
        26,
        31,
        33
      ],
      "confidence": 71.09166666666667
    },
    {
      "numbers": [
        5,
        25,
        26,
        31,
        32,
        40
      ],
      "confidence": 71.05833333333334
    },
    {
      "numbers": [
        7,
        12,
        25,
        31,
        32,
        45
      ],
      "confidence": 70.91666666666666
    },
    {
      "numbers": [
        1,
        25,
        26,
        31,
        40,
        45
      ],
      "confidence": 70.88333333333333
    },
    {
      "numbers": [
        18,
        20,
        25,
        31,
        35,
        44
      ],
      "confidence": 70.82952094573747
    },
    {
      "numbers": [
        1,
        9,
        20,
        26,
        32,
        44
      ],
      "confidence": 70.66666666666667
    },
    {
      "numbers": [
        1,
        12,
        17,
        26,
        40,
        45
      ],
      "confidence": 70.66666666666667
    },
    {
      "numbers": [
        12,
        17,
        18,
        26,
        33,
        44
      ],
      "confidence": 70.63333333333333
    },
    {
      "numbers": [
        9,
        17,
        18,
        20,
        31,
        44
      ],
      "confidence": 70.63333333333333
    },
    {
      "numbers": [
        12,
        17,
        26,
        31,
        34,
        35
      ],
      "confidence": 70.6
    },
    {
      "numbers": [
        12,
        17,
        20,
        24,
        25,
        26
      ],
      "confidence": 70.56666666666666
    },
    {
      "numbers": [
        5,
        11,
        20,
        26,
        34,
        44
      ],
      "confidence": 70.45833333333334
    },
    {
      "numbers": [
        1,
        7,
        20,
        24,
        25,
        34
      ],
      "confidence": 70.42500000000001
    },
    {
      "numbers": [
        17,
        20,
        24,
        25,
        31,
        45
      ],
      "confidence": 70.42500000000001
    },
    {
      "numbers": [
        7,
        11,
        18,
        25,
        26,
        45
      ],
      "confidence": 70.42500000000001
    },
    {
      "numbers": [
        7,
        9,
        20,
        25,
        44,
        45
      ],
      "confidence": 70.42500000000001
    },
    {
      "numbers": [
        5,
        12,
        20,
        24,
        25,
        26
      ],
      "confidence": 70.39166666666667
    },
    {
      "numbers": [
        5,
        7,
        12,
        25,
        26,
        35
      ],
      "confidence": 70.21666666666667
    },
    {
      "numbers": [
        12,
        18,
        20,
        25,
        32,
        45
      ],
      "confidence": 70.21666666666667
    },
    {
      "numbers": [
        5,
        18,
        20,
        25,
        32,
        40
      ],
      "confidence": 70.21666666666667
    },
    {
      "numbers": [
        18,
        20,
        24,
        25,
        32,
        33
      ],
      "confidence": 69.93333333333334
    },
    {
      "numbers": [
        11,
        12,
        17,
        18,
        25,
        44
      ],
      "confidence": 69.93333333333334
    },
    {
      "numbers": [
        11,
        12,
        17,
        26,
        31,
        44
      ],
      "confidence": 69.75833333333334
    },
    {
      "numbers": [
        1,
        25,
        26,
        32,
        33,
        45
      ],
      "confidence": 69.75833333333334
    },
    {
      "numbers": [
        1,
        5,
        20,
        26,
        32,
        40
      ],
      "confidence": 69.75833333333334
    },
    {
      "numbers": [
        5,
        7,
        12,
        26,
        34,
        35
      ],
      "confidence": 69.75833333333334
    },
    {
      "numbers": [
        7,
        9,
        17,
        18,
        25,
        44
      ],
      "confidence": 69.75833333333334
    },
    {
      "numbers": [
        5,
        18,
        24,
        25,
        31,
        33
      ],
      "confidence": 69.75833333333334
    },
    {
      "numbers": [
        5,
        20,
        24,
        25,
        32,
        44
      ],
      "confidence": 69.58333333333334
    },
    {
      "numbers": [
        7,
        12,
        24,
        25,
        32,
        44
      ],
      "confidence": 69.58333333333334
    },
    {
      "numbers": [
        5,
        20,
        24,
        25,
        31,
        35
      ],