{
  "latest_round": 514,
  "next_round": 515,
  "hot_cold": {
    "hot": [
      [
        13,
        12
      ],
      [
        22,
        12
      ],
      [
        27,
        12
      ],
      [
        4,
        11
      ],
      [
        8,
        10
      ],
      [
        20,
        10
      ],
      [
        40,
        10
      ],
      [
        23,
        9
      ],
      [
        29,
        9
      ],
      [
        43,
        9
      ]
    ],
    "cold": [
      [
        11,
        2
      ],
      [
        18,
        2
      ],
      [
        19,
        2
      ],
      [
        21,
        3
      ],
      [
        45,
        3
      ],
      [
        6,
        4
      ],
      [
        7,
        4
      ],
      [
        9,
        4
      ],
      [
        16,
        4
      ],
      [
        28,
        4
      ]
    ],
    "overdue": [
      [
        18,
        5.423580786026201
      ],
      [
        45,
        4.512711864406779
      ],
      [
        16,
        4.075156576200418
      ],
      [
        37,
        3.4146341463414633
      ],
      [
        2,
        3.1801242236024843
      ],
      [
        19,
        2.3744939271255063
      ],
      [
        17,
        1.928861788617886
      ],
      [
        10,
        1.794
      ],
      [
        36,
        1.5587044534412955
      ]
    ]
  },
  "engine_predictions": {
    "advancedpattern": [
      1,
      15,
      20,
      26,
      35,
      42
    ],
    "gap": [
      1,
      7,
      13,
      19,
      25,
      31
    ],
    "graph": [
      3,
      20,
      27,
      35,
      37,
      40
    ],
    "lstm": [
      5,
      26,
      27,
      33,
      35,
      42
    ],
    "ml": [
      5,
      6,
      11,
      18,
      23,
      34
    ],
    "numerology": [
      17,
      22,
      23,
      24,
      25,
      31
    ],
    "pattern": [
      5,
      15,
      25,
      33,
      35,
      45
    ],
    "sequencecorrelation": [
      14,
      18,
      19,
      27,
      34,
      40
    ],
    "statistical": [
      2,
      17,
      19,
      22,
      36,
      37
    ],
    "timeseries": [
      6,
      16,
      19,
      24,
      30,
      40
    ]
  },
  "predicted_sets": [
    {
      "numbers": [
        1,
        18,
        19,
        27,
        35,
        40
      ],
      "confidence": 71.3
    },
    {
      "numbers": [
        1,
        19,
        20,
        26,
        35,
        42
      ],
      "confidence": 70.66666666666667
    },
    {
      "numbers": [
        5,
        6,
        19,
        23,
        35,
        42
      ],
      "confidence": 70.45833333333334
    },
    {
      "numbers": [
        1,
        19,
        20,
        22,
        35,
        37
      ],
      "confidence": 69.96666666666667
    },
    {
      "numbers": [
        5,
        18,
        27,
        33,
        35,
        40
      ],
      "confidence": 69.75833333333334
    },
    {
      "numbers": [
        5,
        19,
        25,
        34,
        37,
        40
      ],
      "confidence": 69.75833333333334
    },
    {
      "numbers": [
        5,
        17,
        19,
        25,
        26,
        40
      ],
      "confidence": 69.75833333333334
    },
    {
      "numbers": [
        6,
        19,
        20,
        25,
        35,
        40
      ],
      "confidence": 69.55
    },
    {
      "numbers": [
        17,
        18,
        19,
        24,
        40,
        42
      ],
      "confidence": 69.3
    },
    {
      "numbers": [
        1,
        15,
        17,
        19,
        22,
        40
      ],
      "confidence": 69.3
    },
    {
      "numbers": [
        1,
        19,
        22,
        26,
        27,
        34
      ],
      "confidence": 69.3
    },
    {
      "numbers": [
        1,
        17,
        19,
        22,
        26,
        40
      ],
      "confidence": 69.3
    },
    {
      "numbers": [
        1,
        19,
        23,
        24,
        26,
        40
      ],
      "confidence": 69.3
    },
    {
      "numbers": [
        1,
        19,
        22,
        25,
        26,
        33
      ],
      "confidence": 69.3
    },
    {
      "numbers": [
        1,
        6,
        19,
        22,
        23,
        40
      ],
      "confidence": 69.3
    },
    {
      "numbers": [
        19,
        20,
        24,
        33,
        35,
        37
      ],
      "confidence": 69.26666666666668
    },
    {
      "numbers": [
        17,
        19,
        23,
        26,
        34,
        35
      ],
      "confidence": 69.26666666666668
    },
    {
      "numbers": [
        1,
        20,
        24,
        25,
        35,
        42
      ],
      "confidence": 69.125
    },
    {
      "numbers": [
        5,
        18,
        20,
        24,
        35,
        42
      ],
      "confidence": 69.125
    },
    {
      "numbers": [
        1,
        17,
        19,
        26,
        27,
        40
      ],
      "confidence": 69.09166666666667
    },
    {
      "numbers": [
        5,
        19,
        22,
        25,
        26,
        33
      ],
      "confidence": 69.09166666666667
    },
    {
      "numbers": [
        1,
        5,
        19,
        24,
        34,
        40
      ],
      "confidence": 69.09166666666667
    },
    {
      "numbers": [
        6,
        18,
        19,
        20,
        25,
        40
      ],
      "confidence": 69.09166666666667
    },
    {
      "numbers": [
        1,
        6,
        15,
        27,
        35,
        40
      ],
      "confidence": 69.09166666666667
    },
    {
      "numbers": [
        5,
        18,
        20,
        24,
        27,
        35
      ],
      "confidence": 69.09166666666667
    },
    {
      "numbers": [
        5,
        15,
        17,
        19,
        22,
        40
      ],
      "confidence": 69.09166666666667
    },
    {
      "numbers": [
        1,
        5,
        22,
        27,
        35,
        40
      ],
      "confidence": 69.05833333333334
    },
    {
      "numbers": [
        17,
        19,
        20,
        24,
        35,
        40
      ],
      "confidence": 69.05833333333334
    },
    {
      "numbers": [
        19,
        24,
        26,
        27,
        35,
        37
      ],
      "confidence": 69.05833333333334
    },
    {
      "numbers": [
        5,
        6,
        20,
        25,
        27,
        35
      ],
      "confidence": 68.88333333333333
    },
    {
      "numbers": [
        1,
        5,
        20,
        24,
        37,
        42
      ],
      "confidence": 68.66666666666666
    },
    {
      "numbers": [
        1,
        15,
        17,
        19,
        26,
        34
      ],
      "confidence": 68.63333333333333
    },
    {
      "numbers": [
        6,
        18,
        19,
        20,
        23,
        37
      ],
      "confidence": 68.63333333333333
    },
    {
      "numbers": [
        15,
        18,
        19,
        26,
        27,
        33
      ],
      "confidence": 68.6
    },
    {
      "numbers": [
        6,
        18,
        19,
        22,
        24,
        25
      ],
      "confidence": 68.6
    },
    {
      "numbers": [
        6,
        17,
        25,
        27,
        33,
        40
      ],
      "confidence": 68.42500000000001
    },
    {
      "numbers": [
        5,
        6,
        15,
        19,
        24,
        42
      ],
      "confidence": 68.42500000000001
    },
    {
      "numbers": [
        18,
        19,
        23,
        27,
        37,
        42
      ],
      "confidence": 68.42500000000001
    },
    {
      "numbers": [
        17,
        19,
        20,
        25,
        33,
        40
      ],