{
  "latest_round": 1138,
  "next_round": 1139,
  "hot_cold": {
    "hot": [
      [
        19,
        13
      ],
      [
        33,
        12
      ],
      [
        6,
        11
      ],
      [
        13,
        11
      ],
      [
        30,
        11
      ],
      [
        34,
        11
      ],
      [
        40,
        11
      ],
      [
        7,
        9
      ],
      [
        14,
        9
      ],
      [
        16,
        9
      ]
    ],
    "cold": [
      [
        2,
        2
      ],
      [
        18,
        2
      ],
      [
        27,
        2
      ],
      [
        39,
        2
      ],
      [
        5,
        3
      ],
      [
        8,
        3
      ],
      [
        23,
        3
      ],
      [
        25,
        3
      ],
      [
        22,
        4
      ],
      [
        32,
        4
      ]
    ],
    "overdue": [
      [
        18,
        7.037313432835822
      ],
      [
        39,
        4.1454545454545455
      ],
      [
        43,
        3.857142857142857
      ],
      [
        22,
        3.394712853236098
      ],
      [
        36,
        2.8429602888086642
      ],
      [
        23,
        2.787253141831239
      ],
      [
        26,
        2.4398563734290843
      ],
      [
        32,
        2.005361930294906
      ],
      [
        40,
        1.7066666666666668
      ],
      [
        37,
        1.514209591474245
      ]
    ]
  },
  "engine_predictions": {
    "advancedpattern": [
      14,
      16,
      19,
      20,
      29,
      34
    ],
    "gap": [
      1,
      7,
      13,
      19,
      25,
      31
    ],
    "graph": [
      12,
      18,
      20,
      21,
      34,
      40
    ],
    "lstm": [
      13,
      14,
      19,
      21,
      33,
      34
    ],
    "ml": [
      1,
      10,
      14,
      24,
      41,
      45
    ],
    "numerology": [
      16,
      17,
      22,
      23,
      24,
      25
    ],
    "pattern": [
      3,
      11,
      13,
      23,
      33,
      43
    ],
    "sequencecorrelation": [
      13,
      14,
      18,
      33,
      34,
      44
    ],
    "statistical": [
      22,
      23,
      26,
      32,
      36,
      40
    ],
    "timeseries": [
      5,
      8,
      10,
      27,
      28,
      32
    ]
  },
  "predicted_sets": [
    {
      "numbers": [
        1,
        14,
        19,
        20,
        23,
        34
      ],
      "confidence": 70.42500000000001
    },
    {
      "numbers": [
        1,
        13,
        14,
        19,
        34,
        40
      ],
      "confidence": 70.39166666666667
    },
    {
      "numbers": [
        13,
        14,
        19,
        20,
        23,
        34
      ],
      "confidence": 70.18333333333334
    },
    {
      "numbers": [
        1,
        14,
        19,
        25,
        32,
        34
      ],
      "confidence": 69.75833333333334
    },
    {
      "numbers": [
        1,
        13,
        18,
        20,
        23,
        34
      ],
      "confidence": 69.75833333333334
    },
    {
      "numbers": [
        10,
        13,
        14,
        18,
        22,
        33
      ],
      "confidence": 69.75833333333334
    },
    {
      "numbers": [
        1,
        19,
        20,
        23,
        33,
        34
      ],
      "confidence": 69.75833333333334
    },
    {
      "numbers": [
        13,
        14,
        19,
        20,
        23,
        32
      ],
      "confidence": 69.725
    },
    {
      "numbers": [
        13,
        14,
        21,
        23,
        34,
        40
      ],
      "confidence": 69.51666666666667
    },
    {
      "numbers": [
        16,
        18,
        19,
        23,
        25,
        34
      ],
      "confidence": 69.26666666666668
    },
    {
      "numbers": [
        14,
        16,
        18,
        19,
        23,
        40
      ],
      "confidence": 69.26666666666668
    },
    {
      "numbers": [
        1,
        14,
        16,
        19,
        27,
        34
      ],
      "confidence": 69.09166666666667
    },
    {
      "numbers": [
        14,
        16,
        19,
        23,
        33,
        40
      ],
      "confidence": 69.05833333333334
    },
    {
      "numbers": [
        13,
        14,
        18,
        25,
        32,
        33
      ],
      "confidence": 69.05833333333334
    },
    {
      "numbers": [
        13,
        14,
        16,
        22,
        27,
        34
      ],
      "confidence": 69.05833333333334
    },
    {
      "numbers": [
        13,
        19,
        20,
        24,
        25,
        34
      ],
      "confidence": 69.05833333333334
    },
    {
      "numbers": [
        14,
        19,
        20,
        21,
        25,
        34
      ],
      "confidence": 69.05833333333334
    },
    {
      "numbers": [
        14,
        16,
        19,
        20,
        23,
        33
      ],
      "confidence": 69.05833333333334
    },
    {
      "numbers": [
        11,
        14,
        19,
        23,
        25,
        34
      ],
      "confidence": 69.05833333333334
    },
    {
      "numbers": [
        14,
        19,
        23,
        25,
        32,
        33
      ],
      "confidence": 69.05833333333334
    },
    {
      "numbers": [
        14,
        16,
        18,
        19,
        33,
        34
      ],
      "confidence": 69.025
    },
    {
      "numbers": [
        11,
        13,
        14,
        19,
        20,
        34
      ],
      "confidence": 69.025
    },
    {
      "numbers": [
        1,
        13,
        16,
        24,
        33,
        34
      ],
      "confidence": 68.88333333333333
    },
    {
      "numbers": [
        10,
        14,
        19,
        21,
        24,
        34
      ],
      "confidence": 68.88333333333333
    },
    {
      "numbers": [
        11,
        13,
        14,
        23,
        32,
        34
      ],
      "confidence": 68.85
    },
    {
      "numbers": [
        14,
        18,
        23,
        33,
        34,
        40
      ],
      "confidence": 68.85
    },
    {
      "numbers": [
        13,
        14,
        18,
        23,
        33,
        40
      ],
      "confidence": 68.85
    },
    {
      "numbers": [
        13,
        14,
        19,
        24,
        27,
        34
      ],
      "confidence": 68.85
    },
    {
      "numbers": [
        13,
        14,
        16,
        21,
        27,
        40
      ],
      "confidence": 68.6
    },
    {
      "numbers": [
        13,
        16,
        19,
        20,
        24,
        32
      ],
      "confidence": 68.6
    },
    {
      "numbers": [
        16,
        19,
        21,
        25,
        32,
        34
      ],
      "confidence": 68.6
    },
    {
      "numbers": [
        13,
        16,
        18,
        19,
        22,
        40
      ],
      "confidence": 68.6
    },
    {
      "numbers": [
        18,
        20,
        21,
        25,
        33,
        34
      ],
      "confidence": 68.6
    },
    {
      "numbers": [
        1,
        10,
        13,
        21,
        29,
        34
      ],
      "confidence": 68.42500000000001
    },
    {
      "numbers": [
        1,
        10,
        14,
        25,
        33,
        40
      ],
      "confidence": 68.42500000000001
    },
    {
      "numbers": [
        10,
        14,
        20,
        23,
        25,
        32
      ],
      "confidence": 68.42500000000001
    },
    {
      "numbers": [
        10,
        13,
        19,
        21,
        22,
        40
      ],
      "confidence": 68.42500000000001
    },
    {
      "numbers": [
        10,
        13,
        16,
        29,
        34,
        40
      ],