{
  "latest_round": 302,
  "next_round": 303,
  "hot_cold": {
    "hot": [
      [
        37,
        13
      ],
      [
        1,
        10
      ],
      [
        9,
        10
      ],
      [
        24,
        10
      ],
      [
        27,
        10
      ],
      [
        31,
        10
      ],
      [
        38,
        10
      ],
      [
        3,
        9
      ],
      [
        12,
        9
      ],
      [
        5,
        8
      ]
    ],
    "cold": [
      [
        22,
        1
      ],
      [
        2,
        2
      ],
      [
        23,
        2
      ],
      [
        26,
        3
      ],
      [
        28,
        3
      ],
      [
        44,
        3
      ],
      [
        16,
        4
      ],
      [
        17,
        4
      ],
      [
        21,
        4
      ],
      [
        25,
        4
      ]
    ],
    "overdue": [
      [
        22,
        3.6996047430830044
      ],
      [
        2,
        2.664259927797834
      ],
      [
        23,
        2.5232974910394264
      ],
      [
        44,
        2.144927536231884
      ],
      [
        24,
        2.074468085106383
      ],
      [
        35,
        2.074074074074074
      ],
      [
        14,
        1.8245614035087718
      ],
      [
        39,
        1.7872340425531914
      ],
      [
        41,
        1.6819787985865724
      ]
    ]
  },
  "engine_predictions": {
    "advancedpattern": [
      13,
      19,
      20,
      32,
      38,
      42
    ],
    "gap": [
      1,
      7,
      13,
      19,
      25,
      31
    ],
    "graph": [
      3,
      27,
      31,
      35,
      37,
      40
    ],
    "lstm": [
      7,
      9,
      13,
      20,
      37,
      38
    ],
    "ml": [
      13,
      23,
      26,
      40,
      42,
      45
    ],
    "numerology": [
      17,
      22,
      23,
      24,
      25,
      31
    ],
    "pattern": [
      1,
      11,
      21,
      31,
      33,
      41
    ],
    "sequencecorrelation": [
      11,
      18,
      27,
      31,
      40,
      45
    ],
    "statistical": [
      2,
      14,
      24,
      35,
      41,
      44
    ],
    "timeseries": [
      2,
      17,
      18,
      22,
      35,
      44
    ]
  },
  "predicted_sets": [
    {
      "numbers": [
        2,
        18,
        19,
        27,
        31,
        45
      ],
      "confidence": 70.0
    },
    {
      "numbers": [
        1,
        13,
        19,
        24,
        40,
        42
      ],
      "confidence": 70.0
    },
    {
      "numbers": [
        7,
        20,
        23,
        31,
        35,
        38
      ],
      "confidence": 69.96666666666667
    },
    {
      "numbers": [
        2,
        19,
        23,
        24,
        31,
        35
      ],
      "confidence": 69.96666666666667
    },
    {
      "numbers": [
        13,
        19,
        20,
        31,
        42,
        45
      ],
      "confidence": 69.93333333333334
    },
    {
      "numbers": [
        1,
        13,
        17,
        31,
        38,
        42
      ],
      "confidence": 69.75833333333334
    },
    {
      "numbers": [
        11,
        13,
        24,
        31,
        35,
        38
      ],
      "confidence": 69.725
    },
    {
      "numbers": [
        7,
        13,
        18,
        31,
        38,
        40
      ],
      "confidence": 69.725
    },
    {
      "numbers": [
        7,
        13,
        31,
        37,
        38,
        40
      ],
      "confidence": 69.725
    },
    {
      "numbers": [
        11,
        13,
        18,
        31,
        40,
        42
      ],
      "confidence": 69.725
    },
    {
      "numbers": [
        1,
        13,
        20,
        27,
        38,
        42
      ],
      "confidence": 69.33333333333334
    },
    {
      "numbers": [
        7,
        11,
        24,
        35,
        40,
        42
      ],
      "confidence": 69.33333333333334
    },
    {
      "numbers": [
        2,
        18,
        19,
        31,
        37,
        40
      ],
      "confidence": 69.26666666666668
    },
    {
      "numbers": [
        2,
        20,
        31,
        35,
        37,
        38
      ],
      "confidence": 69.26666666666668
    },
    {
      "numbers": [
        7,
        17,
        18,
        24,
        31,
        42
      ],
      "confidence": 69.125
    },
    {
      "numbers": [
        2,
        18,
        27,
        31,
        42,
        45
      ],
      "confidence": 69.125
    },
    {
      "numbers": [
        1,
        20,
        24,
        31,
        35,
        37
      ],
      "confidence": 69.09166666666667
    },
    {
      "numbers": [
        11,
        13,
        17,
        31,
        38,
        40
      ],
      "confidence": 69.025
    },
    {
      "numbers": [
        11,
        13,
        18,
        20,
        31,
        35
      ],
      "confidence": 69.025
    },
    {
      "numbers": [
        7,
        11,
        27,
        31,
        40,
        42
      ],
      "confidence": 68.91666666666667
    },
    {
      "numbers": [
        1,
        18,
        24,
        27,
        40,
        42
      ],
      "confidence": 68.66666666666666
    },
    {
      "numbers": [
        1,
        13,
        17,
        32,
        40,
        45
      ],
      "confidence": 68.63333333333333
    },
    {
      "numbers": [
        1,
        18,
        19,
        27,
        35,
        40
      ],
      "confidence": 68.63333333333333
    },
    {
      "numbers": [
        2,
        19,
        24,
        27,
        35,
        40
      ],
      "confidence": 68.63333333333333
    },
    {
      "numbers": [
        13,
        17,
        18,
        27,
        40,
        45
      ],
      "confidence": 68.42500000000001
    },
    {
      "numbers": [
        7,
        13,
        17,
        35,
        38,
        40
      ],
      "confidence": 68.39166666666668
    },
    {
      "numbers": [
        1,
        11,
        13,
        24,
        31,
        32
      ],
      "confidence": 68.21666666666667
    },
    {
      "numbers": [
        1,
        11,
        31,
        38,
        40,
        45
      ],
      "confidence": 68.21666666666667
    },
    {
      "numbers": [
        7,
        11,
        23,
        24,
        38,
        42
      ],
      "confidence": 68.0
    },
    {
      "numbers": [
        1,
        18,
        19,
        24,
        37,
        40
      ],
      "confidence": 67.96666666666667
    },
    {
      "numbers": [
        2,
        19,
        24,
        27,
        35,
        38
      ],
      "confidence": 67.96666666666667
    },
    {
      "numbers": [
        13,
        19,
        20,
        24,
        27,
        38
      ],
      "confidence": 67.93333333333334
    },
    {
      "numbers": [
        1,
        7,
        19,
        35,
        38,
        40
      ],
      "confidence": 67.93333333333334
    },
    {
      "numbers": [
        7,
        11,
        13,
        19,
        32,
        40
      ],
      "confidence": 67.93333333333334
    },
    {
      "numbers": [
        11,
        13,
        20,
        35,
        37,
        38
      ],
      "confidence": 67.9
    },
    {
      "numbers": [
        7,
        11,
        20,
        24,
        40,
        42
      ],
      "confidence": 67.79166666666666
    },
    {
      "numbers": [
        1,
        13,
        17,
        24,
        37,
        38
      ],
      "confidence": 67.75833333333334
    },
    {
      "numbers": [
        1,
        13,
        17,
        32,
        40,
        42
      ],
      "confidence": 67.75833333333334
    },
    {
      "numbers": [
        1,
        19,
        20,
        23,
        35,
        40
      ],