{
  "latest_round": 432,
  "next_round": 433,
  "hot_cold": {
    "hot": [
      [
        22,
        13
      ],
      [
        40,
        13
      ],
      [
        28,
        12
      ],
      [
        11,
        10
      ],
      [
        34,
        10
      ],
      [
        1,
        9
      ],
      [
        7,
        9
      ],
      [
        9,
        9
      ],
      [
        15,
        9
      ],
      [
        20,
        9
      ]
    ],
    "cold": [
      [
        35,
        2
      ],
      [
        36,
        3
      ],
      [
        45,
        3
      ],
      [
        29,
        4
      ],
      [
        33,
        4
      ],
      [
        38,
        4
      ],
      [
        41,
        4
      ],
      [
        3,
        5
      ],
      [
        5,
        5
      ],
      [
        8,
        5
      ]
    ],
    "overdue": [
      [
        36,
        3.9294710327455924
      ],
      [
        35,
        2.7251908396946565
      ],
      [
        32,
        2.642156862745098
      ],
      [
        20,
        2.4181360201511337
      ],
      [
        41,
        2.211302211302211
      ],
      [
        13,
        1.6522781774580335
      ]
    ]
  },
  "engine_predictions": {
    "advancedpattern": [
      2,
      3,
      5,
      11,
      27,
      39
    ],
    "gap": [
      1,
      7,
      13,
      19,
      25,
      31
    ],
    "graph": [
      1,
      5,
      11,
      31,
      37,
      40
    ],
    "lstm": [
      3,
      18,
      27,
      28,
      34,
      39
    ],
    "ml": [
      3,
      15,
      21,
      22,
      24,
      34
    ],
    "numerology": [
      13,
      16,
      17,
      22,
      23,
      25
    ],
    "pattern": [
      5,
      11,
      15,
      25,
      35,
      45
    ],
    "sequencecorrelation": [
      14,
      18,
      25,
      34,
      37,
      40
    ],
    "statistical": [
      13,
      14,
      20,
      26,
      32,
      41
    ],
    "timeseries": [
      21,
      26,
      27,
      36,
      41,
      44
    ]
  },
  "predicted_sets": [
    {
      "numbers": [
        3,
        5,
        18,
        27,
        34,
        41
      ],
      "confidence": 70.66666666666667
    },
    {
      "numbers": [
        3,
        5,
        11,
        26,
        34,
        39
      ],
      "confidence": 69.96666666666667
    },
    {
      "numbers": [
        5,
        11,
        22,
        27,
        34,
        40
      ],
      "confidence": 69.96666666666667
    },
    {
      "numbers": [
        3,
        13,
        22,
        25,
        34,
        40
      ],
      "confidence": 69.75833333333334
    },
    {
      "numbers": [
        5,
        11,
        18,
        25,
        34,
        40
      ],
      "confidence": 69.75833333333334
    },
    {
      "numbers": [
        5,
        13,
        18,
        25,
        34,
        39
      ],
      "confidence": 69.75833333333334
    },
    {
      "numbers": [
        5,
        11,
        22,
        25,
        27,
        40
      ],
      "confidence": 69.75833333333334
    },
    {
      "numbers": [
        3,
        5,
        11,
        25,
        26,
        34
      ],
      "confidence": 69.6818882447727
    },
    {
      "numbers": [
        3,
        5,
        13,
        25,
        34,
        40
      ],
      "confidence": 69.55
    },
    {
      "numbers": [
        2,
        13,
        27,
        34,
        39,
        41
      ],
      "confidence": 69.33333333333334
    },
    {
      "numbers": [
        3,
        5,
        18,
        21,
        34,
        40
      ],
      "confidence": 69.3
    },
    {
      "numbers": [
        3,
        5,
        18,
        26,
        31,
        34
      ],
      "confidence": 69.3
    },
    {
      "numbers": [
        2,
        3,
        11,
        27,
        34,
        40
      ],
      "confidence": 69.3
    },
    {
      "numbers": [
        3,
        11,
        22,
        26,
        34,
        40
      ],
      "confidence": 69.3
    },
    {
      "numbers": [
        3,
        22,
        25,
        26,
        34,
        39
      ],
      "confidence": 69.26666666666668
    },
    {
      "numbers": [
        5,
        11,
        22,
        27,
        34,
        37
      ],
      "confidence": 69.09166666666667
    },
    {
      "numbers": [
        3,
        5,
        13,
        34,
        40,
        41
      ],
      "confidence": 69.09166666666667
    },
    {
      "numbers": [
        2,
        11,
        13,
        14,
        27,
        40
      ],
      "confidence": 68.63333333333333
    },
    {
      "numbers": [
        2,
        13,
        18,
        21,
        25,
        40
      ],
      "confidence": 68.63333333333333
    },
    {
      "numbers": [
        3,
        5,
        18,
        34,
        39,
        40
      ],
      "confidence": 68.6
    },
    {
      "numbers": [
        13,
        14,
        18,
        21,
        25,
        39
      ],
      "confidence": 68.6
    },
    {
      "numbers": [
        3,
        5,
        21,
        26,
        27,
        40
      ],
      "confidence": 68.6
    },
    {
      "numbers": [
        5,
        11,
        14,
        18,
        27,
        41
      ],
      "confidence": 68.42500000000001
    },
    {
      "numbers": [
        1,
        3,
        15,
        22,
        25,
        40
      ],
      "confidence": 68.42500000000001
    },
    {
      "numbers": [
        1,
        2,
        11,
        25,
        34,
        37
      ],
      "confidence": 68.42500000000001
    },
    {
      "numbers": [
        2,
        5,
        11,
        25,
        37,
        40
      ],
      "confidence": 68.42500000000001
    },
    {
      "numbers": [
        3,
        15,
        26,
        27,
        34,
        37
      ],
      "confidence": 68.42500000000001
    },
    {
      "numbers": [
        5,
        15,
        18,
        27,
        34,
        39
      ],
      "confidence": 68.42500000000001
    },
    {
      "numbers": [
        11,
        18,
        25,
        31,
        34,
        37
      ],
      "confidence": 68.39166666666668
    },
    {
      "numbers": [
        1,
        5,
        25,
        26,
        27,
        40
      ],
      "confidence": 68.39166666666668
    },
    {
      "numbers": [
        1,
        13,
        14,
        25,
        31,
        34
      ],
      "confidence": 68.21666666666667
    },
    {
      "numbers": [
        1,
        5,
        22,
        25,
        34,
        41
      ],
      "confidence": 68.21666666666667
    },
    {
      "numbers": [
        3,
        13,
        14,
        22,
        27,
        34
      ],
      "confidence": 68.21666666666667
    },
    {
      "numbers": [
        2,
        5,
        14,
        27,
        39,
        40
      ],
      "confidence": 67.96666666666667
    },
    {
      "numbers": [
        3,
        14,
        15,
        18,
        21,
        39
      ],
      "confidence": 67.96666666666667
    },
    {
      "numbers": [
        1,
        18,
        26,
        34,
        37,
        39
      ],
      "confidence": 67.96666666666667
    },
    {
      "numbers": [
        1,
        3,
        26,
        34,
        37,
        39
      ],
      "confidence": 67.93333333333334
    },
    {
      "numbers": [
        11,
        13,
        18,
        22,
        37,
        40
      ],
      "confidence": 67.93333333333334
    },
    {
      "numbers": [
        1,
        2,
        25,
        34,
        40,
        41
      ],
      "confidence": 67.75833333333334
    },
    {
      "numbers": [
        1,
        5,
        13,
        22,
        26,
        41
      ],