{
  "latest_round": 834,
  "next_round": 835,
  "hot_cold": {
    "hot": [
      [
        12,
        14
      ],
      [
        10,
        12
      ],
      [
        13,
        10
      ],
      [
        18,
        10
      ],
      [
        31,
        10
      ],
      [
        43,
        10
      ],
      [
        19,
        9
      ],
      [
        21,
        9
      ],
      [
        25,
        9
      ],
      [
        38,
        9
      ]
    ],
    "cold": [
      [
        20,
        3
      ],
      [
        22,
        3
      ],
      [
        23,
        3
      ],
      [
        37,
        3
      ],
      [
        4,
        4
      ],
      [
        8,
        4
      ],
      [
        9,
        4
      ],
      [
        17,
        4
      ],
      [
        27,
        4
      ],
      [
        41,
        4
      ]
    ],
    "overdue": [
      [
        23,
        3.001237623762376
      ],
      [
        32,
        3.0
      ],
      [
        17,
        2.7816377171215882
      ],
      [
        2,
        2.65179677819083
      ],
      [
        28,
        1.9418457648546144
      ],
      [
        1,
        1.893827160493827
      ],
      [
        27,
        1.8168498168498168
      ],
      [
        20,
        1.8104738154613467
      ],
      [
        34,
        1.593137254901961
      ],
      [
        22,
        1.526641883519207
      ]
    ]
  },
  "engine_predictions": {
    "advancedpattern": [
      6,
      8,
      18,
      35,
      42,
      43
    ],
    "gap": [
      1,
      7,
      13,
      19,
      25,
      31
    ],
    "graph": [
      8,
      14,
      26,
      27,
      33,
      34
    ],
    "lstm": [
      16,
      18,
      31,
      39,
      42,
      43
    ],
    "ml": [
      9,
      11,
      18,
      36,
      42,
      43
    ],
    "numerology": [
      17,
      22,
      23,
      24,
      25,
      31
    ],
    "pattern": [
      1,
      11,
      15,
      21,
      31,
      41
    ],
    "sequencecorrelation": [
      5,
      18,
      19,
      21,
      34,
      36
    ],
    "statistical": [
      2,
      17,
      21,
      23,
      32,
      34
    ],
    "timeseries": [
      1,
      16,
      28,
      31,
      33,
      44
    ]
  },
  "predicted_sets": [
    {
      "numbers": [
        6,
        18,
        25,
        31,
        42,
        43
      ],
      "confidence": 72.0
    },
    {
      "numbers": [
        18,
        19,
        25,
        31,
        34,
        42
      ],
      "confidence": 71.75010582411448
    },
    {
      "numbers": [
        1,
        17,
        23,
        31,
        34,
        42
      ],
      "confidence": 71.125
    },
    {
      "numbers": [
        18,
        19,
        21,
        31,
        36,
        43
      ],
      "confidence": 71.09166666666667
    },
    {
      "numbers": [
        1,
        18,
        23,
        31,
        34,
        36
      ],
      "confidence": 71.09166666666667
    },
    {
      "numbers": [
        17,
        18,
        21,
        34,
        36,
        42
      ],
      "confidence": 70.63333333333333
    },
    {
      "numbers": [
        13,
        17,
        18,
        31,
        34,
        42
      ],
      "confidence": 70.6
    },
    {
      "numbers": [
        16,
        17,
        21,
        31,
        34,
        42
      ],
      "confidence": 70.42500000000001
    },
    {
      "numbers": [
        16,
        18,
        21,
        31,
        35,
        42
      ],
      "confidence": 70.42500000000001
    },
    {
      "numbers": [
        1,
        8,
        18,
        21,
        34,
        42
      ],
      "confidence": 70.25
    },
    {
      "numbers": [
        6,
        8,
        19,
        23,
        31,
        42
      ],
      "confidence": 70.0
    },
    {
      "numbers": [
        18,
        19,
        21,
        25,
        36,
        42
      ],
      "confidence": 69.96666666666667
    },
    {
      "numbers": [
        6,
        17,
        19,
        21,
        31,
        42
      ],
      "confidence": 69.79166666666667
    },
    {
      "numbers": [
        8,
        16,
        18,
        21,
        33,
        42
      ],
      "confidence": 69.79166666666667
    },
    {
      "numbers": [
        8,
        17,
        31,
        33,
        34,
        43
      ],
      "confidence": 69.75833333333334
    },
    {
      "numbers": [
        6,
        16,
        18,
        19,
        31,
        42
      ],
      "confidence": 69.75833333333334
    },
    {
      "numbers": [
        8,
        11,
        16,
        31,
        34,
        43
      ],
      "confidence": 69.75833333333334
    },
    {
      "numbers": [
        8,
        13,
        17,
        18,
        31,
        42
      ],
      "confidence": 69.75833333333334
    },
    {
      "numbers": [
        13,
        16,
        18,
        31,
        42,
        43
      ],
      "confidence": 69.725
    },
    {
      "numbers": [
        1,
        18,
        23,
        33,
        42,
        43
      ],
      "confidence": 69.58333333333334
    },
    {
      "numbers": [
        1,
        6,
        8,
        18,
        31,
        43
      ],
      "confidence": 69.55
    },
    {
      "numbers": [
        13,
        18,
        23,
        31,
        34,
        43
      ],
      "confidence": 69.55
    },
    {
      "numbers": [
        11,
        18,
        23,
        31,
        33,
        42
      ],
      "confidence": 69.55
    },
    {
      "numbers": [
        8,
        16,
        17,
        19,
        21,
        31
      ],
      "confidence": 69.09166666666667
    },
    {
      "numbers": [
        8,
        16,
        25,
        31,
        34,
        36
      ],
      "confidence": 69.09166666666667
    },
    {
      "numbers": [
        11,
        23,
        25,
        31,
        36,
        42
      ],
      "confidence": 69.09166666666667
    },
    {
      "numbers": [
        5,
        8,
        25,
        31,
        34,
        43
      ],
      "confidence": 69.09166666666667
    },
    {
      "numbers": [
        6,
        16,
        19,
        31,
        42,
        43
      ],
      "confidence": 69.09166666666667
    },
    {
      "numbers": [
        6,
        17,
        18,
        21,
        31,
        35
      ],
      "confidence": 69.09166666666667
    },
    {
      "numbers": [
        16,
        18,
        21,
        25,
        33,
        43
      ],
      "confidence": 69.09166666666667
    },
    {
      "numbers": [
        1,
        6,
        19,
        21,
        31,
        34
      ],
      "confidence": 68.88333333333333
    },
    {
      "numbers": [
        1,
        6,
        18,
        21,
        31,
        35
      ],
      "confidence": 68.88333333333333
    },
    {
      "numbers": [
        11,
        18,
        31,
        33,
        34,
        43
      ],
      "confidence": 68.8001058241145
    },
    {
      "numbers": [
        8,
        16,
        21,
        23,
        35,
        42
      ],
      "confidence": 68.66666666666666
    },
    {
      "numbers": [
        5,
        8,
        16,
        34,
        42,
        43
      ],
      "confidence": 68.63333333333333
    },
    {
      "numbers": [
        8,
        11,
        16,
        25,
        42,
        43
      ],
      "confidence": 68.63333333333333
    },
    {
      "numbers": [
        1,
        5,
        8,
        23,
        34,
        42
      ],
      "confidence": 68.63333333333333
    },
    {
      "numbers": [
        13,
        16,
        18,
        31,
        34,
        35
      ],
      "confidence": 68.56666666666666
    },
    {
      "numbers": [
        6,
        13,
        18,
        25,
        31,
        33
      ],