{
  "latest_round": 159,
  "next_round": 160,
  "hot_cold": {
    "hot": [
      [
        28,
        13
      ],
      [
        42,
        12
      ],
      [
        36,
        11
      ],
      [
        19,
        10
      ],
      [
        34,
        10
      ],
      [
        2,
        9
      ],
      [
        4,
        9
      ],
      [
        11,
        9
      ],
      [
        18,
        9
      ],
      [
        30,
        9
      ]
    ],
    "cold": [
      [
        24,
        1
      ],
      [
        38,
        2
      ],
      [
        44,
        3
      ],
      [
        5,
        4
      ],
      [
        8,
        4
      ],
      [
        14,
        4
      ],
      [
        15,
        4
      ],
      [
        31,
        4
      ],
      [
        32,
        4
      ],
      [
        1,
        5
      ]
    ],
    "overdue": [
      [
        7,
        4.190476190476191
      ],
      [
        23,
        3.947368421052632
      ],
      [
        38,
        3.6206896551724133
      ],
      [
        24,
        3.2479999999999998
      ],
      [
        14,
        3.114503816793893
      ],
      [
        17,
        3.0
      ],
      [
        22,
        2.9508196721311477
      ],
      [
        31,
        2.217391304347826
      ],
      [
        15,
        2.0652173913043477
      ],
      [
        44,
        1.9703703703703703
      ]
    ]
  },
  "engine_predictions": {
    "advancedpattern": [
      1,
      4,
      18,
      30,
      42,
      43
    ],
    "gap": [
      2,
      8,
      14,
      20,
      26,
      32
    ],
    "graph": [
      2,
      3,
      17,
      25,
      26,
      42
    ],
    "lstm": [
      1,
      13,
      18,
      19,
      30,
      42
    ],
    "ml": [
      1,
      4,
      11,
      18,
      30,
      43
    ],
    "numerology": [
      17,
      23,
      24,
      25,
      26,
      31
    ],
    "pattern": [
      3,
      13,
      23,
      33,
      35,
      43
    ],
    "sequencecorrelation": [
      2,
      7,
      17,
      35,
      40,
      42
    ],
    "statistical": [
      7,
      14,
      15,
      17,
      23,
      27
    ],
    "timeseries": [
      2,
      15,
      24,
      27,
      38,
      44
    ]
  },
  "predicted_sets": [
    {
      "numbers": [
        1,
        2,
        17,
        30,
        42,
        43
      ],
      "confidence": 72.42500000000001
    },
    {
      "numbers": [
        1,
        2,
        17,
        26,
        30,
        42
      ],
      "confidence": 72.42500000000001
    },
    {
      "numbers": [
        1,
        18,
        30,
        35,
        42,
        43
      ],
      "confidence": 72.0
    },
    {
      "numbers": [
        1,
        2,
        17,
        35,
        42,
        43
      ],
      "confidence": 71.75833333333334
    },
    {
      "numbers": [
        1,
        18,
        24,
        26,
        42,
        43
      ],
      "confidence": 71.3
    },
    {
      "numbers": [
        1,
        14,
        17,
        18,
        42,
        43
      ],
      "confidence": 71.26666666666667
    },
    {
      "numbers": [
        1,
        2,
        18,
        24,
        35,
        42
      ],
      "confidence": 71.125
    },
    {
      "numbers": [
        2,
        4,
        17,
        18,
        35,
        42
      ],
      "confidence": 71.09166666666667
    },
    {
      "numbers": [
        1,
        2,
        17,
        25,
        35,
        42
      ],
      "confidence": 70.91666666666666
    },
    {
      "numbers": [
        2,
        7,
        15,
        18,
        30,
        43
      ],
      "confidence": 70.63333333333333
    },
    {
      "numbers": [
        2,
        18,
        23,
        24,
        30,
        35
      ],
      "confidence": 70.63333333333333
    },
    {
      "numbers": [
        1,
        15,
        24,
        30,
        42,
        43
      ],
      "confidence": 70.63333333333333
    },
    {
      "numbers": [
        1,
        17,
        18,
        27,
        30,
        43
      ],
      "confidence": 70.42500000000001
    },
    {
      "numbers": [
        2,
        7,
        17,
        18,
        24,
        43
      ],
      "confidence": 70.42500000000001
    },
    {
      "numbers": [
        1,
        3,
        18,
        26,
        42,
        43
      ],
      "confidence": 70.42500000000001
    },
    {
      "numbers": [
        1,
        15,
        18,
        23,
        42,
        43
      ],
      "confidence": 70.42500000000001
    },
    {
      "numbers": [
        3,
        17,
        18,
        25,
        42,
        43
      ],
      "confidence": 70.42500000000001
    },
    {
      "numbers": [
        1,
        2,
        15,
        24,
        42,
        43
      ],
      "confidence": 70.42500000000001
    },
    {
      "numbers": [
        1,
        4,
        17,
        18,
        27,
        42
      ],
      "confidence": 70.42500000000001
    },
    {
      "numbers": [
        1,
        7,
        17,
        18,
        42,
        43
      ],
      "confidence": 70.39166666666667
    },
    {
      "numbers": [
        2,
        7,
        17,
        24,
        30,
        42
      ],
      "confidence": 70.21666666666667
    },
    {
      "numbers": [
        2,
        17,
        24,
        27,
        30,
        42
      ],
      "confidence": 70.21666666666667
    },
    {
      "numbers": [
        7,
        18,
        24,
        26,
        30,
        43
      ],
      "confidence": 69.96666666666667
    },
    {
      "numbers": [
        1,
        13,
        25,
        26,
        27,
        42
      ],
      "confidence": 69.96666666666667
    },
    {
      "numbers": [
        2,
        18,
        24,
        25,
        35,
        43
      ],
      "confidence": 69.79166666666667
    },
    {
      "numbers": [
        1,
        14,
        18,
        23,
        26,
        43
      ],
      "confidence": 69.75833333333334
    },
    {
      "numbers": [
        18,
        23,
        25,
        26,
        35,
        42
      ],
      "confidence": 69.75833333333334
    },
    {
      "numbers": [
        1,
        15,
        18,
        23,
        30,
        43
      ],
      "confidence": 69.75833333333334
    },
    {
      "numbers": [
        13,
        17,
        27,
        30,
        35,
        42
      ],
      "confidence": 69.75833333333334
    },
    {
      "numbers": [
        13,
        17,
        18,
        27,
        35,
        42
      ],
      "confidence": 69.75833333333334
    },
    {
      "numbers": [
        2,
        7,
        18,
        25,
        35,
        42
      ],
      "confidence": 69.58333333333334
    },
    {
      "numbers": [
        2,
        18,
        23,
        25,
        35,
        43
      ],
      "confidence": 69.58333333333334
    },
    {
      "numbers": [
        2,
        17,
        23,
        41,
        42,
        43
      ],
      "confidence": 69.55
    },
    {
      "numbers": [
        2,
        13,
        14,
        26,
        42,
        43
      ],
      "confidence": 69.55
    },
    {
      "numbers": [
        4,
        17,
        26,
        35,
        41,
        43
      ],
      "confidence": 69.33333333333334
    },
    {
      "numbers": [
        4,
        17,
        30,
        35,
        41,
        43
      ],
      "confidence": 69.33333333333334
    },
    {
      "numbers": [
        7,
        18,
        26,
        30,
        41,
        42
      ],
      "confidence": 69.3
    },
    {
      "numbers": [
        7,
        18,
        23,
        26,
        41,
        42
      ],
      "confidence": 69.3
    },
    {
      "numbers": [
        18,
        24,
        25,
        26,
        30,
        43
      ],