{
  "latest_round": 768,
  "next_round": 769,
  "hot_cold": {
    "hot": [
      [
        34,
        12
      ],
      [
        41,
        11
      ],
      [
        43,
        11
      ],
      [
        21,
        10
      ],
      [
        7,
        9
      ],
      [
        10,
        9
      ],
      [
        12,
        9
      ],
      [
        27,
        9
      ],
      [
        36,
        9
      ],
      [
        2,
        8
      ]
    ],
    "cold": [
      [
        25,
        1
      ],
      [
        38,
        3
      ],
      [
        39,
        3
      ],
      [
        6,
        4
      ],
      [
        23,
        4
      ],
      [
        26,
        4
      ],
      [
        29,
        4
      ],
      [
        32,
        4
      ],
      [
        40,
        4
      ],
      [
        5,
        5
      ]
    ],
    "overdue": [
      [
        25,
        5.0246913580246915
      ],
      [
        23,
        2.5898123324396787
      ],
      [
        37,
        2.214095744680851
      ],
      [
        19,
        2.02
      ],
      [
        2,
        1.892904953145917
      ],
      [
        13,
        1.8300132802124833
      ],
      [
        14,
        1.7234042553191489
      ],
      [
        18,
        1.6793478260869565
      ],
      [
        17,
        1.6176470588235294
      ]
    ]
  },
  "engine_predictions": {
    "advancedpattern": [
      7,
      27,
      29,
      30,
      38,
      44
    ],
    "gap": [
      1,
      7,
      13,
      19,
      25,
      31
    ],
    "graph": [
      1,
      15,
      20,
      27,
      34,
      40
    ],
    "lstm": [
      3,
      7,
      31,
      34,
      42,
      43
    ],
    "ml": [
      7,
      34,
      36,
      41,
      42,
      44
    ],
    "numerology": [
      17,
      22,
      23,
      24,
      25,
      31
    ],
    "pattern": [
      3,
      11,
      13,
      23,
      33,
      43
    ],
    "sequencecorrelation": [
      10,
      11,
      14,
      26,
      27,
      40
    ],
    "statistical": [
      2,
      14,
      17,
      19,
      23,
      37
    ],
    "timeseries": [
      14,
      26,
      28,
      40,
      42,
      43
    ]
  },
  "predicted_sets": [
    {
      "numbers": [
        7,
        14,
        27,
        31,
        40,
        42
      ],
      "confidence": 71.79166666666666
    },
    {
      "numbers": [
        7,
        19,
        25,
        26,
        34,
        42
      ],
      "confidence": 70.66666666666667
    },
    {
      "numbers": [
        7,
        14,
        19,
        23,
        26,
        40
      ],
      "confidence": 70.63333333333333
    },
    {
      "numbers": [
        7,
        13,
        27,
        31,
        42,
        44
      ],
      "confidence": 70.45833333333334
    },
    {
      "numbers": [
        7,
        17,
        27,
        31,
        40,
        42
      ],
      "confidence": 70.25
    },
    {
      "numbers": [
        7,
        11,
        26,
        40,
        42,
        44
      ],
      "confidence": 70.12515372684022
    },
    {
      "numbers": [
        7,
        13,
        19,
        30,
        34,
        42
      ],
      "confidence": 70.0
    },
    {
      "numbers": [
        7,
        23,
        25,
        26,
        31,
        40
      ],
      "confidence": 69.93333333333334
    },
    {
      "numbers": [
        3,
        14,
        25,
        34,
        40,
        42
      ],
      "confidence": 69.79166666666667
    },
    {
      "numbers": [
        7,
        19,
        29,
        31,
        34,
        42
      ],
      "confidence": 69.79166666666667
    },
    {
      "numbers": [
        3,
        7,
        14,
        30,
        40,
        42
      ],
      "confidence": 69.79166666666667
    },
    {
      "numbers": [
        3,
        7,
        26,
        34,
        42,
        43
      ],
      "confidence": 69.75833333333334
    },
    {
      "numbers": [
        7,
        14,
        25,
        26,
        31,
        34
      ],
      "confidence": 69.75833333333334
    },
    {
      "numbers": [
        7,
        14,
        23,
        27,
        42,
        44
      ],
      "confidence": 69.55
    },
    {
      "numbers": [
        7,
        14,
        26,
        27,
        34,
        40
      ],
      "confidence": 69.55
    },
    {
      "numbers": [
        3,
        11,
        14,
        25,
        27,
        40
      ],
      "confidence": 69.3
    },
    {
      "numbers": [
        11,
        14,
        17,
        25,
        40,
        42
      ],
      "confidence": 69.3
    },
    {
      "numbers": [
        7,
        13,
        19,
        25,
        26,
        40
      ],
      "confidence": 69.3
    },
    {
      "numbers": [
        7,
        13,
        26,
        38,
        40,
        43
      ],
      "confidence": 69.125
    },
    {
      "numbers": [
        3,
        13,
        27,
        34,
        40,
        43
      ],
      "confidence": 68.91666666666667
    },
    {
      "numbers": [
        7,
        13,
        14,
        29,
        34,
        43
      ],
      "confidence": 68.91666666666667
    },
    {
      "numbers": [
        7,
        11,
        19,
        27,
        34,
        44
      ],
      "confidence": 68.91666666666667
    },
    {
      "numbers": [
        7,
        11,
        14,
        25,
        31,
        44
      ],
      "confidence": 68.91666666666667
    },
    {
      "numbers": [
        7,
        13,
        17,
        40,
        42,
        43
      ],
      "confidence": 68.88333333333333
    },
    {
      "numbers": [
        3,
        7,
        14,
        40,
        43,
        44
      ],
      "confidence": 68.88333333333333
    },
    {
      "numbers": [
        3,
        7,
        14,
        17,
        27,
        42
      ],
      "confidence": 68.88333333333333
    },
    {
      "numbers": [
        3,
        14,
        25,
        31,
        38,
        40
      ],
      "confidence": 68.63333333333333
    },
    {
      "numbers": [
        3,
        11,
        14,
        19,
        26,
        40
      ],
      "confidence": 68.63333333333333
    },
    {
      "numbers": [
        3,
        11,
        25,
        26,
        27,
        34
      ],
      "confidence": 68.63333333333333
    },
    {
      "numbers": [
        11,
        13,
        14,
        27,
        38,
        42
      ],
      "confidence": 68.63333333333333
    },
    {
      "numbers": [
        14,
        23,
        27,
        30,
        34,
        42
      ],
      "confidence": 68.55015372684022
    },
    {
      "numbers": [
        3,
        7,
        31,
        42,
        43,
        44
      ],
      "confidence": 68.51682039350689
    },
    {
      "numbers": [
        3,
        13,
        17,
        25,
        34,
        42
      ],
      "confidence": 68.45833333333334
    },
    {
      "numbers": [
        3,
        17,
        26,
        31,
        43,
        44
      ],
      "confidence": 68.45833333333334
    },
    {
      "numbers": [
        13,
        14,
        25,
        31,
        40,
        44
      ],
      "confidence": 68.42500000000001
    },
    {
      "numbers": [
        3,
        14,
        27,
        29,
        34,
        40
      ],
      "confidence": 68.42500000000001
    },
    {
      "numbers": [
        11,
        14,
        17,
        31,
        42,
        43
      ],
      "confidence": 68.39166666666668
    },
    {
      "numbers": [
        7,
        11,
        31,
        34,
        43,
        44
      ],
      "confidence": 68.34182039350688
    },
    {
      "numbers": [
        3,
        11,
        14,
        27,
        34,
        44
      ],