{
  "latest_round": 112,
  "next_round": 113,
  "hot_cold": {
    "hot": [
      [
        3,
        11
      ],
      [
        17,
        11
      ],
      [
        24,
        11
      ],
      [
        1,
        10
      ],
      [
        29,
        10
      ],
      [
        36,
        10
      ],
      [
        5,
        9
      ],
      [
        15,
        9
      ],
      [
        22,
        9
      ],
      [
        33,
        9
      ]
    ],
    "cold": [
      [
        28,
        2
      ],
      [
        9,
        3
      ],
      [
        11,
        3
      ],
      [
        13,
        3
      ],
      [
        19,
        3
      ],
      [
        21,
        3
      ],
      [
        39,
        3
      ],
      [
        37,
        4
      ],
      [
        38,
        4
      ],
      [
        8,
        5
      ]
    ],
    "overdue": [
      [
        25,
        6.9743589743589745
      ],
      [
        2,
        4.936708860759493
      ],
      [
        39,
        4.333333333333333
      ],
      [
        19,
        3.625
      ],
      [
        13,
        3.2530120481927707
      ],
      [
        38,
        2.85
      ],
      [
        37,
        2.303030303030303
      ],
      [
        3,
        2.174418604651163
      ],
      [
        16,
        2.0631578947368423
      ],
      [
        21,
        1.872340425531915
      ]
    ]
  },
  "engine_predictions": {
    "advancedpattern": [
      7,
      26,
      29,
      30,
      33,
      42
    ],
    "gap": [
      1,
      7,
      13,
      19,
      25,
      31
    ],
    "graph": [
      7,
      17,
      33,
      37,
      40,
      44
    ],
    "lstm": [
      7,
      22,
      29,
      33,
      42,
      44
    ],
    "ml": [
      6,
      20,
      29,
      40,
      42,
      45
    ],
    "numerology": [
      17,
      23,
      24,
      25,
      26,
      31
    ],
    "pattern": [
      4,
      14,
      24,
      32,
      34,
      44
    ],
    "sequencecorrelation": [
      7,
      25,
      26,
      36,
      40,
      42
    ],
    "statistical": [
      3,
      16,
      17,
      35,
      37,
      38
    ],
    "timeseries": [
      17,
      21,
      25,
      35,
      37,
      44
    ]
  },
  "predicted_sets": [
    {
      "numbers": [
        7,
        17,
        25,
        31,
        42,
        44
      ],
      "confidence": 74.45833333333334
    },
    {
      "numbers": [
        7,
        25,
        26,
        29,
        40,
        42
      ],
      "confidence": 73.96666666666667
    },
    {
      "numbers": [
        7,
        17,
        26,
        29,
        33,
        42
      ],
      "confidence": 73.79166666666666
    },
    {
      "numbers": [
        6,
        17,
        25,
        29,
        33,
        42
      ],
      "confidence": 72.66666666666666
    },
    {
      "numbers": [
        7,
        24,
        25,
        29,
        31,
        42
      ],
      "confidence": 72.63333333333333
    },
    {
      "numbers": [
        3,
        17,
        25,
        33,
        42,
        44
      ],
      "confidence": 72.45833333333334
    },
    {
      "numbers": [
        7,
        17,
        29,
        35,
        42,
        44
      ],
      "confidence": 72.38123679964366
    },
    {
      "numbers": [
        7,
        20,
        26,
        33,
        35,
        44
      ],
      "confidence": 72.0
    },
    {
      "numbers": [
        7,
        20,
        25,
        33,
        36,
        42
      ],
      "confidence": 72.0
    },
    {
      "numbers": [
        17,
        24,
        25,
        26,
        31,
        42
      ],
      "confidence": 71.96666666666667
    },
    {
      "numbers": [
        7,
        17,
        24,
        25,
        31,
        40
      ],
      "confidence": 71.75833333333334
    },
    {
      "numbers": [
        7,
        22,
        25,
        26,
        37,
        44
      ],
      "confidence": 71.75833333333334
    },
    {
      "numbers": [
        6,
        17,
        29,
        31,
        33,
        42
      ],
      "confidence": 71.33333333333334
    },
    {
      "numbers": [
        6,
        17,
        26,
        35,
        42,
        44
      ],
      "confidence": 71.125
    },
    {
      "numbers": [
        3,
        17,
        26,
        29,
        37,
        44
      ],
      "confidence": 71.125
    },
    {
      "numbers": [
        7,
        20,
        24,
        25,
        31,
        44
      ],
      "confidence": 71.125
    },
    {
      "numbers": [
        7,
        17,
        20,
        26,
        29,
        33
      ],
      "confidence": 71.09166666666667
    },
    {
      "numbers": [
        7,
        17,
        24,
        33,
        35,
        40
      ],
      "confidence": 71.09166666666667
    },
    {
      "numbers": [
        7,
        20,
        25,
        30,
        42,
        44
      ],
      "confidence": 71.09166666666667
    },
    {
      "numbers": [
        6,
        7,
        17,
        25,
        26,
        40
      ],
      "confidence": 70.88333333333333
    },
    {
      "numbers": [
        7,
        17,
        20,
        25,
        26,
        37
      ],
      "confidence": 70.88333333333333
    },
    {
      "numbers": [
        6,
        7,
        22,
        33,
        40,
        44
      ],
      "confidence": 70.63333333333333
    },
    {
      "numbers": [
        6,
        7,
        20,
        29,
        37,
        42
      ],
      "confidence": 70.45833333333334
    },
    {
      "numbers": [
        7,
        22,
        24,
        33,
        40,
        44
      ],
      "confidence": 70.42500000000001
    },
    {
      "numbers": [
        6,
        7,
        25,
        30,
        40,
        44
      ],
      "confidence": 70.42500000000001
    },
    {
      "numbers": [
        7,
        24,
        26,
        29,
        36,
        42
      ],
      "confidence": 70.42500000000001
    },
    {
      "numbers": [
        6,
        7,
        22,
        25,
        37,
        44
      ],
      "confidence": 70.42500000000001
    },
    {
      "numbers": [
        17,
        25,
        26,
        29,
        35,
        42
      ],
      "confidence": 70.34790346631033
    },
    {
      "numbers": [
        7,
        17,
        20,
        22,
        37,
        44
      ],
      "confidence": 70.25
    },
    {
      "numbers": [
        3,
        7,
        33,
        37,
        42,
        44
      ],
      "confidence": 70.18333333333334
    },
    {
      "numbers": [
        6,
        7,
        20,
        31,
        33,
        42
      ],
      "confidence": 69.96666666666667
    },
    {
      "numbers": [
        6,
        7,
        22,
        25,
        29,
        40
      ],
      "confidence": 69.93333333333334
    },
    {
      "numbers": [
        3,
        17,
        20,
        26,
        40,
        44
      ],
      "confidence": 69.79166666666667
    },
    {
      "numbers": [
        3,
        6,
        7,
        25,
        35,
        42
      ],
      "confidence": 69.75833333333334
    },
    {
      "numbers": [
        7,
        20,
        26,
        29,
        31,
        40
      ],
      "confidence": 69.75833333333334
    },
    {
      "numbers": [
        6,
        7,
        26,
        30,
        33,
        42
      ],
      "confidence": 69.75833333333334
    },
    {
      "numbers": [
        7,
        17,
        22,
        24,
        31,
        33
      ],
      "confidence": 69.75833333333334
    },
    {
      "numbers": [
        6,
        24,
        25,
        29,
        42,
        44
      ],
      "confidence": 69.725
    },
    {
      "numbers": [
        7,
        25,
        26,
        31,
        36,
        40
      ],