{
  "latest_round": 698,
  "next_round": 699,
  "hot_cold": {
    "hot": [
      [
        7,
        13
      ],
      [
        11,
        12
      ],
      [
        15,
        12
      ],
      [
        38,
        12
      ],
      [
        33,
        11
      ],
      [
        27,
        10
      ],
      [
        3,
        9
      ],
      [
        44,
        9
      ],
      [
        5,
        8
      ],
      [
        6,
        8
      ]
    ],
    "cold": [
      [
        30,
        1
      ],
      [
        22,
        2
      ],
      [
        2,
        3
      ],
      [
        23,
        3
      ],
      [
        9,
        4
      ],
      [
        16,
        4
      ],
      [
        32,
        4
      ],
      [
        35,
        4
      ],
      [
        45,
        4
      ],
      [
        13,
        5
      ]
    ],
    "overdue": [
      [
        31,
        3.362146050670641
      ],
      [
        9,
        2.5
      ],
      [
        41,
        2.5
      ],
      [
        44,
        2.3055141579731746
      ],
      [
        40,
        2.128654970760234
      ],
      [
        29,
        2.125
      ],
      [
        12,
        1.6071428571428572
      ]
    ]
  },
  "engine_predictions": {
    "advancedpattern": [
      3,
      11,
      13,
      21,
      33,
      37
    ],
    "gap": [
      1,
      7,
      13,
      19,
      25,
      31
    ],
    "graph": [
      5,
      20,
      26,
      27,
      34,
      40
    ],
    "lstm": [
      7,
      11,
      15,
      33,
      34,
      38
    ],
    "ml": [
      11,
      13,
      21,
      28,
      31,
      37
    ],
    "numerology": [
      13,
      17,
      22,
      23,
      25,
      31
    ],
    "pattern": [
      5,
      13,
      15,
      25,
      35,
      45
    ],
    "sequencecorrelation": [
      19,
      20,
      27,
      31,
      38,
      40
    ],
    "statistical": [
      9,
      29,
      31,
      40,
      41,
      44
    ],
    "timeseries": [
      12,
      17,
      24,
      29,
      35,
      45
    ]
  },
  "predicted_sets": [
    {
      "numbers": [
        13,
        17,
        25,
        31,
        38,
        40
      ],
      "confidence": 71.93333333333334
    },
    {
      "numbers": [
        7,
        13,
        27,
        31,
        34,
        40
      ],
      "confidence": 71.09166666666667
    },
    {
      "numbers": [
        7,
        13,
        21,
        34,
        40,
        45
      ],
      "confidence": 70.66666666666667
    },
    {
      "numbers": [
        11,
        13,
        17,
        31,
        38,
        40
      ],
      "confidence": 70.35833333333333
    },
    {
      "numbers": [
        11,
        13,
        19,
        31,
        38,
        40
      ],
      "confidence": 70.35833333333333
    },
    {
      "numbers": [
        7,
        20,
        25,
        31,
        33,
        34
      ],
      "confidence": 69.96666666666667
    },
    {
      "numbers": [
        13,
        17,
        31,
        34,
        35,
        40
      ],
      "confidence": 69.93205050953864
    },
    {
      "numbers": [
        13,
        19,
        20,
        31,
        37,
        40
      ],
      "confidence": 69.69166666666666
    },
    {
      "numbers": [
        11,
        13,
        31,
        33,
        34,
        40
      ],
      "confidence": 69.48333333333333
    },
    {
      "numbers": [
        13,
        20,
        21,
        27,
        34,
        45
      ],
      "confidence": 69.3
    },
    {
      "numbers": [
        13,
        15,
        19,
        27,
        34,
        40
      ],
      "confidence": 69.26666666666668
    },
    {
      "numbers": [
        13,
        19,
        20,
        21,
        25,
        38
      ],
      "confidence": 69.26666666666668
    },
    {
      "numbers": [
        7,
        13,
        27,
        38,
        40,
        45
      ],
      "confidence": 69.15705050953865
    },
    {
      "numbers": [
        3,
        7,
        13,
        31,
        34,
        38
      ],
      "confidence": 69.05833333333334
    },
    {
      "numbers": [
        11,
        13,
        20,
        37,
        40,
        45
      ],
      "confidence": 69.05833333333334
    },
    {
      "numbers": [
        7,
        20,
        25,
        27,
        31,
        40
      ],
      "confidence": 68.88333333333333
    },
    {
      "numbers": [
        13,
        20,
        21,
        34,
        37,
        45
      ],
      "confidence": 68.66538384287198
    },
    {
      "numbers": [
        3,
        11,
        17,
        25,
        38,
        40
      ],
      "confidence": 68.63333333333333
    },
    {
      "numbers": [
        19,
        20,
        27,
        31,
        33,
        38
      ],
      "confidence": 68.6
    },
    {
      "numbers": [
        7,
        11,
        25,
        27,
        38,
        40
      ],
      "confidence": 68.42500000000001
    },
    {
      "numbers": [
        7,
        20,
        27,
        31,
        33,
        34
      ],
      "confidence": 68.42500000000001
    },
    {
      "numbers": [
        13,
        17,
        25,
        37,
        38,
        40
      ],
      "confidence": 68.42371717620532
    },
    {
      "numbers": [
        7,
        25,
        27,
        31,
        34,
        38
      ],
      "confidence": 68.39166666666668
    },
    {
      "numbers": [
        3,
        11,
        13,
        34,
        37,
        40
      ],
      "confidence": 68.39166666666668
    },
    {
      "numbers": [
        13,
        17,
        31,
        34,
        37,
        38
      ],
      "confidence": 68.39038384287198
    },
    {
      "numbers": [
        11,
        13,
        15,
        20,
        34,
        40
      ],
      "confidence": 68.35833333333333
    },
    {
      "numbers": [
        3,
        13,
        25,
        33,
        38,
        40
      ],
      "confidence": 68.21666666666667
    },
    {
      "numbers": [
        11,
        13,
        20,
        29,
        33,
        40
      ],
      "confidence": 68.18333333333334
    },
    {
      "numbers": [
        3,
        11,
        19,
        38,
        40,
        45
      ],
      "confidence": 67.96666666666667
    },
    {
      "numbers": [
        11,
        17,
        29,
        33,
        34,
        40
      ],
      "confidence": 67.93333333333334
    },
    {
      "numbers": [
        3,
        19,
        20,
        31,
        34,
        38
      ],
      "confidence": 67.93333333333334
    },
    {
      "numbers": [
        3,
        11,
        15,
        25,
        34,
        40
      ],
      "confidence": 67.75833333333334
    },
    {
      "numbers": [
        13,
        20,
        27,
        29,
        33,
        38
      ],
      "confidence": 67.725
    },
    {
      "numbers": [
        3,
        17,
        31,
        33,
        34,
        40
      ],
      "confidence": 67.725
    },
    {
      "numbers": [
        13,
        20,
        27,
        33,
        34,
        38
      ],
      "confidence": 67.725
    },
    {
      "numbers": [
        3,
        13,
        15,
        19,
        38,
        40
      ],
      "confidence": 67.725
    },
    {
      "numbers": [
        3,
        11,
        13,
        34,
        37,
        38
      ],
      "confidence": 67.725
    },
    {
      "numbers": [
        11,
        20,
        31,
        34,
        35,
        37
      ],
      "confidence": 67.69166666666666
    },
    {
      "numbers": [
        3,
        13,
        20,
        21,
        29,
        40
      ],
      "confidence": 67.55
    },
    {
      "numbers": [
        3,
        20,
        21,
        31,
        37,
        40
      ],