{
  "latest_round": 744,
  "next_round": 745,
  "hot_cold": {
    "hot": [
      [
        33,
        13
      ],
      [
        2,
        11
      ],
      [
        10,
        11
      ],
      [
        21,
        11
      ],
      [
        4,
        10
      ],
      [
        11,
        10
      ],
      [
        34,
        10
      ],
      [
        41,
        10
      ],
      [
        44,
        10
      ],
      [
        19,
        9
      ]
    ],
    "cold": [
      [
        9,
        2
      ],
      [
        12,
        3
      ],
      [
        14,
        3
      ],
      [
        25,
        3
      ],
      [
        26,
        3
      ],
      [
        31,
        3
      ],
      [
        40,
        3
      ],
      [
        42,
        3
      ],
      [
        20,
        4
      ],
      [
        22,
        4
      ]
    ],
    "overdue": [
      [
        20,
        3.4352773826458036
      ],
      [
        39,
        3.019607843137255
      ],
      [
        12,
        2.889830508474576
      ],
      [
        1,
        2.718881118881119
      ],
      [
        31,
        2.277624309392265
      ],
      [
        3,
        2.131837307152875
      ],
      [
        26,
        2.053941908713693
      ],
      [
        14,
        2.005509641873278
      ],
      [
        30,
        1.9005524861878451
      ],
      [
        25,
        1.7654320987654322
      ]
    ]
  },
  "engine_predictions": {
    "advancedpattern": [
      10,
      15,
      18,
      21,
      34,
      41
    ],
    "gap": [
      1,
      7,
      13,
      19,
      25,
      31
    ],
    "graph": [
      5,
      20,
      25,
      33,
      34,
      40
    ],
    "lstm": [
      10,
      15,
      21,
      27,
      34,
      41
    ],
    "ml": [
      10,
      15,
      21,
      25,
      34,
      41
    ],
    "numerology": [
      17,
      22,
      23,
      24,
      25,
      31
    ],
    "pattern": [
      5,
      13,
      15,
      25,
      35,
      45
    ],
    "sequencecorrelation": [
      1,
      12,
      17,
      34,
      37,
      40
    ],
    "statistical": [
      1,
      3,
      12,
      14,
      20,
      39
    ],
    "timeseries": [
      12,
      14,
      20,
      25,
      27,
      32
    ]
  },
  "predicted_sets": [
    {
      "numbers": [
        10,
        15,
        20,
        25,
        34,
        41
      ],
      "confidence": 74.25
    },
    {
      "numbers": [
        1,
        14,
        15,
        20,
        25,
        34
      ],
      "confidence": 72.88333333333333
    },
    {
      "numbers": [
        1,
        10,
        17,
        25,
        31,
        34
      ],
      "confidence": 72.42500000000001
    },
    {
      "numbers": [
        3,
        10,
        15,
        25,
        27,
        34
      ],
      "confidence": 72.42500000000001
    },
    {
      "numbers": [
        10,
        14,
        25,
        34,
        40,
        41
      ],
      "confidence": 72.25
    },
    {
      "numbers": [
        10,
        15,
        18,
        21,
        34,
        41
      ],
      "confidence": 71.79166666666666
    },
    {
      "numbers": [
        3,
        10,
        15,
        21,
        34,
        41
      ],
      "confidence": 71.79166666666666
    },
    {
      "numbers": [
        7,
        21,
        25,
        34,
        40,
        41
      ],
      "confidence": 71.75833333333334
    },
    {
      "numbers": [
        10,
        12,
        15,
        25,
        27,
        31
      ],
      "confidence": 71.75833333333334
    },
    {
      "numbers": [
        18,
        20,
        21,
        25,
        34,
        37
      ],
      "confidence": 71.26666666666667
    },
    {
      "numbers": [
        7,
        12,
        20,
        21,
        34,
        41
      ],
      "confidence": 71.125
    },
    {
      "numbers": [
        1,
        10,
        12,
        13,
        34,
        41
      ],
      "confidence": 71.09166666666667
    },
    {
      "numbers": [
        12,
        15,
        18,
        21,
        34,
        41
      ],
      "confidence": 71.09166666666667
    },
    {
      "numbers": [
        7,
        10,
        15,
        20,
        34,
        41
      ],
      "confidence": 71.09166666666667
    },
    {
      "numbers": [
        1,
        20,
        25,
        27,
        40,
        41
      ],
      "confidence": 70.91666666666666
    },
    {
      "numbers": [
        1,
        10,
        17,
        21,
        34,
        41
      ],
      "confidence": 70.91666666666666
    },
    {
      "numbers": [
        1,
        5,
        12,
        25,
        40,
        41
      ],
      "confidence": 70.91666666666666
    },
    {
      "numbers": [
        13,
        15,
        20,
        25,
        40,
        41
      ],
      "confidence": 70.88333333333333
    },
    {
      "numbers": [
        5,
        14,
        21,
        25,
        34,
        40
      ],
      "confidence": 70.88333333333333
    },
    {
      "numbers": [
        1,
        7,
        18,
        21,
        25,
        34
      ],
      "confidence": 70.76738112893591
    },
    {
      "numbers": [
        1,
        7,
        15,
        20,
        25,
        34
      ],
      "confidence": 70.76738112893591
    },
    {
      "numbers": [
        13,
        15,
        27,
        34,
        40,
        41
      ],
      "confidence": 70.75259618269935
    },
    {
      "numbers": [
        5,
        13,
        17,
        20,
        21,
        34
      ],
      "confidence": 70.63333333333333
    },
    {
      "numbers": [
        13,
        14,
        20,
        25,
        37,
        41
      ],
      "confidence": 70.63333333333333
    },
    {
      "numbers": [
        10,
        13,
        14,
        21,
        25,
        37
      ],
      "confidence": 70.63333333333333
    },
    {
      "numbers": [
        7,
        12,
        13,
        14,
        25,
        41
      ],
      "confidence": 70.63333333333333
    },
    {
      "numbers": [
        12,
        13,
        20,
        21,
        25,
        37
      ],
      "confidence": 70.6
    },
    {
      "numbers": [
        12,
        13,
        17,
        20,
        21,
        34
      ],
      "confidence": 70.6
    },
    {
      "numbers": [
        15,
        17,
        18,
        25,
        40,
        41
      ],
      "confidence": 70.42500000000001
    },
    {
      "numbers": [
        1,
        12,
        13,
        21,
        34,
        40
      ],
      "confidence": 70.42500000000001
    },
    {
      "numbers": [
        10,
        12,
        18,
        21,
        25,
        31
      ],
      "confidence": 70.42500000000001
    },
    {
      "numbers": [
        1,
        10,
        17,
        20,
        25,
        40
      ],
      "confidence": 70.21666666666667
    },
    {
      "numbers": [
        10,
        14,
        17,
        25,
        34,
        37
      ],
      "confidence": 70.21666666666667
    },
    {
      "numbers": [
        7,
        14,
        21,
        25,
        31,
        34
      ],
      "confidence": 70.21666666666667
    },
    {
      "numbers": [
        12,
        14,
        21,
        25,
        31,
        41
      ],
      "confidence": 70.21666666666667
    },
    {
      "numbers": [
        3,
        10,
        15,
        21,
        25,
        40
      ],
      "confidence": 70.21666666666667
    },
    {
      "numbers": [
        5,
        10,
        15,
        31,
        34,
        41
      ],
      "confidence": 70.21666666666667
    },
    {
      "numbers": [
        10,
        12,
        15,
        17,
        21,
        40
      ],