{
  "latest_round": 1092,
  "next_round": 1093,
  "hot_cold": {
    "hot": [
      [
        45,
        12
      ],
      [
        6,
        11
      ],
      [
        18,
        10
      ],
      [
        21,
        10
      ],
      [
        22,
        10
      ],
      [
        30,
        10
      ],
      [
        32,
        10
      ],
      [
        35,
        10
      ],
      [
        3,
        9
      ],
      [
        7,
        9
      ]
    ],
    "cold": [
      [
        2,
        2
      ],
      [
        15,
        2
      ],
      [
        39,
        2
      ],
      [
        5,
        3
      ],
      [
        9,
        3
      ],
      [
        8,
        4
      ],
      [
        25,
        4
      ],
      [
        29,
        4
      ],
      [
        34,
        4
      ],
      [
        41,
        4
      ]
    ],
    "overdue": [
      [
        5,
        5.398058252427185
      ],
      [
        2,
        2.7828947368421053
      ],
      [
        41,
        2.2394761459307766
      ],
      [
        10,
        1.871866295264624
      ],
      [
        1,
        1.542056074766355
      ]
    ]
  },
  "engine_predictions": {
    "advancedpattern": [
      7,
      18,
      19,
      26,
      33,
      45
    ],
    "gap": [
      1,
      7,
      13,
      19,
      25,
      31
    ],
    "graph": [
      10,
      17,
      18,
      21,
      34,
      45
    ],
    "lstm": [
      7,
      18,
      19,
      21,
      44,
      45
    ],
    "ml": [
      1,
      9,
      13,
      31,
      36,
      45
    ],
    "numerology": [
      17,
      22,
      23,
      24,
      25,
      31
    ],
    "pattern": [
      3,
      11,
      13,
      23,
      33,
      43
    ],
    "sequencecorrelation": [
      7,
      13,
      18,
      27,
      33,
      34
    ],
    "statistical": [
      1,
      2,
      3,
      5,
      10,
      41
    ],
    "timeseries": [
      5,
      8,
      38,
      41,
      42,
      44
    ]
  },
  "predicted_sets": [
    {
      "numbers": [
        1,
        7,
        18,
        26,
        33,
        45
      ],
      "confidence": 72.66666666666666
    },
    {
      "numbers": [
        7,
        13,
        18,
        21,
        44,
        45
      ],
      "confidence": 72.63333333333333
    },
    {
      "numbers": [
        7,
        10,
        18,
        26,
        33,
        45
      ],
      "confidence": 72.0
    },
    {
      "numbers": [
        10,
        18,
        19,
        31,
        33,
        45
      ],
      "confidence": 71.96666666666667
    },
    {
      "numbers": [
        10,
        13,
        17,
        18,
        31,
        45
      ],
      "confidence": 71.96666666666667
    },
    {
      "numbers": [
        1,
        7,
        18,
        25,
        34,
        45
      ],
      "confidence": 71.79166666666666
    },
    {
      "numbers": [
        7,
        13,
        18,
        31,
        33,
        44
      ],
      "confidence": 71.75833333333334
    },
    {
      "numbers": [
        7,
        10,
        13,
        18,
        23,
        45
      ],
      "confidence": 71.75833333333334
    },
    {
      "numbers": [
        7,
        18,
        19,
        23,
        26,
        45
      ],
      "confidence": 71.3
    },
    {
      "numbers": [
        1,
        7,
        18,
        23,
        33,
        44
      ],
      "confidence": 71.125
    },
    {
      "numbers": [
        1,
        17,
        18,
        25,
        33,
        44
      ],
      "confidence": 70.66666666666667
    },
    {
      "numbers": [
        1,
        19,
        26,
        33,
        44,
        45
      ],
      "confidence": 70.66666666666667
    },
    {
      "numbers": [
        7,
        18,
        25,
        26,
        31,
        33
      ],
      "confidence": 70.63333333333333
    },
    {
      "numbers": [
        7,
        13,
        18,
        25,
        26,
        34
      ],
      "confidence": 70.63333333333333
    },
    {
      "numbers": [
        3,
        18,
        19,
        34,
        41,
        45
      ],
      "confidence": 70.63333333333333
    },
    {
      "numbers": [
        5,
        18,
        23,
        31,
        44,
        45
      ],
      "confidence": 70.45833333333334
    },
    {
      "numbers": [
        1,
        18,
        25,
        31,
        33,
        44
      ],
      "confidence": 70.45833333333334
    },
    {
      "numbers": [
        3,
        7,
        17,
        18,
        34,
        45
      ],
      "confidence": 70.42500000000001
    },
    {
      "numbers": [
        7,
        10,
        18,
        21,
        41,
        45
      ],
      "confidence": 70.42500000000001
    },
    {
      "numbers": [
        13,
        18,
        21,
        23,
        34,
        45
      ],
      "confidence": 70.42500000000001
    },
    {
      "numbers": [
        9,
        13,
        18,
        19,
        34,
        45
      ],
      "confidence": 70.42500000000001
    },
    {
      "numbers": [
        5,
        7,
        18,
        19,
        44,
        45
      ],
      "confidence": 70.39166666666667
    },
    {
      "numbers": [
        9,
        18,
        31,
        33,
        34,
        45
      ],
      "confidence": 70.23852038630542
    },
    {
      "numbers": [
        1,
        10,
        18,
        26,
        33,
        44
      ],
      "confidence": 70.0
    },
    {
      "numbers": [
        5,
        7,
        18,
        26,
        31,
        34
      ],
      "confidence": 69.96666666666667
    },
    {
      "numbers": [
        7,
        10,
        13,
        26,
        33,
        41
      ],
      "confidence": 69.79166666666667
    },
    {
      "numbers": [
        1,
        7,
        19,
        25,
        34,
        44
      ],
      "confidence": 69.79166666666667
    },
    {
      "numbers": [
        10,
        13,
        18,
        23,
        25,
        31
      ],
      "confidence": 69.75833333333334
    },
    {
      "numbers": [
        1,
        3,
        18,
        34,
        44,
        45
      ],
      "confidence": 69.75833333333334
    },
    {
      "numbers": [
        1,
        10,
        18,
        25,
        44,
        45
      ],
      "confidence": 69.75833333333334
    },
    {
      "numbers": [
        18,
        19,
        21,
        26,
        31,
        45
      ],
      "confidence": 69.75833333333334
    },
    {
      "numbers": [
        5,
        13,
        18,
        33,
        41,
        44
      ],
      "confidence": 69.75833333333334
    },
    {
      "numbers": [
        1,
        7,
        18,
        21,
        23,
        44
      ],
      "confidence": 69.75833333333334
    },
    {
      "numbers": [
        7,
        10,
        18,
        25,
        26,
        45
      ],
      "confidence": 69.75833333333334
    },
    {
      "numbers": [
        5,
        13,
        18,
        23,
        33,
        44
      ],
      "confidence": 69.58333333333334
    },
    {
      "numbers": [
        1,
        18,
        19,
        21,
        31,
        44
      ],
      "confidence": 69.58333333333334
    },
    {
      "numbers": [
        5,
        10,
        18,
        23,
        33,
        45
      ],
      "confidence": 69.58333333333334
    },
    {
      "numbers": [
        7,
        9,
        18,
        23,
        25,
        44
      ],
      "confidence": 69.3
    },
    {
      "numbers": [
        5,
        13,
        18,
        26,
        41,
        44
      ],
      "confidence": 69.3
    },
    {
      "numbers": [
        9,
        10,
        13,
        17,
        34,
        45
      ],