{
  "latest_round": 245,
  "next_round": 246,
  "hot_cold": {
    "hot": [
      [
        11,
        12
      ],
      [
        20,
        12
      ],
      [
        37,
        11
      ],
      [
        44,
        11
      ],
      [
        5,
        10
      ],
      [
        2,
        9
      ],
      [
        3,
        9
      ],
      [
        4,
        9
      ],
      [
        14,
        9
      ],
      [
        21,
        9
      ]
    ],
    "cold": [
      [
        23,
        2
      ],
      [
        9,
        3
      ],
      [
        30,
        3
      ],
      [
        6,
        4
      ],
      [
        8,
        4
      ],
      [
        10,
        4
      ],
      [
        18,
        4
      ],
      [
        29,
        4
      ],
      [
        42,
        4
      ],
      [
        43,
        4
      ]
    ],
    "overdue": [
      [
        3,
        3.9134615384615383
      ],
      [
        18,
        3.793103448275862
      ],
      [
        7,
        3.5971563981042656
      ],
      [
        30,
        2.8636363636363638
      ],
      [
        33,
        2.2925764192139737
      ],
      [
        14,
        2.1238938053097347
      ],
      [
        5,
        2.076555023923445
      ],
      [
        29,
        1.8995633187772927
      ],
      [
        45,
        1.8538812785388128
      ],
      [
        23,
        1.8245614035087718
      ]
    ]
  },
  "engine_predictions": {
    "advancedpattern": [
      11,
      27,
      31,
      32,
      37,
      38
    ],
    "gap": [
      1,
      7,
      13,
      19,
      25,
      31
    ],
    "graph": [
      2,
      3,
      4,
      25,
      26,
      37
    ],
    "lstm": [
      2,
      11,
      16,
      28,
      32,
      38
    ],
    "ml": [
      9,
      11,
      27,
      37,
      39,
      42
    ],
    "numerology": [
      13,
      17,
      22,
      23,
      25,
      31
    ],
    "pattern": [
      5,
      15,
      25,
      33,
      35,
      45
    ],
    "sequencecorrelation": [
      14,
      27,
      30,
      37,
      40,
      42
    ],
    "statistical": [
      3,
      5,
      7,
      14,
      18,
      33
    ],
    "timeseries": [
      5,
      8,
      23,
      24,
      26,
      29
    ]
  },
  "predicted_sets": [
    {
      "numbers": [
        3,
        11,
        25,
        26,
        32,
        37
      ],
      "confidence": 70.63333333333333
    },
    {
      "numbers": [
        5,
        14,
        26,
        31,
        33,
        37
      ],
      "confidence": 69.96666666666667
    },
    {
      "numbers": [
        5,
        11,
        27,
        31,
        38,
        42
      ],
      "confidence": 69.79166666666667
    },
    {
      "numbers": [
        5,
        11,
        14,
        25,
        33,
        42
      ],
      "confidence": 69.79166666666667
    },
    {
      "numbers": [
        2,
        14,
        25,
        27,
        33,
        37
      ],
      "confidence": 69.75833333333334
    },
    {
      "numbers": [
        5,
        14,
        23,
        26,
        27,
        31
      ],
      "confidence": 69.3
    },
    {
      "numbers": [
        4,
        5,
        11,
        23,
        26,
        37
      ],
      "confidence": 69.3
    },
    {
      "numbers": [
        2,
        9,
        11,
        25,
        27,
        38
      ],
      "confidence": 69.3
    },
    {
      "numbers": [
        3,
        14,
        25,
        26,
        31,
        38
      ],
      "confidence": 69.3
    },
    {
      "numbers": [
        2,
        19,
        25,
        27,
        31,
        38
      ],
      "confidence": 69.3
    },
    {
      "numbers": [
        2,
        11,
        14,
        25,
        26,
        31
      ],
      "confidence": 69.09166666666667
    },
    {
      "numbers": [
        5,
        13,
        31,
        32,
        37,
        42
      ],
      "confidence": 69.09166666666667
    },
    {
      "numbers": [
        4,
        11,
        14,
        25,
        37,
        38
      ],
      "confidence": 69.09166666666667
    },
    {
      "numbers": [
        5,
        11,
        14,
        25,
        26,
        38
      ],
      "confidence": 69.09166666666667
    },
    {
      "numbers": [
        2,
        5,
        25,
        26,
        33,
        37
      ],
      "confidence": 69.05833333333334
    },
    {
      "numbers": [
        4,
        25,
        26,
        27,
        31,
        37
      ],
      "confidence": 69.05833333333334
    },
    {
      "numbers": [
        2,
        5,
        27,
        31,
        37,
        38
      ],
      "confidence": 69.05833333333334
    },
    {
      "numbers": [
        2,
        11,
        27,
        31,
        37,
        38
      ],
      "confidence": 68.88333333333333
    },
    {
      "numbers": [
        5,
        7,
        13,
        31,
        38,
        42
      ],
      "confidence": 68.63333333333333
    },
    {
      "numbers": [
        3,
        11,
        14,
        32,
        37,
        38
      ],
      "confidence": 68.6
    },
    {
      "numbers": [
        23,
        25,
        26,
        27,
        31,
        38
      ],
      "confidence": 68.56666666666666
    },
    {
      "numbers": [
        4,
        11,
        23,
        32,
        37,
        42
      ],
      "confidence": 68.45833333333334
    },
    {
      "numbers": [
        7,
        14,
        25,
        26,
        32,
        42
      ],
      "confidence": 68.45833333333334
    },
    {
      "numbers": [
        7,
        14,
        23,
        27,
        31,
        42
      ],
      "confidence": 68.45833333333334
    },
    {
      "numbers": [
        2,
        7,
        14,
        25,
        38,
        42
      ],
      "confidence": 68.45833333333334
    },
    {
      "numbers": [
        7,
        13,
        25,
        33,
        38,
        42
      ],
      "confidence": 68.45833333333334
    },
    {
      "numbers": [
        4,
        5,
        13,
        25,
        27,
        32
      ],
      "confidence": 68.42500000000001
    },
    {
      "numbers": [
        3,
        11,
        14,
        32,
        37,
        42
      ],
      "confidence": 68.42500000000001
    },
    {
      "numbers": [
        5,
        27,
        31,
        32,
        33,
        42
      ],
      "confidence": 68.42500000000001
    },
    {
      "numbers": [
        5,
        14,
        23,
        25,
        26,
        42
      ],
      "confidence": 68.42500000000001
    },
    {
      "numbers": [
        4,
        11,
        13,
        25,
        26,
        31
      ],
      "confidence": 68.42500000000001
    },
    {
      "numbers": [
        11,
        13,
        26,
        27,
        31,
        42
      ],
      "confidence": 68.42500000000001
    },
    {
      "numbers": [
        4,
        11,
        14,
        25,
        27,
        38
      ],
      "confidence": 68.42500000000001
    },
    {
      "numbers": [
        5,
        7,
        25,
        26,
        31,
        38
      ],
      "confidence": 68.39166666666668
    },
    {
      "numbers": [
        2,
        5,
        26,
        31,
        32,
        37
      ],
      "confidence": 68.39166666666668
    },
    {
      "numbers": [
        11,
        26,
        31,
        32,
        33,
        37
      ],
      "confidence": 68.39166666666668
    },
    {
      "numbers": [
        4,
        11,
        27,
        31,
        37,
        38
      ],
      "confidence": 68.21666666666667
    },
    {
      "numbers": [
        2,
        11,
        25,
        31,
        32,
        38
      ],