{
  "latest_round": 108,
  "next_round": 109,
  "hot_cold": {
    "hot": [
      [
        3,
        12
      ],
      [
        15,
        11
      ],
      [
        17,
        11
      ],
      [
        24,
        11
      ],
      [
        29,
        10
      ],
      [
        36,
        10
      ],
      [
        1,
        9
      ],
      [
        5,
        8
      ],
      [
        6,
        8
      ],
      [
        22,
        8
      ]
    ],
    "cold": [
      [
        28,
        2
      ],
      [
        9,
        3
      ],
      [
        11,
        3
      ],
      [
        13,
        3
      ],
      [
        21,
        3
      ],
      [
        19,
        4
      ],
      [
        31,
        4
      ],
      [
        37,
        4
      ],
      [
        16,
        5
      ],
      [
        30,
        5
      ]
    ],
    "overdue": [
      [
        25,
        6.102564102564103
      ],
      [
        2,
        4.177215189873418
      ],
      [
        39,
        3.6666666666666665
      ],
      [
        19,
        3.125
      ],
      [
        13,
        2.7710843373493974
      ],
      [
        43,
        2.394736842105263
      ],
      [
        38,
        2.25
      ],
      [
        36,
        1.8750000000000002
      ],
      [
        37,
        1.5353535353535355
      ]
    ]
  },
  "engine_predictions": {
    "advancedpattern": [
      6,
      7,
      18,
      29,
      33,
      44
    ],
    "gap": [
      2,
      8,
      14,
      20,
      26,
      32
    ],
    "graph": [
      3,
      17,
      33,
      37,
      40,
      44
    ],
    "lstm": [
      1,
      4,
      10,
      17,
      22,
      44
    ],
    "numerology": [
      17,
      22,
      23,
      24,
      25,
      26
    ],
    "pattern": [
      4,
      14,
      24,
      32,
      34,
      44
    ],
    "sequencecorrelation": [
      2,
      5,
      6,
      25,
      26,
      42
    ],
    "statistical": [
      2,
      13,
      25,
      36,
      38,
      43
    ],
    "timeseries": [
      1,
      13,
      17,
      35,
      37,
      45
    ]
  },
  "predicted_sets": [
    {
      "numbers": [
        2,
        17,
        25,
        26,
        33,
        44
      ],
      "confidence": 74.07407407407408
    },
    {
      "numbers": [
        2,
        6,
        17,
        24,
        25,
        44
      ],
      "confidence": 71.75833333333333
    },
    {
      "numbers": [
        1,
        17,
        24,
        26,
        33,
        44
      ],
      "confidence": 71.7175925925926
    },
    {
      "numbers": [
        1,
        14,
        17,
        25,
        37,
        44
      ],
      "confidence": 70.8425925925926
    },
    {
      "numbers": [
        17,
        22,
        26,
        29,
        33,
        44
      ],
      "confidence": 70.63364341663276
    },
    {
      "numbers": [
        1,
        18,
        22,
        25,
        26,
        44
      ],
      "confidence": 70.41111111111111
    },
    {
      "numbers": [
        4,
        6,
        17,
        25,
        26,
        33
      ],
      "confidence": 70.27685185185186
    },
    {
      "numbers": [
        1,
        2,
        17,
        35,
        37,
        44
      ],
      "confidence": 70.27685185185186
    },
    {
      "numbers": [
        2,
        6,
        17,
        25,
        26,
        32
      ],
      "confidence": 70.14259259259259
    },
    {
      "numbers": [
        1,
        6,
        17,
        18,
        23,
        44
      ],
      "confidence": 69.67037037037036
    },
    {
      "numbers": [
        6,
        13,
        17,
        24,
        26,
        32
      ],
      "confidence": 69.53611111111113
    },
    {
      "numbers": [
        2,
        4,
        26,
        29,
        33,
        44
      ],
      "confidence": 69.53611111111113
    },
    {
      "numbers": [
        1,
        13,
        17,
        26,
        32,
        37
      ],
      "confidence": 69.53611111111113
    },
    {
      "numbers": [
        1,
        14,
        17,
        18,
        32,
        44
      ],
      "confidence": 69.53611111111113
    },
    {
      "numbers": [
        17,
        18,
        22,
        32,
        33,
        44
      ],
      "confidence": 69.53611111111113
    },
    {
      "numbers": [
        2,
        26,
        29,
        32,
        37,
        44
      ],
      "confidence": 69.51790267589203
    },
    {
      "numbers": [
        1,
        7,
        17,
        22,
        35,
        44
      ],
      "confidence": 69.49537037037038
    },
    {
      "numbers": [
        7,
        17,
        18,
        25,
        37,
        44
      ],
      "confidence": 69.36111111111111
    },
    {
      "numbers": [
        2,
        4,
        13,
        22,
        37,
        44
      ],
      "confidence": 69.36111111111111
    },
    {
      "numbers": [
        4,
        13,
        17,
        29,
        33,
        44
      ],
      "confidence": 69.36111111111111
    },
    {
      "numbers": [
        1,
        2,
        4,
        17,
        37,
        44
      ],
      "confidence": 69.31882860181797
    },
    {
      "numbers": [
        1,
        17,
        18,
        26,
        29,
        33
      ],
      "confidence": 68.92962962962963
    },
    {
      "numbers": [
        1,
        6,
        18,
        29,
        37,
        44
      ],
      "confidence": 68.88888888888889
    },
    {
      "numbers": [
        2,
        22,
        25,
        26,
        33,
        37
      ],
      "confidence": 68.83611111111111
    },
    {
      "numbers": [
        4,
        7,
        13,
        22,
        26,
        44
      ],
      "confidence": 68.79537037037038
    },
    {
      "numbers": [
        1,
        4,
        23,
        25,
        37,
        44
      ],
      "confidence": 68.79537037037038
    },
    {
      "numbers": [
        1,
        6,
        14,
        32,
        37,
        44
      ],
      "confidence": 68.79537037037038
    },
    {
      "numbers": [
        7,
        13,
        22,
        24,
        25,
        44
      ],
      "confidence": 68.79537037037038
    },
    {
      "numbers": [
        4,
        24,
        25,
        32,
        33,
        44
      ],
      "confidence": 68.66111111111111
    },
    {
      "numbers": [
        14,
        17,
        22,
        24,
        35,
        44
      ],
      "confidence": 68.66111111111111
    },
    {
      "numbers": [
        4,
        13,
        22,
        24,
        37,
        44
      ],
      "confidence": 68.62037037037038
    },
    {
      "numbers": [
        7,
        17,
        24,
        29,
        32,
        44
      ],
      "confidence": 68.62037037037038
    },
    {
      "numbers": [
        6,
        7,
        14,
        25,
        37,
        44
      ],
      "confidence": 68.62037037037038
    },
    {
      "numbers": [
        13,
        18,
        26,
        29,
        35,
        44
      ],
      "confidence": 68.18888888888888
    },
    {
      "numbers": [
        1,
        2,
        7,
        23,
        35,
        44
      ],
      "confidence": 68.18888888888888
    },
    {
      "numbers": [
        1,
        13,
        18,
        29,
        35,
        44
      ],
      "confidence": 68.14814814814815
    },
    {
      "numbers": [
        17,
        24,
        26,
        29,
        32,
        37
      ],
      "confidence": 68.09537037037038
    },
    {
      "numbers": [
        6,
        13,
        25,
        26,
        29,
        32
      ],
      "confidence": 68.05462962962963
    },
    {
      "numbers": [
        2,
        6,
        17,
        23,
        29,
        33
      ],