{
  "latest_round": 1215,
  "next_round": 1216,
  "hot_cold": {
    "hot": [
      [
        27,
        13
      ],
      [
        3,
        10
      ],
      [
        16,
        10
      ],
      [
        23,
        9
      ],
      [
        24,
        9
      ],
      [
        40,
        9
      ],
      [
        1,
        8
      ],
      [
        5,
        8
      ],
      [
        6,
        8
      ],
      [
        7,
        8
      ]
    ],
    "cold": [
      [
        34,
        2
      ],
      [
        2,
        3
      ],
      [
        22,
        3
      ],
      [
        43,
        3
      ],
      [
        10,
        4
      ],
      [
        14,
        4
      ],
      [
        18,
        4
      ],
      [
        32,
        4
      ],
      [
        45,
        4
      ],
      [
        20,
        5
      ]
    ],
    "overdue": [
      [
        14,
        4.4135593220338984
      ],
      [
        34,
        3.0328559393428813
      ],
      [
        43,
        2.460101867572156
      ],
      [
        12,
        1.9259259259259258
      ],
      [
        32,
        1.7529215358931554
      ],
      [
        18,
        1.7345731191885037
      ],
      [
        29,
        1.5074875207986689
      ]
    ]
  },
  "engine_predictions": {
    "advancedpattern": [
      13,
      15,
      19,
      21,
      44,
      45
    ],
    "fourier": [
      10,
      23,
      29,
      33,
      37,
      40
    ],
    "gap": [
      1,
      7,
      13,
      19,
      25,
      31
    ],
    "graph": [
      3,
      4,
      12,
      24,
      27,
      37
    ],
    "lstm": [
      5,
      15,
      19,
      27,
      38,
      44
    ],
    "ml": [
      13,
      15,
      19,
      21,
      44,
      45
    ],
    "numerology": [
      17,
      22,
      23,
      24,
      25,
      31
    ],
    "pattern": [
      3,
      11,
      13,
      23,
      33,
      43
    ],
    "poisson": [
      2,
      14,
      18,
      34,
      43,
      45
    ],
    "sequencecorrelation": [
      21,
      27,
      33,
      34,
      40,
      45
    ],
    "statistical": [
      12,
      14,
      16,
      29,
      34,
      43
    ],
    "timeseries": [
      4,
      16,
      22,
      27,
      32,
      34
    ]
  },
  "final_weights": {
    "advancedpattern": 0.0707193965278163,
    "fourier": 0.08355982028953353,
    "gap": 0.0033973043430029397,
    "graph": 0.0456597703699595,
    "lstm": 0.05524432858172943,
    "ml": 0.16584391813189858,
    "numerology": 0.034108935603749516,
    "pattern": 0.010483110544123356,
    "poisson": 0.0012479893504908758,
    "sequencecorrelation": 0.06517277719230129,
    "statistical": 0.2364191025569915,
    "timeseries": 0.22814354650840313
  },
  "dynamic_boosts": {
    "advancedpattern": 1.275,
    "fourier": 1.15,
    "gap": 1.225,
    "graph": 1.2,
    "lstm": 1.0,
    "ml": 1.0,
    "numerology": 1.225,
    "pattern": 1.125,
    "poisson": 1.125,
    "sequencecorrelation": 1.175,
    "statistical": 1.2,
    "timeseries": 1.3
  },
  "predicted_sets": [
    {
      "numbers": [
        4,
        13,
        19,
        27,
        34,
        45
      ],
      "confidence": 71.34722222222223
    },
    {
      "numbers": [
        3,
        19,
        21,
        24,
        34,
        45
      ],
      "confidence": 69.68055555555556
    },
    {
      "numbers": [
        4,
        12,
        16,
        19,
        27,
        45
      ],
      "confidence": 69.3
    },
    {
      "numbers": [
        14,
        19,
        21,
        27,
        40,
        43
      ],
      "confidence": 69.3
    },
    {
      "numbers": [
        12,
        13,
        19,
        24,
        37,
        45
      ],
      "confidence": 69.3
    },
    {
      "numbers": [
        3,
        16,
        19,
        24,
        27,
        45
      ],
      "confidence": 69.3
    },
    {
      "numbers": [
        16,
        19,
        23,
        24,
        27,
        45
      ],
      "confidence": 69.15555555555557
    },
    {
      "numbers": [
        15,
        16,
        19,
        21,
        33,
        34
      ],
      "confidence": 69.15555555555557
    },
    {
      "numbers": [
        12,
        13,
        14,
        19,
        27,
        34
      ],
      "confidence": 68.83611111111111
    },
    {
      "numbers": [
        12,
        16,
        27,
        29,
        33,
        45
      ],
      "confidence": 68.74444444444444
    },
    {
      "numbers": [
        4,
        16,
        23,
        27,
        29,
        45
      ],
      "confidence": 68.74444444444444
    },
    {
      "numbers": [
        4,
        13,
        19,
        27,
        29,
        34
      ],
      "confidence": 68.66111111111111
    },
    {
      "numbers": [
        13,
        16,
        23,
        27,
        34,
        43
      ],
      "confidence": 68.66111111111111
    },
    {
      "numbers": [
        12,
        16,
        19,
        21,
        43,
        45
      ],
      "confidence": 68.6
    },
    {
      "numbers": [
        15,
        16,
        19,
        23,
        34,
        37
      ],
      "confidence": 68.6
    },
    {
      "numbers": [
        12,
        15,
        16,
        19,
        27,
        45
      ],
      "confidence": 68.28055555555557
    },
    {
      "numbers": [
        15,
        19,
        23,
        24,
        27,
        44
      ],
      "confidence": 68.28055555555557
    },
    {
      "numbers": [
        13,
        16,
        23,
        24,
        27,
        45
      ],
      "confidence": 68.28055555555557
    },
    {
      "numbers": [
        4,
        12,
        27,
        34,
        37,
        45
      ],
      "confidence": 68.25
    },
    {
      "numbers": [
        4,
        14,
        27,
        34,
        40,
        45
      ],
      "confidence": 68.25
    },
    {
      "numbers": [
        3,
        13,
        27,
        40,
        44,
        45
      ],
      "confidence": 68.20729802056958
    },
    {
      "numbers": [
        15,
        16,
        21,
        33,
        37,
        44
      ],
      "confidence": 68.18888888888888
    },
    {
      "numbers": [
        14,
        15,
        23,
        27,
        34,
        43
      ],
      "confidence": 68.10555555555555
    },
    {
      "numbers": [
        4,
        13,
        19,
        34,
        37,
        44
      ],
      "confidence": 68.10555555555555
    },
    {
      "numbers": [
        12,
        13,
        24,
        27,
        34,
        43
      ],
      "confidence": 68.10555555555555
    },
    {
      "numbers": [
        13,
        14,
        21,
        27,
        29,
        40
      ],
      "confidence": 68.04444444444445
    },
    {
      "numbers": [
        16,
        21,
        23,
        27,
        29,
        44
      ],
      "confidence": 68.04444444444445
    },
    {
      "numbers": [
        12,
        14,
        15,
        19,
        21,
        33
      ],
      "confidence": 68.04444444444445
    },
    {
      "numbers": [
        3,
        12,
        16,
        27,
        37,
        45
      ],
      "confidence": 68.01388888888889
    },
    {
      "numbers": [
        13,
        15,
        19,
        24,
        44,
        45
      ],
      "confidence": 67.96111111111111
    },
    {
      "numbers": [
        12,
        15,
        16,
        21,
        33,
        45
      ],
      "confidence": 67.86944444444444
    },
    {
      "numbers": [
        12,
        13,
        15,
        21,
        40,
        43
      ],
      "confidence": 67.86944444444444
    },
    {
      "numbers": [
        3,
        4,
        19,
        23,
        27,
        40
      ],